-- phpMyAdmin SQL Dump
-- version 4.2.7.1
-- http://www.phpmyadmin.net
--
-- Host: 127.0.0.1
-- Generation Time: May 26, 2015 at 11:06 AM
-- Server version: 5.6.20
-- PHP Version: 5.5.15

SET SQL_MODE = "NO_AUTO_VALUE_ON_ZERO";
SET time_zone = "+00:00";


/*!40101 SET @OLD_CHARACTER_SET_CLIENT=@@CHARACTER_SET_CLIENT */;
/*!40101 SET @OLD_CHARACTER_SET_RESULTS=@@CHARACTER_SET_RESULTS */;
/*!40101 SET @OLD_COLLATION_CONNECTION=@@COLLATION_CONNECTION */;
/*!40101 SET NAMES utf8 */;

--
-- Database: `dbfna`
--

-- --------------------------------------------------------

--
-- Table structure for table `feed_finishedstock`
--

CREATE TABLE IF NOT EXISTS `feed_finishedstock` (
`FINISHEDSTOCKID` int(11) NOT NULL,
  `PARTYID` int(11) NOT NULL,
  `PROJECTID` int(11) NOT NULL,
  `SUBPROJECTID` int(11) NOT NULL,
  `PRODUCTIONID` int(11) NOT NULL,
  `FDID` int(11) NOT NULL,
  `FOODID` int(11) NOT NULL,
  `QUANTITY` double NOT NULL,
  `FOODTOTQNTY` double NOT NULL,
  `AMOUNT` double NOT NULL,
  `TOTAMOUNT` double NOT NULL,
  `AVGPRICE` double NOT NULL,
  `SELLAVGPRICE` double NOT NULL,
  `FOODFLAG` int(11) NOT NULL,
  `WORKFLAG` varchar(20) NOT NULL,
  `USERID` int(11) NOT NULL,
  `STATUS` varchar(50) NOT NULL,
  `FLAG` int(11) NOT NULL,
  `ENTDATE` date NOT NULL,
  `ENTTIME` varchar(100) NOT NULL
) ENGINE=InnoDB  DEFAULT CHARSET=latin1 AUTO_INCREMENT=38 ;

--
-- Dumping data for table `feed_finishedstock`
--

INSERT INTO `feed_finishedstock` (`FINISHEDSTOCKID`, `PARTYID`, `PROJECTID`, `SUBPROJECTID`, `PRODUCTIONID`, `FDID`, `FOODID`, `QUANTITY`, `FOODTOTQNTY`, `AMOUNT`, `TOTAMOUNT`, `AVGPRICE`, `SELLAVGPRICE`, `FOODFLAG`, `WORKFLAG`, `USERID`, `STATUS`, `FLAG`, `ENTDATE`, `ENTTIME`) VALUES
(26, 0, 2, 6, 11, 0, 5, 500, 500, 15946.307641694, 15946.307641694, 31.892615283387, 0, 1, 'In', 20, 'Active', 0, '2015-01-01', '11:42:50 AM'),
(27, 0, 2, 6, 12, 0, 8, 320, 320, 10770.103318865, 10770.103318865, 33.656572871453, 0, 1, 'In', 20, 'Active', 0, '2015-01-01', '11:43:05 AM'),
(28, 0, 2, 6, 13, 0, 6, 470, 470, 15025.433122042, 15025.433122042, 31.969006642642, 0, 1, 'In', 20, 'Active', 0, '2015-01-01', '11:43:17 AM'),
(29, 0, 2, 6, 14, 0, 7, 890, 890, 28064.924330285, 28064.924330285, 31.533622843017, 0, 1, 'In', 20, 'Active', 0, '2015-01-01', '11:43:30 AM'),
(30, 2, 3, 8, 0, 16, 7, 445, 445, 16257.4608, 11807.463530285, 31.533622843017, 36.533622843017, 2, 'Out', 20, 'Active', 0, '2015-01-01', '13:09:00 PM'),
(31, 2, 3, 8, 0, 17, 7, 445, 0, 16257.4608, -4449.997269715, 31.533622843017, 36.533622843017, 3, 'Out', 20, 'Active', 0, '2015-01-02', '13:28:19 PM'),
(32, 2, 3, 8, 0, 18, 6, 235, 235, 8687.7166, 6337.716522042, 31.969006642642, 36.969006642642, 2, 'Out', 20, 'Active', 0, '2015-01-01', '14:18:29 PM'),
(33, 2, 3, 8, 0, 19, 6, 235, 0, 8687.7166, -2350.000077958, 31.969006642642, 36.969006642642, 3, 'Out', 20, 'Active', 0, '2015-01-02', '14:19:27 PM'),
(34, 2, 3, 8, 0, 20, 5, 250, 250, 9223.1538, 6723.153841694, 31.892615283387, 36.892615283387, 2, 'Out', 20, 'Active', 0, '2015-01-01', '14:29:40 PM'),
(35, 2, 3, 8, 0, 21, 5, 250, 0, 9223.1538, -2499.999958306, 31.892615283387, 36.892615283387, 3, 'Out', 20, 'Active', 0, '2015-01-02', '14:30:04 PM'),
(36, 2, 3, 8, 0, 22, 8, 160, 160, 6185.0517, 4585.051618865, 33.656572871453, 38.656572871453, 2, 'Out', 20, 'Active', 0, '2015-01-01', '14:32:48 PM'),
(37, 2, 3, 8, 0, 23, 8, 160, 0, 6185.0517, -1600.000081135, 33.656572871453, 38.656572871453, 3, 'Out', 20, 'Active', 0, '2015-01-02', '14:33:19 PM');

-- --------------------------------------------------------

--
-- Table structure for table `feed_fooditem`
--

CREATE TABLE IF NOT EXISTS `feed_fooditem` (
`FOODID` int(11) NOT NULL,
  `PROJECTID` int(11) NOT NULL,
  `SUBPROJECTID` int(11) NOT NULL,
  `FOODNAME` varchar(100) NOT NULL,
  `DETAILS` text NOT NULL,
  `USERID` int(11) NOT NULL,
  `STATUS` varchar(50) NOT NULL,
  `FLAG` int(11) NOT NULL,
  `ENTDATE` date NOT NULL,
  `ENTTIME` varchar(50) NOT NULL
) ENGINE=InnoDB  DEFAULT CHARSET=latin1 AUTO_INCREMENT=9 ;

--
-- Dumping data for table `feed_fooditem`
--

INSERT INTO `feed_fooditem` (`FOODID`, `PROJECTID`, `SUBPROJECTID`, `FOODNAME`, `DETAILS`, `USERID`, `STATUS`, `FLAG`, `ENTDATE`, `ENTTIME`) VALUES
(5, 2, 6, 'Grower (18-24) Weeks', '', 20, 'Active', 0, '2015-02-22', '12:48:31 PM'),
(6, 2, 6, 'Layer (35-60) Weeks', '', 20, 'Active', 0, '2015-02-22', '12:49:09 PM'),
(7, 2, 6, 'Layer (60-75) Weeks', '', 20, 'Active', 0, '2015-02-22', '12:49:30 PM'),
(8, 2, 6, 'Grower (61-90) Days', '', 20, 'Active', 0, '2015-02-22', '12:49:53 PM');

-- --------------------------------------------------------

--
-- Table structure for table `feed_production`
--

CREATE TABLE IF NOT EXISTS `feed_production` (
`PRODUCTIONID` int(11) NOT NULL,
  `FOODID` int(11) NOT NULL,
  `PROJECTID` int(11) NOT NULL,
  `SUBPROJECTID` int(11) NOT NULL,
  `BATCHNO` varchar(20) NOT NULL,
  `VOUCHERNO` varchar(20) NOT NULL,
  `PRODUCTIONQNTY` double NOT NULL,
  `PRODUCTIONDATE` date NOT NULL,
  `PRODUCTIONCOST` double NOT NULL,
  `AVGPRICE` double NOT NULL,
  `USERID` int(11) NOT NULL,
  `STATUS` varchar(50) NOT NULL,
  `FLAG` int(11) NOT NULL,
  `ENTDATE` date NOT NULL,
  `ENTTIME` varchar(100) NOT NULL
) ENGINE=InnoDB  DEFAULT CHARSET=latin1 AUTO_INCREMENT=15 ;

--
-- Dumping data for table `feed_production`
--

INSERT INTO `feed_production` (`PRODUCTIONID`, `FOODID`, `PROJECTID`, `SUBPROJECTID`, `BATCHNO`, `VOUCHERNO`, `PRODUCTIONQNTY`, `PRODUCTIONDATE`, `PRODUCTIONCOST`, `AVGPRICE`, `USERID`, `STATUS`, `FLAG`, `ENTDATE`, `ENTTIME`) VALUES
(11, 5, 2, 6, '', '', 500, '2015-01-01', 15946.307641694, 31.892615283387, 20, 'Active', 1, '2015-01-01', '11:42:50 AM'),
(12, 8, 2, 6, '', '', 320, '2015-01-01', 10770.103318865, 33.656572871453, 20, 'Active', 1, '2015-01-01', '11:43:05 AM'),
(13, 6, 2, 6, '', '', 470, '2015-01-01', 15025.433122042, 31.969006642642, 20, 'Active', 1, '2015-01-01', '11:43:17 AM'),
(14, 7, 2, 6, '', '', 890, '2015-01-01', 28064.924330285, 31.533622843017, 20, 'Active', 1, '2015-01-01', '11:43:30 AM');

-- --------------------------------------------------------

--
-- Table structure for table `feed_production_bkdn`
--

CREATE TABLE IF NOT EXISTS `feed_production_bkdn` (
`PRODUCTIONBKDNID` int(11) NOT NULL,
  `PRODUCTIONID` int(11) NOT NULL,
  `RECIPIID` int(11) NOT NULL,
  `RECIPIBKDNID` int(11) NOT NULL,
  `PROJECTID` int(11) NOT NULL,
  `SUBPROJECTID` int(11) NOT NULL,
  `PRODUCTID` int(11) NOT NULL,
  `QUANTITY` double NOT NULL,
  `WTID` int(11) NOT NULL,
  `PRICE` double NOT NULL,
  `USERID` int(11) NOT NULL,
  `STATUS` varchar(50) NOT NULL,
  `FLAG` int(11) NOT NULL,
  `ENTDATE` date NOT NULL,
  `ENTTIME` varchar(100) NOT NULL
) ENGINE=InnoDB  DEFAULT CHARSET=latin1 AUTO_INCREMENT=208 ;

--
-- Dumping data for table `feed_production_bkdn`
--

INSERT INTO `feed_production_bkdn` (`PRODUCTIONBKDNID`, `PRODUCTIONID`, `RECIPIID`, `RECIPIBKDNID`, `PROJECTID`, `SUBPROJECTID`, `PRODUCTID`, `QUANTITY`, `WTID`, `PRICE`, `USERID`, `STATUS`, `FLAG`, `ENTDATE`, `ENTTIME`) VALUES
(149, 11, 2, 15, 2, 6, 83, 265, 1, 4468.4305497412, 20, 'Active', 0, '2015-01-01', '11:42:50 AM'),
(150, 11, 2, 16, 2, 6, 84, 63, 1, 1308.2748307538, 20, 'Active', 0, '2015-01-01', '11:42:50 AM'),
(151, 11, 2, 17, 2, 6, 85, 92.5, 1, 4566.8841401528, 20, 'Active', 0, '2015-01-01', '11:42:50 AM'),
(152, 11, 2, 18, 2, 6, 86, 27.5, 1, 3148.7448261033, 20, 'Active', 0, '2015-01-01', '11:42:50 AM'),
(153, 11, 2, 19, 2, 6, 87, 37.5, 1, 335.76355689114, 20, 'Active', 0, '2015-01-01', '11:42:50 AM'),
(154, 11, 2, 20, 2, 6, 88, 2, 1, 20.050125313284, 20, 'Active', 0, '2015-01-01', '11:42:50 AM'),
(155, 11, 2, 21, 2, 6, 92, 0.5, 1, 89.039192068935, 20, 'Active', 0, '2015-01-01', '11:42:50 AM'),
(156, 11, 2, 22, 2, 6, 93, 1.15, 1, 126.46688264939, 20, 'Active', 0, '2015-01-01', '11:42:50 AM'),
(157, 11, 2, 23, 2, 6, 94, 1.25, 1, 275.00230489097, 20, 'Active', 0, '2015-01-01', '11:42:50 AM'),
(158, 11, 2, 24, 2, 6, 99, 3, 1, 461.98109330046, 20, 'Active', 0, '2015-01-01', '11:42:50 AM'),
(159, 11, 2, 25, 2, 6, 103, 5, 1, 430.02089864159, 20, 'Active', 0, '2015-01-01', '11:42:50 AM'),
(160, 11, 2, 26, 2, 6, 104, 0.25, 1, 100, 20, 'Active', 0, '2015-01-01', '11:42:50 AM'),
(161, 11, 2, 27, 2, 6, 105, 0.6, 1, 270.01446829033, 20, 'Active', 0, '2015-01-01', '11:42:50 AM'),
(162, 11, 2, 28, 2, 6, 106, 0.25, 1, 57.70662695458, 20, 'Active', 0, '2015-01-01', '11:42:50 AM'),
(163, 11, 2, 29, 2, 6, 107, 0.5, 1, 287.92814594192, 20, 'Active', 0, '2015-01-01', '11:42:50 AM'),
(164, 12, 1, 1, 2, 6, 83, 180.192, 1, 3038.3978778074, 20, 'Active', 0, '2015-01-01', '11:43:05 AM'),
(165, 12, 1, 2, 2, 6, 84, 38.4, 1, 797.4246587452, 20, 'Active', 0, '2015-01-01', '11:43:05 AM'),
(166, 12, 1, 3, 2, 6, 85, 64.768, 1, 3197.7075890748, 20, 'Active', 0, '2015-01-01', '11:43:05 AM'),
(167, 12, 1, 4, 2, 6, 86, 22.4, 1, 2564.7957856259, 20, 'Active', 0, '2015-01-01', '11:43:05 AM'),
(168, 12, 1, 5, 2, 6, 87, 6.4, 1, 57.303647042754, 20, 'Active', 0, '2015-01-01', '11:43:05 AM'),
(169, 12, 1, 6, 2, 6, 88, 1.6, 1, 16.040100250627, 20, 'Active', 0, '2015-01-01', '11:43:05 AM'),
(170, 12, 1, 7, 2, 6, 92, 0.32, 1, 56.985082924118, 20, 'Active', 0, '2015-01-01', '11:43:05 AM'),
(171, 12, 1, 8, 2, 6, 93, 0.8, 1, 87.976961843056, 20, 'Active', 0, '2015-01-01', '11:43:05 AM'),
(172, 12, 1, 9, 2, 6, 94, 0.8, 1, 176.00147513022, 20, 'Active', 0, '2015-01-01', '11:43:05 AM'),
(173, 12, 1, 10, 2, 6, 103, 3.2, 1, 275.21337513062, 20, 'Active', 0, '2015-01-01', '11:43:05 AM'),
(174, 12, 1, 11, 2, 6, 104, 0.16, 1, 64, 20, 'Active', 0, '2015-01-01', '11:43:05 AM'),
(175, 12, 1, 12, 2, 6, 105, 0.384, 1, 172.80925970581, 20, 'Active', 0, '2015-01-01', '11:43:05 AM'),
(176, 12, 1, 13, 2, 6, 106, 0.192, 1, 44.318689501117, 20, 'Active', 0, '2015-01-01', '11:43:05 AM'),
(177, 12, 1, 14, 2, 6, 107, 0.384, 1, 221.12881608339, 20, 'Active', 0, '2015-01-01', '11:43:05 AM'),
(178, 13, 3, 30, 2, 6, 83, 249.1, 1, 4200.3247167567, 20, 'Active', 0, '2015-01-01', '11:43:17 AM'),
(179, 13, 3, 31, 2, 6, 84, 51.324, 1, 1065.8078954541, 20, 'Active', 0, '2015-01-01', '11:43:17 AM'),
(180, 13, 3, 32, 2, 6, 85, 90.146, 1, 4450.6631102509, 20, 'Active', 0, '2015-01-01', '11:43:17 AM'),
(181, 13, 3, 33, 2, 6, 86, 25.85, 1, 2959.8201365371, 20, 'Active', 0, '2015-01-01', '11:43:17 AM'),
(182, 13, 3, 34, 2, 6, 87, 39.95, 1, 357.70010927469, 20, 'Active', 0, '2015-01-01', '11:43:17 AM'),
(183, 13, 3, 35, 2, 6, 88, 1.88, 1, 18.847117794487, 20, 'Active', 0, '2015-01-01', '11:43:17 AM'),
(184, 13, 3, 36, 2, 6, 92, 0.47, 1, 83.696840544799, 20, 'Active', 0, '2015-01-01', '11:43:17 AM'),
(185, 13, 3, 37, 2, 6, 93, 1.081, 1, 118.87886969043, 20, 'Active', 0, '2015-01-01', '11:43:17 AM'),
(186, 13, 3, 38, 2, 6, 94, 1.175, 1, 258.50216659752, 20, 'Active', 0, '2015-01-01', '11:43:17 AM'),
(187, 13, 3, 39, 2, 6, 99, 2.82, 1, 434.26222770243, 20, 'Active', 0, '2015-01-01', '11:43:17 AM'),
(188, 13, 3, 40, 2, 6, 103, 4.7, 1, 404.21964472309, 20, 'Active', 0, '2015-01-01', '11:43:17 AM'),
(189, 13, 3, 41, 2, 6, 104, 0.235, 1, 94, 20, 'Active', 0, '2015-01-01', '11:43:17 AM'),
(190, 13, 3, 42, 2, 6, 105, 0.564, 1, 253.81360019291, 20, 'Active', 0, '2015-01-01', '11:43:17 AM'),
(191, 13, 3, 43, 2, 6, 106, 0.235, 1, 54.244229337305, 20, 'Active', 0, '2015-01-01', '11:43:17 AM'),
(192, 13, 3, 44, 2, 6, 107, 0.47, 1, 270.6524571854, 20, 'Active', 0, '2015-01-01', '11:43:17 AM'),
(193, 14, 4, 45, 2, 6, 83, 471.7, 1, 7953.8063785393, 20, 'Active', 0, '2015-01-01', '11:43:30 AM'),
(194, 14, 4, 46, 2, 6, 84, 99.413, 1, 2064.4369166624, 20, 'Active', 0, '2015-01-01', '11:43:30 AM'),
(195, 14, 4, 47, 2, 6, 85, 169.1, 1, 8348.7579254036, 20, 'Active', 0, '2015-01-01', '11:43:30 AM'),
(196, 14, 4, 48, 2, 6, 86, 44.5, 1, 5095.2416276944, 20, 'Active', 0, '2015-01-01', '11:43:30 AM'),
(197, 14, 4, 49, 2, 6, 87, 79.21, 1, 709.22216910258, 20, 'Active', 0, '2015-01-01', '11:43:30 AM'),
(198, 14, 4, 50, 2, 6, 88, 3.56, 1, 35.689223057646, 20, 'Active', 0, '2015-01-01', '11:43:30 AM'),
(199, 14, 4, 51, 2, 6, 92, 0.89, 1, 158.4897618827, 20, 'Active', 0, '2015-01-01', '11:43:30 AM'),
(200, 14, 4, 52, 2, 6, 93, 2.047, 1, 225.11105111592, 20, 'Active', 0, '2015-01-01', '11:43:30 AM'),
(201, 14, 4, 53, 2, 6, 94, 2.225, 1, 489.50410270594, 20, 'Active', 0, '2015-01-01', '11:43:30 AM'),
(202, 14, 4, 54, 2, 6, 99, 5.34, 1, 822.32634607482, 20, 'Active', 0, '2015-01-01', '11:43:30 AM'),
(203, 14, 4, 55, 2, 6, 103, 8.9, 1, 765.43719958203, 20, 'Active', 0, '2015-01-01', '11:43:30 AM'),
(204, 14, 4, 56, 2, 6, 104, 0.445, 1, 178, 20, 'Active', 0, '2015-01-01', '11:43:30 AM'),
(205, 14, 4, 57, 2, 6, 105, 1.068, 1, 480.62575355679, 20, 'Active', 0, '2015-01-01', '11:43:30 AM'),
(206, 14, 4, 58, 2, 6, 106, 0.534, 1, 123.26135517498, 20, 'Active', 0, '2015-01-01', '11:43:30 AM'),
(207, 14, 4, 59, 2, 6, 107, 1.068, 1, 615.01451973194, 20, 'Active', 0, '2015-01-01', '11:43:30 AM');

-- --------------------------------------------------------

--
-- Table structure for table `feed_profitamount`
--

CREATE TABLE IF NOT EXISTS `feed_profitamount` (
`PAID` int(11) NOT NULL,
  `RATE` double NOT NULL,
  `PROFITFLAG` int(11) NOT NULL,
  `OPENING_PADATE` date NOT NULL,
  `CLOSING_PADATE` date NOT NULL,
  `USERID` int(11) NOT NULL,
  `STATUS` varchar(50) NOT NULL,
  `FLAG` int(11) NOT NULL,
  `ENTDATE` date NOT NULL,
  `ENTTIME` varchar(50) NOT NULL
) ENGINE=InnoDB  DEFAULT CHARSET=latin1 AUTO_INCREMENT=11 ;

--
-- Dumping data for table `feed_profitamount`
--

INSERT INTO `feed_profitamount` (`PAID`, `RATE`, `PROFITFLAG`, `OPENING_PADATE`, `CLOSING_PADATE`, `USERID`, `STATUS`, `FLAG`, `ENTDATE`, `ENTTIME`) VALUES
(9, 5, 1, '2014-12-26', '2014-12-27', 20, 'Active', 1, '2014-12-26', '10:11:06 AM'),
(10, 5, 2, '2014-12-27', '2014-12-25', 20, 'Active', 2, '2014-12-26', '10:11:19 AM');

-- --------------------------------------------------------

--
-- Table structure for table `feed_purchaserawmat`
--

CREATE TABLE IF NOT EXISTS `feed_purchaserawmat` (
`PRMID` int(11) NOT NULL,
  `PROJECTID` int(11) NOT NULL,
  `SUBPROJECTID` int(11) NOT NULL,
  `PARTYID` int(11) NOT NULL,
  `PRODCATTYPEID` int(11) NOT NULL,
  `PRODUCTID` int(11) NOT NULL,
  `INVOICENO` varchar(20) NOT NULL,
  `UNITPRICE` double NOT NULL,
  `QUANTITY` double NOT NULL,
  `WTID` int(11) NOT NULL,
  `AMOUNT` double NOT NULL,
  `PURCHASEDATE` date NOT NULL,
  `USERID` int(11) NOT NULL,
  `STATUS` varchar(20) NOT NULL,
  `FLAG` int(11) NOT NULL,
  `ENTDATE` date NOT NULL,
  `ENTTIME` varchar(50) NOT NULL
) ENGINE=InnoDB  DEFAULT CHARSET=latin1 AUTO_INCREMENT=192 ;

--
-- Dumping data for table `feed_purchaserawmat`
--

INSERT INTO `feed_purchaserawmat` (`PRMID`, `PROJECTID`, `SUBPROJECTID`, `PARTYID`, `PRODCATTYPEID`, `PRODUCTID`, `INVOICENO`, `UNITPRICE`, `QUANTITY`, `WTID`, `AMOUNT`, `PURCHASEDATE`, `USERID`, `STATUS`, `FLAG`, `ENTDATE`, `ENTTIME`) VALUES
(123, 2, 6, 28, 10, 83, '1', 16.86, 27254.83, 1, 459571, '2015-01-01', 20, 'Active', 0, '2015-01-01', '11:18:57 AM'),
(124, 2, 6, 27, 10, 84, '2', 20.77, 407.247, 1, 8457, '2015-01-01', 20, 'Active', 0, '2015-01-01', '11:20:46 AM'),
(125, 2, 6, 27, 10, 85, '2', 49.37, 973.452, 1, 48061, '2015-01-01', 20, 'Active', 0, '2015-01-01', '11:20:46 AM'),
(126, 2, 6, 27, 10, 86, '2', 114.5, 930.15, 1, 106502, '2015-01-01', 20, 'Active', 0, '2015-01-01', '11:20:46 AM'),
(127, 2, 6, 29, 10, 87, '3', 8.95, 1171.36, 1, 10488, '2015-01-01', 20, 'Active', 0, '2015-01-01', '11:26:27 AM'),
(128, 2, 6, 29, 10, 88, '3', 10.03, 13.965, 1, 140, '2015-01-01', 20, 'Active', 0, '2015-01-01', '11:26:27 AM'),
(129, 2, 6, 29, 10, 89, '3', 53.83, 27.18, 1, 1463, '2015-01-01', 20, 'Active', 0, '2015-01-01', '11:26:27 AM'),
(130, 2, 6, 29, 10, 90, '3', 499.81, 5.248, 1, 2624, '2015-01-01', 20, 'Active', 0, '2015-01-01', '11:26:27 AM'),
(131, 2, 6, 29, 10, 91, '3', 325.33, 5.293, 1, 1721, '2015-01-01', 20, 'Active', 0, '2015-01-01', '11:26:27 AM'),
(132, 2, 6, 29, 10, 92, '3', 178.13, 10.793, 1, 1922, '2015-01-01', 20, 'Active', 0, '2015-01-01', '11:26:27 AM'),
(133, 2, 6, 29, 10, 93, '3', 109.96, 16.668, 1, 1833, '2015-01-01', 20, 'Active', 0, '2015-01-01', '11:26:27 AM'),
(134, 2, 6, 29, 10, 94, '3', 219.98, 43.386, 1, 9545, '2015-01-01', 20, 'Active', 0, '2015-01-01', '11:26:27 AM'),
(135, 2, 6, 29, 10, 95, '3', 124.95, 4.929, 1, 616, '2015-01-01', 20, 'Active', 0, '2015-01-01', '11:26:27 AM'),
(136, 2, 6, 29, 10, 97, '3', 467.86, 0.282, 1, 131, '2015-01-01', 20, 'Active', 0, '2015-01-01', '11:26:27 AM'),
(137, 2, 6, 29, 10, 99, '3', 154, 65.691, 1, 10116, '2015-01-01', 20, 'Active', 0, '2015-01-01', '11:26:27 AM'),
(138, 2, 6, 29, 10, 100, '3', 129.03, 1.237, 1, 160, '2015-01-01', 20, 'Active', 0, '2015-01-01', '11:26:27 AM'),
(139, 2, 6, 31, 10, 103, '4', 86, 478.5, 1, 41153, '2015-01-01', 20, 'Active', 0, '2015-01-01', '11:28:07 AM'),
(140, 2, 6, 31, 10, 104, '4', 400.05, 38.925, 1, 15570, '2015-01-01', 20, 'Active', 0, '2015-01-01', '11:28:07 AM'),
(141, 2, 6, 30, 10, 105, '5', 449.97, 16.588, 1, 7465, '2015-01-01', 20, 'Active', 0, '2015-01-01', '11:30:12 AM'),
(142, 2, 6, 30, 10, 106, '5', 230.91, 10.744, 1, 2480, '2015-01-01', 20, 'Active', 0, '2015-01-01', '11:30:12 AM'),
(143, 2, 6, 30, 10, 107, '5', 575.8, 21.488, 1, 12374, '2015-01-01', 20, 'Active', 0, '2015-01-01', '11:30:12 AM'),
(144, 5, 7, 33, 11, 108, '8', 0.55, 3060, 4, 1683, '2015-01-01', 20, 'Active', 0, '2015-01-01', '13:33:57 PM'),
(145, 5, 7, 33, 11, 109, '8', 3.45, 1170, 4, 4034, '2015-01-01', 20, 'Active', 0, '2015-01-01', '13:33:57 PM'),
(146, 5, 7, 33, 11, 110, '8', 1.54, 500, 5, 768, '2015-01-01', 20, 'Active', 0, '2015-01-01', '13:33:57 PM'),
(147, 5, 7, 33, 11, 111, '8', 0.52, 5500, 4, 2860, '2015-01-01', 20, 'Active', 0, '2015-01-01', '13:33:57 PM'),
(148, 5, 7, 33, 11, 112, '8', 0.75, 910, 4, 683, '2015-01-01', 20, 'Active', 0, '2015-01-01', '13:33:57 PM'),
(149, 5, 7, 33, 11, 113, '8', 0.35, 380, 5, 132, '2015-01-01', 20, 'Active', 0, '2015-01-01', '13:33:57 PM'),
(150, 5, 7, 34, 11, 114, '9', 1.96, 1100, 4, 2160, '2015-01-01', 20, 'Active', 0, '2015-01-01', '13:46:25 PM'),
(151, 5, 7, 34, 11, 115, '9', 2.09, 505, 5, 1054, '2015-01-01', 20, 'Active', 0, '2015-01-01', '13:46:25 PM'),
(152, 5, 7, 34, 11, 116, '9', 2, 40, 4, 80, '2015-01-01', 20, 'Active', 0, '2015-01-01', '13:46:25 PM'),
(153, 5, 7, 34, 11, 117, '9', 0.88, 1210, 5, 1061, '2015-01-01', 20, 'Active', 0, '2015-01-01', '13:46:25 PM'),
(154, 5, 7, 34, 11, 118, '9', 0.65, 1720, 4, 1118, '2015-01-01', 20, 'Active', 0, '2015-01-01', '13:46:25 PM'),
(155, 5, 7, 34, 11, 119, '9', 0.54, 4630, 5, 2496, '2015-01-01', 20, 'Active', 0, '2015-01-01', '13:46:25 PM'),
(156, 5, 7, 34, 11, 120, '9', 1.05, 3000, 4, 3150, '2015-01-01', 20, 'Active', 0, '2015-01-01', '13:46:25 PM'),
(157, 5, 7, 34, 11, 121, '9', 0.92, 6600, 4, 6059, '2015-01-01', 20, 'Active', 0, '2015-01-01', '13:46:25 PM'),
(158, 5, 7, 34, 11, 122, '9', 0.15, 10950, 4, 1664, '2015-01-01', 20, 'Active', 0, '2015-01-01', '13:46:25 PM'),
(159, 5, 7, 34, 11, 123, '9', 0.3, 1975, 4, 593, '2015-01-01', 20, 'Active', 0, '2015-01-01', '13:46:25 PM'),
(160, 5, 7, 34, 11, 124, '9', 5.75, 40, 4, 230, '2015-01-01', 20, 'Active', 0, '2015-01-01', '13:46:25 PM'),
(161, 5, 7, 34, 11, 125, '9', 2.64, 500, 4, 1320, '2015-01-01', 20, 'Active', 0, '2015-01-01', '13:46:25 PM'),
(162, 5, 7, 34, 11, 126, '9', 1.28, 4005, 4, 5118, '2015-01-01', 20, 'Active', 0, '2015-01-01', '13:46:25 PM'),
(163, 5, 7, 34, 11, 127, '9', 1.01, 2600, 4, 2631, '2015-01-01', 20, 'Active', 0, '2015-01-01', '13:46:25 PM'),
(164, 5, 7, 34, 11, 128, '9', 1.49, 905, 5, 1348, '2015-01-01', 20, 'Active', 0, '2015-01-01', '13:46:25 PM'),
(165, 5, 7, 34, 11, 129, '9', 0.65, 390, 5, 254, '2015-01-01', 20, 'Active', 0, '2015-01-01', '13:46:25 PM'),
(166, 5, 7, 34, 11, 130, '9', 0.16, 825, 5, 135, '2015-01-01', 20, 'Active', 0, '2015-01-01', '13:46:25 PM'),
(167, 5, 7, 34, 11, 131, '9', 0.42, 320, 5, 133, '2015-01-01', 20, 'Active', 0, '2015-01-01', '13:46:25 PM'),
(168, 5, 7, 34, 11, 132, '9', 1.4, 430, 5, 600, '2015-01-01', 20, 'Active', 0, '2015-01-01', '13:46:25 PM'),
(169, 5, 7, 34, 11, 133, '9', 1.05, 1560, 4, 1635, '2015-01-01', 20, 'Active', 0, '2015-01-01', '13:46:25 PM'),
(170, 5, 7, 34, 11, 134, '9', 0.65, 1250, 5, 813, '2015-01-01', 20, 'Active', 0, '2015-01-01', '13:46:25 PM'),
(171, 5, 7, 35, 11, 135, '10', 0.9, 2360, 5, 2129, '2015-01-01', 20, 'Active', 0, '2015-01-01', '13:52:35 PM'),
(172, 5, 7, 35, 11, 136, '10', 2.48, 200, 5, 495, '2015-01-01', 20, 'Active', 0, '2015-01-01', '13:52:35 PM'),
(173, 5, 7, 35, 11, 137, '10', 1.28, 2000, 4, 2552, '2015-01-01', 20, 'Active', 0, '2015-01-01', '13:52:35 PM'),
(174, 5, 7, 35, 11, 138, '10', 1.58, 1000, 5, 1583, '2015-01-01', 20, 'Active', 0, '2015-01-01', '13:52:35 PM'),
(175, 5, 7, 35, 11, 139, '10', 13.77, 30, 4, 413, '2015-01-01', 20, 'Active', 0, '2015-01-01', '13:52:35 PM'),
(176, 5, 7, 35, 11, 140, '10', 0.99, 2150, 5, 2129, '2015-01-01', 20, 'Active', 0, '2015-01-01', '13:52:35 PM'),
(177, 5, 7, 35, 11, 141, '10', 2.46, 440, 5, 1082, '2015-01-01', 20, 'Active', 0, '2015-01-01', '13:52:35 PM'),
(178, 5, 7, 35, 11, 142, '10', 3.73, 100, 4, 373, '2015-01-01', 20, 'Active', 0, '2015-01-01', '13:52:35 PM'),
(179, 5, 7, 35, 11, 143, '10', 1.48, 200, 4, 296, '2015-01-01', 20, 'Active', 0, '2015-01-01', '13:52:35 PM'),
(180, 5, 7, 35, 11, 144, '10', 1.89, 200, 4, 377, '2015-01-01', 20, 'Active', 0, '2015-01-01', '13:52:35 PM'),
(181, 5, 7, 35, 11, 145, '10', 0.19, 810, 5, 156, '2015-01-01', 20, 'Active', 0, '2015-01-01', '13:52:35 PM'),
(182, 5, 7, 35, 11, 146, '10', 0.78, 5620, 4, 4406, '2015-01-01', 20, 'Active', 0, '2015-01-01', '13:52:35 PM'),
(183, 5, 7, 35, 11, 147, '10', 0.91, 820, 5, 746, '2015-01-01', 20, 'Active', 0, '2015-01-01', '13:52:35 PM'),
(184, 2, 6, 28, 10, 89, '12', 10, 500, 1, 5000, '2015-05-24', 20, 'Active', 0, '2015-05-23', '20:14:32 PM'),
(185, 2, 6, 28, 10, 89, '13', 12.5, 200, 1, 2500, '2015-05-24', 20, 'Active', 0, '2015-05-23', '20:21:26 PM'),
(186, 2, 6, 27, 10, 104, '14', 51.28, 1170, 1, 60000, '2015-05-24', 20, 'Active', 0, '2015-05-23', '20:22:08 PM'),
(187, 2, 6, 28, 10, 92, '15', 9.8, 3060, 1, 30000, '2015-05-24', 20, 'Active', 0, '2015-05-23', '20:24:26 PM'),
(188, 2, 6, 30, 10, 84, '16', 100, 200, 1, 20000, '2015-05-24', 20, 'Active', 0, '2015-05-23', '20:25:48 PM'),
(189, 2, 6, 30, 10, 105, '17', 10, 100, 1, 1000, '2015-05-24', 20, 'Active', 0, '2015-05-23', '20:26:26 PM'),
(190, 2, 6, 28, 10, 99, '19', 55, 100, 1, 5500, '2015-05-24', 20, 'Active', 0, '2015-05-23', '20:39:27 PM'),
(191, 2, 6, 28, 10, 87, '20', 55, 100, 1, 5500, '2015-05-24', 20, 'Active', 0, '2015-05-23', '20:45:39 PM');

-- --------------------------------------------------------

--
-- Table structure for table `feed_rawmatstock`
--

CREATE TABLE IF NOT EXISTS `feed_rawmatstock` (
`RMSID` int(11) NOT NULL,
  `PRMID` int(11) NOT NULL,
  `PROJECTID` int(11) NOT NULL,
  `SUBPROJECTID` int(11) NOT NULL,
  `PARTYID` int(11) NOT NULL,
  `PRODCATTYPEID` int(11) NOT NULL,
  `PRODUCTID` int(11) NOT NULL,
  `QUANTITY` double NOT NULL,
  `TOTQNTY` double NOT NULL,
  `AMOUNT` double NOT NULL,
  `TOTAMOUNT` double NOT NULL,
  `UNITPRICE` double NOT NULL,
  `AVGPRICE` double NOT NULL,
  `PARTYTOTQNTY` double NOT NULL,
  `PARTYFLAG` int(11) NOT NULL,
  `PRODFLAG` int(11) NOT NULL,
  `WORKFLAG` varchar(20) NOT NULL,
  `USERID` int(11) NOT NULL,
  `STATUS` varchar(20) NOT NULL,
  `FLAG` int(11) NOT NULL,
  `ENTDATE` date NOT NULL,
  `ENTTIME` varchar(20) NOT NULL
) ENGINE=InnoDB  DEFAULT CHARSET=latin1 AUTO_INCREMENT=405 ;

--
-- Dumping data for table `feed_rawmatstock`
--

INSERT INTO `feed_rawmatstock` (`RMSID`, `PRMID`, `PROJECTID`, `SUBPROJECTID`, `PARTYID`, `PRODCATTYPEID`, `PRODUCTID`, `QUANTITY`, `TOTQNTY`, `AMOUNT`, `TOTAMOUNT`, `UNITPRICE`, `AVGPRICE`, `PARTYTOTQNTY`, `PARTYFLAG`, `PRODFLAG`, `WORKFLAG`, `USERID`, `STATUS`, `FLAG`, `ENTDATE`, `ENTTIME`) VALUES
(275, 123, 2, 6, 28, 10, 83, 27254.83, 27254.83, 459571, 459571, 16.86, 16.862002074495, 27254.83, 1, 1, 'In', 20, 'Active', 0, '2015-01-01', '11:18:57 AM'),
(276, 124, 2, 6, 27, 10, 84, 407.247, 407.247, 8457, 8457, 20.77, 20.766267154823, 407.247, 1, 1, 'In', 20, 'Active', 0, '2015-01-01', '11:20:46 AM'),
(277, 125, 2, 6, 27, 10, 85, 973.452, 973.452, 48061, 48061, 49.37, 49.371720434084, 973.452, 2, 1, 'In', 20, 'Active', 0, '2015-01-01', '11:20:46 AM'),
(278, 126, 2, 6, 27, 10, 86, 930.15, 930.15, 106502, 106502, 114.5, 114.4998118583, 930.15, 3, 1, 'In', 20, 'Active', 0, '2015-01-01', '11:20:46 AM'),
(279, 127, 2, 6, 29, 10, 87, 1171.36, 1171.36, 10488, 10488, 8.95, 8.9536948504303, 1171.36, 1, 1, 'In', 20, 'Active', 0, '2015-01-01', '11:26:27 AM'),
(280, 128, 2, 6, 29, 10, 88, 13.965, 13.965, 140, 140, 10.03, 10.025062656642, 13.965, 2, 1, 'In', 20, 'Active', 0, '2015-01-01', '11:26:27 AM'),
(281, 129, 2, 6, 29, 10, 89, 27.18, 27.18, 1463, 1463, 53.83, 53.826342899191, 27.18, 3, 1, 'In', 20, 'Active', 0, '2015-01-01', '11:26:27 AM'),
(282, 130, 2, 6, 29, 10, 90, 5.248, 5.248, 2624, 2624, 499.81, 500, 5.248, 4, 1, 'In', 20, 'Active', 0, '2015-01-01', '11:26:27 AM'),
(283, 131, 2, 6, 29, 10, 91, 5.293, 5.293, 1721, 1721, 325.33, 325.14641979974, 5.293, 5, 1, 'In', 20, 'Active', 0, '2015-01-01', '11:26:27 AM'),
(284, 132, 2, 6, 29, 10, 92, 10.793, 10.793, 1922, 1922, 178.13, 178.07838413787, 10.793, 6, 1, 'In', 20, 'Active', 0, '2015-01-01', '11:26:27 AM'),
(285, 133, 2, 6, 29, 10, 93, 16.668, 16.668, 1833, 1833, 109.96, 109.97120230382, 16.668, 7, 1, 'In', 20, 'Active', 0, '2015-01-01', '11:26:27 AM'),
(286, 134, 2, 6, 29, 10, 94, 43.386, 43.386, 9545, 9545, 219.98, 220.00184391278, 43.386, 8, 1, 'In', 20, 'Active', 0, '2015-01-01', '11:26:27 AM'),
(287, 135, 2, 6, 29, 10, 95, 4.929, 4.929, 616, 616, 124.95, 124.97463988639, 4.929, 9, 1, 'In', 20, 'Active', 0, '2015-01-01', '11:26:27 AM'),
(288, 136, 2, 6, 29, 10, 97, 0.282, 0.282, 131, 131, 467.86, 464.5390070922, 0.282, 10, 1, 'In', 20, 'Active', 0, '2015-01-01', '11:26:27 AM'),
(289, 137, 2, 6, 29, 10, 99, 65.691, 65.691, 10116, 10116, 154, 153.99369776682, 65.691, 11, 1, 'In', 20, 'Active', 0, '2015-01-01', '11:26:27 AM'),
(290, 138, 2, 6, 29, 10, 100, 1.237, 1.237, 160, 160, 129.03, 129.34518997575, 1.237, 12, 1, 'In', 20, 'Active', 0, '2015-01-01', '11:26:27 AM'),
(291, 139, 2, 6, 31, 10, 103, 478.5, 478.5, 41153, 41153, 86, 86.004179728318, 478.5, 1, 1, 'In', 20, 'Active', 0, '2015-01-01', '11:28:07 AM'),
(292, 140, 2, 6, 31, 10, 104, 38.925, 38.925, 15570, 15570, 400.05, 400, 38.925, 2, 1, 'In', 20, 'Active', 0, '2015-01-01', '11:28:07 AM'),
(293, 141, 2, 6, 30, 10, 105, 16.588, 16.588, 7465, 7465, 449.97, 450.02411381722, 16.588, 1, 1, 'In', 20, 'Active', 0, '2015-01-01', '11:30:12 AM'),
(294, 142, 2, 6, 30, 10, 106, 10.744, 10.744, 2480, 2480, 230.91, 230.82650781832, 10.744, 2, 1, 'In', 20, 'Active', 0, '2015-01-01', '11:30:12 AM'),
(295, 143, 2, 6, 30, 10, 107, 21.488, 21.488, 12374, 12374, 575.8, 575.85629188384, 21.488, 3, 1, 'In', 20, 'Active', 0, '2015-01-01', '11:30:12 AM'),
(296, 123, 2, 6, 28, 10, 83, 265, 26989.83, 4468.4305497412, 455102.56945026, 16.86, 16.862002074495, 27254.83, 2, 2, 'Out', 20, 'Active', 0, '2015-01-01', '11:42:50 AM'),
(297, 124, 2, 6, 27, 10, 84, 63, 344.247, 1308.2748307538, 7148.7251692462, 20.77, 20.766267154823, 407.247, 2, 2, 'Out', 20, 'Active', 0, '2015-01-01', '11:42:50 AM'),
(298, 125, 2, 6, 27, 10, 85, 92.5, 880.952, 4566.8841401528, 43494.115859847, 49.37, 49.371720434084, 973.452, 3, 2, 'Out', 20, 'Active', 0, '2015-01-01', '11:42:50 AM'),
(299, 126, 2, 6, 27, 10, 86, 27.5, 902.65, 3148.7448261033, 103353.2551739, 114.5, 114.4998118583, 930.15, 4, 2, 'Out', 20, 'Active', 0, '2015-01-01', '11:42:50 AM'),
(300, 127, 2, 6, 29, 10, 87, 37.5, 1133.86, 335.76355689114, 10152.236443109, 8.95, 8.9536948504303, 1171.36, 2, 2, 'Out', 20, 'Active', 0, '2015-01-01', '11:42:50 AM'),
(301, 128, 2, 6, 29, 10, 88, 2, 11.965, 20.050125313284, 119.94987468672, 10.03, 10.025062656642, 13.965, 3, 2, 'Out', 20, 'Active', 0, '2015-01-01', '11:42:50 AM'),
(302, 132, 2, 6, 29, 10, 92, 0.5, 10.293, 89.039192068935, 1832.9608079311, 178.13, 178.07838413787, 10.793, 7, 2, 'Out', 20, 'Active', 0, '2015-01-01', '11:42:50 AM'),
(303, 133, 2, 6, 29, 10, 93, 1.15, 15.518, 126.46688264939, 1706.5331173506, 109.96, 109.97120230382, 16.668, 8, 2, 'Out', 20, 'Active', 0, '2015-01-01', '11:42:50 AM'),
(304, 134, 2, 6, 29, 10, 94, 1.25, 42.136, 275.00230489097, 9269.997695109, 219.98, 220.00184391278, 43.386, 9, 2, 'Out', 20, 'Active', 0, '2015-01-01', '11:42:50 AM'),
(305, 137, 2, 6, 29, 10, 99, 3, 62.691, 461.98109330046, 9654.0189066995, 154, 153.99369776682, 65.691, 12, 2, 'Out', 20, 'Active', 0, '2015-01-01', '11:42:50 AM'),
(306, 139, 2, 6, 31, 10, 103, 5, 473.5, 430.02089864159, 40722.979101358, 86, 86.004179728318, 478.5, 2, 2, 'Out', 20, 'Active', 0, '2015-01-01', '11:42:50 AM'),
(307, 140, 2, 6, 31, 10, 104, 0.25, 38.675, 100, 15470, 400.05, 400, 38.925, 3, 2, 'Out', 20, 'Active', 0, '2015-01-01', '11:42:50 AM'),
(308, 141, 2, 6, 30, 10, 105, 0.6, 15.988, 270.01446829033, 7194.9855317097, 449.97, 450.02411381722, 16.588, 2, 2, 'Out', 20, 'Active', 0, '2015-01-01', '11:42:50 AM'),
(309, 142, 2, 6, 30, 10, 106, 0.25, 10.494, 57.70662695458, 2422.2933730454, 230.91, 230.82650781832, 10.744, 3, 2, 'Out', 20, 'Active', 0, '2015-01-01', '11:42:50 AM'),
(310, 143, 2, 6, 30, 10, 107, 0.5, 20.988, 287.92814594192, 12086.071854058, 575.8, 575.85629188384, 21.488, 4, 2, 'Out', 20, 'Active', 0, '2015-01-01', '11:42:50 AM'),
(311, 123, 2, 6, 28, 10, 83, 180.192, 26809.638, 3038.3978778074, 452064.17157245, 16.86, 16.862002074495, 27254.83, 3, 3, 'Out', 20, 'Active', 0, '2015-01-01', '11:43:05 AM'),
(312, 124, 2, 6, 27, 10, 84, 38.4, 305.847, 797.4246587452, 6351.300510501, 20.77, 20.766267154823, 407.247, 3, 3, 'Out', 20, 'Active', 0, '2015-01-01', '11:43:05 AM'),
(313, 125, 2, 6, 27, 10, 85, 64.768, 816.184, 3197.7075890748, 40296.408270772, 49.37, 49.371720434084, 973.452, 4, 3, 'Out', 20, 'Active', 0, '2015-01-01', '11:43:05 AM'),
(314, 126, 2, 6, 27, 10, 86, 22.4, 880.25, 2564.7957856259, 100788.45938827, 114.5, 114.4998118583, 930.15, 5, 3, 'Out', 20, 'Active', 0, '2015-01-01', '11:43:05 AM'),
(315, 127, 2, 6, 29, 10, 87, 6.4, 1127.46, 57.303647042754, 10094.932796066, 8.95, 8.9536948504303, 1171.36, 3, 3, 'Out', 20, 'Active', 0, '2015-01-01', '11:43:05 AM'),
(316, 128, 2, 6, 29, 10, 88, 1.6, 10.365, 16.040100250627, 103.90977443609, 10.03, 10.025062656642, 13.965, 4, 3, 'Out', 20, 'Active', 0, '2015-01-01', '11:43:05 AM'),
(317, 132, 2, 6, 29, 10, 92, 0.32, 9.973, 56.985082924118, 1775.975725007, 178.13, 178.07838413787, 10.793, 8, 3, 'Out', 20, 'Active', 0, '2015-01-01', '11:43:05 AM'),
(318, 133, 2, 6, 29, 10, 93, 0.8, 14.718, 87.976961843056, 1618.5561555075, 109.96, 109.97120230382, 16.668, 9, 3, 'Out', 20, 'Active', 0, '2015-01-01', '11:43:05 AM'),
(319, 134, 2, 6, 29, 10, 94, 0.8, 41.336, 176.00147513022, 9093.9962199788, 219.98, 220.00184391278, 43.386, 10, 3, 'Out', 20, 'Active', 0, '2015-01-01', '11:43:05 AM'),
(320, 139, 2, 6, 31, 10, 103, 3.2, 470.3, 275.21337513062, 40447.765726227, 86, 86.004179728318, 478.5, 3, 3, 'Out', 20, 'Active', 0, '2015-01-01', '11:43:05 AM'),
(321, 140, 2, 6, 31, 10, 104, 0.16, 38.515, 64, 15406, 400.05, 400, 38.925, 4, 3, 'Out', 20, 'Active', 0, '2015-01-01', '11:43:05 AM'),
(322, 141, 2, 6, 30, 10, 105, 0.384, 15.604, 172.80925970581, 7022.1762720039, 449.97, 450.02411381722, 16.588, 3, 3, 'Out', 20, 'Active', 0, '2015-01-01', '11:43:05 AM'),
(323, 142, 2, 6, 30, 10, 106, 0.192, 10.302, 44.318689501117, 2377.9746835443, 230.91, 230.82650781832, 10.744, 4, 3, 'Out', 20, 'Active', 0, '2015-01-01', '11:43:05 AM'),
(324, 143, 2, 6, 30, 10, 107, 0.384, 20.604, 221.12881608339, 11864.943037975, 575.8, 575.85629188384, 21.488, 5, 3, 'Out', 20, 'Active', 0, '2015-01-01', '11:43:05 AM'),
(325, 123, 2, 6, 28, 10, 83, 249.1, 26560.538, 4200.3247167567, 447863.84685569, 16.86, 16.862002074495, 27254.83, 4, 4, 'Out', 20, 'Active', 0, '2015-01-01', '11:43:17 AM'),
(326, 124, 2, 6, 27, 10, 84, 51.324, 254.523, 1065.8078954541, 5285.4926150469, 20.77, 20.766267154823, 407.247, 4, 4, 'Out', 20, 'Active', 0, '2015-01-01', '11:43:17 AM'),
(327, 125, 2, 6, 27, 10, 85, 90.146, 726.038, 4450.6631102509, 35845.745160521, 49.37, 49.371720434084, 973.452, 5, 4, 'Out', 20, 'Active', 0, '2015-01-01', '11:43:17 AM'),
(328, 126, 2, 6, 27, 10, 86, 25.85, 854.4, 2959.8201365371, 97828.639251733, 114.5, 114.4998118583, 930.15, 6, 4, 'Out', 20, 'Active', 0, '2015-01-01', '11:43:17 AM'),
(329, 127, 2, 6, 29, 10, 87, 39.95, 1087.51, 357.70010927469, 9737.2326867913, 8.95, 8.9536948504303, 1171.36, 4, 4, 'Out', 20, 'Active', 0, '2015-01-01', '11:43:17 AM'),
(330, 128, 2, 6, 29, 10, 88, 1.88, 8.485, 18.847117794487, 85.062656641603, 10.03, 10.025062656642, 13.965, 5, 4, 'Out', 20, 'Active', 0, '2015-01-01', '11:43:17 AM'),
(331, 132, 2, 6, 29, 10, 92, 0.47, 9.503, 83.696840544799, 1692.2788844622, 178.13, 178.07838413787, 10.793, 9, 4, 'Out', 20, 'Active', 0, '2015-01-01', '11:43:17 AM'),
(332, 133, 2, 6, 29, 10, 93, 1.081, 13.637, 118.87886969043, 1499.6772858171, 109.96, 109.97120230382, 16.668, 10, 4, 'Out', 20, 'Active', 0, '2015-01-01', '11:43:17 AM'),
(333, 134, 2, 6, 29, 10, 94, 1.175, 40.161, 258.50216659752, 8835.4940533813, 219.98, 220.00184391278, 43.386, 11, 4, 'Out', 20, 'Active', 0, '2015-01-01', '11:43:17 AM'),
(334, 137, 2, 6, 29, 10, 99, 2.82, 59.871, 434.26222770243, 9219.7566789971, 154, 153.99369776682, 65.691, 13, 3, 'Out', 20, 'Active', 0, '2015-01-01', '11:43:17 AM'),
(335, 139, 2, 6, 31, 10, 103, 4.7, 465.6, 404.21964472309, 40043.546081504, 86, 86.004179728318, 478.5, 4, 4, 'Out', 20, 'Active', 0, '2015-01-01', '11:43:17 AM'),
(336, 140, 2, 6, 31, 10, 104, 0.235, 38.28, 94, 15312, 400.05, 400, 38.925, 5, 4, 'Out', 20, 'Active', 0, '2015-01-01', '11:43:17 AM'),
(337, 141, 2, 6, 30, 10, 105, 0.564, 15.04, 253.81360019291, 6768.362671811, 449.97, 450.02411381722, 16.588, 4, 4, 'Out', 20, 'Active', 0, '2015-01-01', '11:43:17 AM'),
(338, 142, 2, 6, 30, 10, 106, 0.235, 10.067, 54.244229337305, 2323.730454207, 230.91, 230.82650781832, 10.744, 5, 4, 'Out', 20, 'Active', 0, '2015-01-01', '11:43:17 AM'),
(339, 143, 2, 6, 30, 10, 107, 0.47, 20.134, 270.6524571854, 11594.29058079, 575.8, 575.85629188384, 21.488, 6, 4, 'Out', 20, 'Active', 0, '2015-01-01', '11:43:17 AM'),
(340, 123, 2, 6, 28, 10, 83, 471.7, 26088.838, 7953.8063785393, 439910.04047715, 16.86, 16.862002074495, 27254.83, 5, 5, 'Out', 20, 'Active', 0, '2015-01-01', '11:43:30 AM'),
(341, 124, 2, 6, 27, 10, 84, 99.413, 155.11, 2064.4369166624, 3221.0556983845, 20.77, 20.766267154823, 407.247, 5, 5, 'Out', 20, 'Active', 0, '2015-01-01', '11:43:30 AM'),
(342, 125, 2, 6, 27, 10, 85, 169.1, 556.938, 8348.7579254036, 27496.987235117, 49.37, 49.371720434084, 973.452, 6, 5, 'Out', 20, 'Active', 0, '2015-01-01', '11:43:30 AM'),
(343, 126, 2, 6, 27, 10, 86, 44.5, 809.9, 5095.2416276944, 92733.397624039, 114.5, 114.4998118583, 930.15, 7, 5, 'Out', 20, 'Active', 0, '2015-01-01', '11:43:30 AM'),
(344, 127, 2, 6, 29, 10, 87, 79.21, 1008.3, 709.22216910258, 9028.0105176887, 8.95, 8.9536948504303, 1171.36, 5, 5, 'Out', 20, 'Active', 0, '2015-01-01', '11:43:30 AM'),
(345, 128, 2, 6, 29, 10, 88, 3.56, 4.925, 35.689223057646, 49.373433583957, 10.03, 10.025062656642, 13.965, 6, 5, 'Out', 20, 'Active', 0, '2015-01-01', '11:43:30 AM'),
(346, 132, 2, 6, 29, 10, 92, 0.89, 8.613, 158.4897618827, 1533.7891225795, 178.13, 178.07838413787, 10.793, 10, 5, 'Out', 20, 'Active', 0, '2015-01-01', '11:43:30 AM'),
(347, 133, 2, 6, 29, 10, 93, 2.047, 11.59, 225.11105111592, 1274.5662347012, 109.96, 109.97120230382, 16.668, 11, 5, 'Out', 20, 'Active', 0, '2015-01-01', '11:43:30 AM'),
(348, 134, 2, 6, 29, 10, 94, 2.225, 37.936, 489.50410270594, 8345.9899506754, 219.98, 220.00184391278, 43.386, 12, 5, 'Out', 20, 'Active', 0, '2015-01-01', '11:43:30 AM'),
(349, 137, 2, 6, 29, 10, 99, 5.34, 54.531, 822.32634607482, 8397.4303329223, 154, 153.99369776682, 65.691, 14, 4, 'Out', 20, 'Active', 0, '2015-01-01', '11:43:30 AM'),
(350, 139, 2, 6, 31, 10, 103, 8.9, 456.7, 765.43719958203, 39278.108881922, 86, 86.004179728318, 478.5, 5, 5, 'Out', 20, 'Active', 0, '2015-01-01', '11:43:30 AM'),
(351, 140, 2, 6, 31, 10, 104, 0.445, 37.835, 178, 15134, 400.05, 400, 38.925, 6, 5, 'Out', 20, 'Active', 0, '2015-01-01', '11:43:30 AM'),
(352, 141, 2, 6, 30, 10, 105, 1.068, 13.972, 480.62575355679, 6287.7369182542, 449.97, 450.02411381722, 16.588, 5, 5, 'Out', 20, 'Active', 0, '2015-01-01', '11:43:30 AM'),
(353, 142, 2, 6, 30, 10, 106, 0.534, 9.533, 123.26135517498, 2200.469099032, 230.91, 230.82650781832, 10.744, 6, 5, 'Out', 20, 'Active', 0, '2015-01-01', '11:43:30 AM'),
(354, 143, 2, 6, 30, 10, 107, 1.068, 19.066, 615.01451973194, 10979.276061058, 575.8, 575.85629188384, 21.488, 7, 5, 'Out', 20, 'Active', 0, '2015-01-01', '11:43:30 AM'),
(355, 144, 5, 7, 33, 11, 108, 3060, 3060, 1683, 1683, 0.55, 0.55, 3060, 1, 1, 'In', 20, 'Active', 0, '2015-01-01', '13:33:57 PM'),
(356, 145, 5, 7, 33, 11, 109, 1170, 1170, 4034, 4034, 3.45, 3.4478632478632, 1170, 2, 1, 'In', 20, 'Active', 0, '2015-01-01', '13:33:57 PM'),
(357, 146, 5, 7, 33, 11, 110, 500, 500, 768, 768, 1.54, 1.536, 500, 3, 1, 'In', 20, 'Active', 0, '2015-01-01', '13:33:57 PM'),
(358, 147, 5, 7, 33, 11, 111, 5500, 5500, 2860, 2860, 0.52, 0.52, 5500, 4, 1, 'In', 20, 'Active', 0, '2015-01-01', '13:33:57 PM'),
(359, 148, 5, 7, 33, 11, 112, 910, 910, 683, 683, 0.75, 0.75054945054945, 910, 5, 1, 'In', 20, 'Active', 0, '2015-01-01', '13:33:57 PM'),
(360, 149, 5, 7, 33, 11, 113, 380, 380, 132, 132, 0.35, 0.34736842105263, 380, 6, 1, 'In', 20, 'Active', 0, '2015-01-01', '13:33:57 PM'),
(361, 150, 5, 7, 34, 11, 114, 1100, 1100, 2160, 2160, 1.96, 1.9636363636364, 1100, 1, 1, 'In', 20, 'Active', 0, '2015-01-01', '13:46:25 PM'),
(362, 151, 5, 7, 34, 11, 115, 505, 505, 1054, 1054, 2.09, 2.0871287128713, 505, 2, 1, 'In', 20, 'Active', 0, '2015-01-01', '13:46:25 PM'),
(363, 152, 5, 7, 34, 11, 116, 40, 40, 80, 80, 2, 2, 40, 3, 1, 'In', 20, 'Active', 0, '2015-01-01', '13:46:25 PM'),
(364, 153, 5, 7, 34, 11, 117, 1210, 1210, 1061, 1061, 0.88, 0.87685950413223, 1210, 4, 1, 'In', 20, 'Active', 0, '2015-01-01', '13:46:25 PM'),
(365, 154, 5, 7, 34, 11, 118, 1720, 1720, 1118, 1118, 0.65, 0.65, 1720, 5, 1, 'In', 20, 'Active', 0, '2015-01-01', '13:46:25 PM'),
(366, 155, 5, 7, 34, 11, 119, 4630, 4630, 2496, 2496, 0.54, 0.53909287257019, 4630, 6, 1, 'In', 20, 'Active', 0, '2015-01-01', '13:46:25 PM'),
(367, 156, 5, 7, 34, 11, 120, 3000, 3000, 3150, 3150, 1.05, 1.05, 3000, 7, 1, 'In', 20, 'Active', 0, '2015-01-01', '13:46:25 PM'),
(368, 157, 5, 7, 34, 11, 121, 6600, 6600, 6059, 6059, 0.92, 0.9180303030303, 6600, 8, 1, 'In', 20, 'Active', 0, '2015-01-01', '13:46:25 PM'),
(369, 158, 5, 7, 34, 11, 122, 10950, 10950, 1664, 1664, 0.15, 0.15196347031963, 10950, 9, 1, 'In', 20, 'Active', 0, '2015-01-01', '13:46:25 PM'),
(370, 159, 5, 7, 34, 11, 123, 1975, 1975, 593, 593, 0.3, 0.30025316455696, 1975, 10, 1, 'In', 20, 'Active', 0, '2015-01-01', '13:46:25 PM'),
(371, 160, 5, 7, 34, 11, 124, 40, 40, 230, 230, 5.75, 5.75, 40, 11, 1, 'In', 20, 'Active', 0, '2015-01-01', '13:46:25 PM'),
(372, 161, 5, 7, 34, 11, 125, 500, 500, 1320, 1320, 2.64, 2.64, 500, 12, 1, 'In', 20, 'Active', 0, '2015-01-01', '13:46:25 PM'),
(373, 162, 5, 7, 34, 11, 126, 4005, 4005, 5118, 5118, 1.28, 1.2779026217228, 4005, 13, 1, 'In', 20, 'Active', 0, '2015-01-01', '13:46:25 PM'),
(374, 163, 5, 7, 34, 11, 127, 2600, 2600, 2631, 2631, 1.01, 1.0119230769231, 2600, 14, 1, 'In', 20, 'Active', 0, '2015-01-01', '13:46:25 PM'),
(375, 164, 5, 7, 34, 11, 128, 905, 905, 1348, 1348, 1.49, 1.4895027624309, 905, 15, 1, 'In', 20, 'Active', 0, '2015-01-01', '13:46:25 PM'),
(376, 165, 5, 7, 34, 11, 129, 390, 390, 254, 254, 0.65, 0.65128205128205, 390, 16, 1, 'In', 20, 'Active', 0, '2015-01-01', '13:46:25 PM'),
(377, 166, 5, 7, 34, 11, 130, 825, 825, 135, 135, 0.16, 0.16363636363636, 825, 17, 1, 'In', 20, 'Active', 0, '2015-01-01', '13:46:25 PM'),
(378, 167, 5, 7, 34, 11, 131, 320, 320, 133, 133, 0.42, 0.415625, 320, 18, 1, 'In', 20, 'Active', 0, '2015-01-01', '13:46:25 PM'),
(379, 168, 5, 7, 34, 11, 132, 430, 430, 600, 600, 1.4, 1.3953488372093, 430, 19, 1, 'In', 20, 'Active', 0, '2015-01-01', '13:46:25 PM'),
(380, 169, 5, 7, 34, 11, 133, 1560, 1560, 1635, 1635, 1.05, 1.0480769230769, 1560, 20, 1, 'In', 20, 'Active', 0, '2015-01-01', '13:46:25 PM'),
(381, 170, 5, 7, 34, 11, 134, 1250, 1250, 813, 813, 0.65, 0.6504, 1250, 21, 1, 'In', 20, 'Active', 0, '2015-01-01', '13:46:25 PM'),
(382, 171, 5, 7, 35, 11, 135, 2360, 2360, 2129, 2129, 0.9, 0.9021186440678, 2360, 1, 1, 'In', 20, 'Active', 0, '2015-01-01', '13:52:35 PM'),
(383, 172, 5, 7, 35, 11, 136, 200, 200, 495, 495, 2.48, 2.475, 200, 2, 1, 'In', 20, 'Active', 0, '2015-01-01', '13:52:35 PM'),
(384, 173, 5, 7, 35, 11, 137, 2000, 2000, 2552, 2552, 1.28, 1.276, 2000, 3, 1, 'In', 20, 'Active', 0, '2015-01-01', '13:52:35 PM'),
(385, 174, 5, 7, 35, 11, 138, 1000, 1000, 1583, 1583, 1.58, 1.583, 1000, 4, 1, 'In', 20, 'Active', 0, '2015-01-01', '13:52:35 PM'),
(386, 175, 5, 7, 35, 11, 139, 30, 30, 413, 413, 13.77, 13.766666666667, 30, 5, 1, 'In', 20, 'Active', 0, '2015-01-01', '13:52:35 PM'),
(387, 176, 5, 7, 35, 11, 140, 2150, 2150, 2129, 2129, 0.99, 0.99023255813953, 2150, 6, 1, 'In', 20, 'Active', 0, '2015-01-01', '13:52:35 PM'),
(388, 177, 5, 7, 35, 11, 141, 440, 440, 1082, 1082, 2.46, 2.4590909090909, 440, 7, 1, 'In', 20, 'Active', 0, '2015-01-01', '13:52:35 PM'),
(389, 178, 5, 7, 35, 11, 142, 100, 100, 373, 373, 3.73, 3.73, 100, 8, 1, 'In', 20, 'Active', 0, '2015-01-01', '13:52:35 PM'),
(390, 179, 5, 7, 35, 11, 143, 200, 200, 296, 296, 1.48, 1.48, 200, 9, 1, 'In', 20, 'Active', 0, '2015-01-01', '13:52:35 PM'),
(391, 180, 5, 7, 35, 11, 144, 200, 200, 377, 377, 1.89, 1.885, 200, 10, 1, 'In', 20, 'Active', 0, '2015-01-01', '13:52:35 PM'),
(392, 181, 5, 7, 35, 11, 145, 810, 810, 156, 156, 0.19, 0.19259259259259, 810, 11, 1, 'In', 20, 'Active', 0, '2015-01-01', '13:52:35 PM'),
(393, 182, 5, 7, 35, 11, 146, 5620, 5620, 4406, 4406, 0.78, 0.78398576512456, 5620, 12, 1, 'In', 20, 'Active', 0, '2015-01-01', '13:52:35 PM'),
(394, 183, 5, 7, 35, 11, 147, 820, 820, 746, 746, 0.91, 0.90975609756098, 820, 13, 1, 'In', 20, 'Active', 0, '2015-01-01', '13:52:35 PM'),
(395, 163, 5, 7, 34, 11, 127, 290, 2310, 293.4576923077, 2337.5423076923, 1.01, 1.0119230769231, 2600, 15, 2, 'Out', 20, 'Active', 0, '2015-01-01', '14:06:35 PM'),
(396, 165, 5, 7, 34, 11, 129, 180, 210, 117.23076923077, 136.76923076923, 0.65, 0.65128205128205, 390, 17, 2, 'Out', 20, 'Active', 0, '2015-01-01', '14:20:08 PM'),
(397, 184, 2, 6, 28, 10, 89, 500, 527.18, 5000, 6463, 10, 12.259569786411, 500, 6, 2, 'In', 20, 'Active', 0, '2015-05-23', '20:14:32 PM'),
(398, 185, 2, 6, 28, 10, 89, 200, 727.18, 2500, 8963, 12.5, 12.325696526307, 700, 7, 3, 'In', 20, 'Active', 0, '2015-05-23', '20:21:26 PM'),
(399, 186, 2, 6, 27, 10, 104, 1170, 1207.835, 60000, 75134, 51.28, 62.20551648197, 1170, 8, 6, 'In', 20, 'Active', 0, '2015-05-23', '20:22:08 PM'),
(400, 187, 2, 6, 28, 10, 92, 3060, 3068.613, 30000, 31533.789122579, 9.8, 10.276235264134, 3060, 8, 6, 'In', 20, 'Active', 0, '2015-05-23', '20:24:26 PM'),
(401, 188, 2, 6, 30, 10, 84, 200, 355.11, 20000, 23221.055698385, 100, 65.391162452154, 200, 8, 6, 'In', 20, 'Active', 0, '2015-05-23', '20:25:48 PM'),
(402, 189, 2, 6, 30, 10, 105, 100, 113.972, 1000, 7287.7369182542, 10, 63.943222179607, 116.588, 9, 6, 'In', 20, 'Active', 0, '2015-05-23', '20:26:26 PM'),
(403, 190, 2, 6, 28, 10, 99, 100, 154.531, 5500, 13897.430332922, 55, 89.932960589929, 100, 9, 5, 'In', 20, 'Active', 0, '2015-05-23', '20:39:27 PM'),
(404, 191, 2, 6, 28, 10, 87, 100, 1108.3, 5500, 14528.010517689, 55, 13.108373651258, 100, 10, 6, 'In', 20, 'Active', 0, '2015-05-23', '20:45:39 PM');

-- --------------------------------------------------------

--
-- Table structure for table `feed_recipi`
--

CREATE TABLE IF NOT EXISTS `feed_recipi` (
`RECIPIID` int(11) NOT NULL,
  `FOODID` int(11) NOT NULL,
  `PROJECTID` int(11) NOT NULL,
  `SUBPROJECTID` int(11) NOT NULL,
  `RECIPIDATE` date NOT NULL,
  `FOODQNTY` double NOT NULL,
  `USERID` int(11) NOT NULL,
  `STATUS` varchar(50) NOT NULL,
  `FLAG` int(11) NOT NULL,
  `ENTDATE` date NOT NULL,
  `ENTTIME` varchar(100) NOT NULL
) ENGINE=InnoDB  DEFAULT CHARSET=latin1 AUTO_INCREMENT=5 ;

--
-- Dumping data for table `feed_recipi`
--

INSERT INTO `feed_recipi` (`RECIPIID`, `FOODID`, `PROJECTID`, `SUBPROJECTID`, `RECIPIDATE`, `FOODQNTY`, `USERID`, `STATUS`, `FLAG`, `ENTDATE`, `ENTTIME`) VALUES
(1, 8, 2, 6, '2015-01-01', 100, 20, 'Active', 0, '2015-02-22', '13:00:50 PM'),
(2, 5, 2, 6, '2015-01-01', 100, 20, 'Active', 0, '2015-02-22', '13:05:44 PM'),
(3, 6, 2, 6, '2015-01-01', 100, 20, 'Active', 0, '2015-02-22', '13:09:22 PM'),
(4, 7, 2, 6, '2015-01-01', 100, 20, 'Active', 0, '2015-02-22', '13:15:16 PM');

-- --------------------------------------------------------

--
-- Table structure for table `feed_recipi_bkdn`
--

CREATE TABLE IF NOT EXISTS `feed_recipi_bkdn` (
`RECIPIBKDNID` int(11) NOT NULL,
  `RECIPIID` int(11) NOT NULL,
  `PROJECTID` int(11) NOT NULL,
  `SUBPROJECTID` int(11) NOT NULL,
  `PRODUCTID` int(11) NOT NULL,
  `QUANTITY` double NOT NULL,
  `WTID` int(11) NOT NULL,
  `USERID` int(11) NOT NULL,
  `STATUS` varchar(50) NOT NULL,
  `FLAG` int(11) NOT NULL,
  `ENTDATE` date NOT NULL,
  `ENTTIME` varchar(100) NOT NULL
) ENGINE=InnoDB  DEFAULT CHARSET=latin1 AUTO_INCREMENT=60 ;

--
-- Dumping data for table `feed_recipi_bkdn`
--

INSERT INTO `feed_recipi_bkdn` (`RECIPIBKDNID`, `RECIPIID`, `PROJECTID`, `SUBPROJECTID`, `PRODUCTID`, `QUANTITY`, `WTID`, `USERID`, `STATUS`, `FLAG`, `ENTDATE`, `ENTTIME`) VALUES
(1, 1, 2, 6, 83, 56.31, 1, 20, 'Active', 0, '2015-02-22', '13:00:50 PM'),
(2, 1, 2, 6, 84, 12, 1, 20, 'Active', 0, '2015-02-22', '13:00:50 PM'),
(3, 1, 2, 6, 85, 20.24, 1, 20, 'Active', 0, '2015-02-22', '13:00:50 PM'),
(4, 1, 2, 6, 86, 7, 1, 20, 'Active', 0, '2015-02-22', '13:00:50 PM'),
(5, 1, 2, 6, 87, 2, 1, 20, 'Active', 0, '2015-02-22', '13:00:50 PM'),
(6, 1, 2, 6, 88, 0.5, 1, 20, 'Active', 0, '2015-02-22', '13:00:50 PM'),
(7, 1, 2, 6, 92, 0.1, 1, 20, 'Active', 0, '2015-02-22', '13:00:50 PM'),
(8, 1, 2, 6, 93, 0.25, 1, 20, 'Active', 0, '2015-02-22', '13:00:50 PM'),
(9, 1, 2, 6, 94, 0.25, 1, 20, 'Active', 0, '2015-02-22', '13:00:50 PM'),
(10, 1, 2, 6, 103, 1, 1, 20, 'Active', 0, '2015-02-22', '13:00:50 PM'),
(11, 1, 2, 6, 104, 0.05, 1, 20, 'Active', 0, '2015-02-22', '13:00:50 PM'),
(12, 1, 2, 6, 105, 0.12, 1, 20, 'Active', 0, '2015-02-22', '13:00:50 PM'),
(13, 1, 2, 6, 106, 0.06, 1, 20, 'Active', 0, '2015-02-22', '13:00:50 PM'),
(14, 1, 2, 6, 107, 0.12, 1, 20, 'Active', 0, '2015-02-22', '13:00:50 PM'),
(15, 2, 2, 6, 83, 53, 1, 20, 'Active', 0, '2015-02-22', '13:05:44 PM'),
(16, 2, 2, 6, 84, 12.6, 1, 20, 'Active', 0, '2015-02-22', '13:05:44 PM'),
(17, 2, 2, 6, 85, 18.5, 1, 20, 'Active', 0, '2015-02-22', '13:05:44 PM'),
(18, 2, 2, 6, 86, 5.5, 1, 20, 'Active', 0, '2015-02-22', '13:05:44 PM'),
(19, 2, 2, 6, 87, 7.5, 1, 20, 'Active', 0, '2015-02-22', '13:05:44 PM'),
(20, 2, 2, 6, 88, 0.4, 1, 20, 'Active', 0, '2015-02-22', '13:05:44 PM'),
(21, 2, 2, 6, 92, 0.1, 1, 20, 'Active', 0, '2015-02-22', '13:05:44 PM'),
(22, 2, 2, 6, 93, 0.23, 1, 20, 'Active', 0, '2015-02-22', '13:05:44 PM'),
(23, 2, 2, 6, 94, 0.25, 1, 20, 'Active', 0, '2015-02-22', '13:05:44 PM'),
(24, 2, 2, 6, 99, 0.6, 1, 20, 'Active', 0, '2015-02-22', '13:05:44 PM'),
(25, 2, 2, 6, 103, 1, 1, 20, 'Active', 0, '2015-02-22', '13:05:44 PM'),
(26, 2, 2, 6, 104, 0.05, 1, 20, 'Active', 0, '2015-02-22', '13:05:44 PM'),
(27, 2, 2, 6, 105, 0.12, 1, 20, 'Active', 0, '2015-02-22', '13:05:44 PM'),
(28, 2, 2, 6, 106, 0.05, 1, 20, 'Active', 0, '2015-02-22', '13:05:44 PM'),
(29, 2, 2, 6, 107, 0.1, 1, 20, 'Active', 0, '2015-02-22', '13:05:44 PM'),
(30, 3, 2, 6, 83, 53, 1, 20, 'Active', 0, '2015-02-22', '13:09:22 PM'),
(31, 3, 2, 6, 84, 10.92, 1, 20, 'Active', 0, '2015-02-22', '13:09:22 PM'),
(32, 3, 2, 6, 85, 19.18, 1, 20, 'Active', 0, '2015-02-22', '13:09:22 PM'),
(33, 3, 2, 6, 86, 5.5, 1, 20, 'Active', 0, '2015-02-22', '13:09:22 PM'),
(34, 3, 2, 6, 87, 8.5, 1, 20, 'Active', 0, '2015-02-22', '13:09:22 PM'),
(35, 3, 2, 6, 88, 0.4, 1, 20, 'Active', 0, '2015-02-22', '13:09:22 PM'),
(36, 3, 2, 6, 92, 0.1, 1, 20, 'Active', 0, '2015-02-22', '13:09:22 PM'),
(37, 3, 2, 6, 93, 0.23, 1, 20, 'Active', 0, '2015-02-22', '13:09:22 PM'),
(38, 3, 2, 6, 94, 0.25, 1, 20, 'Active', 0, '2015-02-22', '13:09:22 PM'),
(39, 3, 2, 6, 99, 0.6, 1, 20, 'Active', 0, '2015-02-22', '13:09:22 PM'),
(40, 3, 2, 6, 103, 1, 1, 20, 'Active', 0, '2015-02-22', '13:09:22 PM'),
(41, 3, 2, 6, 104, 0.05, 1, 20, 'Active', 0, '2015-02-22', '13:09:22 PM'),
(42, 3, 2, 6, 105, 0.12, 1, 20, 'Active', 0, '2015-02-22', '13:09:22 PM'),
(43, 3, 2, 6, 106, 0.05, 1, 20, 'Active', 0, '2015-02-22', '13:09:22 PM'),
(44, 3, 2, 6, 107, 0.1, 1, 20, 'Active', 0, '2015-02-22', '13:09:22 PM'),
(45, 4, 2, 6, 83, 53, 1, 20, 'Active', 0, '2015-02-22', '13:15:16 PM'),
(46, 4, 2, 6, 84, 11.17, 1, 20, 'Active', 0, '2015-02-22', '13:15:16 PM'),
(47, 4, 2, 6, 85, 19, 1, 20, 'Active', 0, '2015-02-22', '13:15:16 PM'),
(48, 4, 2, 6, 86, 5, 1, 20, 'Active', 0, '2015-02-22', '13:15:16 PM'),
(49, 4, 2, 6, 87, 8.9, 1, 20, 'Active', 0, '2015-02-22', '13:15:16 PM'),
(50, 4, 2, 6, 88, 0.4, 1, 20, 'Active', 0, '2015-02-22', '13:15:16 PM'),
(51, 4, 2, 6, 92, 0.1, 1, 20, 'Active', 0, '2015-02-22', '13:15:16 PM'),
(52, 4, 2, 6, 93, 0.23, 1, 20, 'Active', 0, '2015-02-22', '13:15:16 PM'),
(53, 4, 2, 6, 94, 0.25, 1, 20, 'Active', 0, '2015-02-22', '13:15:16 PM'),
(54, 4, 2, 6, 99, 0.6, 1, 20, 'Active', 0, '2015-02-22', '13:15:16 PM'),
(55, 4, 2, 6, 103, 1, 1, 20, 'Active', 0, '2015-02-22', '13:15:16 PM'),
(56, 4, 2, 6, 104, 0.05, 1, 20, 'Active', 0, '2015-02-22', '13:15:16 PM'),
(57, 4, 2, 6, 105, 0.12, 1, 20, 'Active', 0, '2015-02-22', '13:15:16 PM'),
(58, 4, 2, 6, 106, 0.06, 1, 20, 'Active', 0, '2015-02-22', '13:15:16 PM'),
(59, 4, 2, 6, 107, 0.12, 1, 20, 'Active', 0, '2015-02-22', '13:15:16 PM');

-- --------------------------------------------------------

--
-- Table structure for table `fna_alustock`
--

CREATE TABLE IF NOT EXISTS `fna_alustock` (
`ALUSID` int(11) NOT NULL,
  `PRODUCTLOADUNLOADBKDNID` int(11) NOT NULL,
  `PROJECTID` int(11) NOT NULL,
  `SUBPROJECTID` int(11) NOT NULL,
  `PARTYID` int(11) NOT NULL,
  `PRODCATTYPEID` int(11) NOT NULL,
  `PRODUCTID` int(11) NOT NULL,
  `LOTNO` int(11) NOT NULL,
  `QUANTITY` double NOT NULL,
  `LOTTOTQNTY` double NOT NULL,
  `PARTYTOTQNTY` double NOT NULL,
  `LOTFLAG` int(11) NOT NULL,
  `PARTYFLAG` int(11) NOT NULL,
  `WORKTYPEFLAG` varchar(100) NOT NULL,
  `USERID` int(11) NOT NULL,
  `STATUS` varchar(30) NOT NULL,
  `FLAG` int(11) NOT NULL,
  `ENTDATE` date NOT NULL,
  `ENTTIME` varchar(50) NOT NULL
) ENGINE=InnoDB DEFAULT CHARSET=latin1 AUTO_INCREMENT=1 ;

-- --------------------------------------------------------

--
-- Table structure for table `fna_balance`
--

CREATE TABLE IF NOT EXISTS `fna_balance` (
`BALANCEID` int(11) NOT NULL,
  `PROJECTID` int(11) NOT NULL,
  `SUBPROJECTID` int(11) NOT NULL,
  `INCOME` double NOT NULL,
  `EXPANSE` double NOT NULL,
  `BALANCE` double NOT NULL,
  `FLAG` int(11) NOT NULL,
  `BALDATE` date NOT NULL,
  `STATUS` varchar(50) NOT NULL,
  `USERID` int(11) NOT NULL,
  `ENTDATE` date NOT NULL,
  `ENTTIME` varchar(50) NOT NULL
) ENGINE=InnoDB  DEFAULT CHARSET=latin1 AUTO_INCREMENT=70 ;

--
-- Dumping data for table `fna_balance`
--

INSERT INTO `fna_balance` (`BALANCEID`, `PROJECTID`, `SUBPROJECTID`, `INCOME`, `EXPANSE`, `BALANCE`, `FLAG`, `BALDATE`, `STATUS`, `USERID`, `ENTDATE`, `ENTTIME`) VALUES
(1, 6, 10, 47091303, 0, 47091303, 1, '2015-01-01', 'Active', 20, '2015-02-22', '11:52:40 AM'),
(36, 4, 9, 60000, 0, 47151303, 2, '2015-01-01', 'Receive', 20, '2015-01-01', '15:43:51 PM'),
(37, 4, 9, 42000, 0, 47193303, 3, '2015-01-01', 'Receive', 20, '2015-01-01', '15:48:19 PM'),
(41, 4, 9, 215000, 0, 47408303, 4, '2015-01-22', 'Receive', 20, '2015-05-21', '12:25:09 PM'),
(42, 4, 9, 39950, 0, 47448253, 5, '2015-01-22', 'Receive', 20, '2015-05-21', '12:40:07 PM'),
(43, 4, 9, 108000, 0, 47556253, 6, '2015-01-22', 'Receive', 20, '2015-05-21', '12:45:47 PM'),
(44, 4, 9, 15000, 0, 47571253, 7, '2015-01-22', 'Receive', 20, '2015-05-21', '12:47:02 PM'),
(45, 4, 9, 100800, 0, 47672053, 8, '2015-01-22', 'Receive', 20, '2015-05-21', '12:50:09 PM'),
(46, 4, 9, 26000, 0, 47698053, 9, '2015-01-08', 'Receive', 20, '2015-05-21', '12:51:36 PM'),
(47, 4, 9, 52700, 0, 47750753, 10, '2015-01-08', 'Receive', 20, '2015-05-21', '12:56:18 PM'),
(48, 4, 9, 30000, 0, 47780753, 11, '2015-01-11', 'Receive', 20, '2015-05-21', '12:56:58 PM'),
(49, 4, 9, 84000, 0, 47864753, 12, '2015-01-11', 'Receive', 20, '2015-05-21', '12:58:54 PM'),
(50, 4, 9, 91400, 0, 47956153, 13, '2015-01-15', 'Receive', 20, '2015-05-21', '13:00:48 PM'),
(51, 4, 9, 139200, 0, 48095353, 14, '2015-01-15', 'Receive', 20, '2015-05-21', '13:02:22 PM'),
(52, 4, 9, 124200, 0, 48219553, 15, '2015-01-18', 'Receive', 20, '2015-05-21', '13:03:18 PM'),
(53, 4, 9, 118160, 0, 48337713, 16, '2015-01-22', 'Receive', 20, '2015-05-21', '13:04:03 PM'),
(55, 2, 6, 0, 379363, 47958350, 17, '2015-01-01', 'Payment', 20, '2015-05-21', '13:22:16 PM'),
(57, 5, 7, 0, 10160, 47948190, 18, '2015-01-01', 'Payment', 20, '2015-05-21', '13:26:36 PM'),
(58, 5, 7, 0, 23392, 47924798, 19, '2015-01-01', 'Payment', 20, '2015-05-21', '13:27:57 PM'),
(59, 5, 7, 0, 13537, 47911261, 20, '2015-01-01', 'Payment', 20, '2015-05-21', '13:29:04 PM'),
(60, 2, 6, 0, 113715, 47797546, 21, '2015-01-01', 'Payment', 20, '2015-05-21', '13:30:12 PM'),
(61, 2, 6, 0, 16723, 47780823, 22, '2015-01-01', 'Payment', 20, '2015-05-21', '13:31:13 PM'),
(62, 2, 6, 0, 21119, 47759704, 23, '2015-01-01', 'Payment', 20, '2015-05-21', '13:32:19 PM'),
(63, 2, 6, 0, 6629, 47753075, 24, '2015-01-01', 'Payment', 20, '2015-05-21', '13:33:26 PM'),
(65, 4, 9, 0, 6105, 47746970, 25, '2015-01-01', 'Payment', 20, '2015-05-21', '16:07:46 PM'),
(66, 2, 6, 0, 2000, 47744970, 26, '2015-05-24', 'Payment', 20, '2015-05-23', '20:36:17 PM'),
(67, 2, 6, 0, 30000, 47714970, 27, '2015-05-24', 'Payment', 20, '2015-05-23', '20:37:36 PM'),
(68, 2, 6, 0, 5000, 47709970, 28, '2015-05-24', 'Payment', 20, '2015-05-23', '20:38:26 PM'),
(69, 2, 6, 50000, 0, 47759970, 29, '2015-05-24', 'Receive', 20, '2015-05-23', '21:01:07 PM');

-- --------------------------------------------------------

--
-- Table structure for table `fna_bank`
--

CREATE TABLE IF NOT EXISTS `fna_bank` (
`BANKID` int(11) NOT NULL,
  `BANKNAME` varchar(100) NOT NULL,
  `ADDRESS` text NOT NULL,
  `USERID` int(11) NOT NULL,
  `STATUS` varchar(50) NOT NULL,
  `FLAG` int(11) NOT NULL,
  `ENTDATE` date NOT NULL,
  `ENTTIME` varchar(50) NOT NULL
) ENGINE=InnoDB DEFAULT CHARSET=latin1 AUTO_INCREMENT=1 ;

-- --------------------------------------------------------

--
-- Table structure for table `fna_bankaccount`
--

CREATE TABLE IF NOT EXISTS `fna_bankaccount` (
`BANKACCOUNTID` int(11) NOT NULL,
  `BANKID` int(11) NOT NULL,
  `BRANCHID` int(11) NOT NULL,
  `ACCOUNTNO` varchar(20) NOT NULL,
  `DESCRIPTION` varchar(200) NOT NULL,
  `USERID` int(11) NOT NULL,
  `STATUS` varchar(50) NOT NULL,
  `FLAG` int(11) NOT NULL,
  `ENTDATE` date NOT NULL,
  `ENTTIME` varchar(50) NOT NULL
) ENGINE=InnoDB DEFAULT CHARSET=latin1 AUTO_INCREMENT=1 ;

-- --------------------------------------------------------

--
-- Table structure for table `fna_banktransaction`
--

CREATE TABLE IF NOT EXISTS `fna_banktransaction` (
`BTID` int(11) NOT NULL,
  `PROJECTID` int(11) NOT NULL,
  `SUBPROJECTID` int(11) NOT NULL,
  `BANKID` int(11) NOT NULL,
  `BRANCHID` int(11) NOT NULL,
  `BANKACCOUNTID` int(11) NOT NULL,
  `ACCOUNTNO` varchar(100) NOT NULL,
  `DEPOSIT` double NOT NULL,
  `WITHDRAW` double NOT NULL,
  `BALANCE` double NOT NULL,
  `ACCOUNTBALANCE` double NOT NULL,
  `BTDATE` date NOT NULL,
  `ACCFLAG` int(11) NOT NULL,
  `BANKFLAG` int(11) NOT NULL,
  `USERID` int(11) NOT NULL,
  `STATUS` varchar(20) NOT NULL,
  `ENTDATE` date NOT NULL,
  `ENTTIME` varchar(50) NOT NULL
) ENGINE=InnoDB DEFAULT CHARSET=latin1 AUTO_INCREMENT=1 ;

-- --------------------------------------------------------

--
-- Table structure for table `fna_basta`
--

CREATE TABLE IF NOT EXISTS `fna_basta` (
`BASTAID` int(11) NOT NULL,
  `PARTYID` int(11) NOT NULL,
  `BUYQNTY` double NOT NULL,
  `TOTBUYQNTY` double NOT NULL,
  `SELLQNTY` double NOT NULL,
  `TOTSELLQNTY` double NOT NULL,
  `BALANCEQNTY` double NOT NULL,
  `BUYPRICE` double NOT NULL,
  `UNITPRICE` double NOT NULL,
  `TOTBUYPRICE` double NOT NULL,
  `SELLPRICE` double NOT NULL,
  `TOTSELLPRICE` double NOT NULL,
  `ENTRYDATE` date NOT NULL,
  `USERID` int(11) NOT NULL,
  `STATUS` varchar(20) NOT NULL,
  `FLAG` int(11) NOT NULL,
  `ENTDATE` date NOT NULL,
  `ENTTIME` varchar(100) NOT NULL
) ENGINE=InnoDB DEFAULT CHARSET=latin1 AUTO_INCREMENT=1 ;

-- --------------------------------------------------------

--
-- Table structure for table `fna_bill`
--

CREATE TABLE IF NOT EXISTS `fna_bill` (
`BID` int(11) NOT NULL,
  `SESSIONID` int(10) DEFAULT NULL,
  `PROJECTID` int(11) NOT NULL,
  `SUBPROJECTID` int(11) NOT NULL,
  `PARTYID` int(10) DEFAULT NULL,
  `RECEIVENUMBER` int(10) DEFAULT NULL,
  `PRODCATTYPEID` int(10) DEFAULT NULL,
  `PRODUCTID` int(10) DEFAULT NULL,
  `PACKINGUNITID` int(10) DEFAULT NULL,
  `QUANTITY` double DEFAULT NULL,
  `WTQNTY` double NOT NULL,
  `TOTQUANTITY` double DEFAULT NULL,
  `BILLAMOUNT` double DEFAULT NULL,
  `TOTBILLAMOUNT` double DEFAULT NULL,
  `PARTYFLAG` int(11) NOT NULL,
  `ENTRYDATE` date NOT NULL,
  `USERID` int(11) DEFAULT NULL,
  `STATUS` varchar(20) DEFAULT NULL,
  `FLAG` int(11) DEFAULT NULL,
  `ENTDATE` date DEFAULT NULL,
  `ENTTIME` varchar(100) DEFAULT NULL
) ENGINE=InnoDB DEFAULT CHARSET=latin1 AUTO_INCREMENT=1 ;

-- --------------------------------------------------------

--
-- Table structure for table `fna_branch`
--

CREATE TABLE IF NOT EXISTS `fna_branch` (
`BRANCHID` int(11) NOT NULL,
  `BANKID` int(11) NOT NULL,
  `BRANCHNAME` varchar(100) NOT NULL,
  `ADDRESS` text NOT NULL,
  `USERID` int(11) NOT NULL,
  `STATUS` varchar(50) NOT NULL,
  `FLAG` int(11) NOT NULL,
  `ENTDATE` date NOT NULL,
  `ENTTIME` varchar(50) NOT NULL
) ENGINE=InnoDB DEFAULT CHARSET=latin1 AUTO_INCREMENT=1 ;

-- --------------------------------------------------------

--
-- Table structure for table `fna_chamber`
--

CREATE TABLE IF NOT EXISTS `fna_chamber` (
`CHID` int(11) NOT NULL,
  `CHNAME` varchar(100) DEFAULT NULL,
  `USERID` int(11) DEFAULT NULL,
  `STATUS` varchar(20) DEFAULT NULL,
  `FLAG` int(11) DEFAULT NULL,
  `ENTDATE` date DEFAULT NULL,
  `ENTTIME` varchar(100) DEFAULT NULL
) ENGINE=InnoDB  DEFAULT CHARSET=latin1 AUTO_INCREMENT=7 ;

--
-- Dumping data for table `fna_chamber`
--

INSERT INTO `fna_chamber` (`CHID`, `CHNAME`, `USERID`, `STATUS`, `FLAG`, `ENTDATE`, `ENTTIME`) VALUES
(1, 'Chamber-1', 20, 'Active', NULL, '2014-09-21', '18:05:39 PM'),
(2, 'Chamber-2', 20, 'Active', NULL, '2014-09-25', '16:19:41 PM'),
(3, 'Chamber-3', 20, 'Active', NULL, '2014-09-25', '16:19:57 PM'),
(4, 'Chamber-4', 20, 'Active', NULL, '2014-09-25', '16:20:07 PM'),
(5, 'Chamber-5', 20, 'Active', NULL, '2014-09-25', '16:20:18 PM'),
(6, 'Chamber-6', 20, 'Active', NULL, '2014-09-25', '16:20:32 PM');

-- --------------------------------------------------------

--
-- Table structure for table `fna_expanse`
--

CREATE TABLE IF NOT EXISTS `fna_expanse` (
`EXPID` int(11) NOT NULL,
  `EXPHID` int(11) NOT NULL,
  `EXPSUBHID` int(11) NOT NULL,
  `PROJECTID` int(11) NOT NULL,
  `SUBPROJECTID` int(11) NOT NULL,
  `PARTYID` int(11) NOT NULL,
  `AMOUNT` double NOT NULL,
  `EXPDATE` date NOT NULL,
  `VOUCHERNO` varchar(50) NOT NULL,
  `DESCRIPTION` text NOT NULL,
  `USERID` int(11) NOT NULL,
  `STATUS` varchar(20) NOT NULL,
  `FLAG` int(11) NOT NULL,
  `ENTDATE` date NOT NULL,
  `ENTTIME` varchar(50) NOT NULL
) ENGINE=InnoDB  DEFAULT CHARSET=latin1 AUTO_INCREMENT=4 ;

--
-- Dumping data for table `fna_expanse`
--

INSERT INTO `fna_expanse` (`EXPID`, `EXPHID`, `EXPSUBHID`, `PROJECTID`, `SUBPROJECTID`, `PARTYID`, `AMOUNT`, `EXPDATE`, `VOUCHERNO`, `DESCRIPTION`, `USERID`, `STATUS`, `FLAG`, `ENTDATE`, `ENTTIME`) VALUES
(1, 3, 7, 2, 6, 28, 200, '2015-01-01', '12', 'ffddgg', 20, 'Active', 0, '2015-01-01', '14:13:04 PM'),
(2, 3, 8, 4, 9, 0, 500, '2015-01-01', '1', '', 20, 'Active', 0, '2015-05-21', '14:10:17 PM'),
(3, 3, 7, 4, 9, 52, 250, '2015-03-19', '2', 'Enamul Purpose Enteryainment Expanse', 20, 'Active', 0, '2015-05-21', '14:13:41 PM');

-- --------------------------------------------------------

--
-- Table structure for table `fna_expense_head`
--

CREATE TABLE IF NOT EXISTS `fna_expense_head` (
`EXPHID` int(11) NOT NULL,
  `PROJECTID` int(11) NOT NULL,
  `SUBPROJECTID` int(11) NOT NULL,
  `EXPHEADNAME` varchar(200) NOT NULL,
  `USERID` int(11) NOT NULL,
  `STATUS` varchar(20) NOT NULL,
  `FLAG` int(11) NOT NULL,
  `ENTDATE` date NOT NULL,
  `ENTTIME` varchar(200) NOT NULL
) ENGINE=InnoDB  DEFAULT CHARSET=latin1 AUTO_INCREMENT=8 ;

--
-- Dumping data for table `fna_expense_head`
--

INSERT INTO `fna_expense_head` (`EXPHID`, `PROJECTID`, `SUBPROJECTID`, `EXPHEADNAME`, `USERID`, `STATUS`, `FLAG`, `ENTDATE`, `ENTTIME`) VALUES
(1, 0, 0, 'Salary', 20, 'Active', 0, '2014-10-27', '16:22:50 PM'),
(2, 0, 0, 'Convayence', 20, 'Active', 0, '2014-10-27', '16:29:18 PM'),
(3, 0, 0, 'Entertainment', 20, 'Active', 0, '2014-10-27', '16:35:38 PM'),
(4, 0, 0, 'Electricity', 20, 'Active', 0, '2014-11-21', '09:51:04 AM'),
(5, 0, 0, 'Others Expanse', 20, 'Active', 0, '2014-11-21', '11:14:59 AM'),
(6, 0, 0, 'Daily Labour', 20, 'Active', 0, '2014-11-21', '11:16:03 AM'),
(7, 0, 0, 'Kat Mistry', 20, 'Active', 0, '2014-11-21', '11:17:07 AM');

-- --------------------------------------------------------

--
-- Table structure for table `fna_expsubhead`
--

CREATE TABLE IF NOT EXISTS `fna_expsubhead` (
`EXPSUBHID` int(11) NOT NULL,
  `EXPHID` int(11) NOT NULL,
  `PROJECTID` int(11) NOT NULL,
  `SUBPROJECTID` int(11) NOT NULL,
  `SUBHEADNAME` varchar(200) NOT NULL,
  `USERID` int(11) NOT NULL,
  `STATUS` varchar(20) NOT NULL,
  `FLAG` int(11) NOT NULL,
  `ENTDATE` date NOT NULL,
  `ENTTIME` varchar(200) NOT NULL
) ENGINE=InnoDB  DEFAULT CHARSET=latin1 AUTO_INCREMENT=15 ;

--
-- Dumping data for table `fna_expsubhead`
--

INSERT INTO `fna_expsubhead` (`EXPSUBHID`, `EXPHID`, `PROJECTID`, `SUBPROJECTID`, `SUBHEADNAME`, `USERID`, `STATUS`, `FLAG`, `ENTDATE`, `ENTTIME`) VALUES
(5, 2, 0, 0, 'CNG', 20, 'Active', 0, '2014-11-12', '16:07:41 PM'),
(6, 2, 0, 0, 'Bus', 20, 'Active', 0, '2014-11-12', '16:07:54 PM'),
(7, 3, 0, 0, 'Party Expanse', 20, 'Active', 0, '2014-11-12', '16:08:31 PM'),
(8, 3, 0, 0, 'Staff Expanse', 20, 'Active', 0, '2014-11-12', '16:08:49 PM'),
(9, 1, 0, 0, 'Basic Salary', 20, 'Active', 0, '2014-11-12', '16:09:00 PM'),
(10, 4, 0, 0, 'Electricity Bill', 20, 'Active', 0, '2014-11-21', '09:51:32 AM'),
(11, 2, 0, 0, 'Van Vara', 20, 'Active', 0, '2014-11-21', '11:14:32 AM'),
(12, 5, 0, 0, 'Others Expanse', 20, 'Active', 0, '2014-11-21', '11:15:28 AM'),
(13, 6, 0, 0, 'Cleaning', 20, 'Active', 0, '2014-11-21', '11:16:54 AM'),
(14, 7, 0, 0, 'Mistry', 20, 'Active', 0, '2014-11-21', '11:17:30 AM');

-- --------------------------------------------------------

--
-- Table structure for table `fna_labour`
--

CREATE TABLE IF NOT EXISTS `fna_labour` (
`LABOURID` int(10) NOT NULL,
  `PROJECTID` int(11) NOT NULL,
  `SUBPROJECTID` int(11) NOT NULL,
  `LABOURNAME` varchar(100) DEFAULT NULL,
  `FATHERNAME` varchar(100) DEFAULT NULL,
  `ADDRESS` varchar(100) DEFAULT NULL,
  `MOBILE` int(11) DEFAULT NULL,
  `USERID` int(11) DEFAULT NULL,
  `STATUS` varchar(20) DEFAULT NULL,
  `FLAG` int(11) DEFAULT NULL,
  `ENTDATE` date DEFAULT NULL,
  `ENTTIME` varchar(100) DEFAULT NULL
) ENGINE=InnoDB DEFAULT CHARSET=latin1 AUTO_INCREMENT=1 ;

-- --------------------------------------------------------

--
-- Table structure for table `fna_labourbill`
--

CREATE TABLE IF NOT EXISTS `fna_labourbill` (
`LABOURBILLID` int(11) NOT NULL,
  `PROJECTID` int(11) NOT NULL,
  `SUBPROJECTID` int(11) NOT NULL,
  `LABOURID` int(10) DEFAULT NULL,
  `PARTYID` int(11) NOT NULL,
  `PRODUCTLOADUNLOADID` int(10) DEFAULT NULL,
  `BILLAMOUNT` double DEFAULT NULL,
  `PAYMENTAMOUNT` double DEFAULT NULL,
  `BALANCEAMOUNT` double DEFAULT NULL,
  `LABOURFLAG` int(11) NOT NULL,
  `ENTRYDATE` date NOT NULL,
  `USERID` int(11) DEFAULT NULL,
  `STATUS` varchar(20) DEFAULT NULL,
  `FLAG` int(11) DEFAULT NULL,
  `ENTDATE` date DEFAULT NULL,
  `ENTTIME` varchar(100) DEFAULT NULL
) ENGINE=InnoDB DEFAULT CHARSET=latin1 AUTO_INCREMENT=1 ;

-- --------------------------------------------------------

--
-- Table structure for table `fna_labourcontact`
--

CREATE TABLE IF NOT EXISTS `fna_labourcontact` (
`LABCONTACTID` int(11) NOT NULL,
  `LABOURID` int(10) DEFAULT NULL,
  `PROJECTID` int(11) NOT NULL,
  `SUBPROJECTID` int(11) NOT NULL,
  `STARTDATE` date DEFAULT NULL,
  `ENDDATE` date DEFAULT NULL,
  `DESCRIPTION` text,
  `USERID` int(11) DEFAULT NULL,
  `STATUS` varchar(20) DEFAULT NULL,
  `FLAG` int(11) DEFAULT NULL,
  `ENTDATE` date DEFAULT NULL,
  `ENTTIME` varchar(100) DEFAULT NULL
) ENGINE=InnoDB DEFAULT CHARSET=latin1 AUTO_INCREMENT=1 ;

-- --------------------------------------------------------

--
-- Table structure for table `fna_labourcontact_bkdn`
--

CREATE TABLE IF NOT EXISTS `fna_labourcontact_bkdn` (
`LABCONTACTBKDNID` int(11) NOT NULL,
  `LABCONTACTID` int(11) DEFAULT NULL,
  `WORKTYPE` varchar(50) NOT NULL,
  `CHAMBERIDFROM` int(10) DEFAULT NULL,
  `CHAMBERIDTO` int(10) DEFAULT NULL,
  `PACKINGUNITID` int(10) DEFAULT NULL,
  `LOADPRICE` double DEFAULT NULL,
  `UNLOADPRICE` double DEFAULT NULL,
  `TRANSFERPRICE` double DEFAULT NULL,
  `SHADEPRICE` double DEFAULT NULL,
  `PALOTPRICE` double NOT NULL,
  `USERID` int(11) DEFAULT NULL,
  `STATUS` varchar(20) DEFAULT NULL,
  `FLAG` int(11) DEFAULT NULL,
  `ENTDATE` date DEFAULT NULL,
  `ENTTIME` varchar(100) DEFAULT NULL
) ENGINE=InnoDB DEFAULT CHARSET=latin1 AUTO_INCREMENT=1 ;

-- --------------------------------------------------------

--
-- Table structure for table `fna_labourworkhistory`
--

CREATE TABLE IF NOT EXISTS `fna_labourworkhistory` (
`LABWORKHISTID` int(11) NOT NULL,
  `LABOURID` int(10) DEFAULT NULL,
  `PROJECTID` int(11) NOT NULL,
  `SUBPROJECTID` int(11) NOT NULL,
  `PARTYID` int(11) NOT NULL,
  `PRODUCTLOADUNLOADBKDNID` int(10) DEFAULT NULL,
  `PRODCATTYPEID` int(10) DEFAULT NULL,
  `PRODUCTID` int(10) DEFAULT NULL,
  `PACKINGUNITID` int(10) DEFAULT NULL,
  `QUANTITY` double DEFAULT NULL,
  `CHID` int(10) DEFAULT NULL,
  `POCKET` int(10) DEFAULT NULL,
  `BILLAMOUNT` double DEFAULT NULL,
  `TOTBILLAMOUNT` double DEFAULT NULL,
  `RECEIVENUMBER` int(10) DEFAULT NULL,
  `DELIVERYCHALLANNUMBER` int(10) DEFAULT NULL,
  `WORKTYPEFLAG` varchar(20) NOT NULL,
  `USERID` int(11) DEFAULT NULL,
  `STATUS` varchar(20) DEFAULT NULL,
  `FLAG` int(11) DEFAULT NULL,
  `ENTDATE` date DEFAULT NULL,
  `ENTTIME` varchar(100) DEFAULT NULL
) ENGINE=InnoDB DEFAULT CHARSET=latin1 AUTO_INCREMENT=1 ;

-- --------------------------------------------------------

--
-- Table structure for table `fna_loan`
--

CREATE TABLE IF NOT EXISTS `fna_loan` (
`LOANID` int(11) NOT NULL,
  `LOANTYPEID` int(11) NOT NULL,
  `PROJECTID` int(11) NOT NULL,
  `SUBPROJECTID` int(11) NOT NULL,
  `PARTYID` int(11) NOT NULL,
  `LOANAMOUNT` double NOT NULL,
  `INTERESTRATE` double NOT NULL,
  `INTERESTAMOUNT` double NOT NULL,
  `TOTLOANAMOUNT` double NOT NULL,
  `LOANPAYMENT` double NOT NULL,
  `TOTLOANPAYMENT` double NOT NULL,
  `BALANCE` double NOT NULL,
  `ENTRYDATE` date NOT NULL,
  `LOANPURPOSE` varchar(100) NOT NULL,
  `PARTYFLAG` int(11) NOT NULL,
  `LOANFLAG` int(11) NOT NULL,
  `USERID` int(11) NOT NULL,
  `STATUS` varchar(40) NOT NULL,
  `FLAG` int(11) NOT NULL,
  `ENTDATE` date NOT NULL,
  `ENTTIME` varchar(100) NOT NULL
) ENGINE=InnoDB DEFAULT CHARSET=latin1 AUTO_INCREMENT=1 ;

-- --------------------------------------------------------

--
-- Table structure for table `fna_loantype`
--

CREATE TABLE IF NOT EXISTS `fna_loantype` (
`LOANTYPEID` int(11) NOT NULL,
  `LOANTYPENAME` varchar(100) NOT NULL,
  `USERID` int(11) NOT NULL,
  `STATUS` varchar(30) NOT NULL,
  `FLAG` int(11) NOT NULL,
  `ENTDATE` date NOT NULL,
  `ENTTIME` varchar(120) NOT NULL
) ENGINE=InnoDB  DEFAULT CHARSET=latin1 AUTO_INCREMENT=4 ;

--
-- Dumping data for table `fna_loantype`
--

INSERT INTO `fna_loantype` (`LOANTYPEID`, `LOANTYPENAME`, `USERID`, `STATUS`, `FLAG`, `ENTDATE`, `ENTTIME`) VALUES
(1, 'Car Loan', 20, 'Active', 0, '2014-11-05', '18:18:09 PM'),
(2, 'Basta Loan', 20, 'Active', 0, '2014-11-05', '18:18:26 PM'),
(3, 'Normal Loan', 20, 'Active', 0, '2014-11-05', '18:18:37 PM');

-- --------------------------------------------------------

--
-- Table structure for table `fna_packingname`
--

CREATE TABLE IF NOT EXISTS `fna_packingname` (
`PACKINGNAMEID` int(11) NOT NULL,
  `PACKINGNAME` varchar(100) DEFAULT NULL,
  `USERID` int(11) DEFAULT NULL,
  `STATUS` varchar(20) DEFAULT NULL,
  `FLAG` int(11) DEFAULT NULL,
  `ENTDATE` date DEFAULT NULL,
  `ENTTIME` varchar(100) DEFAULT NULL
) ENGINE=InnoDB  DEFAULT CHARSET=latin1 AUTO_INCREMENT=7 ;

--
-- Dumping data for table `fna_packingname`
--

INSERT INTO `fna_packingname` (`PACKINGNAMEID`, `PACKINGNAME`, `USERID`, `STATUS`, `FLAG`, `ENTDATE`, `ENTTIME`) VALUES
(1, 'Basta', 20, 'Active', NULL, '2014-09-20', '17:10:22 PM'),
(3, 'Drum', 20, 'Active', NULL, '2014-09-25', '15:17:20 PM'),
(4, 'Cartoon', 20, 'Active', NULL, '2014-10-24', '10:29:02 AM'),
(5, 'Jhuri', 20, 'Active', NULL, '2014-11-21', '06:23:44 AM'),
(6, 'Cartun', 20, 'Active', NULL, '2014-11-28', '06:00:47 AM');

-- --------------------------------------------------------

--
-- Table structure for table `fna_packingunit`
--

CREATE TABLE IF NOT EXISTS `fna_packingunit` (
`PACKINGUNITID` int(11) NOT NULL,
  `PACKINGNAMEID` int(11) NOT NULL,
  `QID` int(11) NOT NULL,
  `WTID` int(11) NOT NULL,
  `USERID` int(11) DEFAULT NULL,
  `STATUS` varchar(20) DEFAULT NULL,
  `FLAG` int(11) DEFAULT NULL,
  `ENTDATE` date DEFAULT NULL,
  `ENTTIME` varchar(100) DEFAULT NULL
) ENGINE=InnoDB  DEFAULT CHARSET=latin1 AUTO_INCREMENT=24 ;

--
-- Dumping data for table `fna_packingunit`
--

INSERT INTO `fna_packingunit` (`PACKINGUNITID`, `PACKINGNAMEID`, `QID`, `WTID`, `USERID`, `STATUS`, `FLAG`, `ENTDATE`, `ENTTIME`) VALUES
(11, 1, 10, 1, 20, 'Active', NULL, '2014-11-26', '12:56:05 PM'),
(12, 1, 12, 1, 20, 'Active', NULL, '2014-11-26', '12:56:15 PM'),
(13, 1, 11, 1, 20, 'Active', NULL, '2014-11-26', '12:56:26 PM'),
(14, 1, 4, 1, 20, 'Active', NULL, '2014-11-26', '12:56:39 PM'),
(15, 3, 13, 1, 20, 'Active', NULL, '2014-11-26', '12:56:51 PM'),
(16, 3, 6, 1, 20, 'Active', NULL, '2014-11-26', '12:57:02 PM'),
(17, 3, 14, 1, 20, 'Active', NULL, '2014-11-26', '12:57:20 PM'),
(18, 3, 15, 1, 20, 'Active', NULL, '2014-11-26', '12:57:34 PM'),
(19, 4, 16, 1, 20, 'Active', NULL, '2014-11-28', '06:06:15 AM'),
(20, 4, 17, 1, 20, 'Active', NULL, '2014-11-28', '06:06:25 AM'),
(21, 1, 18, 1, 20, 'Active', NULL, '2014-11-29', '17:16:27 PM'),
(22, 1, 0, 0, 20, 'Active', NULL, '2014-12-05', '16:33:52 PM'),
(23, 1, 19, 1, 20, 'Active', NULL, '2014-12-07', '12:42:14 PM');

-- --------------------------------------------------------

--
-- Table structure for table `fna_party`
--

CREATE TABLE IF NOT EXISTS `fna_party` (
`PARTYID` int(11) NOT NULL,
  `PROJECTID` int(11) NOT NULL,
  `SUBPROJECTID` int(11) NOT NULL,
  `PARTYNAME` varchar(100) DEFAULT NULL,
  `FATHERNAME` varchar(100) DEFAULT NULL,
  `ADDRESS` varchar(100) DEFAULT NULL,
  `MOBILE` int(11) DEFAULT NULL,
  `USERID` int(11) DEFAULT NULL,
  `STATUS` varchar(20) DEFAULT NULL,
  `FLAG` int(11) DEFAULT NULL,
  `ENTDATE` date DEFAULT NULL,
  `ENTTIME` varchar(100) DEFAULT NULL
) ENGINE=InnoDB  DEFAULT CHARSET=latin1 AUTO_INCREMENT=60 ;

--
-- Dumping data for table `fna_party`
--

INSERT INTO `fna_party` (`PARTYID`, `PROJECTID`, `SUBPROJECTID`, `PARTYNAME`, `FATHERNAME`, `ADDRESS`, `MOBILE`, `USERID`, `STATUS`, `FLAG`, `ENTDATE`, `ENTTIME`) VALUES
(1, 2, 6, 'Feed.Poultry Firms', 'Poultry Firms', ' Natore', 1971696274, 20, 'Active', NULL, '2015-03-02', '17:31:09 PM'),
(2, 3, 8, 'Pal.Feed Mill', 'Feed Mill', ' Natore', 1971696274, 20, 'Active', NULL, '2015-03-02', '17:31:47 PM'),
(3, 3, 8, 'Pal.Hatchery', 'Hatchery', ' Natore', 1971696274, 20, 'Active', NULL, '2015-03-02', '17:32:26 PM'),
(4, 4, 9, 'Hatch. Poultry Firm', 'Poultry Firm', ' Natore', 1971696274, 20, 'Active', NULL, '2015-03-02', '17:41:43 PM'),
(5, 3, 8, 'Pal.Medicine', 'Medicine', ' Natore', 2147483647, 20, 'Active', NULL, '2015-03-05', '19:43:40 PM'),
(6, 5, 7, 'Med.Poultry Firm ', 'Poultry Firm ', ' Natore', 12321312, 20, 'Active', NULL, '2015-03-05', '19:44:35 PM'),
(27, 2, 6, 'Bilkis Enterprise', 'bbbb', ' ', 0, 20, 'Active', NULL, '2015-02-22', '11:39:49 AM'),
(28, 2, 6, 'Advance Company', 'aaaa', ' ', 0, 20, 'Active', NULL, '2015-02-22', '11:40:18 AM'),
(29, 2, 6, 'Nimai Traders', 'nnn', ' ', 0, 20, 'Active', NULL, '2015-02-22', '11:40:45 AM'),
(30, 2, 6, 'Modina Enterprise', 'Modina ', ' ', 0, 20, 'Active', NULL, '2015-02-22', '11:41:09 AM'),
(31, 2, 6, 'National Animal Health', 'wefwefwef', ' ', 0, 20, 'Active', NULL, '2015-02-22', '11:41:39 AM'),
(32, 6, 10, 'Opening Balance', 'Opening', ' ', 0, 20, 'Active', NULL, '2015-02-22', '11:51:38 AM'),
(33, 5, 7, 'Advance Company', 'Advance', ' ', 0, 20, 'Active', NULL, '2015-02-22', '14:27:49 PM'),
(34, 5, 7, 'Bridge Company', 'Bridge ', ' ', 0, 20, 'Active', NULL, '2015-02-22', '14:28:13 PM'),
(35, 5, 7, 'Novartis', 'Novartis', ' ', 0, 20, 'Active', NULL, '2015-02-22', '14:28:31 PM'),
(38, 3, 8, 'Opening Sale Party', 'Dhaka ', ' Dhaka', 1971696274, 20, 'Active', NULL, '2015-03-15', '04:53:27 AM'),
(39, 4, 9, 'Piarul', 'Unknown', ' Rajshahi', 1718874323, 20, 'Active', NULL, '2015-03-15', '08:11:18 AM'),
(40, 4, 9, 'Hashem', 'Unknown', ' Walia', 1512351, 20, 'Active', NULL, '2015-03-15', '08:12:01 AM'),
(41, 4, 9, 'Tania', 'Unknown', ' Kolom', 2147483647, 20, 'Active', NULL, '2015-03-15', '08:12:34 AM'),
(42, 4, 9, 'Nimai', 'Unknown', ' Natore', 2147483647, 20, 'Active', NULL, '2015-03-15', '08:12:56 AM'),
(43, 3, 8, 'Scrub Party', 'Scrab', ' dfbadbadf', 1971696274, 20, 'Active', NULL, '2015-05-06', '20:17:40 PM'),
(44, 4, 9, 'Shariful ', 'Shariful Hasan', ' Rajshahi', 1971696274, 20, 'Active', NULL, '2015-01-01', '15:32:21 PM'),
(45, 4, 9, 'Rahmat', 'Zabbar', ' Dal sarak', 532525235, 20, 'Active', NULL, '2015-01-01', '15:32:49 PM'),
(46, 4, 9, 'Zahid', 'Kamal', ' Rajshahi', 2424242, 20, 'Active', NULL, '2015-01-01', '15:33:12 PM'),
(47, 4, 9, 'Rowshon', 'Altaf', ' Pabna', 24242525, 20, 'Active', NULL, '2015-01-01', '15:34:57 PM'),
(48, 4, 9, 'Bhai Bhai', 'Baba Baba', ' Rajshahi', 235235235, 20, 'Active', NULL, '2015-01-01', '15:36:26 PM'),
(49, 4, 9, 'Sohel', 'Sagor', ' Pabna', 14124214, 20, 'Active', NULL, '2015-01-01', '15:36:47 PM'),
(50, 4, 9, 'Monjur', 'JHGjhgj', ' Rajshahi', 242114, 20, 'Active', NULL, '2015-01-01', '15:37:08 PM'),
(51, 4, 9, 'Nurul', 'Alamin', 'Sirajgonj ', 2147483647, 20, 'Active', NULL, '2015-01-01', '15:37:40 PM'),
(52, 4, 9, 'Enamul', 'Karimul', 'Bogra ', 131412421, 20, 'Active', NULL, '2015-01-01', '15:38:00 PM'),
(53, 4, 9, 'Mahbub', 'Zahid', ' Natore', 45835383, 20, 'Active', NULL, '2015-01-01', '15:38:21 PM'),
(54, 4, 9, 'Mayer Doya', 'Mayer Doya', ' Mazgram', 23252525, 20, 'Active', NULL, '2015-05-21', '11:51:49 AM'),
(55, 4, 9, 'Ripon', 'Ripon', ' Mazgram', 12412412, 20, 'Active', NULL, '2015-05-21', '11:52:18 AM'),
(56, 4, 9, 'Dui Bhai Poultry', 'Bhai ', ' Hatia', 1241241, 20, 'Active', NULL, '2015-05-21', '11:52:51 AM'),
(57, 4, 9, 'Raju', 'Raju', ' adsgasasd', 1241234213, 20, 'Active', NULL, '2015-05-21', '11:53:10 AM'),
(58, 4, 9, 'Mamun', 'Mamun', ' Dhaka', 1414124124, 20, 'Active', NULL, '2015-05-21', '11:53:29 AM'),
(59, 4, 9, 'Siraj Uddin', 'Siraj Uddin', ' Ishardi', 124124124, 20, 'Active', NULL, '2015-05-21', '11:54:03 AM');

-- --------------------------------------------------------

--
-- Table structure for table `fna_partybill`
--

CREATE TABLE IF NOT EXISTS `fna_partybill` (
`PARTYBILLID` int(11) NOT NULL,
  `PARTYID` int(10) DEFAULT NULL,
  `PROJECTID` int(11) NOT NULL,
  `SUBPROJECTID` int(11) NOT NULL,
  `BATCHNO` int(11) NOT NULL,
  `PRODCATTYPEID` int(11) NOT NULL,
  `RECEIVENUMBER` int(10) DEFAULT NULL,
  `PUR_BILLAMOUNT` double DEFAULT NULL,
  `SELL_BILLAMOUNT` double NOT NULL,
  `PAYMENTAMOUNT` double NOT NULL,
  `RECEIVEAMOUNT` double DEFAULT NULL,
  `BALANCEAMOUNT` double DEFAULT NULL,
  `ENTRYDATE` date NOT NULL,
  `BANKNAME` varchar(100) DEFAULT NULL,
  `CHEQUENUMBER` double DEFAULT NULL,
  `CHEQUEDATE` date DEFAULT NULL,
  `PARTYFLAG` int(11) NOT NULL,
  `USERID` int(11) DEFAULT NULL,
  `STATUS` varchar(20) DEFAULT NULL,
  `PURSELLFLAG` varchar(20) NOT NULL,
  `FLAG` int(11) DEFAULT NULL,
  `ENTDATE` date DEFAULT NULL,
  `ENTTIME` varchar(100) DEFAULT NULL
) ENGINE=InnoDB  DEFAULT CHARSET=latin1 AUTO_INCREMENT=434 ;

--
-- Dumping data for table `fna_partybill`
--

INSERT INTO `fna_partybill` (`PARTYBILLID`, `PARTYID`, `PROJECTID`, `SUBPROJECTID`, `BATCHNO`, `PRODCATTYPEID`, `RECEIVENUMBER`, `PUR_BILLAMOUNT`, `SELL_BILLAMOUNT`, `PAYMENTAMOUNT`, `RECEIVEAMOUNT`, `BALANCEAMOUNT`, `ENTRYDATE`, `BANKNAME`, `CHEQUENUMBER`, `CHEQUEDATE`, `PARTYFLAG`, `USERID`, `STATUS`, `PURSELLFLAG`, `FLAG`, `ENTDATE`, `ENTTIME`) VALUES
(264, 28, 2, 6, 0, 0, NULL, 459571, 0, 0, 0, -459571, '2015-01-01', NULL, NULL, NULL, 1, 20, 'Active', 'Purchase', NULL, '2015-01-01', '11:18:57 AM'),
(265, 27, 2, 6, 0, 0, NULL, 8457, 0, 0, 0, -8457, '2015-01-01', NULL, NULL, NULL, 1, 20, 'Active', 'Purchase', NULL, '2015-01-01', '11:20:46 AM'),
(266, 27, 2, 6, 0, 0, NULL, 48061, 0, 0, 0, -56518, '2015-01-01', NULL, NULL, NULL, 2, 20, 'Active', 'Purchase', NULL, '2015-01-01', '11:20:46 AM'),
(267, 27, 2, 6, 0, 0, NULL, 106502, 0, 0, 0, -163020, '2015-01-01', NULL, NULL, NULL, 3, 20, 'Active', 'Purchase', NULL, '2015-01-01', '11:20:46 AM'),
(268, 29, 2, 6, 0, 0, NULL, 10488, 0, 0, 0, -10488, '2015-01-01', NULL, NULL, NULL, 1, 20, 'Active', 'Purchase', NULL, '2015-01-01', '11:26:27 AM'),
(269, 29, 2, 6, 0, 0, NULL, 140, 0, 0, 0, -10628, '2015-01-01', NULL, NULL, NULL, 2, 20, 'Active', 'Purchase', NULL, '2015-01-01', '11:26:27 AM'),
(270, 29, 2, 6, 0, 0, NULL, 1463, 0, 0, 0, -12091, '2015-01-01', NULL, NULL, NULL, 3, 20, 'Active', 'Purchase', NULL, '2015-01-01', '11:26:27 AM'),
(271, 29, 2, 6, 0, 0, NULL, 2624, 0, 0, 0, -14715, '2015-01-01', NULL, NULL, NULL, 4, 20, 'Active', 'Purchase', NULL, '2015-01-01', '11:26:27 AM'),
(272, 29, 2, 6, 0, 0, NULL, 1721, 0, 0, 0, -16436, '2015-01-01', NULL, NULL, NULL, 5, 20, 'Active', 'Purchase', NULL, '2015-01-01', '11:26:27 AM'),
(273, 29, 2, 6, 0, 0, NULL, 1922, 0, 0, 0, -18358, '2015-01-01', NULL, NULL, NULL, 6, 20, 'Active', 'Purchase', NULL, '2015-01-01', '11:26:27 AM'),
(274, 29, 2, 6, 0, 0, NULL, 1833, 0, 0, 0, -20191, '2015-01-01', NULL, NULL, NULL, 7, 20, 'Active', 'Purchase', NULL, '2015-01-01', '11:26:27 AM'),
(275, 29, 2, 6, 0, 0, NULL, 9545, 0, 0, 0, -29736, '2015-01-01', NULL, NULL, NULL, 8, 20, 'Active', 'Purchase', NULL, '2015-01-01', '11:26:27 AM'),
(276, 29, 2, 6, 0, 0, NULL, 616, 0, 0, 0, -30352, '2015-01-01', NULL, NULL, NULL, 9, 20, 'Active', 'Purchase', NULL, '2015-01-01', '11:26:27 AM'),
(277, 29, 2, 6, 0, 0, NULL, 131, 0, 0, 0, -30483, '2015-01-01', NULL, NULL, NULL, 10, 20, 'Active', 'Purchase', NULL, '2015-01-01', '11:26:27 AM'),
(278, 29, 2, 6, 0, 0, NULL, 10116, 0, 0, 0, -40599, '2015-01-01', NULL, NULL, NULL, 11, 20, 'Active', 'Purchase', NULL, '2015-01-01', '11:26:27 AM'),
(279, 29, 2, 6, 0, 0, NULL, 160, 0, 0, 0, -40759, '2015-01-01', NULL, NULL, NULL, 12, 20, 'Active', 'Purchase', NULL, '2015-01-01', '11:26:27 AM'),
(280, 31, 2, 6, 0, 0, NULL, 41153, 0, 0, 0, -41153, '2015-01-01', NULL, NULL, NULL, 1, 20, 'Active', 'Purchase', NULL, '2015-01-01', '11:28:07 AM'),
(281, 31, 2, 6, 0, 0, NULL, 15570, 0, 0, 0, -56723, '2015-01-01', NULL, NULL, NULL, 2, 20, 'Active', 'Purchase', NULL, '2015-01-01', '11:28:07 AM'),
(282, 30, 2, 6, 0, 0, NULL, 7465, 0, 0, 0, -7465, '2015-01-01', NULL, NULL, NULL, 1, 20, 'Active', 'Purchase', NULL, '2015-01-01', '11:30:12 AM'),
(283, 30, 2, 6, 0, 0, NULL, 2480, 0, 0, 0, -9945, '2015-01-01', NULL, NULL, NULL, 2, 20, 'Active', 'Purchase', NULL, '2015-01-01', '11:30:12 AM'),
(284, 30, 2, 6, 0, 0, NULL, 12374, 0, 0, 0, -22319, '2015-01-01', NULL, NULL, NULL, 3, 20, 'Active', 'Purchase', NULL, '2015-01-01', '11:30:12 AM'),
(285, 38, 3, 8, 11, 0, NULL, 0, 1464573, 0, 0, 1464573, '2015-01-01', NULL, NULL, NULL, 1, 20, 'Sell', 'Sell', NULL, '2015-01-01', '12:10:29 PM'),
(286, 38, 3, 8, 11, 0, NULL, 1000000, 0, 0, 0, -1000000, '2015-01-01', NULL, NULL, NULL, 2, 20, 'Buy', 'Purchase', NULL, '2015-01-01', '12:11:24 PM'),
(287, 38, 3, 8, 12, 0, NULL, 0, 1489061, 0, 0, 5418207, '2015-01-01', NULL, NULL, NULL, 3, 20, 'Sell', 'Sell', NULL, '2015-01-01', '12:28:13 PM'),
(288, 38, 3, 8, 12, 0, NULL, 1000000, 0, 0, 0, -2000000, '2015-01-01', NULL, NULL, NULL, 4, 20, 'Buy', 'Purchase', NULL, '2015-01-01', '12:28:35 PM'),
(289, 38, 3, 8, 13, 0, NULL, 0, 1038676, 0, 0, 6456883, '2015-01-01', NULL, NULL, NULL, 5, 20, 'Sell', 'Sell', NULL, '2015-01-01', '12:35:50 PM'),
(290, 38, 3, 8, 14, 0, NULL, 0, 6796259, 0, 0, 13253142, '2015-01-01', NULL, NULL, NULL, 6, 20, 'Sell', 'Sell', NULL, '2015-01-01', '12:36:15 PM'),
(291, 38, 3, 8, 15, 0, NULL, 0, 5932072, 0, 0, 19185214, '2015-01-01', NULL, NULL, NULL, 7, 20, 'Sell', 'Sell', NULL, '2015-01-01', '12:36:34 PM'),
(292, 38, 3, 8, 16, 0, NULL, 0, 2978159, 0, 0, 22163373, '2015-01-01', NULL, NULL, NULL, 8, 20, 'Sell', 'Sell', NULL, '2015-01-01', '12:36:58 PM'),
(293, 38, 3, 8, 17, 0, NULL, 0, 2119007, 0, 0, 24282380, '2015-01-01', NULL, NULL, NULL, 9, 20, 'Sell', 'Sell', NULL, '2015-01-01', '12:37:15 PM'),
(294, 38, 3, 8, 18, 0, NULL, 0, 5145385, 0, 0, 29427765, '2015-01-01', NULL, NULL, NULL, 10, 20, 'Sell', 'Sell', NULL, '2015-01-01', '12:37:36 PM'),
(295, 38, 3, 8, 19, 0, NULL, 0, 3526633, 0, 0, 32954398, '2015-01-01', NULL, NULL, NULL, 11, 20, 'Sell', 'Sell', NULL, '2015-01-01', '12:37:59 PM'),
(296, 38, 3, 8, 20, 0, NULL, 0, 9094761, 0, 0, 42049159, '2015-01-01', NULL, NULL, NULL, 12, 20, 'Sell', 'Sell', NULL, '2015-01-01', '12:38:27 PM'),
(297, 38, 3, 8, 13, 0, NULL, 1000000, 0, 0, 0, -3000000, '2015-01-01', NULL, NULL, NULL, 13, 20, 'Buy', 'Purchase', NULL, '2015-01-01', '12:39:02 PM'),
(298, 38, 3, 8, 14, 0, NULL, 5000000, 0, 0, 0, -8000000, '2015-01-01', NULL, NULL, NULL, 14, 20, 'Buy', 'Purchase', NULL, '2015-01-01', '12:39:32 PM'),
(299, 38, 3, 8, 15, 0, NULL, 6000000, 0, 0, 0, -14000000, '2015-01-01', NULL, NULL, NULL, 15, 20, 'Buy', 'Purchase', NULL, '2015-01-01', '12:39:53 PM'),
(300, 38, 3, 8, 16, 0, NULL, 3000000, 0, 0, 0, -17000000, '2015-01-01', NULL, NULL, NULL, 16, 20, 'Buy', 'Purchase', NULL, '2015-01-01', '12:40:17 PM'),
(301, 38, 3, 8, 17, 0, NULL, 2000000, 0, 0, 0, -19000000, '2015-01-01', NULL, NULL, NULL, 17, 20, 'Buy', 'Purchase', NULL, '2015-01-01', '12:40:34 PM'),
(302, 38, 3, 8, 18, 0, NULL, 5000000, 0, 0, 0, -24000000, '2015-01-01', NULL, NULL, NULL, 18, 20, 'Buy', 'Purchase', NULL, '2015-01-01', '12:40:59 PM'),
(303, 38, 3, 8, 19, 0, NULL, 3000000, 0, 0, 0, -27000000, '2015-01-01', NULL, NULL, NULL, 19, 20, 'Buy', 'Purchase', NULL, '2015-01-01', '12:41:17 PM'),
(304, 38, 3, 8, 20, 0, NULL, 8000000, 0, 0, 0, -35000000, '2015-01-01', NULL, NULL, NULL, 20, 20, 'Buy', 'Purchase', NULL, '2015-01-01', '12:41:35 PM'),
(305, 38, 3, 8, 21, 0, NULL, 0, 3380086, 0, 0, 45429245, '2015-01-01', NULL, NULL, NULL, 21, 20, 'Sell', 'Sell', NULL, '2015-01-01', '12:49:55 PM'),
(306, 38, 3, 8, 22, 0, NULL, 0, 204921, 0, 0, 45634166, '2015-01-01', NULL, NULL, NULL, 22, 20, 'Sell', 'Sell', NULL, '2015-01-01', '12:50:16 PM'),
(307, 38, 3, 8, 23, 0, NULL, 0, 259802, 0, 0, 45893968, '2015-01-01', NULL, NULL, NULL, 23, 20, 'Sell', 'Sell', NULL, '2015-01-01', '12:50:38 PM'),
(308, 38, 3, 8, 21, 0, NULL, 3000000, 0, 0, 0, -38000000, '2015-01-01', NULL, NULL, NULL, 24, 20, 'Buy', 'Purchase', NULL, '2015-01-01', '12:50:54 PM'),
(309, 38, 3, 8, 22, 0, NULL, 1000000, 0, 0, 0, -39000000, '2015-01-01', NULL, NULL, NULL, 25, 20, 'Buy', 'Purchase', NULL, '2015-01-01', '12:51:13 PM'),
(310, 38, 3, 8, 23, 0, NULL, 600000, 0, 0, 0, -39600000, '2015-01-01', NULL, NULL, NULL, 26, 20, 'Buy', 'Purchase', NULL, '2015-01-01', '12:51:28 PM'),
(311, 38, 3, 8, 13, 0, NULL, 21, 0, 0, 0, -39600021, '2015-01-01', NULL, NULL, NULL, 27, 20, 'Buy', 'Purchase', NULL, '2015-01-01', '12:53:06 PM'),
(312, 38, 3, 8, 0, 0, NULL, 0, 0, 0, 0, 45893968, '2015-01-01', NULL, NULL, NULL, 28, 20, 'Sell', 'Sell', NULL, '2015-01-01', '12:58:34 PM'),
(313, 2, 3, 8, 0, 0, NULL, 16257.4608, 0, 0, 0, -16257.4608, '2015-01-01', NULL, NULL, NULL, 1, 20, 'Buy', 'Purchase', NULL, '2015-01-01', '13:09:00 PM'),
(314, 1, 2, 6, 0, 0, NULL, 0, 16257.4608, 0, 0, 16257.4608, '2015-01-01', NULL, NULL, NULL, 1, 20, 'Sell', 'Sell', NULL, '2015-01-01', '13:09:00 PM'),
(315, 3, 3, 8, 0, 0, NULL, 0, 32256, 0, 0, 32256, '2015-01-02', NULL, NULL, NULL, 1, 20, 'Sell', 'Sell', NULL, '2015-01-01', '13:26:44 PM'),
(316, 4, 4, 9, 0, 0, NULL, 32256, 0, 0, 0, -32256, '2015-01-02', NULL, NULL, NULL, 1, 20, 'Buy', 'Purchase', NULL, '2015-01-01', '13:26:44 PM'),
(317, 2, 3, 8, 0, 0, NULL, 16257.4608, 0, 0, 0, -32514.9216, '2015-01-02', NULL, NULL, NULL, 2, 20, 'Buy', 'Purchase', NULL, '2015-01-01', '13:28:19 PM'),
(318, 1, 2, 6, 0, 0, NULL, 0, 16257.4608, 0, 0, 32514.9216, '2015-01-02', NULL, NULL, NULL, 2, 20, 'Sell', 'Sell', NULL, '2015-01-01', '13:28:19 PM'),
(319, 33, 5, 7, 0, 0, NULL, 1683, 0, 0, 0, -1683, '2015-01-01', NULL, NULL, NULL, 1, 20, 'Active', 'Purchase', NULL, '2015-01-01', '13:33:57 PM'),
(320, 33, 5, 7, 0, 0, NULL, 4034, 0, 0, 0, -5717, '2015-01-01', NULL, NULL, NULL, 2, 20, 'Active', 'Purchase', NULL, '2015-01-01', '13:33:57 PM'),
(321, 33, 5, 7, 0, 0, NULL, 768, 0, 0, 0, -6485, '2015-01-01', NULL, NULL, NULL, 3, 20, 'Active', 'Purchase', NULL, '2015-01-01', '13:33:57 PM'),
(322, 33, 5, 7, 0, 0, NULL, 2860, 0, 0, 0, -9345, '2015-01-01', NULL, NULL, NULL, 4, 20, 'Active', 'Purchase', NULL, '2015-01-01', '13:33:57 PM'),
(323, 33, 5, 7, 0, 0, NULL, 683, 0, 0, 0, -10028, '2015-01-01', NULL, NULL, NULL, 5, 20, 'Active', 'Purchase', NULL, '2015-01-01', '13:33:57 PM'),
(324, 33, 5, 7, 0, 0, NULL, 132, 0, 0, 0, -10160, '2015-01-01', NULL, NULL, NULL, 6, 20, 'Active', 'Purchase', NULL, '2015-01-01', '13:33:57 PM'),
(325, 34, 5, 7, 0, 0, NULL, 2160, 0, 0, 0, -2160, '2015-01-01', NULL, NULL, NULL, 1, 20, 'Active', 'Purchase', NULL, '2015-01-01', '13:46:25 PM'),
(326, 34, 5, 7, 0, 0, NULL, 1054, 0, 0, 0, -3214, '2015-01-01', NULL, NULL, NULL, 2, 20, 'Active', 'Purchase', NULL, '2015-01-01', '13:46:25 PM'),
(327, 34, 5, 7, 0, 0, NULL, 80, 0, 0, 0, -3294, '2015-01-01', NULL, NULL, NULL, 3, 20, 'Active', 'Purchase', NULL, '2015-01-01', '13:46:25 PM'),
(328, 34, 5, 7, 0, 0, NULL, 1061, 0, 0, 0, -4355, '2015-01-01', NULL, NULL, NULL, 4, 20, 'Active', 'Purchase', NULL, '2015-01-01', '13:46:25 PM'),
(329, 34, 5, 7, 0, 0, NULL, 1118, 0, 0, 0, -5473, '2015-01-01', NULL, NULL, NULL, 5, 20, 'Active', 'Purchase', NULL, '2015-01-01', '13:46:25 PM'),
(330, 34, 5, 7, 0, 0, NULL, 2496, 0, 0, 0, -7969, '2015-01-01', NULL, NULL, NULL, 6, 20, 'Active', 'Purchase', NULL, '2015-01-01', '13:46:25 PM'),
(331, 34, 5, 7, 0, 0, NULL, 3150, 0, 0, 0, -11119, '2015-01-01', NULL, NULL, NULL, 7, 20, 'Active', 'Purchase', NULL, '2015-01-01', '13:46:25 PM'),
(332, 34, 5, 7, 0, 0, NULL, 6059, 0, 0, 0, -17178, '2015-01-01', NULL, NULL, NULL, 8, 20, 'Active', 'Purchase', NULL, '2015-01-01', '13:46:25 PM'),
(333, 34, 5, 7, 0, 0, NULL, 1664, 0, 0, 0, -18842, '2015-01-01', NULL, NULL, NULL, 9, 20, 'Active', 'Purchase', NULL, '2015-01-01', '13:46:25 PM'),
(334, 34, 5, 7, 0, 0, NULL, 593, 0, 0, 0, -19435, '2015-01-01', NULL, NULL, NULL, 10, 20, 'Active', 'Purchase', NULL, '2015-01-01', '13:46:25 PM'),
(335, 34, 5, 7, 0, 0, NULL, 230, 0, 0, 0, -19665, '2015-01-01', NULL, NULL, NULL, 11, 20, 'Active', 'Purchase', NULL, '2015-01-01', '13:46:25 PM'),
(336, 34, 5, 7, 0, 0, NULL, 1320, 0, 0, 0, -20985, '2015-01-01', NULL, NULL, NULL, 12, 20, 'Active', 'Purchase', NULL, '2015-01-01', '13:46:25 PM'),
(337, 34, 5, 7, 0, 0, NULL, 5118, 0, 0, 0, -261013, '2015-01-01', NULL, NULL, NULL, 13, 20, 'Active', 'Purchase', NULL, '2015-01-01', '13:46:25 PM'),
(338, 34, 5, 7, 0, 0, NULL, 2631, 0, 0, 0, -28734, '2015-01-01', NULL, NULL, NULL, 14, 20, 'Active', 'Purchase', NULL, '2015-01-01', '13:46:25 PM'),
(339, 34, 5, 7, 0, 0, NULL, 1348, 0, 0, 0, -30082, '2015-01-01', NULL, NULL, NULL, 15, 20, 'Active', 'Purchase', NULL, '2015-01-01', '13:46:25 PM'),
(340, 34, 5, 7, 0, 0, NULL, 254, 0, 0, 0, -30336, '2015-01-01', NULL, NULL, NULL, 16, 20, 'Active', 'Purchase', NULL, '2015-01-01', '13:46:25 PM'),
(341, 34, 5, 7, 0, 0, NULL, 135, 0, 0, 0, -30471, '2015-01-01', NULL, NULL, NULL, 17, 20, 'Active', 'Purchase', NULL, '2015-01-01', '13:46:25 PM'),
(342, 34, 5, 7, 0, 0, NULL, 133, 0, 0, 0, -30604, '2015-01-01', NULL, NULL, NULL, 18, 20, 'Active', 'Purchase', NULL, '2015-01-01', '13:46:25 PM'),
(343, 34, 5, 7, 0, 0, NULL, 600, 0, 0, 0, -31204, '2015-01-01', NULL, NULL, NULL, 19, 20, 'Active', 'Purchase', NULL, '2015-01-01', '13:46:25 PM'),
(344, 34, 5, 7, 0, 0, NULL, 1635, 0, 0, 0, -32839, '2015-01-01', NULL, NULL, NULL, 20, 20, 'Active', 'Purchase', NULL, '2015-01-01', '13:46:25 PM'),
(345, 34, 5, 7, 0, 0, NULL, 813, 0, 0, 0, -33652, '2015-01-01', NULL, NULL, NULL, 21, 20, 'Active', 'Purchase', NULL, '2015-01-01', '13:46:25 PM'),
(346, 35, 5, 7, 0, 0, NULL, 2129, 0, 0, 0, 2129, '2015-01-01', NULL, NULL, NULL, 1, 20, 'Active', 'Purchase', NULL, '2015-01-01', '13:52:35 PM'),
(347, 35, 5, 7, 0, 0, NULL, 495, 0, 0, 0, -2624, '2015-01-01', NULL, NULL, NULL, 2, 20, 'Active', 'Purchase', NULL, '2015-01-01', '13:52:35 PM'),
(348, 35, 5, 7, 0, 0, NULL, 2552, 0, 0, 0, -5176, '2015-01-01', NULL, NULL, NULL, 3, 20, 'Active', 'Purchase', NULL, '2015-01-01', '13:52:35 PM'),
(349, 35, 5, 7, 0, 0, NULL, 1583, 0, 0, 0, -6759, '2015-01-01', NULL, NULL, NULL, 4, 20, 'Active', 'Purchase', NULL, '2015-01-01', '13:52:35 PM'),
(350, 35, 5, 7, 0, 0, NULL, 413, 0, 0, 0, -7172, '2015-01-01', NULL, NULL, NULL, 5, 20, 'Active', 'Purchase', NULL, '2015-01-01', '13:52:35 PM'),
(351, 35, 5, 7, 0, 0, NULL, 2129, 0, 0, 0, -9301, '2015-01-01', NULL, NULL, NULL, 6, 20, 'Active', 'Purchase', NULL, '2015-01-01', '13:52:35 PM'),
(352, 35, 5, 7, 0, 0, NULL, 1082, 0, 0, 0, -10383, '2015-01-01', NULL, NULL, NULL, 7, 20, 'Active', 'Purchase', NULL, '2015-01-01', '13:52:35 PM'),
(353, 35, 5, 7, 0, 0, NULL, 373, 0, 0, 0, -10756, '2015-01-01', NULL, NULL, NULL, 8, 20, 'Active', 'Purchase', NULL, '2015-01-01', '13:52:35 PM'),
(354, 35, 5, 7, 0, 0, NULL, 296, 0, 0, 0, -11052, '2015-01-01', NULL, NULL, NULL, 9, 20, 'Active', 'Purchase', NULL, '2015-01-01', '13:52:35 PM'),
(355, 35, 5, 7, 0, 0, NULL, 377, 0, 0, 0, -11429, '2015-01-01', NULL, NULL, NULL, 10, 20, 'Active', 'Purchase', NULL, '2015-01-01', '13:52:35 PM'),
(356, 35, 5, 7, 0, 0, NULL, 156, 0, 0, 0, -11585, '2015-01-01', NULL, NULL, NULL, 11, 20, 'Active', 'Purchase', NULL, '2015-01-01', '13:52:35 PM'),
(357, 35, 5, 7, 0, 0, NULL, 4406, 0, 0, 0, -15991, '2015-01-01', NULL, NULL, NULL, 12, 20, 'Active', 'Purchase', NULL, '2015-01-01', '13:52:35 PM'),
(358, 35, 5, 7, 0, 0, NULL, 746, 0, 0, 0, -16737, '2015-01-01', NULL, NULL, NULL, 13, 20, 'Active', 'Purchase', NULL, '2015-01-01', '13:52:35 PM'),
(359, 5, 3, 8, 0, 0, NULL, 293.4576923077, 0, 0, 0, -293.4576923077, '2015-01-02', NULL, NULL, NULL, 1, 20, 'Buy', 'Purchase', NULL, '2015-01-01', '14:06:35 PM'),
(360, 6, 5, 7, 0, 0, NULL, 293.4576923077, 0, 0, 0, 293.4576923077, '2015-01-02', NULL, NULL, NULL, 1, 20, 'Sell', 'Sell', NULL, '2015-01-01', '14:06:35 PM'),
(361, 38, 3, 8, 0, 0, NULL, 0, 0, 0, 0, 45893968, '2015-01-01', NULL, NULL, NULL, 29, 20, 'Sell', 'Sell', NULL, '2015-01-01', '14:16:37 PM'),
(362, 2, 3, 8, 0, 0, NULL, 8687.7166, 0, 0, 0, -41202.6382, '2015-01-01', NULL, NULL, NULL, 3, 20, 'Buy', 'Purchase', NULL, '2015-01-01', '14:18:29 PM'),
(363, 1, 2, 6, 0, 0, NULL, 0, 8687.7166, 0, 0, 41202.6382, '2015-01-01', NULL, NULL, NULL, 3, 20, 'Sell', 'Sell', NULL, '2015-01-01', '14:18:29 PM'),
(364, 2, 3, 8, 0, 0, NULL, 8687.7166, 0, 0, 0, -49890.3548, '2015-01-02', NULL, NULL, NULL, 4, 20, 'Buy', 'Purchase', NULL, '2015-01-01', '14:19:27 PM'),
(365, 1, 2, 6, 0, 0, NULL, 0, 8687.7166, 0, 0, 49890.3548, '2015-01-02', NULL, NULL, NULL, 4, 20, 'Sell', 'Sell', NULL, '2015-01-01', '14:19:27 PM'),
(366, 5, 3, 8, 0, 0, NULL, 117.23076923077, 0, 0, 0, -410.68846153847, '2015-01-02', NULL, NULL, NULL, 2, 20, 'Buy', 'Purchase', NULL, '2015-01-01', '14:20:08 PM'),
(367, 6, 5, 7, 0, 0, NULL, 117.23076923077, 0, 0, 0, 410.68846153847, '2015-01-02', NULL, NULL, NULL, 2, 20, 'Sell', 'Sell', NULL, '2015-01-01', '14:20:08 PM'),
(368, 3, 3, 8, 0, 0, NULL, 0, 18291, 0, 0, 50547, '2015-01-02', NULL, NULL, NULL, 2, 20, 'Sell', 'Sell', NULL, '2015-01-01', '14:20:58 PM'),
(369, 4, 4, 9, 0, 0, NULL, 18291, 0, 0, 0, -50547, '2015-01-02', NULL, NULL, NULL, 2, 20, 'Buy', 'Purchase', NULL, '2015-01-01', '14:20:58 PM'),
(370, 38, 3, 8, 0, 0, NULL, 0, 2000, 0, 0, 45895968, '2015-01-01', NULL, NULL, NULL, 30, 20, 'Sell', 'Sell', NULL, '2015-01-01', '14:27:31 PM'),
(371, 2, 3, 8, 0, 0, NULL, 9223.1538, 0, 0, 0, -59113.5086, '2015-01-01', NULL, NULL, NULL, 5, 20, 'Buy', 'Purchase', NULL, '2015-01-01', '14:29:40 PM'),
(372, 1, 2, 6, 0, 0, NULL, 0, 9223.1538, 0, 0, 59113.5086, '2015-01-01', NULL, NULL, NULL, 5, 20, 'Sell', 'Sell', NULL, '2015-01-01', '14:29:40 PM'),
(373, 2, 3, 8, 0, 0, NULL, 9223.1538, 0, 0, 0, -68336.6624, '2015-01-02', NULL, NULL, NULL, 6, 20, 'Buy', 'Purchase', NULL, '2015-01-01', '14:30:04 PM'),
(374, 1, 2, 6, 0, 0, NULL, 0, 9223.1538, 0, 0, 68336.6624, '2015-01-02', NULL, NULL, NULL, 6, 20, 'Sell', 'Sell', NULL, '2015-01-01', '14:30:04 PM'),
(375, 38, 3, 8, 0, 0, NULL, 0, 0, 0, 0, 45895968, '2015-01-01', NULL, NULL, NULL, 31, 20, 'Sell', 'Sell', NULL, '2015-01-01', '14:31:43 PM'),
(376, 2, 3, 8, 0, 0, NULL, 6185.0517, 0, 0, 0, -74521.7141, '2015-01-01', NULL, NULL, NULL, 7, 20, 'Buy', 'Purchase', NULL, '2015-01-01', '14:32:48 PM'),
(377, 1, 2, 6, 0, 0, NULL, 0, 6185.0517, 0, 0, 74521.7141, '2015-01-01', NULL, NULL, NULL, 7, 20, 'Sell', 'Sell', NULL, '2015-01-01', '14:32:48 PM'),
(378, 2, 3, 8, 0, 0, NULL, 6185.0517, 0, 0, 0, -80706.7658, '2015-01-02', NULL, NULL, NULL, 8, 20, 'Buy', 'Purchase', NULL, '2015-01-01', '14:33:19 PM'),
(379, 1, 2, 6, 0, 0, NULL, 0, 6185.0517, 0, 0, 80706.7658, '2015-01-02', NULL, NULL, NULL, 8, 20, 'Sell', 'Sell', NULL, '2015-01-01', '14:33:19 PM'),
(381, 40, 4, 9, 0, 0, NULL, 0, 60000, 0, 0, 60000, '2015-01-01', NULL, NULL, NULL, 1, 20, 'Sell', 'Sell', NULL, '2015-01-01', '15:28:14 PM'),
(382, 41, 4, 9, 0, 0, NULL, 0, 42000, 0, 0, 42000, '2015-01-01', NULL, NULL, NULL, 1, 20, 'Sell', 'Sell', NULL, '2015-01-01', '15:28:35 PM'),
(383, 39, 4, 9, 0, 0, NULL, 0, 97000, 0, 0, 97000, '2015-01-01', NULL, NULL, NULL, 1, 20, 'Sell', 'Sell', NULL, '2015-01-01', '15:29:45 PM'),
(384, 42, 4, 9, 0, 0, NULL, 0, 12000, 0, 0, 12000, '2015-01-01', NULL, NULL, NULL, 1, 20, 'Sell', 'Sell', NULL, '2015-01-01', '15:29:58 PM'),
(385, 44, 4, 9, 0, 0, NULL, 0, 90000, 0, 0, 90000, '2015-01-04', NULL, NULL, NULL, 1, 20, 'Sell', 'Sell', NULL, '2015-01-01', '15:33:36 PM'),
(386, 45, 4, 9, 0, 0, NULL, 0, 31000, 0, 0, 31000, '2015-01-04', NULL, NULL, NULL, 1, 20, 'Sell', 'Sell', NULL, '2015-01-01', '15:33:51 PM'),
(387, 42, 4, 9, 0, 0, NULL, 0, 13950, 0, 0, 25950, '2015-01-04', NULL, NULL, NULL, 2, 20, 'Sell', 'Sell', NULL, '2015-01-01', '15:34:06 PM'),
(388, 46, 4, 9, 0, 0, NULL, 0, 15000, 0, 0, 15000, '2015-01-04', NULL, NULL, NULL, 1, 20, 'Sell', 'Sell', NULL, '2015-01-01', '15:34:18 PM'),
(389, 39, 4, 9, 0, 0, NULL, 0, 90000, 0, 0, 187000, '2015-01-08', NULL, NULL, NULL, 2, 20, 'Sell', 'Sell', NULL, '2015-01-01', '15:35:14 PM'),
(390, 44, 4, 9, 0, 0, NULL, 0, 33000, 0, 0, 123000, '2015-01-08', NULL, NULL, NULL, 2, 20, 'Sell', 'Sell', NULL, '2015-01-01', '15:35:29 PM'),
(391, 47, 4, 9, 0, 0, NULL, 0, 52700, 0, 0, 52700, '2015-01-08', NULL, NULL, NULL, 1, 20, 'Sell', 'Sell', NULL, '2015-01-01', '15:35:44 PM'),
(392, 45, 4, 9, 0, 0, NULL, 0, 31000, 0, 0, 62000, '2015-01-11', NULL, NULL, NULL, 2, 20, 'Sell', 'Sell', NULL, '2015-01-01', '15:38:47 PM'),
(393, 48, 4, 9, 0, 0, NULL, 0, 84000, 0, 0, 84000, '2015-01-11', NULL, NULL, NULL, 1, 20, 'Sell', 'Sell', NULL, '2015-01-01', '15:39:05 PM'),
(394, 49, 4, 9, 0, 0, NULL, 0, 30000, 0, 0, 30000, '2015-01-11', NULL, NULL, NULL, 1, 20, 'Sell', 'Sell', NULL, '2015-01-01', '15:39:18 PM'),
(395, 50, 4, 9, 0, 0, NULL, 0, 139200, 0, 0, 139200, '2015-01-15', NULL, NULL, NULL, 1, 20, 'Sell', 'Sell', NULL, '2015-01-01', '15:39:49 PM'),
(396, 51, 4, 9, 0, 0, NULL, 0, 85550, 0, 0, 85550, '2015-01-15', NULL, NULL, NULL, 1, 20, 'Sell', 'Sell', NULL, '2015-01-01', '15:40:26 PM'),
(397, 42, 4, 9, 0, 0, NULL, 0, 14000, 0, 0, 39950, '2015-01-18', NULL, NULL, NULL, 3, 20, 'Sell', 'Sell', NULL, '2015-01-01', '15:40:46 PM'),
(398, 45, 4, 9, 0, 0, NULL, 0, 44800, 0, 0, 106800, '2015-01-18', NULL, NULL, NULL, 3, 20, 'Sell', 'Sell', NULL, '2015-01-01', '15:41:03 PM'),
(399, 52, 4, 9, 0, 0, NULL, 0, 124200, 0, 0, 124200, '2015-01-18', NULL, NULL, NULL, 1, 20, 'Sell', 'Sell', NULL, '2015-01-01', '15:41:19 PM'),
(400, 42, 4, 9, 0, 0, NULL, 0, 84000, 0, 0, 123950, '2015-01-22', NULL, NULL, NULL, 4, 20, 'Sell', 'Sell', NULL, '2015-01-01', '15:41:40 PM'),
(401, 39, 4, 9, 0, 0, NULL, 0, 28000, 0, 0, 215000, '2015-01-22', NULL, NULL, NULL, 3, 20, 'Sell', 'Sell', NULL, '2015-01-01', '15:41:54 PM'),
(402, 53, 4, 9, 0, 0, NULL, 0, 118160, 0, 0, 118160, '2015-01-22', NULL, NULL, NULL, 1, 20, 'Sell', 'Sell', NULL, '2015-01-01', '15:42:09 PM'),
(403, 40, 4, 9, 0, 0, 0, 0, 0, 0, 60000, 0, '2015-01-01', '', 0, '0000-00-00', 2, 20, 'Receive', 'Sell', NULL, '2015-01-01', '15:43:51 PM'),
(404, 41, 4, 9, 0, 0, 0, 0, 0, 0, 42000, 0, '2015-01-01', '', 0, '0000-00-00', 2, 20, 'Receive', 'Sell', NULL, '2015-01-01', '15:48:19 PM'),
(409, 39, 4, 9, 0, 0, 0, 0, 0, 0, 215000, 0, '2015-01-22', '', 0, '0000-00-00', 4, 20, 'Receive', 'Sell', NULL, '2015-05-21', '12:25:09 PM'),
(410, 42, 4, 9, 0, 0, 0, 0, 0, 0, 39950, 84000, '2015-01-22', '', 0, '0000-00-00', 5, 20, 'Receive', 'Sell', NULL, '2015-05-21', '12:40:07 PM'),
(411, 44, 4, 9, 0, 0, 0, 0, 0, 0, 108000, 15000, '2015-01-22', '', 0, '0000-00-00', 3, 20, 'Receive', 'Sell', NULL, '2015-05-21', '12:45:47 PM'),
(412, 46, 4, 9, 0, 0, 0, 0, 0, 0, 15000, 0, '2015-01-22', '', 0, '0000-00-00', 2, 20, 'Receive', 'Sell', NULL, '2015-05-21', '12:47:02 PM'),
(413, 45, 4, 9, 0, 0, 0, 0, 0, 0, 100800, 6000, '2015-01-22', '', 0, '0000-00-00', 4, 20, 'Receive', 'Sell', NULL, '2015-05-21', '12:50:09 PM'),
(414, 45, 4, 9, 0, 0, 0, 0, 0, 0, 26000, -20000, '2015-01-08', '', 0, '0000-00-00', 5, 20, 'Receive', 'Sell', NULL, '2015-05-21', '12:51:36 PM'),
(415, 47, 4, 9, 0, 0, 0, 0, 0, 0, 52700, 0, '2015-01-08', '', 0, '0000-00-00', 2, 20, 'Receive', 'Sell', NULL, '2015-05-21', '12:56:18 PM'),
(416, 49, 4, 9, 0, 0, 0, 0, 0, 0, 30000, 0, '2015-01-11', '', 0, '0000-00-00', 2, 20, 'Receive', 'Sell', NULL, '2015-05-21', '12:56:58 PM'),
(417, 48, 4, 9, 0, 0, 0, 0, 0, 0, 84000, 0, '2015-01-11', '', 0, '0000-00-00', 2, 20, 'Receive', 'Sell', NULL, '2015-05-21', '12:58:54 PM'),
(418, 51, 4, 9, 0, 0, 0, 0, 0, 0, 91400, -5850, '2015-01-15', '', 0, '0000-00-00', 2, 20, 'Receive', 'Sell', NULL, '2015-05-21', '13:00:48 PM'),
(419, 50, 4, 9, 0, 0, 0, 0, 0, 0, 139200, 0, '2015-01-15', '', 0, '0000-00-00', 2, 20, 'Receive', 'Sell', NULL, '2015-05-21', '13:02:22 PM'),
(420, 52, 4, 9, 0, 0, 0, 0, 0, 0, 124200, 0, '2015-01-18', '', 0, '0000-00-00', 2, 20, 'Receive', 'Sell', NULL, '2015-05-21', '13:03:18 PM'),
(421, 53, 4, 9, 0, 0, 0, 0, 0, 0, 118160, 0, '2015-01-22', '', 0, '0000-00-00', 2, 20, 'Receive', 'Sell', NULL, '2015-05-21', '13:04:03 PM'),
(423, 28, 2, 6, 0, 0, 0, 0, 0, 379363, 0, -80208, '2015-01-01', NULL, NULL, NULL, 2, 20, 'Payment', 'Purchase', NULL, '2015-05-21', '13:22:16 PM'),
(425, 33, 5, 7, 0, 0, 0, 0, 0, 10160, 0, 0, '2015-01-01', NULL, NULL, NULL, 7, 20, 'Payment', 'Purchase', NULL, '2015-05-21', '13:26:36 PM'),
(426, 34, 5, 7, 0, 0, 0, 0, 0, 23392, 0, -10260, '2015-01-01', NULL, NULL, NULL, 22, 20, 'Payment', 'Purchase', NULL, '2015-05-21', '13:27:57 PM'),
(427, 35, 5, 7, 0, 0, 0, 0, 0, 13537, 0, -3200, '2015-01-01', NULL, NULL, NULL, 14, 20, 'Payment', 'Purchase', NULL, '2015-05-21', '13:29:04 PM'),
(428, 27, 2, 6, 0, 0, 0, 0, 0, 113715, 0, -49305, '2015-01-01', NULL, NULL, NULL, 4, 20, 'Payment', 'Purchase', NULL, '2015-05-21', '13:30:12 PM'),
(429, 31, 2, 6, 0, 0, 0, 0, 0, 16723, 0, -40000, '2015-01-01', NULL, NULL, NULL, 3, 20, 'Payment', 'Purchase', NULL, '2015-05-21', '13:31:13 PM'),
(430, 30, 2, 6, 0, 0, 0, 0, 0, 21119, 0, -1200, '2015-01-01', NULL, NULL, NULL, 4, 20, 'Payment', 'Purchase', NULL, '2015-05-21', '13:32:19 PM'),
(431, 29, 2, 6, 0, 0, 0, 0, 0, 6629, 0, -34130, '2015-01-01', NULL, NULL, NULL, 13, 20, 'Payment', 'Purchase', NULL, '2015-05-21', '13:33:26 PM'),
(433, 54, 4, 9, 0, 0, 0, 0, 0, 6105, 0, -6105, '2015-01-01', NULL, NULL, NULL, 1, 20, 'Payment', 'Purchase', NULL, '2015-05-21', '16:07:46 PM');

-- --------------------------------------------------------

--
-- Table structure for table `fna_product`
--

CREATE TABLE IF NOT EXISTS `fna_product` (
`PRODUCTID` int(11) NOT NULL,
  `PRODCATTYPEID` int(10) DEFAULT NULL,
  `PROJECTID` int(11) NOT NULL,
  `SUBPROJECTID` int(11) NOT NULL,
  `PRODUCTNAME` varchar(100) DEFAULT NULL,
  `USERID` int(11) DEFAULT NULL,
  `STATUS` varchar(20) DEFAULT NULL,
  `FLAG` int(11) DEFAULT NULL,
  `ENTDATE` date DEFAULT NULL,
  `ENTTIME` varchar(100) DEFAULT NULL
) ENGINE=InnoDB  DEFAULT CHARSET=latin1 AUTO_INCREMENT=148 ;

--
-- Dumping data for table `fna_product`
--

INSERT INTO `fna_product` (`PRODUCTID`, `PRODCATTYPEID`, `PROJECTID`, `SUBPROJECTID`, `PRODUCTNAME`, `USERID`, `STATUS`, `FLAG`, `ENTDATE`, `ENTTIME`) VALUES
(28, 6, 1, 2, 'Greem Mango -12', 20, 'Active', NULL, '2014-11-26', '05:42:36 AM'),
(29, 6, 1, 2, 'Pineapple Crass-12', 20, 'Active', NULL, '2014-11-26', '05:44:03 AM'),
(30, 6, 1, 2, 'Mango Pulp Gutti-13', 20, 'Active', NULL, '2014-11-26', '05:46:00 AM'),
(31, 6, 1, 2, 'Green Mango Assina-13', 20, 'Active', NULL, '2014-11-26', '05:47:16 AM'),
(32, 6, 1, 2, 'Chaina', 20, 'Active', NULL, '2014-11-26', '05:47:58 AM'),
(33, 6, 1, 2, 'Nata de co co', 20, 'Active', NULL, '2014-11-26', '05:48:37 AM'),
(34, 6, 1, 2, 'Fat', 20, 'Active', NULL, '2014-11-26', '05:49:24 AM'),
(35, 6, 1, 2, 'Orange Contant', 20, 'Active', NULL, '2014-11-26', '05:50:32 AM'),
(36, 6, 1, 2, 'Pineapple -13', 20, 'Active', NULL, '2014-11-26', '05:51:23 AM'),
(37, 6, 1, 2, 'Guava-13', 20, 'Active', NULL, '2014-11-26', '05:52:10 AM'),
(38, 6, 1, 2, 'Banana -13', 20, 'Active', NULL, '2014-11-26', '05:52:41 AM'),
(39, 6, 1, 2, 'Tamato -13', 20, 'Active', NULL, '2014-11-26', '05:53:31 AM'),
(40, 6, 1, 2, 'Tamarind', 20, 'Active', NULL, '2014-11-26', '05:54:00 AM'),
(41, 6, 1, 2, 'Carrot-14', 20, 'Active', NULL, '2014-11-26', '05:56:30 AM'),
(42, 6, 1, 2, 'Plums(Boroi)-14', 20, 'Active', NULL, '2014-11-26', '05:57:36 AM'),
(43, 6, 1, 2, 'Green Mango -14', 20, 'Active', NULL, '2014-11-26', '05:58:50 AM'),
(44, 6, 1, 2, 'Mango Pulp Gutti-14', 20, 'Active', NULL, '2014-11-26', '06:00:17 AM'),
(45, 6, 1, 2, 'Naga Chilli/14-15', 20, 'Active', NULL, '2014-11-26', '06:02:47 AM'),
(46, 6, 1, 2, 'Assina-14 (125kg)', 20, 'Active', NULL, '2014-11-26', '06:03:39 AM'),
(47, 6, 1, 2, 'Assina Bar (150kg)', 20, 'Active', NULL, '2014-11-26', '06:05:16 AM'),
(48, 6, 1, 2, 'Assina Bar (125kg)', 20, 'Active', NULL, '2014-11-26', '06:05:48 AM'),
(49, 6, 1, 2, 'Guava-14', 20, 'Active', NULL, '2014-11-26', '06:06:23 AM'),
(50, 6, 1, 2, 'Assina Pulp (150kg)-14', 20, 'Active', NULL, '2014-11-26', '06:07:25 AM'),
(51, 6, 1, 2, 'Pineapple Pulp-14', 20, 'Active', NULL, '2014-11-26', '06:08:26 AM'),
(52, 6, 1, 2, 'Assina -14 (con)', 20, 'Active', NULL, '2014-11-26', '06:09:26 AM'),
(53, 6, 1, 2, 'Pineapple Crash-14', 20, 'Active', NULL, '2014-11-26', '06:10:55 AM'),
(54, 6, 1, 2, 'Asseptic', 20, 'Active', NULL, '2014-11-26', '06:12:03 AM'),
(55, 6, 1, 2, 'Banana Pulp 14', 20, 'Active', NULL, '2014-11-26', '06:12:37 AM'),
(56, 7, 1, 2, 'Chilli Bogura L.C', 20, 'Active', NULL, '2014-11-26', '06:15:38 AM'),
(57, 7, 1, 2, 'Cassia Leaf', 20, 'Active', NULL, '2014-11-26', '06:19:04 AM'),
(58, 7, 1, 2, 'Cassia leaf (exp)', 20, 'Active', NULL, '2014-11-26', '06:20:55 AM'),
(59, 7, 1, 2, 'Mango Powder', 20, 'Active', NULL, '2014-11-26', '06:21:43 AM'),
(60, 7, 1, 2, 'Ginger Powder', 20, 'Active', NULL, '2014-11-26', '06:24:24 AM'),
(61, 7, 1, 2, 'Nat Mag Powder', 20, 'Active', NULL, '2014-11-26', '06:24:56 AM'),
(62, 7, 1, 2, 'Gur Liquti', 20, 'Active', NULL, '2014-11-26', '06:28:17 AM'),
(63, 7, 1, 2, 'Gur Patali', 20, 'Active', NULL, '2014-11-26', '06:28:49 AM'),
(64, 7, 1, 2, 'Chilli Bundu', 20, 'Active', NULL, '2014-11-26', '06:29:34 AM'),
(65, 7, 1, 2, 'Chilli Bindu Local (exp)', 20, 'Active', NULL, '2014-11-26', '06:31:54 AM'),
(66, 7, 1, 2, 'Chilli Bogura (exp)', 20, 'Active', NULL, '2014-11-26', '06:33:33 AM'),
(67, 7, 1, 2, 'Chilli L.C (jeli)', 20, 'Active', NULL, '2014-11-26', '06:34:54 AM'),
(68, 6, 1, 2, 'Assina Pulp 150kg', 20, 'Active', NULL, '2014-11-28', '05:48:24 AM'),
(69, 6, 1, 2, 'Assina 2014 (con)', 20, 'Active', NULL, '2014-11-28', '05:49:18 AM'),
(70, 7, 1, 2, 'Cassia leaf Powder', 20, 'Active', NULL, '2014-11-28', '06:51:20 AM'),
(71, 5, 1, 1, 'Alu', 20, 'Active', NULL, '2014-11-29', '16:44:45 PM'),
(72, 8, 1, 3, 'Khejur', 20, 'Active', NULL, '2014-12-05', '13:11:04 PM'),
(83, 10, 2, 6, 'Vutta', 20, 'Active', NULL, '2015-02-12', '10:51:40 AM'),
(84, 10, 2, 6, 'Rice Palish', 20, 'Active', NULL, '2015-02-12', '10:52:01 AM'),
(85, 10, 2, 6, 'Soyabin Khail', 20, 'Active', NULL, '2015-02-12', '10:52:24 AM'),
(86, 10, 2, 6, 'Protein Concentrate', 20, 'Active', NULL, '2015-02-12', '10:52:52 AM'),
(87, 10, 2, 6, 'Lime Stone', 20, 'Active', NULL, '2015-02-12', '10:53:12 AM'),
(88, 10, 2, 6, 'Salt', 20, 'Active', NULL, '2015-02-12', '10:53:29 AM'),
(89, 10, 2, 6, 'D.C.P', 20, 'Active', NULL, '2015-02-12', '10:53:48 AM'),
(90, 10, 2, 6, 'Mithionin', 20, 'Active', NULL, '2015-02-12', '10:54:08 AM'),
(91, 10, 2, 6, 'Lycin', 20, 'Active', NULL, '2015-02-12', '10:54:26 AM'),
(92, 10, 2, 6, 'Kolin', 20, 'Active', NULL, '2015-02-12', '10:54:44 AM'),
(93, 10, 2, 6, 'Takcin Binder', 20, 'Active', NULL, '2015-02-12', '10:55:16 AM'),
(94, 10, 2, 6, 'Salstop', 20, 'Active', NULL, '2015-02-12', '10:55:34 AM'),
(95, 10, 2, 6, 'Vitamin G.S', 20, 'Active', NULL, '2015-02-12', '10:56:00 AM'),
(96, 10, 2, 6, 'Rena Brider', 20, 'Active', NULL, '2015-02-12', '10:56:27 AM'),
(97, 10, 2, 6, 'Coxidiostate', 20, 'Active', NULL, '2015-02-12', '10:56:58 AM'),
(98, 10, 2, 6, 'Prole-1', 20, 'Active', NULL, '2015-02-12', '10:57:19 AM'),
(99, 10, 2, 6, 'Energiger Pump', 20, 'Active', NULL, '2015-02-12', '10:57:49 AM'),
(100, 10, 2, 6, 'Feed Angime', 20, 'Active', NULL, '2015-02-12', '10:58:17 AM'),
(101, 10, 2, 6, 'Jhinuk', 20, 'Active', NULL, '2015-02-12', '10:58:41 AM'),
(102, 10, 2, 6, 'Prole-2', 20, 'Active', NULL, '2015-02-12', '10:59:03 AM'),
(103, 10, 2, 6, 'M.C.P', 20, 'Active', NULL, '2015-02-12', '10:59:21 AM'),
(104, 10, 2, 6, 'Edugime 898', 20, 'Active', NULL, '2015-02-12', '10:59:50 AM'),
(105, 10, 2, 6, 'Microvit', 20, 'Active', NULL, '2015-02-12', '11:00:27 AM'),
(106, 10, 2, 6, 'Lycins A.D.M', 20, 'Active', NULL, '2015-02-12', '11:01:03 AM'),
(107, 10, 2, 6, 'Rodimithin N.P-9', 20, 'Active', NULL, '2015-02-12', '11:01:36 AM'),
(108, 11, 5, 7, 'Colidox', 20, 'Active', NULL, '2015-02-22', '14:29:52 PM'),
(109, 11, 5, 7, 'Microguard', 20, 'Active', NULL, '2015-02-22', '14:30:35 PM'),
(110, 11, 5, 7, 'AD-3 E', 20, 'Active', NULL, '2015-02-22', '14:31:02 PM'),
(111, 11, 5, 7, 'Sancalpe', 20, 'Active', NULL, '2015-02-22', '14:31:20 PM'),
(112, 11, 5, 7, 'B1+B2+B6', 20, 'Active', NULL, '2015-02-23', '05:31:54 AM'),
(113, 11, 5, 7, 'Livertonic', 20, 'Active', NULL, '2015-02-23', '05:35:43 AM'),
(114, 11, 5, 7, 'Dablu S', 20, 'Active', NULL, '2015-02-23', '05:38:09 AM'),
(115, 11, 5, 7, 'cokcitril', 20, 'Active', NULL, '2015-02-23', '05:38:48 AM'),
(116, 11, 5, 7, 'Rena-K', 20, 'Active', NULL, '2015-02-23', '05:40:21 AM'),
(117, 11, 5, 7, 'E-sell', 20, 'Active', NULL, '2015-02-23', '05:41:54 AM'),
(118, 11, 5, 7, 'Renamicin', 20, 'Active', NULL, '2015-02-23', '05:54:02 AM'),
(119, 11, 5, 7, 'Acoa 4pa', 20, 'Active', NULL, '2015-02-23', '05:56:21 AM'),
(120, 11, 5, 7, 'Stacebalance', 20, 'Active', NULL, '2015-02-23', '06:05:46 AM'),
(121, 11, 5, 7, 'Rena-c', 20, 'Active', NULL, '2015-02-23', '06:20:16 AM'),
(122, 11, 5, 7, 'Electrolite-plus', 20, 'Active', NULL, '2015-02-23', '06:25:46 AM'),
(123, 11, 5, 7, 'Emuton', 20, 'Active', NULL, '2015-02-23', '06:27:35 AM'),
(124, 11, 5, 7, 'Prolin', 20, 'Active', NULL, '2015-02-23', '06:30:40 AM'),
(125, 11, 5, 7, 'Micronid', 20, 'Active', NULL, '2015-02-23', '06:33:15 AM'),
(126, 11, 5, 7, 'Toxcinil Plus', 20, 'Active', NULL, '2015-02-23', '06:35:29 AM'),
(127, 11, 5, 7, 'Amnovite', 20, 'Active', NULL, '2015-02-23', '06:37:33 AM'),
(128, 11, 5, 7, 'Anzim Plus', 20, 'Active', NULL, '2015-02-23', '06:39:07 AM'),
(129, 11, 5, 7, 'G-Promin', 20, 'Active', NULL, '2015-02-23', '06:39:59 AM'),
(130, 11, 5, 7, 'Brosco vit', 20, 'Active', NULL, '2015-02-23', '06:41:51 AM'),
(131, 11, 5, 7, 'B-Com vit', 20, 'Active', NULL, '2015-02-23', '06:42:59 AM'),
(132, 11, 5, 7, 'Ativet', 20, 'Active', NULL, '2015-02-23', '06:43:47 AM'),
(133, 11, 5, 7, 'Nepro', 20, 'Active', NULL, '2015-02-23', '06:47:05 AM'),
(134, 11, 5, 7, 'Refence', 20, 'Active', NULL, '2015-02-23', '06:49:30 AM'),
(135, 11, 5, 7, 'Amon Care', 20, 'Active', NULL, '2015-02-23', '06:50:36 AM'),
(136, 11, 5, 7, 'Amynovit', 20, 'Active', NULL, '2015-02-23', '06:51:57 AM'),
(137, 11, 5, 7, 'Energy Plus', 20, 'Active', NULL, '2015-02-23', '06:52:47 AM'),
(138, 11, 5, 7, 'Neotriluck', 20, 'Active', NULL, '2015-02-23', '06:54:19 AM'),
(139, 11, 5, 7, 'Veski Boust', 20, 'Active', NULL, '2015-02-23', '06:56:29 AM'),
(140, 11, 5, 7, 'Colin Florid ', 20, 'Active', NULL, '2015-02-23', '07:01:14 AM'),
(141, 11, 5, 7, 'F.R.AC', 20, 'Active', NULL, '2015-02-23', '07:03:17 AM'),
(142, 11, 5, 7, 'Lysovit ', 20, 'Active', NULL, '2015-02-23', '07:04:38 AM'),
(143, 11, 5, 7, 'Doxcivet', 20, 'Active', NULL, '2015-02-23', '07:14:16 AM'),
(144, 11, 5, 7, 'Mycrostope', 20, 'Active', NULL, '2015-02-23', '07:15:19 AM'),
(145, 11, 5, 7, 'Zing vet', 20, 'Active', NULL, '2015-02-23', '07:17:31 AM'),
(146, 11, 5, 7, 'Frast Cool ', 20, 'Active', NULL, '2015-02-23', '07:19:57 AM'),
(147, 11, 5, 7, 'Origo Steme ', 20, 'Active', NULL, '2015-02-23', '07:21:34 AM');

-- --------------------------------------------------------

--
-- Table structure for table `fna_productcattype`
--

CREATE TABLE IF NOT EXISTS `fna_productcattype` (
`PRODCATTYPEID` int(11) NOT NULL,
  `PROJECTID` int(11) NOT NULL,
  `SUBPROJECTID` int(11) NOT NULL,
  `CATEGORYTYPENAME` varchar(100) DEFAULT NULL,
  `USERID` int(11) DEFAULT NULL,
  `STATUS` varchar(20) DEFAULT NULL,
  `FLAG` int(11) DEFAULT NULL,
  `ENTDATE` date DEFAULT NULL,
  `ENTTIME` varchar(100) DEFAULT NULL
) ENGINE=InnoDB  DEFAULT CHARSET=latin1 AUTO_INCREMENT=12 ;

--
-- Dumping data for table `fna_productcattype`
--

INSERT INTO `fna_productcattype` (`PRODCATTYPEID`, `PROJECTID`, `SUBPROJECTID`, `CATEGORYTYPENAME`, `USERID`, `STATUS`, `FLAG`, `ENTDATE`, `ENTTIME`) VALUES
(5, 1, 1, 'Alu', 20, 'Active', NULL, '2014-11-12', '15:50:36 PM'),
(6, 1, 2, 'Pulp', 20, 'Active', NULL, '2014-11-12', '15:50:48 PM'),
(7, 1, 2, 'Spicy', 20, 'Active', NULL, '2014-11-12', '15:51:01 PM'),
(8, 1, 3, 'Fruits', 20, 'Active', NULL, '2014-11-12', '15:51:16 PM'),
(9, 1, 5, 'Nantoo', 20, 'Active', NULL, '2014-11-21', '09:55:02 AM'),
(10, 2, 6, 'Feed', 20, 'Active', NULL, '2014-12-10', '18:49:18 PM'),
(11, 5, 7, 'Medicine', 20, 'Active', NULL, '2014-12-22', '15:12:08 PM');

-- --------------------------------------------------------

--
-- Table structure for table `fna_productfare`
--

CREATE TABLE IF NOT EXISTS `fna_productfare` (
`PRODUCTFAREID` int(11) NOT NULL,
  `PRODCATTYPEID` int(11) NOT NULL,
  `PRODUCTID` int(10) DEFAULT NULL,
  `PROJECTID` int(11) NOT NULL,
  `SUBPROJECTID` int(11) NOT NULL,
  `PACKINGUNITID` int(11) NOT NULL,
  `UNITFARE` double DEFAULT NULL,
  `STARTDATE` date DEFAULT NULL,
  `ENDDATE` date DEFAULT NULL,
  `USERID` int(11) DEFAULT NULL,
  `STATUS` varchar(20) DEFAULT NULL,
  `FLAG` int(11) DEFAULT NULL,
  `ENTDATE` date DEFAULT NULL,
  `ENTTIME` varchar(100) DEFAULT NULL
) ENGINE=InnoDB  DEFAULT CHARSET=latin1 AUTO_INCREMENT=47 ;

--
-- Dumping data for table `fna_productfare`
--

INSERT INTO `fna_productfare` (`PRODUCTFAREID`, `PRODCATTYPEID`, `PRODUCTID`, `PROJECTID`, `SUBPROJECTID`, `PACKINGUNITID`, `UNITFARE`, `STARTDATE`, `ENDDATE`, `USERID`, `STATUS`, `FLAG`, `ENTDATE`, `ENTTIME`) VALUES
(1, 6, 18, 1, 2, 0, 2.5, '2014-06-01', '2015-05-31', 20, 'Active', NULL, '2014-11-25', '17:47:55 PM'),
(2, 6, 54, 1, 2, 0, 5, '2014-04-01', '2015-03-31', 20, 'Active', NULL, '2014-11-26', '06:41:34 AM'),
(3, 6, 39, 1, 2, 0, 2.8499999046325684, '2014-04-01', '2014-05-31', 20, 'Active', NULL, '2014-11-26', '06:46:19 AM'),
(4, 6, 32, 1, 2, 0, 2.8499999046325684, '2014-06-01', '2014-05-31', 20, 'Active', NULL, '2014-11-26', '06:47:45 AM'),
(5, 6, 48, 1, 2, 0, 2.8499999046325684, '2014-06-01', '2014-05-31', 20, 'Active', NULL, '2014-11-26', '06:55:03 AM'),
(6, 6, 47, 1, 2, 0, 2.8499999046325684, '2013-10-01', '2015-11-20', 20, 'Active', NULL, '2014-11-26', '09:44:03 AM'),
(7, 6, 50, 1, 2, 0, 2.8499999046325684, '2013-11-01', '2015-11-28', 20, 'Active', NULL, '2014-11-26', '09:45:03 AM'),
(8, 6, 46, 1, 2, 0, 2.8499999046325684, '2013-11-01', '2015-11-01', 20, 'Active', NULL, '2014-11-26', '09:46:00 AM'),
(9, 6, 38, 1, 2, 0, 2.8499999046325684, '2013-11-01', '2015-11-27', 20, 'Active', NULL, '2014-11-26', '09:46:55 AM'),
(10, 6, 55, 1, 2, 0, 2.8499999046325684, '2013-11-01', '2015-11-28', 20, 'Active', NULL, '2014-11-26', '09:47:43 AM'),
(11, 6, 41, 1, 2, 0, 2.8499999046325684, '2013-11-01', '2015-11-29', 20, 'Active', NULL, '2014-11-26', '09:48:26 AM'),
(12, 6, 34, 1, 2, 0, 5.5, '2013-11-01', '2015-11-30', 20, 'Active', NULL, '2014-11-26', '09:50:23 AM'),
(13, 6, 28, 1, 2, 0, 2.8499999046325684, '2013-11-01', '2015-11-30', 20, 'Active', NULL, '2014-11-26', '09:52:09 AM'),
(14, 6, 43, 1, 2, 0, 2.8499999046325684, '2013-11-01', '2015-11-30', 20, 'Active', NULL, '2014-11-26', '09:53:07 AM'),
(15, 6, 31, 1, 2, 0, 2.8499999046325684, '2013-11-01', '2015-11-30', 20, 'Active', NULL, '2014-11-26', '09:53:46 AM'),
(16, 6, 37, 1, 2, 0, 2.8499999046325684, '2013-11-01', '2015-11-30', 20, 'Active', NULL, '2014-11-26', '09:54:50 AM'),
(17, 6, 49, 1, 2, 0, 2.8499999046325684, '2013-11-01', '2015-11-30', 20, 'Active', NULL, '2014-11-26', '09:55:56 AM'),
(18, 6, 30, 1, 2, 0, 2.8499999046325684, '2013-11-01', '2015-11-30', 20, 'Active', NULL, '2014-11-26', '09:56:35 AM'),
(19, 6, 44, 1, 2, 0, 2.8499999046325684, '2013-11-01', '2015-11-30', 20, 'Active', NULL, '2014-11-26', '09:57:23 AM'),
(20, 6, 45, 1, 2, 0, 2.8499999046325684, '2013-11-01', '2015-11-30', 20, 'Active', NULL, '2014-11-26', '09:58:38 AM'),
(21, 6, 33, 1, 2, 0, 5.5, '2013-11-01', '2015-11-30', 20, 'Active', NULL, '2014-11-26', '10:37:54 AM'),
(22, 6, 42, 1, 2, 0, 8.5, '2013-11-01', '2015-11-30', 20, 'Active', NULL, '2014-11-26', '10:39:32 AM'),
(23, 7, 57, 1, 2, 0, 2.8499999046325684, '2013-11-02', '2015-11-30', 20, 'Active', NULL, '2014-11-26', '10:40:25 AM'),
(24, 6, 40, 1, 2, 0, 4.5, '2013-11-01', '2015-11-30', 20, 'Active', NULL, '2014-11-26', '10:42:23 AM'),
(25, 6, 51, 1, 2, 0, 2.8499999046325684, '2013-11-01', '2015-11-30', 20, 'Active', NULL, '2014-11-26', '10:43:11 AM'),
(26, 6, 29, 1, 2, 0, 2.8499999046325684, '2013-11-01', '2015-11-30', 20, 'Active', NULL, '2014-11-26', '10:43:55 AM'),
(27, 6, 53, 1, 2, 0, 2.8499999046325684, '2013-11-01', '2015-11-30', 20, 'Active', NULL, '2014-11-26', '10:45:20 AM'),
(28, 6, 36, 1, 2, 0, 2.8499999046325684, '2013-11-01', '2015-11-30', 20, 'Active', NULL, '2014-11-26', '10:45:59 AM'),
(29, 6, 35, 1, 2, 0, 2.8499999046325684, '2013-11-01', '2015-11-30', 20, 'Active', NULL, '2014-11-26', '10:46:39 AM'),
(30, 7, 58, 1, 2, 0, 6.5, '2013-11-01', '2015-11-29', 20, 'Active', NULL, '2014-11-26', '10:49:39 AM'),
(31, 7, 65, 1, 2, 0, 8.5, '2013-11-01', '2015-11-30', 20, 'Active', NULL, '2014-11-26', '10:51:02 AM'),
(32, 7, 66, 1, 2, 0, 8.5, '2013-11-01', '2015-11-30', 20, 'Active', NULL, '2014-11-26', '10:52:08 AM'),
(33, 7, 56, 1, 2, 0, 8.5, '2013-11-01', '2015-11-30', 20, 'Active', NULL, '2014-11-26', '10:52:49 AM'),
(34, 7, 64, 1, 2, 0, 8.5, '2013-11-01', '2015-11-30', 20, 'Active', NULL, '2014-11-26', '10:53:26 AM'),
(35, 7, 67, 1, 2, 0, 8.5, '2013-11-01', '2015-11-30', 20, 'Active', NULL, '2014-11-26', '10:54:46 AM'),
(36, 7, 60, 1, 2, 0, 2.8499999046325684, '2013-11-01', '2015-11-30', 20, 'Active', NULL, '2014-11-26', '10:55:36 AM'),
(37, 7, 62, 1, 2, 0, 2.8499999046325684, '2013-11-01', '2015-11-30', 20, 'Active', NULL, '2014-11-26', '10:56:40 AM'),
(38, 7, 63, 1, 2, 0, 2.8499999046325684, '2013-11-01', '2015-11-30', 20, 'Active', NULL, '2014-11-26', '10:57:25 AM'),
(39, 7, 59, 1, 2, 0, 2.8499999046325684, '2013-11-01', '2015-11-30', 20, 'Active', NULL, '2014-11-26', '10:58:21 AM'),
(40, 7, 61, 1, 2, 0, 2.8499999046325684, '2013-11-01', '2015-11-30', 20, 'Active', NULL, '2014-11-26', '11:00:38 AM'),
(41, 6, 68, 1, 2, 0, 2.8499999046325684, '2013-11-01', '2015-11-30', 20, 'Active', NULL, '2014-11-28', '05:53:53 AM'),
(42, 6, 52, 1, 2, 0, 2.8499999046325684, '2013-11-01', '2015-11-30', 20, 'Active', NULL, '2014-11-28', '06:49:42 AM'),
(43, 6, 69, 1, 2, 0, 2.8499999046325684, '2013-11-01', '2015-11-30', 20, 'Active', NULL, '2014-11-28', '06:52:40 AM'),
(44, 7, 70, 1, 2, 0, 2.8499999046325684, '2013-11-01', '2015-11-30', 20, 'Active', NULL, '2014-11-28', '06:53:35 AM'),
(45, 5, 71, 1, 1, 14, 360, '2014-06-01', '2015-05-31', 20, 'Active', NULL, '2014-11-29', '17:15:22 PM'),
(46, 5, 71, 1, 1, 21, 400, '2014-06-01', '2015-05-31', 20, 'Active', NULL, '2014-11-29', '17:16:57 PM');

-- --------------------------------------------------------

--
-- Table structure for table `fna_productloadunload`
--

CREATE TABLE IF NOT EXISTS `fna_productloadunload` (
`PRODUCTLOADUNLOADID` int(11) NOT NULL,
  `PROJECTID` int(11) NOT NULL,
  `SUBPROJECTID` int(11) NOT NULL,
  `PARTYID` int(10) DEFAULT NULL,
  `LABOURID` int(10) DEFAULT NULL,
  `ENTRYDATE` date DEFAULT NULL,
  `RECEIVENUMBER` int(10) DEFAULT NULL,
  `DELIVERYCHALLANNUMBER` int(10) DEFAULT NULL,
  `LOTNO` varchar(100) NOT NULL,
  `USERID` int(11) DEFAULT NULL,
  `STATUS` varchar(20) DEFAULT NULL,
  `FLAG` int(11) DEFAULT NULL,
  `ENTDATE` date DEFAULT NULL,
  `ENTTIME` varchar(100) DEFAULT NULL
) ENGINE=InnoDB DEFAULT CHARSET=latin1 AUTO_INCREMENT=1 ;

-- --------------------------------------------------------

--
-- Table structure for table `fna_productloadunloadbkdn`
--

CREATE TABLE IF NOT EXISTS `fna_productloadunloadbkdn` (
`PRODUCTLOADUNLOADBKDNID` int(11) NOT NULL,
  `PRODUCTLOADUNLOADID` int(11) NOT NULL,
  `PRODCATTYPEID` int(10) DEFAULT NULL,
  `PRODUCTID` int(10) DEFAULT NULL,
  `PACKINGUNITID` int(10) DEFAULT NULL,
  `CHALLANNO` int(11) NOT NULL,
  `QUANTITY` double DEFAULT NULL,
  `WTQNTY` double NOT NULL,
  `CHID` int(10) DEFAULT NULL,
  `POCKET` int(10) DEFAULT NULL,
  `USERID` int(11) DEFAULT NULL,
  `STATUS` varchar(20) DEFAULT NULL,
  `FLAG` int(11) DEFAULT NULL,
  `ENTDATE` date DEFAULT NULL,
  `ENTTIME` varchar(100) DEFAULT NULL
) ENGINE=InnoDB DEFAULT CHARSET=latin1 AUTO_INCREMENT=1 ;

-- --------------------------------------------------------

--
-- Table structure for table `fna_productstock`
--

CREATE TABLE IF NOT EXISTS `fna_productstock` (
`PRODUCTSTOCKID` int(11) NOT NULL,
  `PRODUCTLOADUNLOADBKDNID` int(10) DEFAULT NULL,
  `PROJECTID` int(11) NOT NULL,
  `SUBPROJECTID` int(11) NOT NULL,
  `PARTYID` int(11) NOT NULL,
  `PRODCATTYPEID` int(10) DEFAULT NULL,
  `LOTNO` int(100) DEFAULT NULL,
  `PRODUCTID` int(10) DEFAULT NULL,
  `QUANTITY` double DEFAULT NULL,
  `WTQNTY` double NOT NULL,
  `TOTQUANTITY` double DEFAULT NULL,
  `PARTYFLAG` int(11) NOT NULL,
  `PRODCATTYPEFLAG` int(10) DEFAULT NULL,
  `PRODTYPEFLAG` int(10) DEFAULT NULL,
  `WORKTYPEFLAG` varchar(10) DEFAULT NULL,
  `USERID` int(11) DEFAULT NULL,
  `STATUS` varchar(20) DEFAULT NULL,
  `FLAG` int(11) DEFAULT NULL,
  `ENTDATE` date DEFAULT NULL,
  `ENTTIME` varchar(100) DEFAULT NULL
) ENGINE=InnoDB DEFAULT CHARSET=latin1 AUTO_INCREMENT=1 ;

-- --------------------------------------------------------

--
-- Table structure for table `fna_project`
--

CREATE TABLE IF NOT EXISTS `fna_project` (
`PROJECTID` int(11) NOT NULL,
  `PROJECTNAME` varchar(200) NOT NULL,
  `USERID` int(11) NOT NULL,
  `STATUS` varchar(30) NOT NULL,
  `FLAG` int(11) NOT NULL,
  `ENTDATE` date NOT NULL,
  `ENTTIME` varchar(50) NOT NULL
) ENGINE=InnoDB  DEFAULT CHARSET=latin1 AUTO_INCREMENT=9 ;

--
-- Dumping data for table `fna_project`
--

INSERT INTO `fna_project` (`PROJECTID`, `PROJECTNAME`, `USERID`, `STATUS`, `FLAG`, `ENTDATE`, `ENTTIME`) VALUES
(1, 'Cold Storage', 20, 'Active', 0, '2014-11-04', '17:52:07 PM'),
(2, 'Feed Mills', 20, 'Active', 0, '2014-11-04', '17:57:50 PM'),
(3, 'Paultry Firms', 20, 'Active', 0, '2014-11-04', '17:58:11 PM'),
(4, 'Hacheries', 20, 'Active', 0, '2014-11-04', '17:58:32 PM'),
(5, 'Medicine', 20, 'Active', 0, '2014-11-04', '17:58:51 PM'),
(6, 'FNA Group', 20, 'Active', 0, '2015-01-07', '20:02:11 PM'),
(7, 'Loan', 20, 'Active', 0, '2015-01-11', '16:27:11 PM'),
(8, 'Bank', 20, 'Active', 0, '2015-01-11', '16:27:22 PM');

-- --------------------------------------------------------

--
-- Table structure for table `fna_quantity`
--

CREATE TABLE IF NOT EXISTS `fna_quantity` (
`QID` int(11) NOT NULL,
  `QVALUE` int(10) DEFAULT NULL,
  `USERID` int(11) DEFAULT NULL,
  `STATUS` varchar(20) DEFAULT NULL,
  `FLAG` int(11) DEFAULT NULL,
  `ENTDATE` date DEFAULT NULL,
  `ENTTIME` varchar(100) DEFAULT NULL
) ENGINE=InnoDB  DEFAULT CHARSET=latin1 AUTO_INCREMENT=20 ;

--
-- Dumping data for table `fna_quantity`
--

INSERT INTO `fna_quantity` (`QID`, `QVALUE`, `USERID`, `STATUS`, `FLAG`, `ENTDATE`, `ENTTIME`) VALUES
(4, 80, 20, 'Active', NULL, '2014-10-17', '17:43:24 PM'),
(6, 150, 20, 'Active', NULL, '2014-10-17', '17:43:46 PM'),
(10, 30, 20, 'Active', NULL, '2014-11-26', '12:42:53 PM'),
(11, 60, 20, 'Active', NULL, '2014-11-26', '12:54:39 PM'),
(12, 50, 20, 'Active', NULL, '2014-11-26', '12:55:01 PM'),
(13, 125, 20, 'Active', NULL, '2014-11-26', '12:55:19 PM'),
(14, 200, 20, 'Active', NULL, '2014-11-26', '12:55:28 PM'),
(15, 230, 20, 'Active', NULL, '2014-11-26', '12:55:36 PM'),
(16, 10, 20, 'Active', NULL, '2014-11-28', '06:05:00 AM'),
(17, 20, 20, 'Active', NULL, '2014-11-28', '06:05:08 AM'),
(18, 100, 20, 'Active', NULL, '2014-11-29', '17:16:11 PM'),
(19, 85, 20, 'Active', NULL, '2014-12-07', '12:41:19 PM');

-- --------------------------------------------------------

--
-- Table structure for table `fna_session`
--

CREATE TABLE IF NOT EXISTS `fna_session` (
`SESSIONID` int(11) NOT NULL,
  `PRODCATTYPEID` int(11) NOT NULL,
  `STARTDATE` date DEFAULT NULL,
  `ENDDATE` date DEFAULT NULL,
  `USERID` int(11) DEFAULT NULL,
  `STATUS` varchar(20) DEFAULT NULL,
  `FLAG` int(11) DEFAULT NULL,
  `ENTDATE` date DEFAULT NULL,
  `ENTTIME` varchar(100) DEFAULT NULL
) ENGINE=InnoDB DEFAULT CHARSET=latin1 AUTO_INCREMENT=1 ;

-- --------------------------------------------------------

--
-- Table structure for table `fna_subproject`
--

CREATE TABLE IF NOT EXISTS `fna_subproject` (
`SUBPROJECTID` int(11) NOT NULL,
  `PROJECTID` int(11) NOT NULL,
  `SUBPROJECTNAME` varchar(200) NOT NULL,
  `USERID` int(11) NOT NULL,
  `STATUS` varchar(30) NOT NULL,
  `FLAG` int(11) NOT NULL,
  `ENTDATE` date NOT NULL,
  `ENTTIME` varchar(50) NOT NULL
) ENGINE=InnoDB  DEFAULT CHARSET=latin1 AUTO_INCREMENT=13 ;

--
-- Dumping data for table `fna_subproject`
--

INSERT INTO `fna_subproject` (`SUBPROJECTID`, `PROJECTID`, `SUBPROJECTNAME`, `USERID`, `STATUS`, `FLAG`, `ENTDATE`, `ENTTIME`) VALUES
(1, 1, 'Alu', 20, 'Active', 0, '2014-11-04', '18:24:10 PM'),
(2, 1, 'PRAN', 20, 'Active', 0, '2014-11-04', '18:24:24 PM'),
(3, 1, 'Fruits', 20, 'Active', 0, '2014-11-04', '18:24:45 PM'),
(4, 1, 'Kisuan', 20, 'Active', 0, '2014-11-12', '16:01:58 PM'),
(5, 1, 'Nantoo Traders', 20, 'Active', 0, '2014-11-21', '09:50:18 AM'),
(6, 2, 'Feed Mill', 20, 'Active', 0, '2014-12-10', '18:49:01 PM'),
(7, 5, 'Medicine', 20, 'Active', 0, '2014-12-22', '15:11:44 PM'),
(8, 3, 'Poultry', 20, 'Active', 0, '2014-12-29', '15:41:21 PM'),
(9, 4, 'Hatchery', 20, 'Active', 0, '2015-01-03', '18:23:54 PM'),
(10, 6, 'FNA', 20, 'Active', 0, '2015-01-07', '20:02:26 PM'),
(11, 8, 'Bank', 20, 'Active', 0, '2015-01-11', '16:27:36 PM'),
(12, 7, 'Loan', 20, 'Active', 0, '2015-01-11', '16:27:49 PM');

-- --------------------------------------------------------

--
-- Table structure for table `fna_weight`
--

CREATE TABLE IF NOT EXISTS `fna_weight` (
`WTID` int(11) NOT NULL,
  `WNAME` varchar(100) DEFAULT NULL,
  `USERID` int(11) DEFAULT NULL,
  `STATUS` varchar(20) DEFAULT NULL,
  `FLAG` int(11) DEFAULT NULL,
  `ENTDATE` date DEFAULT NULL,
  `ENTTIME` varchar(100) DEFAULT NULL
) ENGINE=InnoDB  DEFAULT CHARSET=latin1 AUTO_INCREMENT=6 ;

--
-- Dumping data for table `fna_weight`
--

INSERT INTO `fna_weight` (`WTID`, `WNAME`, `USERID`, `STATUS`, `FLAG`, `ENTDATE`, `ENTTIME`) VALUES
(1, 'KG', 20, 'Active', NULL, '2014-09-20', '17:49:55 PM'),
(2, 'Ltr', 20, 'Active', NULL, '2014-09-20', '17:50:15 PM'),
(3, 'pcs', 20, 'Active', NULL, '2014-12-26', '18:38:35 PM'),
(4, 'gram', 20, 'Active', NULL, '2014-12-26', '18:38:51 PM'),
(5, 'ml', 20, 'Active', NULL, '2014-12-26', '18:39:01 PM');

-- --------------------------------------------------------

--
-- Table structure for table `fna_worktype`
--

CREATE TABLE IF NOT EXISTS `fna_worktype` (
  `WORKTYPEID` int(10) NOT NULL,
  `WORKTYPENAME` varchar(100) DEFAULT NULL,
  `USERID` int(11) DEFAULT NULL,
  `STATUS` varchar(20) DEFAULT NULL,
  `FLAG` int(11) DEFAULT NULL,
  `ENTDATE` date DEFAULT NULL,
  `ENTTIME` varchar(100) DEFAULT NULL
) ENGINE=InnoDB DEFAULT CHARSET=latin1;

-- --------------------------------------------------------

--
-- Table structure for table `hatch_chicken_production`
--

CREATE TABLE IF NOT EXISTS `hatch_chicken_production` (
`CPID` int(11) NOT NULL,
  `ESIMID` int(11) NOT NULL,
  `PROJECTID` int(11) NOT NULL,
  `SUBPROJECTID` int(11) NOT NULL,
  `PARTYID` int(11) NOT NULL,
  `HATCHNO` int(11) NOT NULL,
  `QUANTITY` int(11) NOT NULL,
  `TOTQUANTITY` int(11) NOT NULL,
  `CHICKPRICEPERPCS` double NOT NULL,
  `RATE` double NOT NULL,
  `PRICE` double NOT NULL,
  `TOTPRICE` double NOT NULL,
  `PERCENTAGE` double NOT NULL,
  `CPDATE` date NOT NULL,
  `HATCHFLAG` int(11) NOT NULL,
  `WORKSFLAG` varchar(50) NOT NULL,
  `USERID` int(11) NOT NULL,
  `STATUS` varchar(50) NOT NULL,
  `FLAG` int(11) NOT NULL,
  `ENTDATE` date NOT NULL,
  `ENTTIME` varchar(50) NOT NULL
) ENGINE=InnoDB  DEFAULT CHARSET=latin1 AUTO_INCREMENT=65 ;

--
-- Dumping data for table `hatch_chicken_production`
--

INSERT INTO `hatch_chicken_production` (`CPID`, `ESIMID`, `PROJECTID`, `SUBPROJECTID`, `PARTYID`, `HATCHNO`, `QUANTITY`, `TOTQUANTITY`, `CHICKPRICEPERPCS`, `RATE`, `PRICE`, `TOTPRICE`, `PERCENTAGE`, `CPDATE`, `HATCHFLAG`, `WORKSFLAG`, `USERID`, `STATUS`, `FLAG`, `ENTDATE`, `ENTTIME`) VALUES
(36, 0, 4, 9, 0, 585, 7100, 7100, 0, 0, 0, 0, 76.30306286942505, '2015-01-01', 1, 'In', 20, 'Active', 0, '2015-01-01', '15:13:45 PM'),
(37, 0, 4, 9, 0, 586, 4950, 4950, 0, 0, 0, 0, 71.3564941617414, '2015-01-04', 1, 'In', 20, 'Active', 0, '2015-01-01', '15:15:22 PM'),
(38, 0, 4, 9, 0, 587, 5800, 5800, 0, 0, 0, 0, 66.82797557322272, '2015-01-08', 1, 'In', 20, 'Active', 0, '2015-01-01', '15:21:27 PM'),
(39, 0, 4, 9, 0, 588, 4800, 4800, 0, 0, 0, 0, 83.40573414422241, '2015-01-11', 1, 'In', 20, 'Active', 0, '2015-01-01', '15:21:40 PM'),
(40, 0, 4, 9, 0, 589, 7750, 7750, 0, 0, 0, 0, 84.83853311439519, '2015-01-15', 1, 'In', 20, 'Active', 0, '2015-01-01', '15:21:56 PM'),
(41, 0, 4, 9, 0, 590, 6700, 6700, 0, 0, 0, 0, 88.76523582405935, '2015-01-18', 1, 'In', 20, 'Active', 0, '2015-01-01', '15:22:08 PM'),
(42, 0, 4, 9, 0, 591, 8220, 8220, 0, 0, 0, 0, 84.14371993039205, '2015-01-22', 1, 'In', 20, 'Active', 0, '2015-01-01', '15:22:22 PM'),
(43, 0, 4, 9, 40, 585, 2000, 5100, 0, 30, 60000, 60000, 76.30306286942505, '2015-01-01', 2, 'Out', 20, 'Active', 0, '2015-01-01', '15:28:14 PM'),
(44, 0, 4, 9, 41, 585, 1400, 3700, 0, 30, 42000, 18000, 76.30306286942505, '2015-01-01', 3, 'Out', 20, 'Active', 0, '2015-01-01', '15:28:35 PM'),
(45, 0, 4, 9, 39, 585, 3300, 400, 0, 29.393939394, 97000.0000002, -79000.0000002, 76.30306286942505, '2015-01-01', 4, 'Out', 20, 'Active', 0, '2015-01-01', '15:29:45 PM'),
(46, 0, 4, 9, 42, 585, 400, 0, 0, 30, 12000, 12000, 76.30306286942505, '2015-01-01', 5, 'Out', 20, 'Active', 0, '2015-01-01', '15:29:58 PM'),
(47, 0, 4, 9, 44, 586, 3000, 1950, 0, 30, 90000, 90000, 71.3564941617414, '2015-01-04', 2, 'Out', 20, 'Active', 0, '2015-01-01', '15:33:36 PM'),
(48, 0, 4, 9, 45, 586, 1000, 950, 0, 31, 31000, 59000, 71.3564941617414, '2015-01-04', 3, 'Out', 20, 'Active', 0, '2015-01-01', '15:33:51 PM'),
(49, 0, 4, 9, 42, 586, 450, 500, 0, 31, 13950, 45050, 71.3564941617414, '2015-01-04', 4, 'Out', 20, 'Active', 0, '2015-01-01', '15:34:06 PM'),
(50, 0, 4, 9, 46, 586, 500, 0, 0, 30, 15000, 30050, 71.3564941617414, '2015-01-04', 5, 'Out', 20, 'Active', 0, '2015-01-01', '15:34:18 PM'),
(51, 0, 4, 9, 39, 587, 3000, 2800, 0, 30, 90000, 90000, 66.82797557322272, '2015-01-08', 2, 'Out', 20, 'Active', 0, '2015-01-01', '15:35:14 PM'),
(52, 0, 4, 9, 44, 587, 1100, 1700, 0, 30, 33000, 57000, 66.82797557322272, '2015-01-08', 3, 'Out', 20, 'Active', 0, '2015-01-01', '15:35:29 PM'),
(53, 0, 4, 9, 47, 587, 1700, 0, 0, 31, 52700, 4300, 66.82797557322272, '2015-01-08', 4, 'Out', 20, 'Active', 0, '2015-01-01', '15:35:44 PM'),
(54, 0, 4, 9, 45, 588, 1000, 3800, 0, 31, 31000, 31000, 83.40573414422241, '2015-01-11', 2, 'Out', 20, 'Active', 0, '2015-01-01', '15:38:47 PM'),
(55, 0, 4, 9, 48, 588, 2800, 1000, 0, 30, 84000, -53000, 83.40573414422241, '2015-01-11', 3, 'Out', 20, 'Active', 0, '2015-01-01', '15:39:05 PM'),
(56, 0, 4, 9, 49, 588, 1000, 0, 0, 30, 30000, 30000, 83.40573414422241, '2015-01-11', 4, 'Out', 20, 'Active', 0, '2015-01-01', '15:39:18 PM'),
(57, 0, 4, 9, 50, 589, 4800, 2950, 0, 29, 139200, 139200, 84.83853311439519, '2015-01-15', 2, 'Out', 20, 'Active', 0, '2015-01-01', '15:39:49 PM'),
(58, 0, 4, 9, 51, 589, 2950, 0, 0, 29, 85550, 53650, 84.83853311439519, '2015-01-15', 3, 'Out', 20, 'Active', 0, '2015-01-01', '15:40:26 PM'),
(59, 0, 4, 9, 42, 590, 500, 6200, 0, 28, 14000, 14000, 88.76523582405935, '2015-01-18', 2, 'Out', 20, 'Active', 0, '2015-01-01', '15:40:46 PM'),
(60, 0, 4, 9, 45, 590, 1600, 4600, 0, 28, 44800, -30800, 88.76523582405935, '2015-01-18', 3, 'Out', 20, 'Active', 0, '2015-01-01', '15:41:03 PM'),
(61, 0, 4, 9, 52, 590, 4600, 0, 0, 27, 124200, 124200, 88.76523582405935, '2015-01-18', 4, 'Out', 20, 'Active', 0, '2015-01-01', '15:41:19 PM'),
(62, 0, 4, 9, 42, 591, 3000, 5220, 0, 28, 84000, 84000, 84.14371993039205, '2015-01-22', 2, 'Out', 20, 'Active', 0, '2015-01-01', '15:41:40 PM'),
(63, 0, 4, 9, 39, 591, 1000, 4220, 0, 28, 28000, 56000, 84.14371993039205, '2015-01-22', 3, 'Out', 20, 'Active', 0, '2015-01-01', '15:41:54 PM'),
(64, 0, 4, 9, 53, 591, 4220, 0, 0, 28, 118160, -62160, 84.14371993039205, '2015-01-22', 4, 'Out', 20, 'Active', 0, '2015-01-01', '15:42:09 PM');

-- --------------------------------------------------------

--
-- Table structure for table `hatch_egg_settings_machine`
--

CREATE TABLE IF NOT EXISTS `hatch_egg_settings_machine` (
`ESIMID` int(11) NOT NULL,
  `OHEID` int(11) NOT NULL,
  `HATCHNO` int(11) NOT NULL,
  `PROJECTID` int(11) NOT NULL,
  `SUBPROJECTID` int(11) NOT NULL,
  `EGGQNTY` int(11) NOT NULL,
  `TOTALEGGQNTY` int(11) NOT NULL,
  `EGGPRICE` double NOT NULL,
  `EGGTOTPRICE` double NOT NULL,
  `HATCHFLAG` int(11) NOT NULL,
  `ESIMDATE` date NOT NULL,
  `USERID` int(11) NOT NULL,
  `STATUS` varchar(50) NOT NULL,
  `FLAG` int(11) NOT NULL,
  `ENTDATE` date NOT NULL,
  `ENTTIME` varchar(50) NOT NULL
) ENGINE=InnoDB  DEFAULT CHARSET=latin1 AUTO_INCREMENT=619 ;

--
-- Dumping data for table `hatch_egg_settings_machine`
--

INSERT INTO `hatch_egg_settings_machine` (`ESIMID`, `OHEID`, `HATCHNO`, `PROJECTID`, `SUBPROJECTID`, `EGGQNTY`, `TOTALEGGQNTY`, `EGGPRICE`, `EGGTOTPRICE`, `HATCHFLAG`, `ESIMDATE`, `USERID`, `STATUS`, `FLAG`, `ENTDATE`, `ENTTIME`) VALUES
(605, 15, 585, 4, 9, 9305, 9305, 166638.03804484, 166638.03804484, 1, '2014-12-11', 20, 'In', 1, '2015-01-01', '15:06:11 PM'),
(606, 16, 586, 4, 9, 6937, 16242, 124230.85114638, 290868.88919122, 1, '2014-12-14', 20, 'In', 2, '2015-01-01', '15:11:22 PM'),
(607, 17, 587, 4, 9, 8679, 24921, 155427.35434618, 446296.2435374, 1, '2014-12-18', 20, 'In', 3, '2015-01-01', '15:11:39 PM'),
(608, 18, 588, 4, 9, 5755, 30676, 103063.07457798, 549359.31811538, 1, '2014-12-21', 20, 'In', 4, '2015-01-01', '15:11:53 PM'),
(609, 19, 589, 4, 9, 9135, 39811, 163593.6031746, 712952.92128998, 1, '2014-12-25', 20, 'In', 5, '2015-01-01', '15:12:04 PM'),
(610, 20, 590, 4, 9, 7548, 47359, 135172.90823885, 848125.82952883, 1, '2014-12-28', 20, 'In', 6, '2015-01-01', '15:12:18 PM'),
(611, 21, 591, 4, 9, 9769, 57128, 174947.55439657, 1023073.3839254, 1, '2015-01-01', 20, 'In', 7, '2015-01-01', '15:12:37 PM'),
(612, 21, 585, 4, 9, 9305, 47823, 174947.55439657, 848125.82952883, 2, '2015-01-01', 20, 'Out', 8, '2015-01-01', '15:13:45 PM'),
(613, 21, 586, 4, 9, 6937, 40886, 174947.55439657, 673178.27513226, 2, '2015-01-04', 20, 'Out', 9, '2015-01-01', '15:15:22 PM'),
(614, 21, 587, 4, 9, 8679, 32207, 174947.55439657, 498230.72073569, 2, '2015-01-08', 20, 'Out', 10, '2015-01-01', '15:21:27 PM'),
(615, 21, 588, 4, 9, 5755, 26452, 174947.55439657, 323283.16633912, 2, '2015-01-11', 20, 'Out', 11, '2015-01-01', '15:21:40 PM'),
(616, 21, 589, 4, 9, 9135, 17317, 174947.55439657, 148335.61194255, 2, '2015-01-15', 20, 'Out', 12, '2015-01-01', '15:21:56 PM'),
(617, 21, 590, 4, 9, 7548, 9769, 174947.55439657, -26611.94245402, 2, '2015-01-18', 20, 'Out', 13, '2015-01-01', '15:22:08 PM'),
(618, 21, 591, 4, 9, 9769, 0, 174947.55439657, -201559.49685059, 2, '2015-01-22', 20, 'Out', 14, '2015-01-01', '15:22:22 PM');

-- --------------------------------------------------------

--
-- Table structure for table `hatch_opening_hatching_egg`
--

CREATE TABLE IF NOT EXISTS `hatch_opening_hatching_egg` (
`OHEID` int(11) NOT NULL,
  `ESID` int(11) NOT NULL,
  `PARTYID` int(11) NOT NULL,
  `PROJECTID` int(11) NOT NULL,
  `SUBPROJECTID` int(11) NOT NULL,
  `BATCHNO` int(11) NOT NULL,
  `OPENDATE` date NOT NULL,
  `EGGQUANTITY` int(11) NOT NULL,
  `VANGAEGGQNTY` int(11) NOT NULL,
  `TOTVANGAEGGQNTY` int(11) NOT NULL,
  `TOTEGGQNTY` int(11) NOT NULL,
  `PRICE` double NOT NULL,
  `TOTPRICE` double NOT NULL,
  `RATE` double NOT NULL,
  `AVGRATEPEREGG` double NOT NULL,
  `OHEFLAG` int(11) NOT NULL,
  `USERID` int(11) NOT NULL,
  `STATUS` varchar(50) NOT NULL,
  `ENTDATE` date NOT NULL,
  `ENTTIME` varchar(50) NOT NULL
) ENGINE=InnoDB  DEFAULT CHARSET=latin1 AUTO_INCREMENT=23 ;

--
-- Dumping data for table `hatch_opening_hatching_egg`
--

INSERT INTO `hatch_opening_hatching_egg` (`OHEID`, `ESID`, `PARTYID`, `PROJECTID`, `SUBPROJECTID`, `BATCHNO`, `OPENDATE`, `EGGQUANTITY`, `VANGAEGGQNTY`, `TOTVANGAEGGQNTY`, `TOTEGGQNTY`, `PRICE`, `TOTPRICE`, `RATE`, `AVGRATEPEREGG`, `OHEFLAG`, `USERID`, `STATUS`, `ENTDATE`, `ENTTIME`) VALUES
(1, 1, 4, 4, 9, 1, '2015-01-01', 57128, 0, 0, 57128, 1015632, 1015632, 17.778182, 17.778182, 1, 21, 'In', '2015-01-01', '14:20:58 PM'),
(13, 9, 4, 4, 9, 20, '2015-01-02', 1536, 0, 0, 58664, 32256, 1047888, 21, 17.8625392, 2, 20, 'In', '2015-01-01', '13:26:44 PM'),
(14, 10, 4, 4, 9, 21, '2015-01-02', 871, 0, 0, 59535, 18291, 1066179, 21, 17.45802426, 3, 20, 'In', '2015-01-01', '14:20:58 PM'),
(15, 10, 0, 3, 8, 21, '2014-12-11', 0, 0, 0, 59535, 18291, 1066179, 21, 17.908440413202, 4, 20, 'Cancel', '2015-01-01', '15:03:49 PM'),
(16, 10, 0, 3, 8, 21, '2014-12-11', 9305, 0, 0, 50230, 18291, 1066179, 21, 17.908440413202, 5, 20, 'Out', '2015-01-01', '15:06:11 PM'),
(17, 10, 0, 3, 8, 21, '2014-12-14', 6937, 0, 0, 43293, 18291, 1066179, 21, 17.908440413202, 6, 20, 'Out', '2015-01-01', '15:11:22 PM'),
(18, 10, 0, 3, 8, 21, '2014-12-18', 8679, 0, 0, 34614, 18291, 1066179, 21, 17.908440413202, 7, 20, 'Out', '2015-01-01', '15:11:39 PM'),
(19, 10, 0, 3, 8, 21, '2014-12-21', 5755, 0, 0, 28859, 18291, 1066179, 21, 17.908440413202, 8, 20, 'Out', '2015-01-01', '15:11:53 PM'),
(20, 10, 0, 3, 8, 21, '2014-12-25', 9135, 0, 0, 19724, 18291, 1066179, 21, 17.908440413202, 9, 20, 'Out', '2015-01-01', '15:12:04 PM'),
(21, 10, 0, 3, 8, 21, '2014-12-28', 7548, 0, 0, 12176, 18291, 1066179, 21, 17.908440413202, 10, 20, 'Out', '2015-01-01', '15:12:18 PM'),
(22, 10, 0, 3, 8, 21, '2015-01-01', 9769, 0, 0, 2407, 18291, 1066179, 21, 17.908440413202, 11, 20, 'Out', '2015-01-01', '15:12:37 PM');

-- --------------------------------------------------------

--
-- Table structure for table `hatch_vangaeggsell`
--

CREATE TABLE IF NOT EXISTS `hatch_vangaeggsell` (
`VESID` int(11) NOT NULL,
  `OHEID` int(11) NOT NULL,
  `PARTYID` int(11) NOT NULL,
  `QUANTITY` int(11) NOT NULL,
  `TOTQUANTITY` int(11) NOT NULL,
  `RATE` double NOT NULL,
  `PRICE` double NOT NULL,
  `TOTALPRICE` double NOT NULL,
  `VESDATE` date NOT NULL,
  `USERID` int(11) NOT NULL,
  `STATUS` varchar(50) NOT NULL,
  `FLAG` int(11) NOT NULL,
  `ENTDATE` date NOT NULL,
  `ENTTIME` varchar(50) NOT NULL
) ENGINE=InnoDB DEFAULT CHARSET=latin1 AUTO_INCREMENT=1 ;

-- --------------------------------------------------------

--
-- Table structure for table `pal_batchopen`
--

CREATE TABLE IF NOT EXISTS `pal_batchopen` (
`BOID` int(11) NOT NULL,
  `PROJECTID` int(11) NOT NULL,
  `SUBPROJECTID` int(11) NOT NULL,
  `BATCHNO` int(11) NOT NULL,
  `BWISELIVESTOCK` int(11) NOT NULL,
  `PRICE` double NOT NULL,
  `BDATE` date NOT NULL,
  `USERID` int(11) NOT NULL,
  `STATUS` varchar(50) NOT NULL,
  `FLAG` int(11) NOT NULL,
  `ENTDATE` date NOT NULL,
  `ENTTIME` varchar(50) NOT NULL
) ENGINE=InnoDB  DEFAULT CHARSET=latin1 AUTO_INCREMENT=14 ;

--
-- Dumping data for table `pal_batchopen`
--

INSERT INTO `pal_batchopen` (`BOID`, `PROJECTID`, `SUBPROJECTID`, `BATCHNO`, `BWISELIVESTOCK`, `PRICE`, `BDATE`, `USERID`, `STATUS`, `FLAG`, `ENTDATE`, `ENTTIME`) VALUES
(1, 3, 8, 11, 5000, 566942, '2015-01-01', 21, 'Active', 1, '2015-01-01', '10:11:19 AM'),
(2, 3, 8, 12, 5000, 811059, '2015-01-01', 21, 'Active', 2, '2015-01-01', '10:11:19 AM'),
(3, 3, 8, 13, 5000, 208726, '2015-01-01', 21, 'Active', 3, '2015-01-01', '10:11:19 AM'),
(4, 3, 8, 14, 5000, 512812, '2015-01-01', 21, 'Active', 4, '2015-01-01', '10:11:19 AM'),
(5, 3, 8, 15, 5000, 760082, '2015-01-01', 21, 'Active', 5, '2015-01-01', '10:11:19 AM'),
(6, 3, 8, 16, 5000, 23813, '2015-01-01', 21, 'Active', 6, '2015-01-01', '10:11:19 AM'),
(7, 3, 8, 17, 5000, 361995, '2015-01-01', 21, 'Active', 7, '2015-01-01', '10:11:19 AM'),
(8, 3, 8, 18, 5000, 71154, '2015-01-01', 21, 'Active', 8, '2015-01-01', '10:11:19 AM'),
(9, 3, 8, 19, 5000, 583316, '2015-01-01', 21, 'Active', 9, '2015-01-01', '10:11:19 AM'),
(10, 3, 8, 20, 8090, 538981, '2015-01-01', 21, 'Inactive', 10, '2015-01-01', '10:11:19 AM'),
(11, 3, 8, 21, 3950, 857398, '2015-01-01', 21, 'Inactive', 11, '2015-01-01', '10:11:19 AM'),
(12, 3, 8, 22, 5000, 315108, '2015-01-01', 21, 'Inactive', 12, '2015-01-01', '10:11:19 AM'),
(13, 3, 8, 23, 5000, 68765, '2015-01-01', 21, 'Active', 13, '2015-01-01', '10:11:19 AM');

-- --------------------------------------------------------

--
-- Table structure for table `pal_chicken_purchase`
--

CREATE TABLE IF NOT EXISTS `pal_chicken_purchase` (
`PCPID` int(11) NOT NULL,
  `PARTYID` int(11) NOT NULL,
  `PROJECTID` int(11) NOT NULL,
  `SUBPROJECTID` int(11) NOT NULL,
  `HATCHNO` int(11) NOT NULL,
  `QUANTITY` double NOT NULL,
  `TOTQUANTITY` double NOT NULL,
  `RATE` double NOT NULL,
  `AVGRATE` double NOT NULL,
  `PRICE` double NOT NULL,
  `TOTPRICE` double NOT NULL,
  `CHICKENPURDATE` date NOT NULL,
  `USERID` int(11) NOT NULL,
  `STATUS` varchar(50) NOT NULL,
  `FLAG` int(11) NOT NULL,
  `ENTDATE` date NOT NULL,
  `ENTTIME` varchar(50) NOT NULL
) ENGINE=InnoDB DEFAULT CHARSET=latin1 AUTO_INCREMENT=1 ;

-- --------------------------------------------------------

--
-- Table structure for table `pal_dailyoperation`
--

CREATE TABLE IF NOT EXISTS `pal_dailyoperation` (
`DOID` int(11) NOT NULL,
  `BOID` int(11) NOT NULL,
  `PROJECTID` int(11) NOT NULL,
  `SUBPROJECTID` int(11) NOT NULL,
  `PARTYID` int(11) NOT NULL,
  `BATCHNO` int(11) NOT NULL,
  `DODATE` date NOT NULL,
  `STOCKINHAND` int(11) NOT NULL,
  `DEADSTOCK` int(11) NOT NULL,
  `CANCELSTOCK` int(11) NOT NULL,
  `SELLSTOCK` int(11) NOT NULL,
  `SELLPRICE` double NOT NULL,
  `BATCHFLAG` int(11) NOT NULL,
  `USERID` int(11) NOT NULL,
  `STATUS` varchar(50) NOT NULL,
  `FLAG` int(11) NOT NULL,
  `ENTDATE` date NOT NULL,
  `ENTTIME` varchar(50) NOT NULL
) ENGINE=InnoDB  DEFAULT CHARSET=latin1 AUTO_INCREMENT=9 ;

--
-- Dumping data for table `pal_dailyoperation`
--

INSERT INTO `pal_dailyoperation` (`DOID`, `BOID`, `PROJECTID`, `SUBPROJECTID`, `PARTYID`, `BATCHNO`, `DODATE`, `STOCKINHAND`, `DEADSTOCK`, `CANCELSTOCK`, `SELLSTOCK`, `SELLPRICE`, `BATCHFLAG`, `USERID`, `STATUS`, `FLAG`, `ENTDATE`, `ENTTIME`) VALUES
(5, 10, 3, 8, 38, 20, '2015-01-01', 3711, 4379, 0, 0, 0, 1, 20, 'Inactive', 0, '2015-01-01', '12:58:34 PM'),
(6, 11, 3, 8, 38, 21, '2015-01-01', 1965, 1985, 0, 0, 0, 1, 20, 'Inactive', 0, '2015-01-01', '14:16:37 PM'),
(7, 12, 3, 8, 38, 22, '2015-01-01', 2158, 2835, 0, 7, 2000.0000000050002, 1, 20, 'Inactive', 0, '2015-01-01', '14:27:31 PM'),
(8, 13, 3, 8, 38, 23, '2015-01-01', 2465, 2535, 0, 0, 0, 1, 20, 'Active', 0, '2015-01-01', '14:31:43 PM');

-- --------------------------------------------------------

--
-- Table structure for table `pal_egg_production`
--

CREATE TABLE IF NOT EXISTS `pal_egg_production` (
`EPID` int(11) NOT NULL,
  `PROJECTID` int(11) NOT NULL,
  `SUBPROJECTID` int(11) NOT NULL,
  `BATCHNO` int(11) NOT NULL,
  `MURGIQNTY` int(11) NOT NULL,
  `EGGQNTY` int(11) NOT NULL,
  `EGGTOTQNTY` int(11) NOT NULL,
  `EGGPERCENTAGE` double NOT NULL,
  `EPDATE` date NOT NULL,
  `BATCHFLAG` int(11) NOT NULL,
  `USERID` int(11) NOT NULL,
  `STATUS` varchar(50) NOT NULL,
  `FLAG` int(11) NOT NULL,
  `ENTDATE` date NOT NULL,
  `ENTTIME` varchar(50) NOT NULL
) ENGINE=InnoDB  DEFAULT CHARSET=latin1 AUTO_INCREMENT=23 ;

--
-- Dumping data for table `pal_egg_production`
--

INSERT INTO `pal_egg_production` (`EPID`, `PROJECTID`, `SUBPROJECTID`, `BATCHNO`, `MURGIQNTY`, `EGGQNTY`, `EGGTOTQNTY`, `EGGPERCENTAGE`, `EPDATE`, `BATCHFLAG`, `USERID`, `STATUS`, `FLAG`, `ENTDATE`, `ENTTIME`) VALUES
(15, 3, 8, 20, 3303, 1670, 1670, 50.5601, '2015-01-01', 1, 20, 'Active', 0, '2015-01-01', '13:21:41 PM'),
(16, 3, 8, 20, 3303, 1668, 3338, 50.4995, '2015-01-02', 2, 20, 'Active', 0, '2015-01-01', '13:25:32 PM'),
(17, 3, 8, 20, 3303, 1536, 1802, 50.4995, '2015-01-02', 3, 20, 'Out', 0, '2015-01-01', '13:26:44 PM'),
(18, 3, 8, 21, 1766, 915, 915, 51.812, '2015-01-01', 1, 20, 'Active', 0, '2015-01-01', '14:17:28 PM'),
(19, 3, 8, 21, 1766, 900, 1815, 50.9626, '2015-01-02', 2, 20, 'Active', 0, '2015-01-01', '14:20:26 PM'),
(20, 3, 8, 21, 1766, 871, 944, 50.9626, '2015-01-02', 3, 20, 'Out', 0, '2015-01-01', '14:20:58 PM'),
(21, 3, 8, 22, 1872, 340, 340, 18.1624, '2015-01-01', 1, 20, 'Active', 0, '2015-01-01', '14:28:45 PM'),
(22, 3, 8, 22, 1872, 375, 715, 20.0321, '2015-01-02', 2, 20, 'Active', 0, '2015-01-01', '14:30:20 PM');

-- --------------------------------------------------------

--
-- Table structure for table `pal_egg_sell`
--

CREATE TABLE IF NOT EXISTS `pal_egg_sell` (
`ESID` int(11) NOT NULL,
  `SCID` int(11) NOT NULL,
  `PROJECTID` int(11) NOT NULL,
  `SUBPROJECTID` int(11) NOT NULL,
  `BATCHNO` int(11) NOT NULL,
  `PARTYID` int(11) NOT NULL,
  `RATE` double NOT NULL,
  `QUANTITY` int(11) NOT NULL,
  `TOTQUANTITY` int(11) NOT NULL,
  `TOTPRICE` double NOT NULL,
  `GRANDTOTALPRICE` double NOT NULL,
  `BATCHFLAG` int(11) NOT NULL,
  `ESDATE` date NOT NULL,
  `USERID` int(11) NOT NULL,
  `STATUS` varchar(50) NOT NULL,
  `FLAG` int(11) NOT NULL,
  `ENTDATE` date NOT NULL,
  `ENTTIME` varchar(50) NOT NULL
) ENGINE=InnoDB  DEFAULT CHARSET=latin1 AUTO_INCREMENT=11 ;

--
-- Dumping data for table `pal_egg_sell`
--

INSERT INTO `pal_egg_sell` (`ESID`, `SCID`, `PROJECTID`, `SUBPROJECTID`, `BATCHNO`, `PARTYID`, `RATE`, `QUANTITY`, `TOTQUANTITY`, `TOTPRICE`, `GRANDTOTALPRICE`, `BATCHFLAG`, `ESDATE`, `USERID`, `STATUS`, `FLAG`, `ENTDATE`, `ENTTIME`) VALUES
(9, 1, 3, 8, 20, 3, 21, 1536, 1536, 32256, 32256, 1, '2015-01-02', 20, 'Active', 0, '2015-01-01', '13:26:44 PM'),
(10, 1, 3, 8, 21, 3, 21, 871, 871, 18291, 18291, 1, '2015-01-02', 20, 'Active', 0, '2015-01-01', '14:20:58 PM');

-- --------------------------------------------------------

--
-- Table structure for table `pal_fooddistribute`
--

CREATE TABLE IF NOT EXISTS `pal_fooddistribute` (
`FDID` int(11) NOT NULL,
  `FOODID` int(11) NOT NULL,
  `PROJECTID` int(11) NOT NULL,
  `SUBPROJECTID` int(11) NOT NULL,
  `BATCHNO` int(11) NOT NULL,
  `DOID` int(11) NOT NULL,
  `MURID` int(11) NOT NULL,
  `MORID` int(11) NOT NULL,
  `MUR_MOR_QNTY` int(11) NOT NULL,
  `FOOD_NEED_MUR_MOR` double NOT NULL,
  `FOODWEIGHT` double NOT NULL,
  `TOTFOODWEIGHT` double NOT NULL,
  `PRICE` double NOT NULL,
  `TOTALPRICE` double NOT NULL,
  `BATCHFLAG` int(11) NOT NULL,
  `FDDATE` date NOT NULL,
  `USERID` int(11) NOT NULL,
  `STATUS` varchar(50) NOT NULL,
  `FLAG` int(11) NOT NULL,
  `ENTDATE` date NOT NULL,
  `ENTTIME` varchar(50) NOT NULL
) ENGINE=InnoDB  DEFAULT CHARSET=latin1 AUTO_INCREMENT=24 ;

--
-- Dumping data for table `pal_fooddistribute`
--

INSERT INTO `pal_fooddistribute` (`FDID`, `FOODID`, `PROJECTID`, `SUBPROJECTID`, `BATCHNO`, `DOID`, `MURID`, `MORID`, `MUR_MOR_QNTY`, `FOOD_NEED_MUR_MOR`, `FOODWEIGHT`, `TOTFOODWEIGHT`, `PRICE`, `TOTALPRICE`, `BATCHFLAG`, `FDDATE`, `USERID`, `STATUS`, `FLAG`, `ENTDATE`, `ENTTIME`) VALUES
(16, 7, 3, 8, 20, 0, 5, 5, 3711, 119.91376, 445, 445, 36.533622843017, 16257.4608, 1, '2015-01-01', 20, 'Active', 0, '2015-01-01', '13:09:00 PM'),
(17, 7, 3, 8, 20, 0, 5, 5, 3711, 119.91376, 445, 890, 36.533622843017, 16257.4608, 2, '2015-01-02', 20, 'Active', 0, '2015-01-01', '13:28:19 PM'),
(18, 6, 3, 8, 21, 0, 6, 6, 1965, 119.59287531, 235, 235, 36.969006642642, 8687.7166, 1, '2015-01-01', 20, 'Active', 0, '2015-01-01', '14:18:29 PM'),
(19, 6, 3, 8, 21, 0, 6, 6, 1965, 119.59287531, 235, 470, 36.969006642642, 8687.7166, 2, '2015-01-02', 20, 'Active', 0, '2015-01-01', '14:19:27 PM'),
(20, 5, 3, 8, 22, 0, 7, 7, 2158, 115.8480074, 250, 250, 36.892615283387, 9223.1538, 1, '2015-01-01', 20, 'Active', 0, '2015-01-01', '14:29:40 PM'),
(21, 5, 3, 8, 22, 0, 7, 7, 2158, 115.8480074, 250, 500, 36.892615283387, 9223.1538, 2, '2015-01-02', 20, 'Active', 0, '2015-01-01', '14:30:04 PM'),
(22, 8, 3, 8, 23, 8, 0, 0, 2465, 64.9087221, 160, 160, 38.656572871453, 6185.0517, 1, '2015-01-01', 20, 'Active', 0, '2015-01-01', '14:32:48 PM'),
(23, 8, 3, 8, 23, 8, 0, 0, 2465, 64.9087221, 160, 320, 38.656572871453, 6185.0517, 2, '2015-01-02', 20, 'Active', 0, '2015-01-01', '14:33:19 PM');

-- --------------------------------------------------------

--
-- Table structure for table `pal_medicine`
--

CREATE TABLE IF NOT EXISTS `pal_medicine` (
`MID` int(11) NOT NULL,
  `PARTYID` int(11) NOT NULL,
  `PROJECTID` int(11) NOT NULL,
  `SUBPROJECTID` int(11) NOT NULL,
  `BATCHNO` int(11) NOT NULL,
  `PRODUCTID` int(11) NOT NULL,
  `QUANTITY` double NOT NULL,
  `WTID` int(11) NOT NULL,
  `PRICE` double NOT NULL,
  `TOTALPRICE` double NOT NULL,
  `BATCHFLAG` int(11) NOT NULL,
  `MDDATE` date NOT NULL,
  `USERID` int(11) NOT NULL,
  `STATUS` varchar(50) NOT NULL,
  `FLAG` int(11) NOT NULL,
  `ENTDATE` date NOT NULL,
  `ENTTIME` varchar(50) NOT NULL
) ENGINE=InnoDB  DEFAULT CHARSET=latin1 AUTO_INCREMENT=7 ;

--
-- Dumping data for table `pal_medicine`
--

INSERT INTO `pal_medicine` (`MID`, `PARTYID`, `PROJECTID`, `SUBPROJECTID`, `BATCHNO`, `PRODUCTID`, `QUANTITY`, `WTID`, `PRICE`, `TOTALPRICE`, `BATCHFLAG`, `MDDATE`, `USERID`, `STATUS`, `FLAG`, `ENTDATE`, `ENTTIME`) VALUES
(5, 5, 3, 8, 20, 127, 290, 4, 1.0119230769231, 293.4576923077, 1, '2015-01-02', 20, 'Active', 0, '2015-01-01', '14:06:35 PM'),
(6, 5, 3, 8, 21, 129, 180, 5, 0.65128205128205, 117.23076923077, 1, '2015-01-02', 20, 'Active', 0, '2015-01-01', '14:20:08 PM');

-- --------------------------------------------------------

--
-- Table structure for table `pal_morog`
--

CREATE TABLE IF NOT EXISTS `pal_morog` (
`MORID` int(11) NOT NULL,
  `DOID` int(11) NOT NULL,
  `PROJECTID` int(11) NOT NULL,
  `SUBPROJECTID` int(11) NOT NULL,
  `PARTYID` int(11) NOT NULL,
  `BATCHNO` int(11) NOT NULL,
  `ENTRYDATE` date NOT NULL,
  `STOCKINHAND` int(11) NOT NULL,
  `DEADSTOCK` int(11) NOT NULL,
  `CANCELSTOCK` int(11) NOT NULL,
  `SELLSTOCK` int(11) NOT NULL,
  `SELLPRICE` double NOT NULL,
  `BATCHFLAG` int(11) NOT NULL,
  `USERID` int(11) NOT NULL,
  `STATUS` varchar(50) NOT NULL,
  `FLAG` int(11) NOT NULL,
  `ENTDATE` date NOT NULL,
  `ENTTIME` varchar(50) NOT NULL
) ENGINE=InnoDB  DEFAULT CHARSET=latin1 AUTO_INCREMENT=8 ;

--
-- Dumping data for table `pal_morog`
--

INSERT INTO `pal_morog` (`MORID`, `DOID`, `PROJECTID`, `SUBPROJECTID`, `PARTYID`, `BATCHNO`, `ENTRYDATE`, `STOCKINHAND`, `DEADSTOCK`, `CANCELSTOCK`, `SELLSTOCK`, `SELLPRICE`, `BATCHFLAG`, `USERID`, `STATUS`, `FLAG`, `ENTDATE`, `ENTTIME`) VALUES
(5, 5, 0, 0, 0, 20, '2015-01-01', 408, 0, 0, 0, 0, 1, 20, 'Active', 0, '2015-01-01', '13:04:10 PM'),
(6, 6, 0, 0, 0, 21, '2015-01-01', 199, 0, 0, 0, 0, 1, 20, 'Active', 0, '2015-01-01', '14:17:05 PM'),
(7, 7, 0, 0, 0, 22, '2015-01-01', 286, 0, 0, 0, 0, 1, 20, 'Active', 0, '2015-01-01', '14:28:14 PM');

-- --------------------------------------------------------

--
-- Table structure for table `pal_morog_murgi_sell`
--

CREATE TABLE IF NOT EXISTS `pal_morog_murgi_sell` (
`MMSID` int(11) NOT NULL,
  `BATCHNO` int(11) NOT NULL,
  `PROJECTID` int(11) NOT NULL,
  `SUBPROJECTID` int(11) NOT NULL,
  `PARTYID` int(11) NOT NULL,
  `MURGIQNTY` int(11) NOT NULL,
  `MOROGQNTY` int(11) NOT NULL,
  `TOTQUANTITY` int(11) NOT NULL,
  `RATE` double NOT NULL,
  `TOTPRICE` double NOT NULL,
  `GRANDTOTPRICE` double NOT NULL,
  `BATCHFLAG` int(11) NOT NULL,
  `MMSELLDATE` date NOT NULL,
  `USERID` int(11) NOT NULL,
  `STATUS` varchar(50) NOT NULL,
  `FLAG` int(11) NOT NULL,
  `ENTDATE` date NOT NULL,
  `ENTTIME` varchar(50) NOT NULL
) ENGINE=InnoDB DEFAULT CHARSET=latin1 AUTO_INCREMENT=1 ;

-- --------------------------------------------------------

--
-- Table structure for table `pal_murgi`
--

CREATE TABLE IF NOT EXISTS `pal_murgi` (
`MURID` int(11) NOT NULL,
  `DOID` int(11) NOT NULL,
  `PROJECTID` int(11) NOT NULL,
  `SUBPROJECTID` int(11) NOT NULL,
  `PARTYID` int(11) NOT NULL,
  `BATCHNO` int(11) NOT NULL,
  `ENTRYDATE` date NOT NULL,
  `STOCKINHAND` int(11) NOT NULL,
  `DEADSTOCK` int(11) NOT NULL,
  `CANCELSTOCK` int(11) NOT NULL,
  `SELLSTOCK` int(11) NOT NULL,
  `SELLPRICE` double NOT NULL,
  `BATCHFLAG` int(11) NOT NULL,
  `USERID` int(11) NOT NULL,
  `STATUS` varchar(50) NOT NULL,
  `FLAG` int(11) NOT NULL,
  `ENTDATE` date NOT NULL,
  `ENTTIME` varchar(50) NOT NULL
) ENGINE=InnoDB  DEFAULT CHARSET=latin1 AUTO_INCREMENT=8 ;

--
-- Dumping data for table `pal_murgi`
--

INSERT INTO `pal_murgi` (`MURID`, `DOID`, `PROJECTID`, `SUBPROJECTID`, `PARTYID`, `BATCHNO`, `ENTRYDATE`, `STOCKINHAND`, `DEADSTOCK`, `CANCELSTOCK`, `SELLSTOCK`, `SELLPRICE`, `BATCHFLAG`, `USERID`, `STATUS`, `FLAG`, `ENTDATE`, `ENTTIME`) VALUES
(5, 5, 0, 0, 0, 20, '2015-01-01', 3303, 0, 0, 0, 0, 1, 20, 'Active', 0, '2015-01-01', '13:04:10 PM'),
(6, 6, 0, 0, 0, 21, '2015-01-01', 1766, 0, 0, 0, 0, 1, 20, 'Active', 0, '2015-01-01', '14:17:05 PM'),
(7, 7, 0, 0, 0, 22, '2015-01-01', 1872, 0, 0, 0, 0, 1, 20, 'Active', 0, '2015-01-01', '14:28:14 PM');

-- --------------------------------------------------------

--
-- Table structure for table `pal_others_expanse`
--

CREATE TABLE IF NOT EXISTS `pal_others_expanse` (
`POEXID` int(11) NOT NULL,
  `PROJECTID` int(11) NOT NULL,
  `SUBPROJECTID` int(11) NOT NULL,
  `EXPANSEHEAD` varchar(100) NOT NULL,
  `REMARKS` text NOT NULL,
  `USERID` int(11) NOT NULL,
  `STATUS` varchar(50) NOT NULL,
  `FLAG` int(11) NOT NULL,
  `ENTDATE` date NOT NULL,
  `ENTTIME` varchar(50) NOT NULL
) ENGINE=InnoDB  DEFAULT CHARSET=latin1 AUTO_INCREMENT=5 ;

--
-- Dumping data for table `pal_others_expanse`
--

INSERT INTO `pal_others_expanse` (`POEXID`, `PROJECTID`, `SUBPROJECTID`, `EXPANSEHEAD`, `REMARKS`, `USERID`, `STATUS`, `FLAG`, `ENTDATE`, `ENTTIME`) VALUES
(3, 3, 8, 'Soap Purchase', 'Soap Purchase', 20, 'Active', 0, '2015-01-01', '12:07:56 PM'),
(4, 3, 8, 'Opening Expanse', 'Opening expanse', 20, 'Active', 0, '2015-01-01', '12:08:17 PM');

-- --------------------------------------------------------

--
-- Table structure for table `pal_others_income`
--

CREATE TABLE IF NOT EXISTS `pal_others_income` (
`POINID` int(11) NOT NULL,
  `PROJECTID` int(11) NOT NULL,
  `SUBPROJECTID` int(11) NOT NULL,
  `INCOMEHEAD` varchar(100) NOT NULL,
  `REMARKS` text NOT NULL,
  `USERID` int(11) NOT NULL,
  `STATUS` varchar(50) NOT NULL,
  `FLAG` int(11) NOT NULL,
  `ENTDATE` date NOT NULL,
  `ENTTIME` varchar(50) NOT NULL
) ENGINE=InnoDB  DEFAULT CHARSET=latin1 AUTO_INCREMENT=9 ;

--
-- Dumping data for table `pal_others_income`
--

INSERT INTO `pal_others_income` (`POINID`, `PROJECTID`, `SUBPROJECTID`, `INCOMEHEAD`, `REMARKS`, `USERID`, `STATUS`, `FLAG`, `ENTDATE`, `ENTTIME`) VALUES
(6, 3, 8, 'Liter Sell', 'Liter Sell', 20, 'Active', 0, '2015-01-01', '12:06:42 PM'),
(7, 3, 8, 'Scrub Sell', 'Scrub Sell', 20, 'Active', 0, '2015-01-01', '12:07:31 PM'),
(8, 3, 8, 'Opening Income', 'Opening Income', 20, 'Active', 0, '2015-01-01', '12:08:40 PM');

-- --------------------------------------------------------

--
-- Table structure for table `pal_others_income_expanse`
--

CREATE TABLE IF NOT EXISTS `pal_others_income_expanse` (
`PINEXID` int(11) NOT NULL,
  `POINID` int(11) NOT NULL,
  `POEXID` int(11) NOT NULL,
  `ENTRYDATE` date NOT NULL,
  `BATCHNO` int(11) NOT NULL,
  `PARTYID` int(11) NOT NULL,
  `INCOMEAMOUNT` double NOT NULL,
  `EXPANSEAMOUNT` double NOT NULL,
  `REMARKS` text NOT NULL,
  `USERID` int(11) NOT NULL,
  `STATUS` varchar(50) NOT NULL,
  `FLAG` int(11) NOT NULL,
  `ENTDATE` date NOT NULL,
  `ENTTIME` varchar(50) NOT NULL
) ENGINE=InnoDB  DEFAULT CHARSET=latin1 AUTO_INCREMENT=43 ;

--
-- Dumping data for table `pal_others_income_expanse`
--

INSERT INTO `pal_others_income_expanse` (`PINEXID`, `POINID`, `POEXID`, `ENTRYDATE`, `BATCHNO`, `PARTYID`, `INCOMEAMOUNT`, `EXPANSEAMOUNT`, `REMARKS`, `USERID`, `STATUS`, `FLAG`, `ENTDATE`, `ENTTIME`) VALUES
(16, 8, 0, '2015-01-01', 11, 38, 1464573, 0, 'Opening Income', 20, 'Active', 0, '2015-01-01', '12:10:29 PM'),
(17, 0, 4, '2015-01-01', 11, 38, 0, 1000000, 'Opening Expanse', 20, 'Active', 0, '2015-01-01', '12:11:24 PM'),
(18, 8, 0, '2015-01-01', 12, 38, 1489061, 0, 'Opening Income', 20, 'Active', 0, '2015-01-01', '12:28:13 PM'),
(19, 0, 4, '2015-01-01', 12, 38, 0, 1000000, 'Opening Expanse', 20, 'Active', 0, '2015-01-01', '12:28:35 PM'),
(20, 8, 0, '2015-01-01', 13, 38, 1038676, 0, 'Opening Income', 20, 'Active', 0, '2015-01-01', '12:35:50 PM'),
(21, 8, 0, '2015-01-01', 14, 38, 6796259, 0, 'Opening Income', 20, 'Active', 0, '2015-01-01', '12:36:15 PM'),
(22, 8, 0, '2015-01-01', 15, 38, 5932072, 0, 'Opening Income', 20, 'Active', 0, '2015-01-01', '12:36:34 PM'),
(23, 8, 0, '2015-01-01', 16, 38, 2978159, 0, 'Opening Income', 20, 'Active', 0, '2015-01-01', '12:36:58 PM'),
(24, 8, 0, '2015-01-01', 17, 38, 2119007, 0, 'Opening Income', 20, 'Active', 0, '2015-01-01', '12:37:15 PM'),
(25, 8, 0, '2015-01-01', 18, 38, 5145385, 0, 'Opening Income', 20, 'Active', 0, '2015-01-01', '12:37:36 PM'),
(26, 8, 0, '2015-01-01', 19, 38, 3526633, 0, 'Opening Income', 20, 'Active', 0, '2015-01-01', '12:37:59 PM'),
(27, 8, 0, '2015-01-01', 20, 38, 9094761, 0, 'Opening Income', 20, 'Active', 0, '2015-01-01', '12:38:27 PM'),
(28, 0, 4, '2015-01-01', 13, 38, 0, 1000000, 'Opening Expanse', 20, 'Active', 0, '2015-01-01', '12:39:02 PM'),
(29, 0, 4, '2015-01-01', 14, 38, 0, 5000000, 'Opening Expanse', 20, 'Active', 0, '2015-01-01', '12:39:32 PM'),
(30, 0, 4, '2015-01-01', 15, 38, 0, 6000000, 'Opening Expanse', 20, 'Active', 0, '2015-01-01', '12:39:53 PM'),
(31, 0, 4, '2015-01-01', 16, 38, 0, 3000000, 'Opening Expanse', 20, 'Active', 0, '2015-01-01', '12:40:17 PM'),
(32, 0, 4, '2015-01-01', 17, 38, 0, 2000000, 'Opening Expanse', 20, 'Active', 0, '2015-01-01', '12:40:34 PM'),
(33, 0, 4, '2015-01-01', 18, 38, 0, 5000000, 'Opening Expanse', 20, 'Active', 0, '2015-01-01', '12:40:59 PM'),
(34, 0, 4, '2015-01-01', 19, 38, 0, 3000000, 'Opening Expanse', 20, 'Active', 0, '2015-01-01', '12:41:17 PM'),
(35, 0, 4, '2015-01-01', 20, 38, 0, 8000000, 'Opening Expanse', 20, 'Active', 0, '2015-01-01', '12:41:35 PM'),
(36, 8, 0, '2015-01-01', 21, 38, 3380086, 0, 'Opening Income', 20, 'Active', 0, '2015-01-01', '12:49:55 PM'),
(37, 8, 0, '2015-01-01', 22, 38, 204921, 0, 'Opening Income', 20, 'Active', 0, '2015-01-01', '12:50:16 PM'),
(38, 8, 0, '2015-01-01', 23, 38, 259802, 0, 'Opening Income', 20, 'Active', 0, '2015-01-01', '12:50:38 PM'),
(39, 0, 4, '2015-01-01', 21, 38, 0, 3000000, 'Opening Expanse', 20, 'Active', 0, '2015-01-01', '12:50:54 PM'),
(40, 0, 4, '2015-01-01', 22, 38, 0, 1000000, 'Opening Expanse', 20, 'Active', 0, '2015-01-01', '12:51:13 PM'),
(41, 0, 4, '2015-01-01', 23, 38, 0, 600000, 'Opening Expanse', 20, 'Active', 0, '2015-01-01', '12:51:28 PM'),
(42, 0, 4, '2015-01-01', 13, 38, 0, 21, 'Opening Expanse', 20, 'Active', 0, '2015-01-01', '12:53:06 PM');

-- --------------------------------------------------------

--
-- Table structure for table `pal_sellcategory`
--

CREATE TABLE IF NOT EXISTS `pal_sellcategory` (
`SCID` int(11) NOT NULL,
  `PROJECTID` int(11) NOT NULL,
  `SUBPROJECTID` int(11) NOT NULL,
  `SCNAME` varchar(200) NOT NULL,
  `DESCRIPTION` text NOT NULL,
  `USERID` int(11) NOT NULL,
  `STATUS` varchar(50) NOT NULL,
  `FLAG` int(11) NOT NULL,
  `ENTDATE` date NOT NULL,
  `ENTTIME` varchar(50) NOT NULL
) ENGINE=InnoDB  DEFAULT CHARSET=latin1 AUTO_INCREMENT=5 ;

--
-- Dumping data for table `pal_sellcategory`
--

INSERT INTO `pal_sellcategory` (`SCID`, `PROJECTID`, `SUBPROJECTID`, `SCNAME`, `DESCRIPTION`, `USERID`, `STATUS`, `FLAG`, `ENTDATE`, `ENTTIME`) VALUES
(1, 0, 0, 'Haching', 'Haching', 20, 'Active', 0, '2014-12-27', '12:24:47 PM'),
(2, 0, 0, 'Commercial', 'Commercial', 20, 'Active', 0, '2014-12-27', '12:25:55 PM'),
(3, 0, 0, 'Vanga', 'Vanga', 20, 'Active', 0, '2014-12-27', '12:26:13 PM'),
(4, 0, 0, 'Cancel', 'Cancel', 20, 'Active', 0, '2014-12-27', '12:26:23 PM');

-- --------------------------------------------------------

--
-- Table structure for table `s_category`
--

CREATE TABLE IF NOT EXISTS `s_category` (
`CATEGORY_ID` int(20) NOT NULL,
  `CATEGORY` varchar(250) NOT NULL
) ENGINE=InnoDB  DEFAULT CHARSET=latin1 AUTO_INCREMENT=13 ;

--
-- Dumping data for table `s_category`
--

INSERT INTO `s_category` (`CATEGORY_ID`, `CATEGORY`) VALUES
(1, 'Banking & Financial Industry'),
(2, 'Career Development'),
(3, 'Web Application'),
(4, 'Finance & Accounting'),
(5, 'HR & Administration'),
(6, 'Information Technology'),
(7, 'Leadership & Change Management'),
(8, 'NGO & Development Sectors'),
(9, 'Quality & Productivity'),
(10, 'Ready Made Garments'),
(11, 'Sales & Marketing'),
(12, 'Environmental Science');

-- --------------------------------------------------------

--
-- Table structure for table `s_default_role_privileage`
--

CREATE TABLE IF NOT EXISTS `s_default_role_privileage` (
`DRP_ID` int(20) NOT NULL,
  `ROLE_ID` int(20) NOT NULL,
  `SUB_MODULE_ID` int(20) NOT NULL
) ENGINE=InnoDB  DEFAULT CHARSET=latin1 AUTO_INCREMENT=42 ;

--
-- Dumping data for table `s_default_role_privileage`
--

INSERT INTO `s_default_role_privileage` (`DRP_ID`, `ROLE_ID`, `SUB_MODULE_ID`) VALUES
(1, 17, 2),
(2, 17, 1),
(3, 18, 5),
(4, 18, 6),
(5, 19, 7),
(6, 20, 11),
(7, 20, 8),
(8, 20, 10),
(9, 20, 15),
(10, 20, 14),
(11, 20, 13),
(12, 20, 12),
(13, 20, 16),
(14, 20, 6),
(15, 20, 7),
(16, 21, 11),
(17, 21, 8),
(18, 21, 10),
(19, 21, 15),
(20, 21, 14),
(21, 21, 13),
(22, 21, 12),
(23, 21, 16),
(24, 21, 6),
(25, 21, 7),
(26, 22, 5),
(27, 22, 9),
(28, 22, 3),
(29, 22, 2),
(30, 22, 1),
(31, 22, 19),
(32, 22, 18),
(33, 22, 9),
(34, 23, 21),
(35, 23, 20),
(36, 23, 9),
(37, 24, 19),
(38, 24, 21),
(39, 24, 18),
(40, 24, 20),
(41, 24, 9);

-- --------------------------------------------------------

--
-- Table structure for table `s_module`
--

CREATE TABLE IF NOT EXISTS `s_module` (
`MODULE_ID` int(20) NOT NULL,
  `SERVICE_ID` int(20) NOT NULL,
  `MODULE_NAME` varchar(1000) NOT NULL,
  `DESCRIPTION` varchar(2400) NOT NULL,
  `ORDER_NO` int(10) NOT NULL
) ENGINE=InnoDB  DEFAULT CHARSET=latin1 AUTO_INCREMENT=83 ;

--
-- Dumping data for table `s_module`
--

INSERT INTO `s_module` (`MODULE_ID`, `SERVICE_ID`, `MODULE_NAME`, `DESCRIPTION`, `ORDER_NO`) VALUES
(1, 1, 'User Registration', 'User Registration', 1),
(2, 1, 'Privilege Control', 'Privilege Control', 3),
(3, 1, 'File Management', 'File Management', 2),
(5, 3, 'Project File Management', 'Project File Management', 1),
(6, 4, 'Package', 'Package', 1),
(7, 5, 'Reports', 'Reports', 1),
(8, 6, 'Project', 'Project', 1),
(9, 7, 'Objective/Purpose of This Tool', ' ', 1),
(10, 8, 'Contact Information', ' ', 1),
(11, 9, 'Home', ' ', 1),
(12, 10, 'FNA Operation', ' ', 1),
(14, 11, 'Load Entry', ' ', 1),
(15, 11, 'Unload Entry Form', ' Unload Entry Form', 2),
(16, 5, 'Received Number', ' ', 2),
(17, 11, 'Transfer', ' Transfer', 3),
(18, 11, 'Palot Entry', ' Palot Entry', 4),
(19, 5, 'Gate Pass', ' Gate Pass', 3),
(20, 12, 'Labour Bill Payment', ' Labour Bill', 1),
(21, 12, 'Party Payment Receive', ' Payment receive', 2),
(22, 5, 'Pran Product Receive', ' Receive Product', 5),
(23, 5, 'Pran Product Delivery', ' Product Delivery', 4),
(24, 5, 'FNA Bill', ' FNA Bill', 6),
(25, 5, 'Labour Bill', ' Labour Bill', 7),
(26, 5, 'Party Wise Stock', ' Party Stock', 8),
(27, 11, 'Expanse Entry Form', ' Expanse Entry ', 5),
(28, 5, 'Expanse Individual', 'Expanse Head Wise ', 9),
(29, 11, 'Loan Entry Form', ' Loan Entry Form', 6),
(30, 11, 'Basta Entry Form', ' Basta', 7),
(31, 12, 'Loan Payment Entry', ' Loan Payment', 3),
(32, 5, 'FNA Bill Sub Project', ' FNA Bill Sub Project Wise', 10),
(33, 5, 'Profit and Loss Report', ' Profit or loss', 11),
(34, 5, 'Expanse Head Wise Project', ' Project ', 12),
(35, 5, 'Project Wise Profit & Loss', ' Project Wise Profit & Loss', 13),
(36, 5, 'FNA Payment Receive', ' Payment Receive', 14),
(37, 11, 'Alu Load Entry', ' Alu Load', 8),
(38, 11, 'Alu Unload Entry', ' Alu Unload', 9),
(39, 5, 'Party Wise Alu Stock', ' Alu Stock', 15),
(40, 5, 'Alu Stock Report', ' Alu Stock ', 16),
(41, 13, 'Purchase Raw Materials', ' Raw Mat Purchase', 1),
(42, 13, 'Food Item Entry', ' Food', 2),
(43, 13, 'Recipe Entry Form', ' Recipe', 3),
(44, 13, 'Production Entry', ' Production', 4),
(45, 14, 'Purchase Raw Materials', ' Raw Materials Purchase', 1),
(46, 14, 'Raw Materials Stock', ' Stock', 2),
(47, 14, 'Feed Production', ' Production', 3),
(48, 14, 'Raw Materials Use', ' Raw Use', 4),
(49, 14, 'Feed Mill Finished Goods Stock', ' Finished Goods', 5),
(50, 14, 'Recipe Report', ' Recipe', 6),
(51, 15, 'Poultry Entry Setup', ' Poultry', 1),
(52, 13, 'Profit Amount', ' Profit', 5),
(53, 15, 'Egg Sell Entry ', ' Egg Sell', 2),
(54, 15, 'Murgi Morog sell Entry', ' Murgi/Morog', 3),
(55, 16, 'Opening Batch', ' Opening Batch', 1),
(56, 16, 'Batch Wise Food distribution', ' ', 2),
(57, 16, 'Medicine Distribution', ' ', 3),
(58, 16, 'Egg Production', ' ', 4),
(59, 16, 'Egg Sell', ' ', 5),
(60, 16, 'Murgi Morog Sell', ' ', 6),
(61, 17, 'Hatchery Entry Form', ' ', 1),
(62, 18, 'Hatchery Opening Egg', ' ', 1),
(63, 18, 'Cancel Egg', ' ', 2),
(64, 18, 'Egg Settings in Machine', ' ', 3),
(65, 18, 'Chicken Production', ' ', 4),
(66, 18, 'Chicken Stock', ' ', 5),
(67, 18, 'Chicken Sales Statement', ' ', 6),
(68, 18, 'Party Bill', ' ', 7),
(69, 14, 'Profit or Loss Report', ' ', 7),
(70, 16, 'Profit or Loss Report', ' ', 7),
(71, 12, 'Payment Entry Form', ' ', 4),
(72, 12, 'Bank Transaction', ' ', 5),
(73, 18, 'Hatchery Profit or Loss', ' ', 8),
(74, 19, 'Bank Transaction', ' ', 1),
(75, 19, 'Balance Sheet', ' ', 2),
(76, 14, 'Balance Sheet', ' ', 8),
(77, 14, 'Party Bill', ' ', 8),
(78, 16, 'Party Bill', ' ', 8),
(79, 16, 'Batch Wise Balance Sheet', ' ', 9),
(80, 16, 'Head Wise Expanse', ' ', 10),
(81, 1, 'Party Statement Report', ' ', 16),
(82, 5, 'Party Statement', ' ', 16);

-- --------------------------------------------------------

--
-- Table structure for table `s_module_main`
--

CREATE TABLE IF NOT EXISTS `s_module_main` (
`MODULE_ID` int(20) NOT NULL,
  `SERVICE_ID` int(20) NOT NULL,
  `MODULE_NAME` varchar(1000) NOT NULL,
  `DESCRIPTION` varchar(2400) NOT NULL,
  `ORDER_NO` int(10) NOT NULL
) ENGINE=InnoDB DEFAULT CHARSET=latin1 AUTO_INCREMENT=1 ;

-- --------------------------------------------------------

--
-- Table structure for table `s_operator`
--

CREATE TABLE IF NOT EXISTS `s_operator` (
`OPERATOR_ID` int(20) NOT NULL,
  `USER_ID` int(20) NOT NULL,
  `OPNAME` varchar(100) NOT NULL,
  `OPPASS` varchar(100) NOT NULL,
  `START_DATE` date NOT NULL,
  `END_DATE` date NOT NULL
) ENGINE=InnoDB  DEFAULT CHARSET=latin1 AUTO_INCREMENT=22 ;

--
-- Dumping data for table `s_operator`
--

INSERT INTO `s_operator` (`OPERATOR_ID`, `USER_ID`, `OPNAME`, `OPPASS`, `START_DATE`, `END_DATE`) VALUES
(1, 1, 'admin', 'admin', '2013-03-09', '0000-00-00'),
(19, 18, 'PEDPIII_user1', '123456', '0000-00-00', '0000-00-00'),
(20, 19, 'adb_user', '123456', '0000-00-00', '0000-00-00'),
(21, 20, 'fna', '123456', '0000-00-00', '0000-00-00');

-- --------------------------------------------------------

--
-- Table structure for table `s_position`
--

CREATE TABLE IF NOT EXISTS `s_position` (
`POSITION_ID` int(20) NOT NULL,
  `POSITION` varchar(100) NOT NULL
) ENGINE=InnoDB  DEFAULT CHARSET=latin1 AUTO_INCREMENT=8 ;

--
-- Dumping data for table `s_position`
--

INSERT INTO `s_position` (`POSITION_ID`, `POSITION`) VALUES
(1, 'Managing Director'),
(3, 'Chairman'),
(4, 'Officer'),
(5, 'Jr Officer'),
(6, 'Senior Officer'),
(7, 'Chairman Senior');

-- --------------------------------------------------------

--
-- Table structure for table `s_privilege_control`
--

CREATE TABLE IF NOT EXISTS `s_privilege_control` (
`PRIVILEGE_CONTROL_ID` int(20) NOT NULL,
  `SUB_MODULE_ID` int(20) NOT NULL,
  `USER_ID` int(20) NOT NULL,
  `RECORD_DATE` timestamp NOT NULL DEFAULT CURRENT_TIMESTAMP ON UPDATE CURRENT_TIMESTAMP
) ENGINE=InnoDB  DEFAULT CHARSET=latin1 AUTO_INCREMENT=3084 ;

--
-- Dumping data for table `s_privilege_control`
--

INSERT INTO `s_privilege_control` (`PRIVILEGE_CONTROL_ID`, `SUB_MODULE_ID`, `USER_ID`, `RECORD_DATE`) VALUES
(443, 19, 18, '2014-09-02 14:40:51'),
(444, 21, 18, '2014-09-02 14:40:51'),
(445, 18, 18, '2014-09-02 14:40:51'),
(446, 5, 18, '2014-09-02 14:40:51'),
(447, 17, 18, '2014-09-02 14:40:51'),
(448, 20, 18, '2014-09-02 14:40:51'),
(449, 9, 18, '2014-09-02 14:40:51'),
(450, 3, 18, '2014-09-02 14:40:51'),
(451, 2, 18, '2014-09-02 14:40:51'),
(452, 1, 18, '2014-09-02 14:40:51'),
(454, 19, 19, '2014-09-05 07:24:27'),
(455, 21, 19, '2014-09-05 07:24:27'),
(456, 18, 19, '2014-09-05 07:24:27'),
(457, 5, 19, '2014-09-05 07:24:27'),
(458, 17, 19, '2014-09-05 07:24:27'),
(459, 20, 19, '2014-09-05 07:24:27'),
(460, 9, 19, '2014-09-05 07:24:27'),
(461, 3, 19, '2014-09-05 07:24:27'),
(462, 2, 19, '2014-09-05 07:24:27'),
(463, 1, 19, '2014-09-05 07:24:27'),
(2548, 9, 1, '2015-01-11 22:37:31'),
(2549, 3, 1, '2015-01-11 22:37:31'),
(2550, 2, 1, '2015-01-11 22:37:31'),
(2551, 1, 1, '2015-01-11 22:37:31'),
(3014, 52, 20, '2015-05-21 13:10:40'),
(3015, 54, 20, '2015-05-21 13:10:40'),
(3016, 62, 20, '2015-05-21 13:10:40'),
(3017, 51, 20, '2015-05-21 13:10:40'),
(3018, 53, 20, '2015-05-21 13:10:40'),
(3019, 86, 20, '2015-05-21 13:10:40'),
(3020, 59, 20, '2015-05-21 13:10:40'),
(3021, 57, 20, '2015-05-21 13:10:40'),
(3022, 87, 20, '2015-05-21 13:10:40'),
(3023, 79, 20, '2015-05-21 13:10:40'),
(3024, 55, 20, '2015-05-21 13:10:40'),
(3025, 56, 20, '2015-05-21 13:10:40'),
(3026, 58, 20, '2015-05-21 13:10:40'),
(3027, 60, 20, '2015-05-21 13:10:40'),
(3028, 47, 20, '2015-05-21 13:10:40'),
(3029, 48, 20, '2015-05-21 13:10:40'),
(3030, 40, 20, '2015-05-21 13:10:40'),
(3031, 37, 20, '2015-05-21 13:10:40'),
(3032, 23, 20, '2015-05-21 13:10:41'),
(3033, 39, 20, '2015-05-21 13:10:41'),
(3034, 27, 20, '2015-05-21 13:10:41'),
(3035, 26, 20, '2015-05-21 13:10:41'),
(3036, 24, 20, '2015-05-21 13:10:41'),
(3037, 5, 20, '2015-05-21 13:10:41'),
(3038, 82, 20, '2015-05-21 13:10:41'),
(3039, 29, 20, '2015-05-21 13:10:41'),
(3040, 41, 20, '2015-05-21 13:10:41'),
(3041, 30, 20, '2015-05-21 13:10:41'),
(3042, 81, 20, '2015-05-21 13:10:41'),
(3043, 85, 20, '2015-05-21 13:10:41'),
(3044, 84, 20, '2015-05-21 13:10:41'),
(3045, 71, 20, '2015-05-21 13:10:41'),
(3046, 73, 20, '2015-05-21 13:10:41'),
(3047, 75, 20, '2015-05-21 13:10:41'),
(3048, 77, 20, '2015-05-21 13:10:41'),
(3049, 76, 20, '2015-05-21 13:10:41'),
(3050, 74, 20, '2015-05-21 13:10:41'),
(3051, 72, 20, '2015-05-21 13:10:41'),
(3052, 83, 20, '2015-05-21 13:10:41'),
(3053, 78, 20, '2015-05-21 13:10:41'),
(3054, 21, 20, '2015-05-21 13:10:41'),
(3055, 63, 20, '2015-05-21 13:10:41'),
(3056, 64, 20, '2015-05-21 13:10:41'),
(3057, 61, 20, '2015-05-21 13:10:41'),
(3058, 89, 20, '2015-05-21 13:10:41'),
(3059, 66, 20, '2015-05-21 13:10:41'),
(3060, 68, 20, '2015-05-21 13:10:42'),
(3061, 69, 20, '2015-05-21 13:10:42'),
(3062, 90, 20, '2015-05-21 13:10:42'),
(3063, 67, 20, '2015-05-21 13:10:42'),
(3064, 70, 20, '2015-05-21 13:10:42'),
(3065, 65, 20, '2015-05-21 13:10:42'),
(3066, 88, 20, '2015-05-21 13:10:42'),
(3067, 80, 20, '2015-05-21 13:10:42'),
(3068, 50, 20, '2015-05-21 13:10:42'),
(3069, 44, 20, '2015-05-21 13:10:42'),
(3070, 38, 20, '2015-05-21 13:10:42'),
(3071, 34, 20, '2015-05-21 13:10:42'),
(3072, 42, 20, '2015-05-21 13:10:42'),
(3073, 46, 20, '2015-05-21 13:10:42'),
(3074, 28, 20, '2015-05-21 13:10:42'),
(3075, 35, 20, '2015-05-21 13:10:42'),
(3076, 91, 20, '2015-05-21 13:10:42'),
(3077, 49, 20, '2015-05-21 13:10:42'),
(3078, 36, 20, '2015-05-21 13:10:42'),
(3079, 32, 20, '2015-05-21 13:10:42'),
(3080, 33, 20, '2015-05-21 13:10:42'),
(3081, 43, 20, '2015-05-21 13:10:42'),
(3082, 45, 20, '2015-05-21 13:10:43'),
(3083, 25, 20, '2015-05-21 13:10:43');

-- --------------------------------------------------------

--
-- Table structure for table `s_privilege_control_main`
--

CREATE TABLE IF NOT EXISTS `s_privilege_control_main` (
`PRIVILEGE_CONTROL_ID` int(20) NOT NULL,
  `SUB_MODULE_ID` int(20) NOT NULL,
  `RECORD_DATE` timestamp NOT NULL DEFAULT CURRENT_TIMESTAMP ON UPDATE CURRENT_TIMESTAMP
) ENGINE=InnoDB  DEFAULT CHARSET=latin1 AUTO_INCREMENT=35 ;

--
-- Dumping data for table `s_privilege_control_main`
--

INSERT INTO `s_privilege_control_main` (`PRIVILEGE_CONTROL_ID`, `SUB_MODULE_ID`, `RECORD_DATE`) VALUES
(31, 1, '2013-05-19 04:14:38'),
(32, 6, '2013-05-19 04:14:38'),
(33, 5, '2013-05-19 04:14:38'),
(34, 4, '2013-05-19 04:14:38');

-- --------------------------------------------------------

--
-- Table structure for table `s_role`
--

CREATE TABLE IF NOT EXISTS `s_role` (
`ROLE_ID` int(20) NOT NULL,
  `ROLE_NAME` varchar(100) NOT NULL,
  `FORWARD_TO` int(20) NOT NULL
) ENGINE=InnoDB  DEFAULT CHARSET=latin1 AUTO_INCREMENT=18 ;

--
-- Dumping data for table `s_role`
--

INSERT INTO `s_role` (`ROLE_ID`, `ROLE_NAME`, `FORWARD_TO`) VALUES
(1, 'Officer', 0),
(17, 'Sr. Executive', 1);

-- --------------------------------------------------------

--
-- Table structure for table `s_service`
--

CREATE TABLE IF NOT EXISTS `s_service` (
`SERVICE_ID` int(20) NOT NULL,
  `SERVICE_NAME` varchar(1000) NOT NULL,
  `DESCRIPTION` varchar(2400) NOT NULL,
  `ORDER_NO` int(20) NOT NULL
) ENGINE=InnoDB  DEFAULT CHARSET=latin1 AUTO_INCREMENT=20 ;

--
-- Dumping data for table `s_service`
--

INSERT INTO `s_service` (`SERVICE_ID`, `SERVICE_NAME`, `DESCRIPTION`, `ORDER_NO`) VALUES
(1, 'Setup', 'System Initialization', 8),
(3, 'FNA Setup', 'FNA Setup', 2),
(5, 'Reports', 'Reports', 44),
(6, 'Project', '', 33),
(7, 'Objective/Purpose of This Tool', ' ', 2),
(8, 'Contact Information', ' ', 3),
(9, 'Home', ' ', 1),
(11, 'FNA Operations', ' FNA Operations', 4),
(12, 'FNA Transaction', ' Bill payment', 3),
(13, 'Feed Entry', ' Feed Entry', 5),
(14, 'Feed Report', ' Feed Mill Report', 45),
(15, 'Poultry Entry', ' Poultry Entry ', 6),
(16, 'Poultry Report', ' Poultry Report', 46),
(17, 'Hatchery Entry', ' Hatchery Entry', 7),
(18, 'Hatchery Report', ' ', 47),
(19, 'Group Report', ' ', 48);

-- --------------------------------------------------------

--
-- Table structure for table `s_service_main`
--

CREATE TABLE IF NOT EXISTS `s_service_main` (
`SERVICE_ID` int(20) NOT NULL,
  `SERVICE_NAME` varchar(1000) NOT NULL,
  `DESCRIPTION` varchar(2400) NOT NULL,
  `ORDER_NO` int(20) NOT NULL
) ENGINE=InnoDB DEFAULT CHARSET=latin1 AUTO_INCREMENT=1 ;

-- --------------------------------------------------------

--
-- Table structure for table `s_sub_module`
--

CREATE TABLE IF NOT EXISTS `s_sub_module` (
`SUB_MODULE_ID` int(20) NOT NULL,
  `MODULE_ID` int(20) NOT NULL,
  `SUB_MODULE_NAME` varchar(1000) NOT NULL,
  `DEFAULT_FILE` varchar(1000) NOT NULL,
  `DESCRIPTION` varchar(2400) NOT NULL,
  `ORDER_NO` int(10) NOT NULL
) ENGINE=InnoDB  DEFAULT CHARSET=latin1 AUTO_INCREMENT=92 ;

--
-- Dumping data for table `s_sub_module`
--

INSERT INTO `s_sub_module` (`SUB_MODULE_ID`, `MODULE_ID`, `SUB_MODULE_NAME`, `DEFAULT_FILE`, `DESCRIPTION`, `ORDER_NO`) VALUES
(1, 1, 'User Registration', 'UserRegistration.php', 'User Registration', 1),
(2, 2, 'Privilege Control', 'PrivilegeControl.php', 'Privilege Control', 3),
(3, 3, 'File Management', 'FileManagement.php', 'File Management', 2),
(5, 5, 'FNA File Management', 'ProjectFileManagement.php', 'FNA File Management', 1),
(6, 6, 'Package Information', 'packageInformation.php', 'Package', 1),
(7, 6, 'PQ Stage', 'pqStage.php', 'PQ Stage', 2),
(8, 6, 'Bidding Document Preparation Stage', 'biddingDPStage.php', 'Bidding Document Preparation Stage', 3),
(9, 7, 'APP Sample', 'appSimple.php', '', 1),
(10, 6, 'Bidding/Proposal Stage', 'biddingProposalStage.php', '', 4),
(11, 6, 'Bid/ Proposal Evaluation Stage', 'bidProposalEvaluationStage.php', '', 5),
(12, 6, 'Evaluation Report Approval Stage', 'evaluationReportApprovalStage.php', '', 6),
(13, 6, 'Contracting Stage', 'contractingStage.php', '', 7),
(14, 6, 'Contract Management Stage', 'contractManagementStage.php', '', 8),
(15, 6, 'Contract Concluding Stage ', 'contractConcludingStage.php', '', 9),
(16, 6, 'Others Information ', 'othersInformation.php', '', 10),
(17, 8, 'Third Primary Education Development Program PEDP, III', 'project.php', '', 1),
(18, 9, 'Objective/Purpose of This Tool', 'objective_purpose.php', ' ', 1),
(19, 10, 'Contact Information', 'contactInformation.php', ' ', 1),
(20, 7, 'Advance Search', 'Advancesearch.php', ' ', 2),
(21, 11, 'Home', 'index.php', ' ', 1),
(22, 12, 'FNA Entry Form', 'fnaEntryForm.php', ' ', 1),
(23, 14, 'Load Entry', 'fnaLoad.php', ' ', 1),
(24, 15, 'Unload Entry Form', 'fnaunLoad.php', ' Unload Entry Form', 2),
(25, 16, 'Received Number', 'reptReceiveNumber.php', ' ', 1),
(26, 17, 'Transfer Entry', 'fnaTransfer.php', ' Transfer', 3),
(27, 18, 'Palot Entry', 'fnaPalot.php', ' Palot Entry Form', 4),
(28, 19, 'Gate Pass', 'reptGatepass.php', ' Gate Pass', 3),
(29, 20, 'Labour Bill Payment', 'fnaLabourBillPayment.php', ' Labour Bill Payment', 1),
(30, 21, 'Receive Entry Form', 'fnaPartyPaymentReceive.php', ' Payment Receive', 2),
(31, 7, 'Pran Product Receive', 'reptFnaPranReceive.php', ' Product Receive', 5),
(32, 23, 'Pran Product delivery', 'reptFnaPranDelivery.php', ' Product delivery', 4),
(33, 22, 'Pran Product Receive', 'reptFnaPranReceive.php', ' Product Receieve', 5),
(34, 24, 'FNA Bill', 'reptFnaBill.php', ' FNA Bill', 2),
(35, 25, 'Labour Bill', 'reptLabourBill.php', ' Labour Bill', 6),
(36, 26, 'Party Wise Stock', 'reptFnaPartyStock.php', ' Party Stock', 7),
(37, 27, 'Expanse Entry Form', 'fnaExpanse.php', ' Expanse Entry Form', 5),
(38, 28, 'Expanse Individual', 'reptFnaExpanseIndividual.php', ' Expanse Head Wise', 8),
(39, 29, 'Loan Entry Form', 'fnaLoan.php', ' Loan Entry Form', 6),
(40, 30, 'Basta Entry Form', 'fnaBasta.php', ' Basta', 7),
(41, 31, 'Loan Payment Entry', 'fnaLoanPayment.php', ' Loan Payment', 3),
(42, 32, 'FNA Bill Sub Project Wise', 'reptFnaBillSubProj.php', ' FNA Bill Sub Prolect', 10),
(43, 33, 'Profit and Loss Report', 'ReptProfitLoss.php', ' Profit or loss', 11),
(44, 34, 'Expanse Head Wise Project', 'reptFnaExpansesSubProj.php', ' Project wise', 12),
(45, 35, 'Project Wise Profit & Loss', 'ReptProjectWiseProfitLoss.php', ' Project Wise profit & Loss', 13),
(46, 36, 'FNA Payment Receive', 'reptFnaPaymentRec.php', ' Payment Receive', 14),
(47, 37, 'Alu Load Entry', 'fnaLoadAlu.php', ' Alu Load', 8),
(48, 38, 'Alu Unload Entry', 'fnaAluUnload.php', ' Alu Unload', 9),
(49, 39, 'Party Wise Alu Stock', 'reptFnaAluPartyStock.php', ' Alu Stock', 15),
(50, 40, 'Alu Stock Report', 'ReptAluStock.php', ' Alu Stock', 16),
(51, 41, 'Purchase Raw Materials', 'feedPurchaseRawMat.php', ' ', 1),
(52, 42, 'Food Item Entry', 'feedFoodItem.php', ' Food', 2),
(53, 43, 'Recipe Entry', 'feedRecipi.php', ' Recipe', 3),
(54, 44, 'Production Entry', 'feedProduction.php', ' Production', 4),
(55, 45, 'Purchase Raw Materials', 'ReptFeedRawMatPurchase.php', ' Raw Materials Purchase', 1),
(56, 46, 'Raw Materials Stock', 'ReptFeedRawMatStock.php', ' Stock', 2),
(57, 47, 'Feed Production', 'ReptFeedProduction.php', ' Production', 3),
(58, 48, 'Raw Materials Use', 'ReptFeedRawMatUse.php', ' Raw Use', 4),
(59, 49, 'Feed Mill Finished Goods Stock', 'ReptFeedMillFinishStock.php', ' Finished goods', 5),
(60, 50, 'Recipe Report', 'ReptFeedRecipe.php', ' Recipe', 6),
(61, 51, 'Poultry Entry', 'PaultryEntry.php', ' Poultry', 1),
(62, 52, 'Profit Amount', 'feedProfitAmount.php', ' Profit', 5),
(63, 53, 'Egg Sell Entry', 'PalEggSell.php', ' Egg Sell', 2),
(64, 54, 'Murgi/Morog Sell Entry', 'PalMorogMurgiSell.php', ' Murgi/Morog Sell', 3),
(65, 55, 'Opening Batch', 'ReptPalOpenBatch.php', ' Opening Batch', 1),
(66, 56, 'Batch Wise Food distribution', 'ReptPalFoodDist.php', ' ', 2),
(67, 57, 'Medicine Distribution', 'ReptPalMedicineDist.php', ' ', 3),
(68, 58, 'Egg Production', 'ReptPalEggProd.php', ' ', 4),
(69, 59, 'Egg Sell', 'ReptPalEggSell.php', ' ', 5),
(70, 60, 'Murgi Morog sell', 'ReptPalMurMorSell.php', ' ', 6),
(71, 61, 'Hatchery Entry Form', 'HatcheryEntry.php', ' ', 1),
(72, 62, 'Hatchery Opening Egg', 'ReptHatchOpeningEgg.php', ' ', 1),
(73, 63, 'Cancel Egg', 'ReptHatchCancelEgg.php', ' ', 2),
(74, 64, 'Egg settings in Machine', 'ReptHatchEggSettings.php', ' ', 3),
(75, 65, 'Chicken Production', 'ReptHatchChickenProd.php', ' ', 4),
(76, 66, 'Chicken Stock Report', 'ReptHatchChickenStock.php', ' ', 5),
(77, 67, 'Chicken Sales Statement', 'ReptHatchChickenSalesState.php', ' ', 6),
(78, 68, 'Party Bill', 'reptHatchPartyBillRec.php', ' ', 7),
(79, 69, 'Profit or Loss Report', 'ReptFeedProfitLoss.php', ' ', 7),
(80, 70, 'Profit or Loss Report', 'ReptPoultryProfitLoss.php', ' ', 7),
(81, 71, 'Payment Entry form', 'fnaPartyPayment.php', ' ', 4),
(82, 72, 'Bank Transaction', 'fnaBankTransaction.php', ' ', 5),
(83, 73, 'Hatchery Profit or Loss', 'ReptHatcheryProfitLoss.php', ' ', 8),
(84, 74, 'Bank Transaction', 'ReptBankTransaction.php', ' ', 1),
(85, 75, 'Balance Sheet', 'ReptGroupBalanceSheet.php', ' ', 2),
(86, 76, 'Balance Sheet', 'ReptFeedBalanceSheet.php', ' ', 8),
(87, 77, 'Party Bill', 'reptFeedPartyBillRec.php', ' ', 9),
(88, 78, 'Party Bill', 'reptPoultryPartyBillRec.php', ' ', 8),
(89, 79, 'Batch Wise Balance Sheet', 'ReptPalBatchwiseBalance.php', ' ', 9),
(90, 80, 'Head Wise Expanse', 'reptPoultryHeadWiseExpanses.php', ' ', 10),
(91, 82, 'Party Statement Report', 'reptFnaPartyStatement.php', ' ', 16);

-- --------------------------------------------------------

--
-- Table structure for table `s_sub_module_main`
--

CREATE TABLE IF NOT EXISTS `s_sub_module_main` (
`SUB_MODULE_ID` int(20) NOT NULL,
  `MODULE_ID` int(20) NOT NULL,
  `SUB_MODULE_NAME` varchar(1000) NOT NULL,
  `DEFAULT_FILE` varchar(1000) NOT NULL,
  `DESCRIPTION` varchar(2400) NOT NULL,
  `ORDER_NO` int(10) NOT NULL
) ENGINE=InnoDB DEFAULT CHARSET=latin1 AUTO_INCREMENT=1 ;

-- --------------------------------------------------------

--
-- Table structure for table `s_user`
--

CREATE TABLE IF NOT EXISTS `s_user` (
`USER_ID` int(20) NOT NULL,
  `POSITION_ID` int(20) NOT NULL,
  `USER_NAME` varchar(100) NOT NULL,
  `EMAIL` varchar(100) NOT NULL,
  `psId` int(11) NOT NULL,
  `USER_STATUS` varchar(100) NOT NULL,
  `aId` int(11) NOT NULL
) ENGINE=InnoDB  DEFAULT CHARSET=latin1 AUTO_INCREMENT=21 ;

--
-- Dumping data for table `s_user`
--

INSERT INTO `s_user` (`USER_ID`, `POSITION_ID`, `USER_NAME`, `EMAIL`, `psId`, `USER_STATUS`, `aId`) VALUES
(1, 1, 'admin', 'euitsols.suprt@gmail.com', 1, 'active', 2),
(18, 4, 'PEDPIII_user1', 'PEDPIII_user1@gmail.com', 2, 'active', 2),
(19, 7, 'ADB_user', 'test@gmail.com', 3, 'active', 4),
(20, 4, 'FNA', 'fna@gmail.com', 0, 'active', 0);

-- --------------------------------------------------------

--
-- Table structure for table `s_user_role`
--

CREATE TABLE IF NOT EXISTS `s_user_role` (
`USER_ROLE_ID` int(20) NOT NULL,
  `ROLE_ID` int(20) NOT NULL,
  `USER_ID` int(20) NOT NULL
) ENGINE=InnoDB  DEFAULT CHARSET=latin1 AUTO_INCREMENT=30 ;

--
-- Dumping data for table `s_user_role`
--

INSERT INTO `s_user_role` (`USER_ROLE_ID`, `ROLE_ID`, `USER_ID`) VALUES
(1, 1, 1),
(27, 20, 18),
(28, 19, 19),
(29, 1, 20);

--
-- Indexes for dumped tables
--

--
-- Indexes for table `feed_finishedstock`
--
ALTER TABLE `feed_finishedstock`
 ADD PRIMARY KEY (`FINISHEDSTOCKID`);

--
-- Indexes for table `feed_fooditem`
--
ALTER TABLE `feed_fooditem`
 ADD PRIMARY KEY (`FOODID`);

--
-- Indexes for table `feed_production`
--
ALTER TABLE `feed_production`
 ADD PRIMARY KEY (`PRODUCTIONID`);

--
-- Indexes for table `feed_production_bkdn`
--
ALTER TABLE `feed_production_bkdn`
 ADD PRIMARY KEY (`PRODUCTIONBKDNID`);

--
-- Indexes for table `feed_profitamount`
--
ALTER TABLE `feed_profitamount`
 ADD PRIMARY KEY (`PAID`);

--
-- Indexes for table `feed_purchaserawmat`
--
ALTER TABLE `feed_purchaserawmat`
 ADD PRIMARY KEY (`PRMID`);

--
-- Indexes for table `feed_rawmatstock`
--
ALTER TABLE `feed_rawmatstock`
 ADD PRIMARY KEY (`RMSID`);

--
-- Indexes for table `feed_recipi`
--
ALTER TABLE `feed_recipi`
 ADD PRIMARY KEY (`RECIPIID`);

--
-- Indexes for table `feed_recipi_bkdn`
--
ALTER TABLE `feed_recipi_bkdn`
 ADD PRIMARY KEY (`RECIPIBKDNID`);

--
-- Indexes for table `fna_alustock`
--
ALTER TABLE `fna_alustock`
 ADD PRIMARY KEY (`ALUSID`);

--
-- Indexes for table `fna_balance`
--
ALTER TABLE `fna_balance`
 ADD PRIMARY KEY (`BALANCEID`);

--
-- Indexes for table `fna_bank`
--
ALTER TABLE `fna_bank`
 ADD PRIMARY KEY (`BANKID`);

--
-- Indexes for table `fna_bankaccount`
--
ALTER TABLE `fna_bankaccount`
 ADD PRIMARY KEY (`BANKACCOUNTID`);

--
-- Indexes for table `fna_banktransaction`
--
ALTER TABLE `fna_banktransaction`
 ADD PRIMARY KEY (`BTID`);

--
-- Indexes for table `fna_basta`
--
ALTER TABLE `fna_basta`
 ADD PRIMARY KEY (`BASTAID`);

--
-- Indexes for table `fna_bill`
--
ALTER TABLE `fna_bill`
 ADD PRIMARY KEY (`BID`);

--
-- Indexes for table `fna_branch`
--
ALTER TABLE `fna_branch`
 ADD PRIMARY KEY (`BRANCHID`);

--
-- Indexes for table `fna_chamber`
--
ALTER TABLE `fna_chamber`
 ADD PRIMARY KEY (`CHID`);

--
-- Indexes for table `fna_expanse`
--
ALTER TABLE `fna_expanse`
 ADD PRIMARY KEY (`EXPID`);

--
-- Indexes for table `fna_expense_head`
--
ALTER TABLE `fna_expense_head`
 ADD PRIMARY KEY (`EXPHID`);

--
-- Indexes for table `fna_expsubhead`
--
ALTER TABLE `fna_expsubhead`
 ADD PRIMARY KEY (`EXPSUBHID`);

--
-- Indexes for table `fna_labour`
--
ALTER TABLE `fna_labour`
 ADD PRIMARY KEY (`LABOURID`);

--
-- Indexes for table `fna_labourbill`
--
ALTER TABLE `fna_labourbill`
 ADD PRIMARY KEY (`LABOURBILLID`);

--
-- Indexes for table `fna_labourcontact`
--
ALTER TABLE `fna_labourcontact`
 ADD PRIMARY KEY (`LABCONTACTID`);

--
-- Indexes for table `fna_labourcontact_bkdn`
--
ALTER TABLE `fna_labourcontact_bkdn`
 ADD PRIMARY KEY (`LABCONTACTBKDNID`);

--
-- Indexes for table `fna_labourworkhistory`
--
ALTER TABLE `fna_labourworkhistory`
 ADD PRIMARY KEY (`LABWORKHISTID`);

--
-- Indexes for table `fna_loan`
--
ALTER TABLE `fna_loan`
 ADD PRIMARY KEY (`LOANID`);

--
-- Indexes for table `fna_loantype`
--
ALTER TABLE `fna_loantype`
 ADD PRIMARY KEY (`LOANTYPEID`);

--
-- Indexes for table `fna_packingname`
--
ALTER TABLE `fna_packingname`
 ADD PRIMARY KEY (`PACKINGNAMEID`), ADD UNIQUE KEY `PACKINGNAMEID` (`PACKINGNAMEID`);

--
-- Indexes for table `fna_packingunit`
--
ALTER TABLE `fna_packingunit`
 ADD PRIMARY KEY (`PACKINGUNITID`);

--
-- Indexes for table `fna_party`
--
ALTER TABLE `fna_party`
 ADD PRIMARY KEY (`PARTYID`);

--
-- Indexes for table `fna_partybill`
--
ALTER TABLE `fna_partybill`
 ADD PRIMARY KEY (`PARTYBILLID`);

--
-- Indexes for table `fna_product`
--
ALTER TABLE `fna_product`
 ADD PRIMARY KEY (`PRODUCTID`);

--
-- Indexes for table `fna_productcattype`
--
ALTER TABLE `fna_productcattype`
 ADD PRIMARY KEY (`PRODCATTYPEID`);

--
-- Indexes for table `fna_productfare`
--
ALTER TABLE `fna_productfare`
 ADD PRIMARY KEY (`PRODUCTFAREID`);

--
-- Indexes for table `fna_productloadunload`
--
ALTER TABLE `fna_productloadunload`
 ADD PRIMARY KEY (`PRODUCTLOADUNLOADID`);

--
-- Indexes for table `fna_productloadunloadbkdn`
--
ALTER TABLE `fna_productloadunloadbkdn`
 ADD PRIMARY KEY (`PRODUCTLOADUNLOADBKDNID`);

--
-- Indexes for table `fna_productstock`
--
ALTER TABLE `fna_productstock`
 ADD PRIMARY KEY (`PRODUCTSTOCKID`);

--
-- Indexes for table `fna_project`
--
ALTER TABLE `fna_project`
 ADD PRIMARY KEY (`PROJECTID`);

--
-- Indexes for table `fna_quantity`
--
ALTER TABLE `fna_quantity`
 ADD PRIMARY KEY (`QID`);

--
-- Indexes for table `fna_session`
--
ALTER TABLE `fna_session`
 ADD PRIMARY KEY (`SESSIONID`);

--
-- Indexes for table `fna_subproject`
--
ALTER TABLE `fna_subproject`
 ADD PRIMARY KEY (`SUBPROJECTID`);

--
-- Indexes for table `fna_weight`
--
ALTER TABLE `fna_weight`
 ADD PRIMARY KEY (`WTID`);

--
-- Indexes for table `hatch_chicken_production`
--
ALTER TABLE `hatch_chicken_production`
 ADD PRIMARY KEY (`CPID`);

--
-- Indexes for table `hatch_egg_settings_machine`
--
ALTER TABLE `hatch_egg_settings_machine`
 ADD PRIMARY KEY (`ESIMID`);

--
-- Indexes for table `hatch_opening_hatching_egg`
--
ALTER TABLE `hatch_opening_hatching_egg`
 ADD PRIMARY KEY (`OHEID`);

--
-- Indexes for table `hatch_vangaeggsell`
--
ALTER TABLE `hatch_vangaeggsell`
 ADD PRIMARY KEY (`VESID`);

--
-- Indexes for table `pal_batchopen`
--
ALTER TABLE `pal_batchopen`
 ADD PRIMARY KEY (`BOID`);

--
-- Indexes for table `pal_chicken_purchase`
--
ALTER TABLE `pal_chicken_purchase`
 ADD PRIMARY KEY (`PCPID`);

--
-- Indexes for table `pal_dailyoperation`
--
ALTER TABLE `pal_dailyoperation`
 ADD PRIMARY KEY (`DOID`);

--
-- Indexes for table `pal_egg_production`
--
ALTER TABLE `pal_egg_production`
 ADD PRIMARY KEY (`EPID`);

--
-- Indexes for table `pal_egg_sell`
--
ALTER TABLE `pal_egg_sell`
 ADD PRIMARY KEY (`ESID`);

--
-- Indexes for table `pal_fooddistribute`
--
ALTER TABLE `pal_fooddistribute`
 ADD PRIMARY KEY (`FDID`);

--
-- Indexes for table `pal_medicine`
--
ALTER TABLE `pal_medicine`
 ADD PRIMARY KEY (`MID`);

--
-- Indexes for table `pal_morog`
--
ALTER TABLE `pal_morog`
 ADD PRIMARY KEY (`MORID`);

--
-- Indexes for table `pal_morog_murgi_sell`
--
ALTER TABLE `pal_morog_murgi_sell`
 ADD PRIMARY KEY (`MMSID`);

--
-- Indexes for table `pal_murgi`
--
ALTER TABLE `pal_murgi`
 ADD PRIMARY KEY (`MURID`);

--
-- Indexes for table `pal_others_expanse`
--
ALTER TABLE `pal_others_expanse`
 ADD PRIMARY KEY (`POEXID`);

--
-- Indexes for table `pal_others_income`
--
ALTER TABLE `pal_others_income`
 ADD PRIMARY KEY (`POINID`);

--
-- Indexes for table `pal_others_income_expanse`
--
ALTER TABLE `pal_others_income_expanse`
 ADD PRIMARY KEY (`PINEXID`);

--
-- Indexes for table `pal_sellcategory`
--
ALTER TABLE `pal_sellcategory`
 ADD PRIMARY KEY (`SCID`);

--
-- Indexes for table `s_category`
--
ALTER TABLE `s_category`
 ADD PRIMARY KEY (`CATEGORY_ID`);

--
-- Indexes for table `s_default_role_privileage`
--
ALTER TABLE `s_default_role_privileage`
 ADD PRIMARY KEY (`DRP_ID`);

--
-- Indexes for table `s_module`
--
ALTER TABLE `s_module`
 ADD PRIMARY KEY (`MODULE_ID`);

--
-- Indexes for table `s_module_main`
--
ALTER TABLE `s_module_main`
 ADD PRIMARY KEY (`MODULE_ID`);

--
-- Indexes for table `s_operator`
--
ALTER TABLE `s_operator`
 ADD PRIMARY KEY (`OPERATOR_ID`);

--
-- Indexes for table `s_position`
--
ALTER TABLE `s_position`
 ADD PRIMARY KEY (`POSITION_ID`);

--
-- Indexes for table `s_privilege_control`
--
ALTER TABLE `s_privilege_control`
 ADD PRIMARY KEY (`PRIVILEGE_CONTROL_ID`);

--
-- Indexes for table `s_privilege_control_main`
--
ALTER TABLE `s_privilege_control_main`
 ADD PRIMARY KEY (`PRIVILEGE_CONTROL_ID`);

--
-- Indexes for table `s_role`
--
ALTER TABLE `s_role`
 ADD PRIMARY KEY (`ROLE_ID`);

--
-- Indexes for table `s_service`
--
ALTER TABLE `s_service`
 ADD PRIMARY KEY (`SERVICE_ID`);

--
-- Indexes for table `s_service_main`
--
ALTER TABLE `s_service_main`
 ADD PRIMARY KEY (`SERVICE_ID`);

--
-- Indexes for table `s_sub_module`
--
ALTER TABLE `s_sub_module`
 ADD PRIMARY KEY (`SUB_MODULE_ID`);

--
-- Indexes for table `s_sub_module_main`
--
ALTER TABLE `s_sub_module_main`
 ADD PRIMARY KEY (`SUB_MODULE_ID`);

--
-- Indexes for table `s_user`
--
ALTER TABLE `s_user`
 ADD PRIMARY KEY (`USER_ID`);

--
-- Indexes for table `s_user_role`
--
ALTER TABLE `s_user_role`
 ADD PRIMARY KEY (`USER_ROLE_ID`);

--
-- AUTO_INCREMENT for dumped tables
--

--
-- AUTO_INCREMENT for table `feed_finishedstock`
--
ALTER TABLE `feed_finishedstock`
MODIFY `FINISHEDSTOCKID` int(11) NOT NULL AUTO_INCREMENT,AUTO_INCREMENT=38;
--
-- AUTO_INCREMENT for table `feed_fooditem`
--
ALTER TABLE `feed_fooditem`
MODIFY `FOODID` int(11) NOT NULL AUTO_INCREMENT,AUTO_INCREMENT=9;
--
-- AUTO_INCREMENT for table `feed_production`
--
ALTER TABLE `feed_production`
MODIFY `PRODUCTIONID` int(11) NOT NULL AUTO_INCREMENT,AUTO_INCREMENT=15;
--
-- AUTO_INCREMENT for table `feed_production_bkdn`
--
ALTER TABLE `feed_production_bkdn`
MODIFY `PRODUCTIONBKDNID` int(11) NOT NULL AUTO_INCREMENT,AUTO_INCREMENT=208;
--
-- AUTO_INCREMENT for table `feed_profitamount`
--
ALTER TABLE `feed_profitamount`
MODIFY `PAID` int(11) NOT NULL AUTO_INCREMENT,AUTO_INCREMENT=11;
--
-- AUTO_INCREMENT for table `feed_purchaserawmat`
--
ALTER TABLE `feed_purchaserawmat`
MODIFY `PRMID` int(11) NOT NULL AUTO_INCREMENT,AUTO_INCREMENT=192;
--
-- AUTO_INCREMENT for table `feed_rawmatstock`
--
ALTER TABLE `feed_rawmatstock`
MODIFY `RMSID` int(11) NOT NULL AUTO_INCREMENT,AUTO_INCREMENT=405;
--
-- AUTO_INCREMENT for table `feed_recipi`
--
ALTER TABLE `feed_recipi`
MODIFY `RECIPIID` int(11) NOT NULL AUTO_INCREMENT,AUTO_INCREMENT=5;
--
-- AUTO_INCREMENT for table `feed_recipi_bkdn`
--
ALTER TABLE `feed_recipi_bkdn`
MODIFY `RECIPIBKDNID` int(11) NOT NULL AUTO_INCREMENT,AUTO_INCREMENT=60;
--
-- AUTO_INCREMENT for table `fna_alustock`
--
ALTER TABLE `fna_alustock`
MODIFY `ALUSID` int(11) NOT NULL AUTO_INCREMENT;
--
-- AUTO_INCREMENT for table `fna_balance`
--
ALTER TABLE `fna_balance`
MODIFY `BALANCEID` int(11) NOT NULL AUTO_INCREMENT,AUTO_INCREMENT=70;
--
-- AUTO_INCREMENT for table `fna_bank`
--
ALTER TABLE `fna_bank`
MODIFY `BANKID` int(11) NOT NULL AUTO_INCREMENT;
--
-- AUTO_INCREMENT for table `fna_bankaccount`
--
ALTER TABLE `fna_bankaccount`
MODIFY `BANKACCOUNTID` int(11) NOT NULL AUTO_INCREMENT;
--
-- AUTO_INCREMENT for table `fna_banktransaction`
--
ALTER TABLE `fna_banktransaction`
MODIFY `BTID` int(11) NOT NULL AUTO_INCREMENT;
--
-- AUTO_INCREMENT for table `fna_basta`
--
ALTER TABLE `fna_basta`
MODIFY `BASTAID` int(11) NOT NULL AUTO_INCREMENT;
--
-- AUTO_INCREMENT for table `fna_bill`
--
ALTER TABLE `fna_bill`
MODIFY `BID` int(11) NOT NULL AUTO_INCREMENT;
--
-- AUTO_INCREMENT for table `fna_branch`
--
ALTER TABLE `fna_branch`
MODIFY `BRANCHID` int(11) NOT NULL AUTO_INCREMENT;
--
-- AUTO_INCREMENT for table `fna_chamber`
--
ALTER TABLE `fna_chamber`
MODIFY `CHID` int(11) NOT NULL AUTO_INCREMENT,AUTO_INCREMENT=7;
--
-- AUTO_INCREMENT for table `fna_expanse`
--
ALTER TABLE `fna_expanse`
MODIFY `EXPID` int(11) NOT NULL AUTO_INCREMENT,AUTO_INCREMENT=4;
--
-- AUTO_INCREMENT for table `fna_expense_head`
--
ALTER TABLE `fna_expense_head`
MODIFY `EXPHID` int(11) NOT NULL AUTO_INCREMENT,AUTO_INCREMENT=8;
--
-- AUTO_INCREMENT for table `fna_expsubhead`
--
ALTER TABLE `fna_expsubhead`
MODIFY `EXPSUBHID` int(11) NOT NULL AUTO_INCREMENT,AUTO_INCREMENT=15;
--
-- AUTO_INCREMENT for table `fna_labour`
--
ALTER TABLE `fna_labour`
MODIFY `LABOURID` int(10) NOT NULL AUTO_INCREMENT;
--
-- AUTO_INCREMENT for table `fna_labourbill`
--
ALTER TABLE `fna_labourbill`
MODIFY `LABOURBILLID` int(11) NOT NULL AUTO_INCREMENT;
--
-- AUTO_INCREMENT for table `fna_labourcontact`
--
ALTER TABLE `fna_labourcontact`
MODIFY `LABCONTACTID` int(11) NOT NULL AUTO_INCREMENT;
--
-- AUTO_INCREMENT for table `fna_labourcontact_bkdn`
--
ALTER TABLE `fna_labourcontact_bkdn`
MODIFY `LABCONTACTBKDNID` int(11) NOT NULL AUTO_INCREMENT;
--
-- AUTO_INCREMENT for table `fna_labourworkhistory`
--
ALTER TABLE `fna_labourworkhistory`
MODIFY `LABWORKHISTID` int(11) NOT NULL AUTO_INCREMENT;
--
-- AUTO_INCREMENT for table `fna_loan`
--
ALTER TABLE `fna_loan`
MODIFY `LOANID` int(11) NOT NULL AUTO_INCREMENT;
--
-- AUTO_INCREMENT for table `fna_loantype`
--
ALTER TABLE `fna_loantype`
MODIFY `LOANTYPEID` int(11) NOT NULL AUTO_INCREMENT,AUTO_INCREMENT=4;
--
-- AUTO_INCREMENT for table `fna_packingname`
--
ALTER TABLE `fna_packingname`
MODIFY `PACKINGNAMEID` int(11) NOT NULL AUTO_INCREMENT,AUTO_INCREMENT=7;
--
-- AUTO_INCREMENT for table `fna_packingunit`
--
ALTER TABLE `fna_packingunit`
MODIFY `PACKINGUNITID` int(11) NOT NULL AUTO_INCREMENT,AUTO_INCREMENT=24;
--
-- AUTO_INCREMENT for table `fna_party`
--
ALTER TABLE `fna_party`
MODIFY `PARTYID` int(11) NOT NULL AUTO_INCREMENT,AUTO_INCREMENT=60;
--
-- AUTO_INCREMENT for table `fna_partybill`
--
ALTER TABLE `fna_partybill`
MODIFY `PARTYBILLID` int(11) NOT NULL AUTO_INCREMENT,AUTO_INCREMENT=434;
--
-- AUTO_INCREMENT for table `fna_product`
--
ALTER TABLE `fna_product`
MODIFY `PRODUCTID` int(11) NOT NULL AUTO_INCREMENT,AUTO_INCREMENT=148;
--
-- AUTO_INCREMENT for table `fna_productcattype`
--
ALTER TABLE `fna_productcattype`
MODIFY `PRODCATTYPEID` int(11) NOT NULL AUTO_INCREMENT,AUTO_INCREMENT=12;
--
-- AUTO_INCREMENT for table `fna_productfare`
--
ALTER TABLE `fna_productfare`
MODIFY `PRODUCTFAREID` int(11) NOT NULL AUTO_INCREMENT,AUTO_INCREMENT=47;
--
-- AUTO_INCREMENT for table `fna_productloadunload`
--
ALTER TABLE `fna_productloadunload`
MODIFY `PRODUCTLOADUNLOADID` int(11) NOT NULL AUTO_INCREMENT;
--
-- AUTO_INCREMENT for table `fna_productloadunloadbkdn`
--
ALTER TABLE `fna_productloadunloadbkdn`
MODIFY `PRODUCTLOADUNLOADBKDNID` int(11) NOT NULL AUTO_INCREMENT;
--
-- AUTO_INCREMENT for table `fna_productstock`
--
ALTER TABLE `fna_productstock`
MODIFY `PRODUCTSTOCKID` int(11) NOT NULL AUTO_INCREMENT;
--
-- AUTO_INCREMENT for table `fna_project`
--
ALTER TABLE `fna_project`
MODIFY `PROJECTID` int(11) NOT NULL AUTO_INCREMENT,AUTO_INCREMENT=9;
--
-- AUTO_INCREMENT for table `fna_quantity`
--
ALTER TABLE `fna_quantity`
MODIFY `QID` int(11) NOT NULL AUTO_INCREMENT,AUTO_INCREMENT=20;
--
-- AUTO_INCREMENT for table `fna_session`
--
ALTER TABLE `fna_session`
MODIFY `SESSIONID` int(11) NOT NULL AUTO_INCREMENT;
--
-- AUTO_INCREMENT for table `fna_subproject`
--
ALTER TABLE `fna_subproject`
MODIFY `SUBPROJECTID` int(11) NOT NULL AUTO_INCREMENT,AUTO_INCREMENT=13;
--
-- AUTO_INCREMENT for table `fna_weight`
--
ALTER TABLE `fna_weight`
MODIFY `WTID` int(11) NOT NULL AUTO_INCREMENT,AUTO_INCREMENT=6;
--
-- AUTO_INCREMENT for table `hatch_chicken_production`
--
ALTER TABLE `hatch_chicken_production`
MODIFY `CPID` int(11) NOT NULL AUTO_INCREMENT,AUTO_INCREMENT=65;
--
-- AUTO_INCREMENT for table `hatch_egg_settings_machine`
--
ALTER TABLE `hatch_egg_settings_machine`
MODIFY `ESIMID` int(11) NOT NULL AUTO_INCREMENT,AUTO_INCREMENT=619;
--
-- AUTO_INCREMENT for table `hatch_opening_hatching_egg`
--
ALTER TABLE `hatch_opening_hatching_egg`
MODIFY `OHEID` int(11) NOT NULL AUTO_INCREMENT,AUTO_INCREMENT=23;
--
-- AUTO_INCREMENT for table `hatch_vangaeggsell`
--
ALTER TABLE `hatch_vangaeggsell`
MODIFY `VESID` int(11) NOT NULL AUTO_INCREMENT;
--
-- AUTO_INCREMENT for table `pal_batchopen`
--
ALTER TABLE `pal_batchopen`
MODIFY `BOID` int(11) NOT NULL AUTO_INCREMENT,AUTO_INCREMENT=14;
--
-- AUTO_INCREMENT for table `pal_chicken_purchase`
--
ALTER TABLE `pal_chicken_purchase`
MODIFY `PCPID` int(11) NOT NULL AUTO_INCREMENT;
--
-- AUTO_INCREMENT for table `pal_dailyoperation`
--
ALTER TABLE `pal_dailyoperation`
MODIFY `DOID` int(11) NOT NULL AUTO_INCREMENT,AUTO_INCREMENT=9;
--
-- AUTO_INCREMENT for table `pal_egg_production`
--
ALTER TABLE `pal_egg_production`
MODIFY `EPID` int(11) NOT NULL AUTO_INCREMENT,AUTO_INCREMENT=23;
--
-- AUTO_INCREMENT for table `pal_egg_sell`
--
ALTER TABLE `pal_egg_sell`
MODIFY `ESID` int(11) NOT NULL AUTO_INCREMENT,AUTO_INCREMENT=11;
--
-- AUTO_INCREMENT for table `pal_fooddistribute`
--
ALTER TABLE `pal_fooddistribute`
MODIFY `FDID` int(11) NOT NULL AUTO_INCREMENT,AUTO_INCREMENT=24;
--
-- AUTO_INCREMENT for table `pal_medicine`
--
ALTER TABLE `pal_medicine`
MODIFY `MID` int(11) NOT NULL AUTO_INCREMENT,AUTO_INCREMENT=7;
--
-- AUTO_INCREMENT for table `pal_morog`
--
ALTER TABLE `pal_morog`
MODIFY `MORID` int(11) NOT NULL AUTO_INCREMENT,AUTO_INCREMENT=8;
--
-- AUTO_INCREMENT for table `pal_morog_murgi_sell`
--
ALTER TABLE `pal_morog_murgi_sell`
MODIFY `MMSID` int(11) NOT NULL AUTO_INCREMENT;
--
-- AUTO_INCREMENT for table `pal_murgi`
--
ALTER TABLE `pal_murgi`
MODIFY `MURID` int(11) NOT NULL AUTO_INCREMENT,AUTO_INCREMENT=8;
--
-- AUTO_INCREMENT for table `pal_others_expanse`
--
ALTER TABLE `pal_others_expanse`
MODIFY `POEXID` int(11) NOT NULL AUTO_INCREMENT,AUTO_INCREMENT=5;
--
-- AUTO_INCREMENT for table `pal_others_income`
--
ALTER TABLE `pal_others_income`
MODIFY `POINID` int(11) NOT NULL AUTO_INCREMENT,AUTO_INCREMENT=9;
--
-- AUTO_INCREMENT for table `pal_others_income_expanse`
--
ALTER TABLE `pal_others_income_expanse`
MODIFY `PINEXID` int(11) NOT NULL AUTO_INCREMENT,AUTO_INCREMENT=43;
--
-- AUTO_INCREMENT for table `pal_sellcategory`
--
ALTER TABLE `pal_sellcategory`
MODIFY `SCID` int(11) NOT NULL AUTO_INCREMENT,AUTO_INCREMENT=5;
--
-- AUTO_INCREMENT for table `s_category`
--
ALTER TABLE `s_category`
MODIFY `CATEGORY_ID` int(20) NOT NULL AUTO_INCREMENT,AUTO_INCREMENT=13;
--
-- AUTO_INCREMENT for table `s_default_role_privileage`
--
ALTER TABLE `s_default_role_privileage`
MODIFY `DRP_ID` int(20) NOT NULL AUTO_INCREMENT,AUTO_INCREMENT=42;
--
-- AUTO_INCREMENT for table `s_module`
--
ALTER TABLE `s_module`
MODIFY `MODULE_ID` int(20) NOT NULL AUTO_INCREMENT,AUTO_INCREMENT=83;
--
-- AUTO_INCREMENT for table `s_module_main`
--
ALTER TABLE `s_module_main`
MODIFY `MODULE_ID` int(20) NOT NULL AUTO_INCREMENT;
--
-- AUTO_INCREMENT for table `s_operator`
--
ALTER TABLE `s_operator`
MODIFY `OPERATOR_ID` int(20) NOT NULL AUTO_INCREMENT,AUTO_INCREMENT=22;
--
-- AUTO_INCREMENT for table `s_position`
--
ALTER TABLE `s_position`
MODIFY `POSITION_ID` int(20) NOT NULL AUTO_INCREMENT,AUTO_INCREMENT=8;
--
-- AUTO_INCREMENT for table `s_privilege_control`
--
ALTER TABLE `s_privilege_control`
MODIFY `PRIVILEGE_CONTROL_ID` int(20) NOT NULL AUTO_INCREMENT,AUTO_INCREMENT=3084;
--
-- AUTO_INCREMENT for table `s_privilege_control_main`
--
ALTER TABLE `s_privilege_control_main`
MODIFY `PRIVILEGE_CONTROL_ID` int(20) NOT NULL AUTO_INCREMENT,AUTO_INCREMENT=35;
--
-- AUTO_INCREMENT for table `s_role`
--
ALTER TABLE `s_role`
MODIFY `ROLE_ID` int(20) NOT NULL AUTO_INCREMENT,AUTO_INCREMENT=18;
--
-- AUTO_INCREMENT for table `s_service`
--
ALTER TABLE `s_service`
MODIFY `SERVICE_ID` int(20) NOT NULL AUTO_INCREMENT,AUTO_INCREMENT=20;
--
-- AUTO_INCREMENT for table `s_service_main`
--
ALTER TABLE `s_service_main`
MODIFY `SERVICE_ID` int(20) NOT NULL AUTO_INCREMENT;
--
-- AUTO_INCREMENT for table `s_sub_module`
--
ALTER TABLE `s_sub_module`
MODIFY `SUB_MODULE_ID` int(20) NOT NULL AUTO_INCREMENT,AUTO_INCREMENT=92;
--
-- AUTO_INCREMENT for table `s_sub_module_main`
--
ALTER TABLE `s_sub_module_main`
MODIFY `SUB_MODULE_ID` int(20) NOT NULL AUTO_INCREMENT;
--
-- AUTO_INCREMENT for table `s_user`
--
ALTER TABLE `s_user`
MODIFY `USER_ID` int(20) NOT NULL AUTO_INCREMENT,AUTO_INCREMENT=21;
--
-- AUTO_INCREMENT for table `s_user_role`
--
ALTER TABLE `s_user_role`
MODIFY `USER_ROLE_ID` int(20) NOT NULL AUTO_INCREMENT,AUTO_INCREMENT=30;
/*!40101 SET CHARACTER_SET_CLIENT=@OLD_CHARACTER_SET_CLIENT */;
/*!40101 SET CHARACTER_SET_RESULTS=@OLD_CHARACTER_SET_RESULTS */;
/*!40101 SET COLLATION_CONNECTION=@OLD_COLLATION_CONNECTION */;
