-- phpMyAdmin SQL Dump
-- version 4.0.10.7
-- http://www.phpmyadmin.net
--
-- Host: localhost
-- Generation Time: Nov 03, 2015 at 11:38 AM
-- Server version: 5.5.39-36.0-log
-- PHP Version: 5.4.31

SET SQL_MODE = "NO_AUTO_VALUE_ON_ZERO";
SET time_zone = "+00:00";


/*!40101 SET @OLD_CHARACTER_SET_CLIENT=@@CHARACTER_SET_CLIENT */;
/*!40101 SET @OLD_CHARACTER_SET_RESULTS=@@CHARACTER_SET_RESULTS */;
/*!40101 SET @OLD_COLLATION_CONNECTION=@@COLLATION_CONNECTION */;
/*!40101 SET NAMES utf8 */;

--
-- Database: `ddhomesb_fna`
--

-- --------------------------------------------------------

--
-- Table structure for table `feed_finishedstock`
--

CREATE TABLE IF NOT EXISTS `feed_finishedstock` (
  `FINISHEDSTOCKID` int(11) NOT NULL AUTO_INCREMENT,
  `PARTYID` int(11) NOT NULL,
  `PROJECTID` int(11) NOT NULL,
  `SUBPROJECTID` int(11) NOT NULL,
  `PRODUCTIONID` int(11) NOT NULL,
  `FDID` int(11) NOT NULL,
  `FOODID` int(11) NOT NULL,
  `QUANTITY` double NOT NULL,
  `FOODTOTQNTY` double NOT NULL,
  `AMOUNT` double NOT NULL,
  `TOTAMOUNT` double NOT NULL,
  `AVGPRICE` double NOT NULL,
  `SELLAVGPRICE` double NOT NULL,
  `FOODFLAG` int(11) NOT NULL,
  `WORKFLAG` varchar(20) NOT NULL,
  `USERID` int(11) NOT NULL,
  `STATUS` varchar(50) NOT NULL,
  `FLAG` int(11) NOT NULL,
  `ENTDATE` date NOT NULL,
  `ENTTIME` varchar(100) NOT NULL,
  PRIMARY KEY (`FINISHEDSTOCKID`)
) ENGINE=InnoDB  DEFAULT CHARSET=latin1 AUTO_INCREMENT=47 ;

--
-- Dumping data for table `feed_finishedstock`
--

INSERT INTO `feed_finishedstock` (`FINISHEDSTOCKID`, `PARTYID`, `PROJECTID`, `SUBPROJECTID`, `PRODUCTIONID`, `FDID`, `FOODID`, `QUANTITY`, `FOODTOTQNTY`, `AMOUNT`, `TOTAMOUNT`, `AVGPRICE`, `SELLAVGPRICE`, `FOODFLAG`, `WORKFLAG`, `USERID`, `STATUS`, `FLAG`, `ENTDATE`, `ENTTIME`) VALUES
(1, 0, 2, 6, 1, 1, 6, 1410, 1410, 39499.95, 39499.95, 28.0141489361, 34.0141489361, 1, 'In', 21, 'In', 1, '2015-08-01', ''),
(2, 0, 2, 6, 2, 2, 8, 1140, 1140, 33739.46, 33739.46, 29.5960175438, 34.5960175438, 1, 'In', 21, 'In', 2, '2015-08-01', ''),
(3, 0, 2, 6, 3, 3, 6, 5000, 269923, 7546518, 7546518, 27.958, 34.958, 2, 'Out', 21, 'Out', 3, '2015-08-01', ''),
(4, 2, 2, 6, 0, 0, 6, 220, 269703, 7690.7599, 7538827.2401, 27.958, 34.958, 3, 'Out', 21, 'Out', 4, '2015-08-01', '09:44:53 AM'),
(5, 2, 2, 6, 0, 0, 6, 250, 269453, 8739.5, 7530087.7401, 27.958, 34.958, 4, 'Out', 20, 'Active', 0, '2015-08-01', '10:06:51 AM'),
(6, 2, 2, 6, 0, 0, 8, 380, 760, 13906.4866, 19832.9734, 29.5960175438, 36.5960175438, 2, 'Out', 20, 'Active', 0, '2015-08-01', '10:07:48 AM'),
(7, 0, 2, 6, 1, 0, 9, 20, 20, 310.00011900154, 310.00011900154, 15.500005950077, 0, 1, 'In', 20, 'Active', 0, '2015-08-02', '07:35:07 AM'),
(8, 2, 2, 6, 0, 0, 9, 20, 0, 449.9997, -139.99958099846, 15.500005950077, 22.500005950077, 2, 'Out', 20, 'Active', 0, '2015-08-02', '07:37:30 AM'),
(9, 2, 2, 6, 0, 0, 6, 220, 269233, 7690.7599, 7522396.9802, 27.958, 34.958, 5, 'Out', 20, 'Active', 0, '2015-08-02', '07:40:08 AM'),
(10, 2, 2, 6, 0, 0, 6, 250, 268983, 8739.5, 7513657.4802, 27.958, 34.958, 6, 'Out', 20, 'Active', 0, '2015-08-02', '07:40:55 AM'),
(11, 2, 2, 6, 0, 0, 8, 380, 380, 13906.4867, 5926.4867, 29.5960175438, 36.5960175438, 3, 'Out', 20, 'Active', 0, '2015-08-02', '07:42:45 AM'),
(12, 2, 2, 6, 0, 0, 6, 220, 268763, 7690.7599, 7505966.7203, 27.958, 34.958, 7, 'Out', 20, 'Active', 0, '2015-08-03', '10:29:48 AM'),
(13, 2, 2, 6, 0, 0, 6, 250, 268513, 8739.5, 7497227.2203, 27.958, 34.958, 8, 'Out', 20, 'Active', 0, '2015-08-03', '10:30:50 AM'),
(14, 2, 2, 6, 0, 0, 8, 380, 0, 13906.4867, -7980, 29.5960175438, 36.5960175438, 4, 'Out', 20, 'Active', 0, '2015-08-03', '10:31:47 AM'),
(15, 0, 2, 6, 2, 0, 9, 20, 20, 310.6299695322, 170.63038853374, 8.531519426687, 0, 3, 'In', 20, 'Active', 0, '2015-08-03', '10:33:02 AM'),
(16, 2, 2, 6, 0, 0, 9, 20, 0, 310.6304, -140.00001146626, 8.531519426687, 15.531519426687, 4, 'Out', 20, 'Active', 0, '2015-08-03', '10:33:43 AM'),
(17, 2, 2, 6, 0, 0, 6, 220, 268293, 7690.76, 7489536.4603, 27.958, 34.958, 9, 'Out', 20, 'Active', 0, '2015-08-04', '06:34:49 AM'),
(18, 2, 2, 6, 0, 0, 6, 250, 268043, 8739.5, 7480796.9603, 27.958, 34.958, 10, 'Out', 20, 'Active', 0, '2015-08-04', '06:44:44 AM'),
(19, 0, 2, 6, 3, 0, 6, 1880, 269923, 52189.469971242, 7532986.4302712, 27.907908663846, 0, 11, 'In', 20, 'Active', 0, '2015-08-04', '07:24:56 AM'),
(20, 0, 2, 6, 4, 0, 8, 1520, 1520, 44659.187160002, 36679.187160002, 24.131044184212, 0, 5, 'In', 20, 'Active', 0, '2015-08-04', '07:25:20 AM'),
(21, 2, 2, 6, 0, 0, 8, 380, 1140, 11829.7968, 24849.390360002, 24.131044184212, 31.131044184212, 6, 'Out', 20, 'Active', 0, '2015-08-04', '07:27:21 AM'),
(22, 0, 2, 6, 5, 0, 10, 60, 60, 1783.6096430524, 1783.6096430524, 29.726827384207, 0, 1, 'In', 20, 'Active', 0, '2015-08-04', '07:40:45 AM'),
(23, 2, 2, 6, 0, 0, 10, 15, 45, 550.9024, 1232.7072430524, 29.726827384207, 36.726827384207, 2, 'Out', 20, 'Active', 0, '2015-08-04', '07:48:52 AM'),
(24, 2, 2, 6, 0, 0, 6, 220, 269703, 7679.7399, 7525306.6903712, 27.907908663846, 34.907908663846, 12, 'Out', 20, 'Active', 0, '2015-08-05', '01:16:24 AM'),
(25, 2, 2, 6, 0, 0, 6, 250, 269453, 8726.9772, 7516579.7131712, 27.907908663846, 34.907908663846, 13, 'Out', 20, 'Active', 0, '2015-08-05', '08:30:55 AM'),
(26, 2, 2, 6, 0, 0, 8, 380, 760, 11829.7968, 13019.593560002, 24.131044184212, 31.131044184212, 7, 'Out', 20, 'Active', 0, '2015-08-05', '08:36:32 AM'),
(27, 2, 2, 6, 0, 0, 10, 15, 30, 550.9023, 681.8049430524, 29.726827384207, 36.726827384207, 3, 'Out', 20, 'Active', 0, '2015-08-05', '08:40:46 AM'),
(28, 2, 2, 6, 0, 0, 6, 220, 269233, 7679.7399, 7508899.9732712, 27.907908663846, 34.907908663846, 14, 'Out', 20, 'Active', 0, '2015-08-06', '02:15:48 AM'),
(29, 2, 2, 6, 0, 0, 6, 250, 268983, 8726.9772, 7500172.9960712, 27.907908663846, 34.907908663846, 15, 'Out', 20, 'Active', 0, '2015-08-06', '02:16:56 AM'),
(30, 2, 2, 6, 0, 0, 6, 380, 268603, 13265.0053, 7486907.9907712, 27.907908663846, 34.907908663846, 16, 'Out', 20, 'Active', 0, '2015-08-06', '02:18:16 AM'),
(31, 2, 2, 6, 0, 0, 10, 20, 10, 734.5365, -52.7315569476, 29.726827384207, 36.726827384207, 4, 'Out', 20, 'Active', 0, '2015-08-06', '02:19:37 AM'),
(32, 0, 2, 6, 6, 0, 9, 20, 20, 311.74935888504, 171.74934741878, 8.587467370939, 0, 5, 'In', 20, 'Active', 0, '2015-08-06', '05:21:08 AM'),
(33, 2, 2, 6, 0, 0, 6, 220, 268383, 7679.7399, 7479228.2508712, 27.907908663846, 34.907908663846, 17, 'Out', 20, 'Active', 0, '2015-08-07', '01:45:28 AM'),
(34, 2, 2, 6, 0, 0, 6, 250, 268133, 8726.9772, 7470501.2736712, 27.907908663846, 34.907908663846, 18, 'Out', 20, 'Active', 0, '2015-08-07', '01:46:32 AM'),
(35, 2, 2, 6, 0, 0, 8, 380, 380, 11829.7968, 1189.796760002, 24.131044184212, 31.131044184212, 8, 'Out', 20, 'Active', 0, '2015-08-07', '01:47:45 AM'),
(36, 2, 2, 6, 0, 0, 10, 10, 0, 367.2683, -419.9998569476, 29.726827384207, 36.726827384207, 5, 'Out', 20, 'Active', 0, '2015-08-07', '01:59:24 AM'),
(37, 2, 2, 6, 0, 0, 9, 20, 0, 311.7493, -139.99995258122, 8.587467370939, 15.587467370939, 6, 'Out', 20, 'Active', 0, '2015-08-06', '02:01:03 AM'),
(38, 0, 2, 6, 7, 0, 9, 20, 20, 311.74935888504, 171.74940630382, 8.587470315191, 0, 7, 'In', 20, 'Active', 0, '2015-08-07', '02:07:51 AM'),
(39, 2, 2, 6, 0, 0, 9, 20, 0, 311.7494, -139.99999369618, 8.587470315191, 15.587470315191, 8, 'Out', 20, 'Active', 0, '2015-08-07', '02:10:07 AM'),
(40, 2, 2, 6, 0, 0, 6, 215, 267918, 7505.2004, 7462996.0732712, 27.907908663846, 34.907908663846, 19, 'Out', 20, 'Active', 0, '2015-08-08', '01:35:29 AM'),
(41, 2, 2, 6, 0, 0, 6, 250, 267668, 8726.9772, 7454269.0960712, 27.907908663846, 34.907908663846, 20, 'Out', 20, 'Active', 0, '2015-08-08', '01:37:31 AM'),
(42, 0, 2, 6, 8, 0, 6, 1860, 269528, 51640.643627007, 7505909.7396982, 27.848348741868, 0, 21, 'In', 20, 'Active', 0, '2015-08-08', '04:10:33 AM'),
(43, 0, 2, 6, 9, 0, 8, 1600, 1980, 47015.383284104, 48205.180044106, 24.346050527326, 0, 9, 'In', 20, 'Active', 0, '2015-08-08', '04:13:56 AM'),
(44, 0, 2, 6, 10, 0, 10, 160, 160, 4756.8801069466, 4336.880249999, 27.105501562494, 0, 6, 'In', 20, 'Active', 0, '2015-08-08', '04:14:24 AM'),
(45, 2, 2, 6, 0, 0, 8, 400, 1580, 12538.4202, 35666.759844106, 24.346050527326, 31.346050527326, 10, 'Out', 20, 'Active', 0, '2015-08-08', '06:46:05 AM'),
(46, 2, 2, 6, 0, 0, 10, 40, 120, 1364.2201, 2972.660149999, 27.105501562494, 34.105501562494, 7, 'Out', 20, 'Active', 0, '2015-08-08', '06:47:52 AM');

-- --------------------------------------------------------

--
-- Table structure for table `feed_fooditem`
--

CREATE TABLE IF NOT EXISTS `feed_fooditem` (
  `FOODID` int(11) NOT NULL AUTO_INCREMENT,
  `PROJECTID` int(11) NOT NULL,
  `SUBPROJECTID` int(11) NOT NULL,
  `FOODNAME` varchar(100) NOT NULL,
  `DETAILS` text NOT NULL,
  `USERID` int(11) NOT NULL,
  `STATUS` varchar(50) NOT NULL,
  `FLAG` int(11) NOT NULL,
  `ENTDATE` date NOT NULL,
  `ENTTIME` varchar(50) NOT NULL,
  PRIMARY KEY (`FOODID`)
) ENGINE=InnoDB  DEFAULT CHARSET=latin1 AUTO_INCREMENT=11 ;

--
-- Dumping data for table `feed_fooditem`
--

INSERT INTO `feed_fooditem` (`FOODID`, `PROJECTID`, `SUBPROJECTID`, `FOODNAME`, `DETAILS`, `USERID`, `STATUS`, `FLAG`, `ENTDATE`, `ENTTIME`) VALUES
(5, 2, 6, 'Grower (18-24) Weeks', '', 20, 'Active', 0, '2015-02-22', '12:48:31 PM'),
(6, 2, 6, 'Layer (35-60) Weeks', '', 20, 'Active', 0, '2015-02-22', '12:49:09 PM'),
(7, 2, 6, 'Layer (60-75) Weeks', '', 20, 'Active', 0, '2015-02-22', '12:49:30 PM'),
(8, 2, 6, 'Grower (61-90) Days', '', 20, 'Active', 0, '2015-02-22', '12:49:53 PM'),
(9, 2, 6, 'Vutta', '', 20, 'Active', 0, '2015-10-09', '07:34:22 AM'),
(10, 2, 6, 'Stater (1-30)Days', '', 20, 'Active', 0, '2015-10-10', '07:32:22 AM');

-- --------------------------------------------------------

--
-- Table structure for table `feed_production`
--

CREATE TABLE IF NOT EXISTS `feed_production` (
  `PRODUCTIONID` int(11) NOT NULL AUTO_INCREMENT,
  `FOODID` int(11) NOT NULL,
  `PROJECTID` int(11) NOT NULL,
  `SUBPROJECTID` int(11) NOT NULL,
  `BATCHNO` varchar(20) NOT NULL,
  `VOUCHERNO` varchar(20) NOT NULL,
  `PRODUCTIONQNTY` double NOT NULL,
  `PRODUCTIONDATE` date NOT NULL,
  `PRODUCTIONCOST` double NOT NULL,
  `AVGPRICE` double NOT NULL,
  `USERID` int(11) NOT NULL,
  `STATUS` varchar(50) NOT NULL,
  `FLAG` int(11) NOT NULL,
  `ENTDATE` date NOT NULL,
  `ENTTIME` varchar(100) NOT NULL,
  PRIMARY KEY (`PRODUCTIONID`)
) ENGINE=InnoDB  DEFAULT CHARSET=latin1 AUTO_INCREMENT=11 ;

--
-- Dumping data for table `feed_production`
--

INSERT INTO `feed_production` (`PRODUCTIONID`, `FOODID`, `PROJECTID`, `SUBPROJECTID`, `BATCHNO`, `VOUCHERNO`, `PRODUCTIONQNTY`, `PRODUCTIONDATE`, `PRODUCTIONCOST`, `AVGPRICE`, `USERID`, `STATUS`, `FLAG`, `ENTDATE`, `ENTTIME`) VALUES
(1, 9, 2, 6, '', '', 20, '2015-08-02', 310.00011900154, 15.500005950077, 20, 'Active', 0, '2015-10-09', '07:35:07 AM'),
(2, 9, 2, 6, '', '', 20, '2015-08-03', 310.6299695322, 15.53149847661, 20, 'Active', 0, '2015-08-03', '10:33:02 AM'),
(3, 6, 2, 6, '', '', 1880, '2015-08-04', 52189.469971242, 27.760356367682, 20, 'Active', 0, '2015-10-10', '07:24:56 AM'),
(4, 8, 2, 6, '', '', 1520, '2015-08-04', 44659.187160002, 29.381044184212, 20, 'Active', 0, '2015-10-10', '07:25:20 AM'),
(5, 10, 2, 6, '', '', 60, '2015-08-04', 1783.6096430524, 29.726827384207, 20, 'Active', 0, '2015-10-10', '07:40:45 AM'),
(6, 9, 2, 6, '', '', 20, '2015-08-06', 311.74935888504, 15.587467944252, 20, 'Active', 0, '2015-10-19', '05:21:08 AM'),
(7, 9, 2, 6, '', '', 20, '2015-08-07', 311.74935888504, 15.587467944252, 20, 'Active', 0, '2015-10-24', '02:07:51 AM'),
(8, 6, 2, 6, '', '', 1860, '2015-08-08', 51640.643627007, 27.76378689624, 20, 'Active', 0, '2015-11-01', '04:10:33 AM'),
(9, 8, 2, 6, '', '', 1600, '2015-08-08', 47015.383284104, 29.384614552565, 20, 'Active', 0, '2015-11-01', '04:13:56 AM'),
(10, 10, 2, 6, '', '', 160, '2015-08-08', 4756.8801069466, 29.730500668416, 20, 'Active', 0, '2015-11-01', '04:14:24 AM');

-- --------------------------------------------------------

--
-- Table structure for table `feed_production_bkdn`
--

CREATE TABLE IF NOT EXISTS `feed_production_bkdn` (
  `PRODUCTIONBKDNID` int(11) NOT NULL AUTO_INCREMENT,
  `PRODUCTIONID` int(11) NOT NULL,
  `RECIPIID` int(11) NOT NULL,
  `RECIPIBKDNID` int(11) NOT NULL,
  `PROJECTID` int(11) NOT NULL,
  `SUBPROJECTID` int(11) NOT NULL,
  `PRODUCTID` int(11) NOT NULL,
  `QUANTITY` double NOT NULL,
  `WTID` int(11) NOT NULL,
  `PRICE` double NOT NULL,
  `USERID` int(11) NOT NULL,
  `STATUS` varchar(50) NOT NULL,
  `FLAG` int(11) NOT NULL,
  `ENTDATE` date NOT NULL,
  `ENTTIME` varchar(100) NOT NULL,
  PRIMARY KEY (`PRODUCTIONBKDNID`)
) ENGINE=InnoDB  DEFAULT CHARSET=latin1 AUTO_INCREMENT=89 ;

--
-- Dumping data for table `feed_production_bkdn`
--

INSERT INTO `feed_production_bkdn` (`PRODUCTIONBKDNID`, `PRODUCTIONID`, `RECIPIID`, `RECIPIBKDNID`, `PROJECTID`, `SUBPROJECTID`, `PRODUCTID`, `QUANTITY`, `WTID`, `PRICE`, `USERID`, `STATUS`, `FLAG`, `ENTDATE`, `ENTTIME`) VALUES
(1, 1, 5, 60, 2, 6, 83, 20, 1, 310.00011900154, 20, 'Active', 0, '2015-10-09', '07:35:07 AM'),
(2, 2, 5, 60, 2, 6, 83, 20, 1, 310.6299695322, 20, 'Active', 0, '2015-08-03', '10:33:02 AM'),
(3, 3, 3, 30, 2, 6, 83, 996.4, 1, 15524.903665963, 20, 'Active', 0, '2015-10-10', '07:24:56 AM'),
(4, 3, 3, 31, 2, 6, 84, 205.296, 1, 3284.741550148, 20, 'Active', 0, '2015-10-10', '07:24:56 AM'),
(5, 3, 3, 32, 2, 6, 85, 360.584, 1, 12164.828745003, 20, 'Active', 0, '2015-10-10', '07:24:56 AM'),
(6, 3, 3, 33, 2, 6, 86, 103.4, 1, 11839.33231654, 20, 'Active', 0, '2015-10-10', '07:24:56 AM'),
(7, 3, 3, 34, 2, 6, 87, 159.8, 1, 862.86023008481, 20, 'Active', 0, '2015-10-10', '07:24:56 AM'),
(8, 3, 3, 35, 2, 6, 88, 7.52, 1, 75.321978913218, 20, 'Active', 0, '2015-10-10', '07:24:56 AM'),
(9, 3, 3, 36, 2, 6, 92, 1.88, 1, 338.38783672509, 20, 'Active', 0, '2015-10-10', '07:24:56 AM'),
(10, 3, 3, 37, 2, 6, 93, 4.324, 1, 475.67246594442, 20, 'Active', 0, '2015-10-10', '07:24:56 AM'),
(11, 3, 3, 38, 2, 6, 94, 4.7, 1, 1033.914363802, 20, 'Active', 0, '2015-10-10', '07:24:56 AM'),
(12, 3, 3, 39, 2, 6, 99, 11.28, 1, 1861.1911833672, 20, 'Active', 0, '2015-10-10', '07:24:56 AM'),
(13, 3, 3, 40, 2, 6, 103, 18.8, 1, 1729.6102830576, 20, 'Active', 0, '2015-10-10', '07:24:56 AM'),
(14, 3, 3, 41, 2, 6, 104, 0.94, 1, 423.05286839145, 20, 'Active', 0, '2015-10-10', '07:24:56 AM'),
(15, 3, 3, 42, 2, 6, 105, 2.256, 1, 1015.2650519031, 20, 'Active', 0, '2015-10-10', '07:24:56 AM'),
(16, 3, 3, 43, 2, 6, 106, 0.94, 1, 244.27943197434, 20, 'Active', 0, '2015-10-10', '07:24:56 AM'),
(17, 3, 3, 44, 2, 6, 107, 1.88, 1, 1316.1079994255, 20, 'Active', 0, '2015-10-10', '07:24:56 AM'),
(18, 4, 1, 1, 2, 6, 83, 855.912, 1, 13335.960805441, 20, 'Active', 0, '2015-10-10', '07:25:20 AM'),
(19, 4, 1, 2, 2, 6, 84, 182.4, 1, 2918.4049311579, 20, 'Active', 0, '2015-10-10', '07:25:20 AM'),
(20, 4, 1, 3, 2, 6, 85, 307.648, 1, 10378.955343949, 20, 'Active', 0, '2015-10-10', '07:25:20 AM'),
(21, 4, 1, 4, 2, 6, 86, 106.4, 1, 12182.833254157, 20, 'Active', 0, '2015-10-10', '07:25:20 AM'),
(22, 4, 1, 5, 2, 6, 87, 30.4, 1, 164.14862950299, 20, 'Active', 0, '2015-10-10', '07:25:20 AM'),
(23, 4, 1, 6, 2, 6, 88, 7.6, 1, 76.123276561231, 20, 'Active', 0, '2015-10-10', '07:25:20 AM'),
(24, 4, 1, 7, 2, 6, 92, 1.52, 1, 273.59016586284, 20, 'Active', 0, '2015-10-10', '07:25:20 AM'),
(25, 4, 1, 8, 2, 6, 93, 3.8, 1, 418.02853158853, 20, 'Active', 0, '2015-10-10', '07:25:20 AM'),
(26, 4, 1, 9, 2, 6, 94, 3.8, 1, 835.93076222289, 20, 'Active', 0, '2015-10-10', '07:25:20 AM'),
(27, 4, 1, 10, 2, 6, 103, 15.2, 1, 1398.4083139614, 20, 'Active', 0, '2015-10-10', '07:25:20 AM'),
(28, 4, 1, 11, 2, 6, 104, 0.76, 1, 342.04274465692, 20, 'Active', 0, '2015-10-10', '07:25:20 AM'),
(29, 4, 1, 12, 2, 6, 105, 1.824, 1, 820.85259515571, 20, 'Active', 0, '2015-10-10', '07:25:20 AM'),
(30, 4, 1, 13, 2, 6, 106, 0.912, 1, 237.00302336234, 20, 'Active', 0, '2015-10-10', '07:25:20 AM'),
(31, 4, 1, 14, 2, 6, 107, 1.824, 1, 1276.9047824214, 20, 'Active', 0, '2015-10-10', '07:25:20 AM'),
(32, 5, 6, 61, 2, 6, 83, 34.74, 1, 541.28377494536, 20, 'Active', 0, '2015-10-10', '07:40:45 AM'),
(33, 5, 6, 62, 2, 6, 84, 6.042, 1, 96.672163344606, 20, 'Active', 0, '2015-10-10', '07:40:45 AM'),
(34, 5, 6, 63, 2, 6, 85, 13.17, 1, 444.30921663658, 20, 'Active', 0, '2015-10-10', '07:40:45 AM'),
(35, 5, 6, 64, 2, 6, 86, 4.5, 1, 515.25140642581, 20, 'Active', 0, '2015-10-10', '07:40:45 AM'),
(36, 5, 6, 65, 2, 6, 88, 0.3, 1, 3.0048661800486, 20, 'Active', 0, '2015-10-10', '07:40:45 AM'),
(37, 5, 6, 66, 2, 6, 89, 0.6, 1, 30, 20, 'Active', 0, '2015-10-10', '07:40:45 AM'),
(38, 5, 6, 67, 2, 6, 90, 0.072, 1, 54.063157894737, 20, 'Active', 0, '2015-10-10', '07:40:45 AM'),
(39, 5, 6, 68, 2, 6, 91, 0.036, 1, 11.699059561128, 20, 'Active', 0, '2015-10-10', '07:40:45 AM'),
(40, 5, 6, 69, 2, 6, 92, 0.06, 1, 10.799611810375, 20, 'Active', 0, '2015-10-10', '07:40:45 AM'),
(41, 5, 6, 70, 2, 6, 93, 0.15, 1, 16.501126246916, 20, 'Active', 0, '2015-10-10', '07:40:45 AM'),
(42, 5, 6, 71, 2, 6, 94, 0.15, 1, 32.997266929851, 20, 'Active', 0, '2015-10-10', '07:40:45 AM'),
(43, 5, 6, 72, 2, 6, 95, 0.15, 1, 23.195876288659, 20, 'Active', 0, '2015-10-10', '07:40:45 AM'),
(44, 5, 6, 73, 2, 6, 100, 0.03, 1, 3.8321167883211, 20, 'Active', 0, '2015-10-10', '07:40:45 AM'),
(45, 6, 5, 60, 2, 6, 83, 20, 1, 311.74935888504, 20, 'Active', 0, '2015-10-19', '05:21:08 AM'),
(46, 7, 5, 60, 2, 6, 83, 20, 1, 311.74935888504, 20, 'Active', 0, '2015-10-24', '02:07:51 AM'),
(47, 8, 3, 30, 2, 6, 83, 985.8, 1, 15366.125899444, 20, 'Active', 0, '2015-11-01', '04:10:33 AM'),
(48, 8, 3, 31, 2, 6, 84, 203.112, 1, 3249.7974911039, 20, 'Active', 0, '2015-11-01', '04:10:33 AM'),
(49, 8, 3, 32, 2, 6, 85, 356.748, 1, 12035.415673247, 20, 'Active', 0, '2015-11-01', '04:10:33 AM'),
(50, 8, 3, 33, 2, 6, 86, 102.3, 1, 11713.381972747, 20, 'Active', 0, '2015-11-01', '04:10:33 AM'),
(51, 8, 3, 34, 2, 6, 87, 158.1, 1, 853.68086593498, 20, 'Active', 0, '2015-11-01', '04:10:33 AM'),
(52, 8, 3, 35, 2, 6, 88, 7.44, 1, 74.520681265205, 20, 'Active', 0, '2015-11-01', '04:10:33 AM'),
(53, 8, 3, 36, 2, 6, 92, 1.86, 1, 334.78796612163, 20, 'Active', 0, '2015-11-01', '04:10:33 AM'),
(54, 8, 3, 37, 2, 6, 93, 4.278, 1, 470.61212056203, 20, 'Active', 0, '2015-11-01', '04:10:33 AM'),
(55, 8, 3, 38, 2, 6, 94, 4.65, 1, 1022.9152748254, 20, 'Active', 0, '2015-11-01', '04:10:33 AM'),
(56, 8, 3, 39, 2, 6, 99, 11.16, 1, 1841.3912771612, 20, 'Active', 0, '2015-11-01', '04:10:33 AM'),
(57, 8, 3, 40, 2, 6, 103, 18.6, 1, 1711.2101736633, 20, 'Active', 0, '2015-11-01', '04:10:33 AM'),
(58, 8, 3, 41, 2, 6, 104, 0.93, 1, 418.55230596176, 20, 'Active', 0, '2015-11-01', '04:10:33 AM'),
(59, 8, 3, 42, 2, 6, 105, 2.232, 1, 1004.4643598616, 20, 'Active', 0, '2015-11-01', '04:10:33 AM'),
(60, 8, 3, 43, 2, 6, 106, 0.93, 1, 241.68071461292, 20, 'Active', 0, '2015-11-01', '04:10:33 AM'),
(61, 8, 3, 44, 2, 6, 107, 1.86, 1, 1302.1068504955, 20, 'Active', 0, '2015-11-01', '04:10:33 AM'),
(62, 9, 1, 1, 2, 6, 83, 900.96, 1, 14043.685119053, 20, 'Active', 0, '2015-11-01', '04:13:56 AM'),
(63, 9, 1, 2, 2, 6, 84, 192, 1, 3072.0051906925, 20, 'Active', 0, '2015-11-01', '04:13:56 AM'),
(64, 9, 1, 3, 2, 6, 85, 323.84, 1, 10925.216151525, 20, 'Active', 0, '2015-11-01', '04:13:56 AM'),
(65, 9, 1, 4, 2, 6, 86, 112, 1, 12824.035004376, 20, 'Active', 0, '2015-11-01', '04:13:56 AM'),
(66, 9, 1, 5, 2, 6, 87, 32, 1, 172.78803105578, 20, 'Active', 0, '2015-11-01', '04:13:56 AM'),
(67, 9, 1, 6, 2, 6, 88, 8, 1, 80.01071452488, 20, 'Active', 0, '2015-11-01', '04:13:56 AM'),
(68, 9, 1, 7, 2, 6, 92, 1.6, 1, 287.98964827667, 20, 'Active', 0, '2015-11-01', '04:13:56 AM'),
(69, 9, 1, 8, 2, 6, 93, 4, 1, 440.03003325108, 20, 'Active', 0, '2015-11-01', '04:13:56 AM'),
(70, 9, 1, 9, 2, 6, 94, 4, 1, 879.92711812936, 20, 'Active', 0, '2015-11-01', '04:13:56 AM'),
(71, 9, 1, 10, 2, 6, 103, 16, 1, 1472.0087515384, 20, 'Active', 0, '2015-11-01', '04:13:56 AM'),
(72, 9, 1, 11, 2, 6, 104, 0.8, 1, 360.0449943757, 20, 'Active', 0, '2015-11-01', '04:13:56 AM'),
(73, 9, 1, 12, 2, 6, 105, 1.92, 1, 864.0553633218, 20, 'Active', 0, '2015-11-01', '04:13:56 AM'),
(74, 9, 1, 13, 2, 6, 106, 0.96, 1, 249.4768666972, 20, 'Active', 0, '2015-11-01', '04:13:56 AM'),
(75, 9, 1, 14, 2, 6, 107, 1.92, 1, 1344.1102972856, 20, 'Active', 0, '2015-11-01', '04:13:56 AM'),
(76, 10, 6, 61, 2, 6, 83, 92.64, 1, 1444.0230303555, 20, 'Active', 0, '2015-11-01', '04:14:24 AM'),
(77, 10, 6, 62, 2, 6, 84, 16.112, 1, 257.79243558562, 20, 'Active', 0, '2015-11-01', '04:14:24 AM'),
(78, 10, 6, 63, 2, 6, 85, 35.12, 1, 1184.8245776975, 20, 'Active', 0, '2015-11-01', '04:14:24 AM'),
(79, 10, 6, 64, 2, 6, 86, 12, 1, 1374.0037504688, 20, 'Active', 0, '2015-11-01', '04:14:24 AM'),
(80, 10, 6, 65, 2, 6, 88, 0.8, 1, 8.001071452488, 20, 'Active', 0, '2015-11-01', '04:14:24 AM'),
(81, 10, 6, 66, 2, 6, 89, 1.6, 1, 80, 20, 'Active', 0, '2015-11-01', '04:14:24 AM'),
(82, 10, 6, 67, 2, 6, 90, 0.192, 1, 144.16842105263, 20, 'Active', 0, '2015-11-01', '04:14:24 AM'),
(83, 10, 6, 68, 2, 6, 91, 0.096, 1, 31.197492163009, 20, 'Active', 0, '2015-11-01', '04:14:24 AM'),
(84, 10, 6, 69, 2, 6, 92, 0.16, 1, 28.798964827667, 20, 'Active', 0, '2015-11-01', '04:14:24 AM'),
(85, 10, 6, 70, 2, 6, 93, 0.4, 1, 44.003003325108, 20, 'Active', 0, '2015-11-01', '04:14:24 AM'),
(86, 10, 6, 71, 2, 6, 94, 0.4, 1, 87.992711812936, 20, 'Active', 0, '2015-11-01', '04:14:24 AM'),
(87, 10, 6, 72, 2, 6, 95, 0.4, 1, 61.855670103092, 20, 'Active', 0, '2015-11-01', '04:14:24 AM'),
(88, 10, 6, 73, 2, 6, 100, 0.08, 1, 10.21897810219, 20, 'Active', 0, '2015-11-01', '04:14:24 AM');

-- --------------------------------------------------------

--
-- Table structure for table `feed_profitamount`
--

CREATE TABLE IF NOT EXISTS `feed_profitamount` (
  `PAID` int(11) NOT NULL AUTO_INCREMENT,
  `RATE` double NOT NULL,
  `PROFITFLAG` int(11) NOT NULL,
  `OPENING_PADATE` date NOT NULL,
  `CLOSING_PADATE` date NOT NULL,
  `USERID` int(11) NOT NULL,
  `STATUS` varchar(50) NOT NULL,
  `FLAG` int(11) NOT NULL,
  `ENTDATE` date NOT NULL,
  `ENTTIME` varchar(50) NOT NULL,
  PRIMARY KEY (`PAID`)
) ENGINE=InnoDB  DEFAULT CHARSET=latin1 AUTO_INCREMENT=11 ;

--
-- Dumping data for table `feed_profitamount`
--

INSERT INTO `feed_profitamount` (`PAID`, `RATE`, `PROFITFLAG`, `OPENING_PADATE`, `CLOSING_PADATE`, `USERID`, `STATUS`, `FLAG`, `ENTDATE`, `ENTTIME`) VALUES
(9, 5, 1, '2014-12-26', '2015-08-01', 20, 'Active', 1, '2014-12-26', '10:11:06 AM'),
(10, 7, 2, '2015-08-01', '0000-00-00', 20, 'Active', 0, '2015-10-08', '09:43:19 AM');

-- --------------------------------------------------------

--
-- Table structure for table `feed_purchaserawmat`
--

CREATE TABLE IF NOT EXISTS `feed_purchaserawmat` (
  `PRMID` int(11) NOT NULL AUTO_INCREMENT,
  `PROJECTID` int(11) NOT NULL,
  `SUBPROJECTID` int(11) NOT NULL,
  `PARTYID` int(11) NOT NULL,
  `PRODCATTYPEID` int(11) NOT NULL,
  `PRODUCTID` int(11) NOT NULL,
  `INVOICENO` varchar(20) NOT NULL,
  `UNITPRICE` double NOT NULL,
  `QUANTITY` double NOT NULL,
  `WTID` int(11) NOT NULL,
  `AMOUNT` double NOT NULL,
  `PURCHASEDATE` date NOT NULL,
  `USERID` int(11) NOT NULL,
  `STATUS` varchar(20) NOT NULL,
  `FLAG` int(11) NOT NULL,
  `ENTDATE` date NOT NULL,
  `ENTTIME` varchar(50) NOT NULL,
  PRIMARY KEY (`PRMID`)
) ENGINE=InnoDB  DEFAULT CHARSET=latin1 AUTO_INCREMENT=79 ;

--
-- Dumping data for table `feed_purchaserawmat`
--

INSERT INTO `feed_purchaserawmat` (`PRMID`, `PROJECTID`, `SUBPROJECTID`, `PARTYID`, `PRODCATTYPEID`, `PRODUCTID`, `INVOICENO`, `UNITPRICE`, `QUANTITY`, `WTID`, `AMOUNT`, `PURCHASEDATE`, `USERID`, `STATUS`, `FLAG`, `ENTDATE`, `ENTTIME`) VALUES
(2, 2, 6, 676, 10, 83, '1', 15.5, 71427.65, 1, 1107129, '2015-08-01', 20, 'Active', 0, '2015-09-17', '12:49:52 PM'),
(3, 2, 6, 676, 10, 84, '1', 16, 3255.057, 1, 52081, '2015-08-01', 20, 'Active', 0, '2015-09-17', '12:49:52 PM'),
(4, 2, 6, 676, 10, 85, '1', 33.74, 8296.009, 1, 279878, '2015-08-01', 20, 'Active', 0, '2015-09-17', '12:49:52 PM'),
(5, 2, 6, 676, 10, 86, '1', 114.5, 999.875, 1, 114486, '2015-08-01', 20, 'Active', 0, '2015-09-17', '12:49:52 PM'),
(6, 2, 6, 676, 10, 87, '1', 5.4, 13234.25, 1, 71460, '2015-08-01', 20, 'Active', 0, '2015-09-17', '12:49:52 PM'),
(7, 2, 6, 676, 10, 88, '1', 10.09, 4.66, 1, 47, '2015-08-01', 20, 'Active', 0, '2015-09-17', '12:49:52 PM'),
(8, 2, 6, 676, 10, 89, '1', 50, 17.18, 1, 859, '2015-08-01', 20, 'Active', 0, '2015-09-17', '12:49:52 PM'),
(9, 2, 6, 676, 10, 90, '1', 750.88, 6.84, 1, 5136, '2015-08-01', 20, 'Active', 0, '2015-09-17', '12:49:52 PM'),
(10, 2, 6, 676, 10, 91, '1', 323.96, 0.957, 1, 311, '2015-08-01', 20, 'Active', 0, '2015-09-17', '12:49:52 PM'),
(11, 2, 6, 676, 10, 92, '1', 179.99, 68.008, 1, 12241, '2015-08-01', 20, 'Active', 0, '2015-09-17', '12:49:52 PM'),
(12, 2, 6, 676, 10, 93, '1', 110.01, 93.23, 1, 10256, '2015-08-01', 20, 'Active', 0, '2015-09-17', '12:49:52 PM'),
(13, 2, 6, 676, 10, 94, '1', 219.98, 65.86, 1, 14488, '2015-08-01', 20, 'Active', 0, '2015-09-17', '12:49:52 PM'),
(14, 2, 6, 676, 10, 95, '1', 154.64, 0.97, 1, 150, '2015-08-01', 20, 'Active', 0, '2015-09-17', '12:49:52 PM'),
(15, 2, 6, 676, 10, 97, '1', 467.86, 0.28, 1, 131, '2015-08-01', 20, 'Active', 0, '2015-09-17', '12:49:52 PM'),
(16, 2, 6, 676, 10, 99, '1', 165, 127.94, 1, 21110, '2015-08-01', 20, 'Active', 0, '2015-09-17', '12:49:52 PM'),
(17, 2, 6, 676, 10, 100, '1', 127.74, 2.74, 1, 350, '2015-08-01', 20, 'Active', 0, '2015-09-17', '12:49:52 PM'),
(18, 2, 6, 676, 10, 103, '1', 92.01, 15.65, 1, 1440, '2015-08-01', 20, 'Active', 0, '2015-09-17', '12:49:52 PM'),
(19, 2, 6, 676, 10, 104, '1', 450.06, 17.78, 1, 8002, '2015-08-01', 20, 'Active', 0, '2015-09-17', '12:49:52 PM'),
(20, 2, 6, 676, 10, 105, '1', 450.74, 4.04, 1, 1821, '2015-08-01', 20, 'Active', 0, '2015-09-17', '12:49:52 PM'),
(21, 2, 6, 676, 10, 106, '1', 259.87, 21.83, 1, 5673, '2015-08-01', 20, 'Active', 0, '2015-09-17', '12:49:52 PM'),
(22, 2, 6, 676, 10, 107, '1', 700.09, 44.63, 1, 31245, '2015-08-01', 20, 'Active', 0, '2015-09-17', '12:49:52 PM'),
(23, 5, 7, 694, 11, 108, '111', 1.38, 2000, 4, 2750, '2015-08-01', 20, 'Active', 0, '2015-10-03', '11:53:43 AM'),
(24, 5, 7, 694, 11, 109, '111', 3.65, 1150, 4, 4198, '2015-08-01', 20, 'Active', 0, '2015-10-03', '11:53:43 AM'),
(25, 5, 7, 694, 11, 110, '111', 1.3, 3200, 5, 4160, '2015-08-01', 20, 'Active', 0, '2015-10-03', '11:53:43 AM'),
(26, 5, 7, 694, 11, 111, '111', 0.66, 600, 4, 396, '2015-08-01', 20, 'Active', 0, '2015-10-03', '11:53:43 AM'),
(27, 5, 7, 694, 11, 112, '111', 0.75, 700, 4, 526, '2015-08-01', 20, 'Active', 0, '2015-10-03', '11:53:43 AM'),
(28, 5, 7, 694, 11, 113, '111', 0.57, 4000, 5, 2300, '2015-08-01', 20, 'Active', 0, '2015-10-03', '11:53:43 AM'),
(29, 5, 7, 694, 11, 114, '111', 2.33, 2650, 4, 6183, '2015-08-01', 20, 'Active', 0, '2015-10-03', '11:53:43 AM'),
(30, 5, 7, 694, 11, 116, '111', 1.9, 60, 4, 114, '2015-08-01', 20, 'Active', 0, '2015-10-03', '11:53:43 AM'),
(31, 5, 7, 694, 11, 117, '111', 0.85, 2600, 5, 2210, '2015-08-01', 20, 'Active', 0, '2015-10-03', '11:53:43 AM'),
(32, 5, 7, 694, 11, 118, '111', 0.65, 1850, 4, 1203, '2015-08-01', 20, 'Active', 0, '2015-10-03', '11:53:43 AM'),
(33, 5, 7, 694, 11, 121, '111', 0.92, 4000, 4, 3672, '2015-08-01', 20, 'Active', 0, '2015-10-03', '11:53:43 AM'),
(34, 5, 7, 694, 11, 122, '111', 0.5, 7000, 4, 3500, '2015-08-01', 20, 'Active', 0, '2015-10-03', '11:53:43 AM'),
(35, 5, 7, 694, 11, 123, '111', 0.2, 9800, 4, 1960, '2015-08-01', 20, 'Active', 0, '2015-10-03', '11:53:43 AM'),
(36, 5, 7, 694, 11, 125, '111', 2.64, 300, 4, 792, '2015-08-01', 20, 'Active', 0, '2015-10-03', '11:53:43 AM'),
(37, 5, 7, 694, 11, 127, '111', 1.34, 1750, 4, 2345, '2015-08-01', 20, 'Active', 0, '2015-10-03', '11:53:43 AM'),
(38, 5, 7, 694, 11, 128, '111', 0.87, 2790, 5, 2436, '2015-08-01', 20, 'Active', 0, '2015-10-03', '11:53:43 AM'),
(39, 5, 7, 694, 11, 129, '111', 0.65, 4000, 5, 2600, '2015-08-01', 20, 'Active', 0, '2015-10-03', '11:53:43 AM'),
(40, 5, 7, 694, 11, 130, '111', 0.15, 1000, 5, 155, '2015-08-01', 20, 'Active', 0, '2015-10-03', '11:53:43 AM'),
(41, 5, 7, 694, 11, 131, '111', 0.42, 100, 5, 42, '2015-08-01', 20, 'Active', 0, '2015-10-03', '11:53:43 AM'),
(42, 5, 7, 694, 11, 132, '111', 1.57, 400, 5, 628, '2015-08-01', 20, 'Active', 0, '2015-10-03', '11:53:43 AM'),
(43, 5, 7, 694, 11, 133, '111', 1.05, 560, 4, 587, '2015-08-01', 20, 'Active', 0, '2015-10-03', '11:53:43 AM'),
(44, 5, 7, 694, 11, 134, '111', 0.75, 290, 5, 218, '2015-08-01', 20, 'Active', 0, '2015-10-03', '11:53:43 AM'),
(45, 5, 7, 694, 11, 135, '111', 0.73, 7790, 5, 5648, '2015-08-01', 20, 'Active', 0, '2015-10-03', '11:53:43 AM'),
(46, 5, 7, 694, 11, 136, '111', 2.48, 200, 4, 495, '2015-08-01', 20, 'Active', 0, '2015-10-03', '11:53:43 AM'),
(47, 5, 7, 694, 11, 137, '111', 1.62, 4190, 4, 6775, '2015-08-01', 20, 'Active', 0, '2015-10-03', '11:53:43 AM'),
(48, 5, 7, 694, 11, 138, '111', 1.58, 550, 5, 871, '2015-08-01', 20, 'Active', 0, '2015-10-03', '11:53:43 AM'),
(49, 5, 7, 694, 11, 139, '111', 12.5, 100, 4, 1250, '2015-08-01', 20, 'Active', 0, '2015-10-03', '11:53:43 AM'),
(50, 5, 7, 694, 11, 140, '111', 0.99, 2150, 5, 2129, '2015-08-01', 20, 'Active', 0, '2015-10-03', '11:53:43 AM'),
(51, 5, 7, 694, 11, 141, '111', 2.46, 440, 5, 1082, '2015-08-01', 20, 'Active', 0, '2015-10-03', '11:53:43 AM'),
(52, 5, 7, 694, 11, 143, '111', 2.9, 2200, 4, 6387, '2015-08-01', 20, 'Active', 0, '2015-10-03', '11:53:43 AM'),
(53, 5, 7, 694, 11, 144, '111', 1.89, 200, 4, 377, '2015-08-01', 20, 'Active', 0, '2015-10-03', '11:53:43 AM'),
(54, 5, 7, 694, 11, 145, '111', 0.2, 4400, 5, 880, '2015-08-01', 20, 'Active', 0, '2015-10-03', '11:53:43 AM'),
(55, 5, 7, 694, 11, 146, '111', 1.5, 3200, 3, 4800, '2015-08-01', 20, 'Active', 0, '2015-10-03', '11:53:43 AM'),
(56, 5, 7, 694, 11, 166, '112', 1.52, 4600, 4, 7001, '2015-08-01', 20, 'Active', 0, '2015-10-03', '12:03:37 PM'),
(57, 5, 7, 694, 11, 167, '112', 0.28, 1800, 4, 504, '2015-08-01', 20, 'Active', 0, '2015-10-03', '12:03:37 PM'),
(58, 5, 7, 694, 11, 168, '112', 1.44, 2500, 4, 3600, '2015-08-01', 20, 'Active', 0, '2015-10-03', '12:03:37 PM'),
(59, 5, 7, 694, 11, 169, '112', 1.18, 2300, 5, 2703, '2015-08-01', 20, 'Active', 0, '2015-10-03', '12:03:37 PM'),
(60, 5, 7, 694, 11, 170, '112', 0.75, 1000, 5, 750, '2015-08-01', 20, 'Active', 0, '2015-10-03', '12:03:37 PM'),
(61, 5, 7, 694, 11, 171, '112', 4.75, 1100, 5, 5225, '2015-08-01', 20, 'Active', 0, '2015-10-03', '12:03:37 PM'),
(62, 5, 7, 694, 11, 172, '112', 1.6, 3820, 5, 6112, '2015-08-01', 20, 'Active', 0, '2015-10-03', '12:03:37 PM'),
(63, 5, 7, 694, 11, 173, '112', 0.2, 4000, 5, 800, '2015-08-01', 20, 'Active', 0, '2015-10-03', '12:03:37 PM'),
(64, 5, 7, 694, 11, 174, '112', 0.91, 820, 4, 746, '2015-08-01', 20, 'Active', 0, '2015-10-03', '12:03:37 PM'),
(65, 2, 6, 725, 10, 83, '8285', 16, 4800, 1, 76800, '2015-08-02', 20, 'Active', 0, '2015-10-09', '08:01:24 AM'),
(66, 2, 6, 729, 10, 83, '8323-1', 16, 9000, 1, 144000, '2015-08-03', 20, 'Active', 0, '2015-08-03', '11:06:46 AM'),
(67, 2, 6, 28, 10, 105, '8330-1', 450, 100, 1, 45000, '2015-08-03', 20, 'Active', 0, '2015-08-03', '11:09:28 AM'),
(68, 2, 6, 28, 10, 107, '8330-1', 700, 25, 1, 17500, '2015-08-03', 20, 'Active', 0, '2015-08-03', '11:09:28 AM'),
(69, 5, 7, 33, 11, 170, '8332-1', 1.88, 4000, 5, 7500, '2015-08-03', 20, 'Active', 0, '2015-08-03', '11:19:27 AM'),
(70, 2, 6, 733, 10, 88, '8339-1', 10, 20, 1, 200, '2015-08-04', 20, 'Active', 0, '2015-10-10', '07:21:54 AM'),
(71, 2, 6, 734, 10, 103, '8376-1', 92, 350, 1, 32200, '2015-08-04', 20, 'Active', 0, '2015-10-10', '07:24:13 AM'),
(72, 2, 6, 728, 10, 83, '8403-1', 16, 1307, 1, 20912, '2015-08-05', 20, 'Active', 0, '2015-10-11', '09:19:44 AM'),
(73, 5, 7, 737, 11, 185, '', 0.56, 6000, 5, 3360, '2015-08-05', 20, 'Active', 0, '2015-10-11', '09:41:49 AM'),
(74, 5, 7, 33, 11, 170, '8474', 2, 4000, 5, 8000, '2015-08-07', 20, 'Active', 0, '2015-10-26', '05:40:31 AM'),
(75, 5, 7, 33, 11, 170, '8474', 1.75, 4000, 5, 7000, '2015-08-07', 20, 'Active', 0, '2015-10-26', '05:40:31 AM'),
(76, 5, 7, 33, 11, 170, '8474', 2, 6000, 5, 12000, '2015-08-07', 20, 'Active', 0, '2015-10-26', '05:40:31 AM'),
(77, 5, 7, 33, 11, 185, '8474', 0.38, 14000, 5, 5330, '2015-08-07', 20, 'Active', 0, '2015-10-26', '05:40:31 AM'),
(78, 2, 6, 733, 10, 88, '8527-1', 10, 20, 1, 200, '2015-08-08', 20, 'Active', 0, '2015-11-01', '04:12:41 AM');

-- --------------------------------------------------------

--
-- Table structure for table `feed_rawmatstock`
--

CREATE TABLE IF NOT EXISTS `feed_rawmatstock` (
  `RMSID` int(11) NOT NULL AUTO_INCREMENT,
  `PRMID` int(11) NOT NULL,
  `PROJECTID` int(11) NOT NULL,
  `SUBPROJECTID` int(11) NOT NULL,
  `PARTYID` int(11) NOT NULL,
  `PRODCATTYPEID` int(11) NOT NULL,
  `PRODUCTID` int(11) NOT NULL,
  `QUANTITY` double NOT NULL,
  `TOTQNTY` double NOT NULL,
  `AMOUNT` double NOT NULL,
  `TOTAMOUNT` double NOT NULL,
  `UNITPRICE` double NOT NULL,
  `AVGPRICE` double NOT NULL,
  `PARTYTOTQNTY` double NOT NULL,
  `PARTYFLAG` int(11) NOT NULL,
  `PRODFLAG` int(11) NOT NULL,
  `WORKFLAG` varchar(20) NOT NULL,
  `USERID` int(11) NOT NULL,
  `STATUS` varchar(20) NOT NULL,
  `FLAG` int(11) NOT NULL,
  `ENTDATE` date NOT NULL,
  `ENTTIME` varchar(20) NOT NULL,
  PRIMARY KEY (`RMSID`)
) ENGINE=InnoDB  DEFAULT CHARSET=latin1 AUTO_INCREMENT=182 ;

--
-- Dumping data for table `feed_rawmatstock`
--

INSERT INTO `feed_rawmatstock` (`RMSID`, `PRMID`, `PROJECTID`, `SUBPROJECTID`, `PARTYID`, `PRODCATTYPEID`, `PRODUCTID`, `QUANTITY`, `TOTQNTY`, `AMOUNT`, `TOTAMOUNT`, `UNITPRICE`, `AVGPRICE`, `PARTYTOTQNTY`, `PARTYFLAG`, `PRODFLAG`, `WORKFLAG`, `USERID`, `STATUS`, `FLAG`, `ENTDATE`, `ENTTIME`) VALUES
(2, 2, 2, 6, 676, 10, 83, 71427.65, 71427.65, 1107129, 1107129, 15.5, 15.500005950077, 71427.65, 1, 1, 'In', 20, 'Active', 0, '2015-09-17', '12:49:52 PM'),
(3, 3, 2, 6, 676, 10, 84, 3255.057, 3255.057, 52081, 52081, 16, 16.000027034857, 3255.057, 2, 1, 'In', 20, 'Active', 0, '2015-09-17', '12:49:52 PM'),
(4, 4, 2, 6, 676, 10, 85, 8296.009, 8296.009, 279878, 279878, 33.74, 33.736462918495, 8296.009, 3, 1, 'In', 20, 'Active', 0, '2015-09-17', '12:49:52 PM'),
(5, 5, 2, 6, 676, 10, 86, 999.875, 999.875, 114486, 114486, 114.5, 114.50031253907, 999.875, 4, 1, 'In', 20, 'Active', 0, '2015-09-17', '12:49:52 PM'),
(6, 6, 2, 6, 676, 10, 87, 13234.25, 13234.25, 71460, 71460, 5.4, 5.3996259704932, 13234.25, 5, 1, 'In', 20, 'Active', 0, '2015-09-17', '12:49:52 PM'),
(7, 7, 2, 6, 676, 10, 88, 4.66, 4.66, 47, 47, 10.09, 10.085836909871, 4.66, 6, 1, 'In', 20, 'Active', 0, '2015-09-17', '12:49:52 PM'),
(8, 8, 2, 6, 676, 10, 89, 17.18, 17.18, 859, 859, 50, 50, 17.18, 7, 1, 'In', 20, 'Active', 0, '2015-09-17', '12:49:52 PM'),
(9, 9, 2, 6, 676, 10, 90, 6.84, 6.84, 5136, 5136, 750.88, 750.87719298246, 6.84, 8, 1, 'In', 20, 'Active', 0, '2015-09-17', '12:49:52 PM'),
(10, 10, 2, 6, 676, 10, 91, 0.957, 0.957, 311, 311, 323.96, 324.97387669801, 0.957, 9, 1, 'In', 20, 'Active', 0, '2015-09-17', '12:49:52 PM'),
(11, 11, 2, 6, 676, 10, 92, 68.008, 68.008, 12241, 12241, 179.99, 179.99353017292, 68.008, 10, 1, 'In', 20, 'Active', 0, '2015-09-17', '12:49:52 PM'),
(12, 12, 2, 6, 676, 10, 93, 93.23, 93.23, 10256, 10256, 110.01, 110.00750831277, 93.23, 11, 1, 'In', 20, 'Active', 0, '2015-09-17', '12:49:52 PM'),
(13, 13, 2, 6, 676, 10, 94, 65.86, 65.86, 14488, 14488, 219.98, 219.98177953234, 65.86, 12, 1, 'In', 20, 'Active', 0, '2015-09-17', '12:49:52 PM'),
(14, 14, 2, 6, 676, 10, 95, 0.97, 0.97, 150, 150, 154.64, 154.63917525773, 0.97, 13, 1, 'In', 20, 'Active', 0, '2015-09-17', '12:49:52 PM'),
(15, 15, 2, 6, 676, 10, 97, 0.28, 0.28, 131, 131, 467.86, 467.85714285714, 0.28, 14, 1, 'In', 20, 'Active', 0, '2015-09-17', '12:49:52 PM'),
(16, 16, 2, 6, 676, 10, 99, 127.94, 127.94, 21110, 21110, 165, 164.99921838362, 127.94, 15, 1, 'In', 20, 'Active', 0, '2015-09-17', '12:49:52 PM'),
(17, 17, 2, 6, 676, 10, 100, 2.74, 2.74, 350, 350, 127.74, 127.73722627737, 2.74, 16, 1, 'In', 20, 'Active', 0, '2015-09-17', '12:49:52 PM'),
(18, 18, 2, 6, 676, 10, 103, 15.65, 15.65, 1440, 1440, 92.01, 92.012779552716, 15.65, 17, 1, 'In', 20, 'Active', 0, '2015-09-17', '12:49:52 PM'),
(19, 19, 2, 6, 676, 10, 104, 17.78, 17.78, 8002, 8002, 450.06, 450.05624296963, 17.78, 18, 1, 'In', 20, 'Active', 0, '2015-09-17', '12:49:52 PM'),
(20, 20, 2, 6, 676, 10, 105, 4.04, 4.04, 1821, 1821, 450.74, 450.74257425743, 4.04, 19, 1, 'In', 20, 'Active', 0, '2015-09-17', '12:49:52 PM'),
(21, 21, 2, 6, 676, 10, 106, 21.83, 21.83, 5673, 5673, 259.87, 259.87173614292, 21.83, 20, 1, 'In', 20, 'Active', 0, '2015-09-17', '12:49:52 PM'),
(22, 22, 2, 6, 676, 10, 107, 44.63, 44.63, 31245, 31245, 700.09, 700.08962581223, 44.63, 21, 1, 'In', 20, 'Active', 0, '2015-09-17', '12:49:52 PM'),
(23, 23, 5, 7, 694, 11, 108, 2000, 2000, 2750, 2750, 1.38, 1.375, 2000, 1, 1, 'In', 20, 'Active', 0, '2015-10-03', '11:53:43 AM'),
(24, 24, 5, 7, 694, 11, 109, 1150, 1150, 4198, 4198, 3.65, 3.6504347826087, 1150, 2, 1, 'In', 20, 'Active', 0, '2015-10-03', '11:53:43 AM'),
(25, 25, 5, 7, 694, 11, 110, 3200, 3200, 4160, 4160, 1.3, 1.3, 3200, 3, 1, 'In', 20, 'Active', 0, '2015-10-03', '11:53:43 AM'),
(26, 26, 5, 7, 694, 11, 111, 600, 600, 396, 396, 0.66, 0.66, 600, 4, 1, 'In', 20, 'Active', 0, '2015-10-03', '11:53:43 AM'),
(27, 27, 5, 7, 694, 11, 112, 700, 700, 526, 526, 0.75, 0.75142857142857, 700, 5, 1, 'In', 20, 'Active', 0, '2015-10-03', '11:53:43 AM'),
(28, 28, 5, 7, 694, 11, 113, 4000, 4000, 2300, 2300, 0.57, 0.575, 4000, 6, 1, 'In', 20, 'Active', 0, '2015-10-03', '11:53:43 AM'),
(29, 29, 5, 7, 694, 11, 114, 2650, 2650, 6183, 6183, 2.33, 2.3332075471698, 2650, 7, 1, 'In', 20, 'Active', 0, '2015-10-03', '11:53:43 AM'),
(30, 30, 5, 7, 694, 11, 116, 60, 60, 114, 114, 1.9, 1.9, 60, 8, 1, 'In', 20, 'Active', 0, '2015-10-03', '11:53:43 AM'),
(31, 31, 5, 7, 694, 11, 117, 2600, 2600, 2210, 2210, 0.85, 0.85, 2600, 9, 1, 'In', 20, 'Active', 0, '2015-10-03', '11:53:43 AM'),
(32, 32, 5, 7, 694, 11, 118, 1850, 1850, 1203, 1203, 0.65, 0.65027027027027, 1850, 10, 1, 'In', 20, 'Active', 0, '2015-10-03', '11:53:43 AM'),
(33, 33, 5, 7, 694, 11, 121, 4000, 4000, 3672, 3672, 0.92, 0.918, 4000, 11, 1, 'In', 20, 'Active', 0, '2015-10-03', '11:53:43 AM'),
(34, 34, 5, 7, 694, 11, 122, 7000, 7000, 3500, 3500, 0.5, 0.5, 7000, 12, 1, 'In', 20, 'Active', 0, '2015-10-03', '11:53:43 AM'),
(35, 35, 5, 7, 694, 11, 123, 9800, 9800, 1960, 1960, 0.2, 0.2, 9800, 13, 1, 'In', 20, 'Active', 0, '2015-10-03', '11:53:43 AM'),
(36, 36, 5, 7, 694, 11, 125, 300, 300, 792, 792, 2.64, 2.64, 300, 14, 1, 'In', 20, 'Active', 0, '2015-10-03', '11:53:43 AM'),
(37, 37, 5, 7, 694, 11, 127, 1750, 1750, 2345, 2345, 1.34, 1.34, 1750, 15, 1, 'In', 20, 'Active', 0, '2015-10-03', '11:53:43 AM'),
(38, 38, 5, 7, 694, 11, 128, 2790, 2790, 2436, 2436, 0.87, 0.87311827956989, 2790, 16, 1, 'In', 20, 'Active', 0, '2015-10-03', '11:53:43 AM'),
(39, 39, 5, 7, 694, 11, 129, 4000, 4000, 2600, 2600, 0.65, 0.65, 4000, 17, 1, 'In', 20, 'Active', 0, '2015-10-03', '11:53:43 AM'),
(40, 40, 5, 7, 694, 11, 130, 1000, 1000, 155, 155, 0.15, 0.155, 1000, 18, 1, 'In', 20, 'Active', 0, '2015-10-03', '11:53:43 AM'),
(41, 41, 5, 7, 694, 11, 131, 100, 100, 42, 42, 0.42, 0.42, 100, 19, 1, 'In', 20, 'Active', 0, '2015-10-03', '11:53:43 AM'),
(42, 42, 5, 7, 694, 11, 132, 400, 400, 628, 628, 1.57, 1.57, 400, 20, 1, 'In', 20, 'Active', 0, '2015-10-03', '11:53:43 AM'),
(43, 43, 5, 7, 694, 11, 133, 560, 560, 587, 587, 1.05, 1.0482142857143, 560, 21, 1, 'In', 20, 'Active', 0, '2015-10-03', '11:53:43 AM'),
(44, 44, 5, 7, 694, 11, 134, 290, 290, 218, 218, 0.75, 0.75172413793103, 290, 22, 1, 'In', 20, 'Active', 0, '2015-10-03', '11:53:43 AM'),
(45, 45, 5, 7, 694, 11, 135, 7790, 7790, 5648, 5648, 0.73, 0.72503209242619, 7790, 23, 1, 'In', 20, 'Active', 0, '2015-10-03', '11:53:43 AM'),
(46, 46, 5, 7, 694, 11, 136, 200, 200, 495, 495, 2.48, 2.475, 200, 24, 1, 'In', 20, 'Active', 0, '2015-10-03', '11:53:43 AM'),
(47, 47, 5, 7, 694, 11, 137, 4190, 4190, 6775, 6775, 1.62, 1.6169451073986, 4190, 25, 1, 'In', 20, 'Active', 0, '2015-10-03', '11:53:43 AM'),
(48, 48, 5, 7, 694, 11, 138, 550, 550, 871, 871, 1.58, 1.5836363636364, 550, 26, 1, 'In', 20, 'Active', 0, '2015-10-03', '11:53:43 AM'),
(49, 49, 5, 7, 694, 11, 139, 100, 100, 1250, 1250, 12.5, 12.5, 100, 27, 1, 'In', 20, 'Active', 0, '2015-10-03', '11:53:43 AM'),
(50, 50, 5, 7, 694, 11, 140, 2150, 2150, 2129, 2129, 0.99, 0.99023255813953, 2150, 28, 1, 'In', 20, 'Active', 0, '2015-10-03', '11:53:43 AM'),
(51, 51, 5, 7, 694, 11, 141, 440, 440, 1082, 1082, 2.46, 2.4590909090909, 440, 29, 1, 'In', 20, 'Active', 0, '2015-10-03', '11:53:43 AM'),
(52, 52, 5, 7, 694, 11, 143, 2200, 2200, 6387, 6387, 2.9, 2.9031818181818, 2200, 30, 1, 'In', 20, 'Active', 0, '2015-10-03', '11:53:43 AM'),
(53, 53, 5, 7, 694, 11, 144, 200, 200, 377, 377, 1.89, 1.885, 200, 31, 1, 'In', 20, 'Active', 0, '2015-10-03', '11:53:43 AM'),
(54, 54, 5, 7, 694, 11, 145, 4400, 4400, 880, 880, 0.2, 0.2, 4400, 32, 1, 'In', 20, 'Active', 0, '2015-10-03', '11:53:43 AM'),
(55, 55, 5, 7, 694, 11, 146, 3200, 3200, 4800, 4800, 1.5, 1.5, 3200, 33, 1, 'In', 20, 'Active', 0, '2015-10-03', '11:53:43 AM'),
(56, 56, 5, 7, 694, 11, 166, 4600, 4600, 7001, 7001, 1.52, 1.5219565217391, 4600, 34, 1, 'In', 20, 'Active', 0, '2015-10-03', '12:03:37 PM'),
(57, 57, 5, 7, 694, 11, 167, 1800, 1800, 504, 504, 0.28, 0.28, 1800, 35, 1, 'In', 20, 'Active', 0, '2015-10-03', '12:03:37 PM'),
(58, 58, 5, 7, 694, 11, 168, 2500, 2500, 3600, 3600, 1.44, 1.44, 2500, 36, 1, 'In', 20, 'Active', 0, '2015-10-03', '12:03:37 PM'),
(59, 59, 5, 7, 694, 11, 169, 2300, 2300, 2703, 2703, 1.18, 1.1752173913043, 2300, 37, 1, 'In', 20, 'Active', 0, '2015-10-03', '12:03:37 PM'),
(60, 60, 5, 7, 694, 11, 170, 1000, 1000, 750, 750, 0.75, 0.75, 1000, 38, 1, 'In', 20, 'Active', 0, '2015-10-03', '12:03:37 PM'),
(61, 61, 5, 7, 694, 11, 171, 1100, 1100, 5225, 5225, 4.75, 4.75, 1100, 39, 1, 'In', 20, 'Active', 0, '2015-10-03', '12:03:37 PM'),
(62, 62, 5, 7, 694, 11, 172, 3820, 3820, 6112, 6112, 1.6, 1.6, 3820, 40, 1, 'In', 20, 'Active', 0, '2015-10-03', '12:03:37 PM'),
(63, 63, 5, 7, 694, 11, 173, 4000, 4000, 800, 800, 0.2, 0.2, 4000, 41, 1, 'In', 20, 'Active', 0, '2015-10-03', '12:03:37 PM'),
(64, 64, 5, 7, 694, 11, 174, 820, 820, 746, 746, 0.91, 0.90975609756098, 820, 42, 1, 'In', 20, 'Active', 0, '2015-10-03', '12:03:37 PM'),
(65, 39, 5, 7, 694, 11, 129, 300, 3700, 195, 2405, 0.65, 0.65, 4000, 18, 2, 'Out', 20, 'Active', 0, '2015-10-08', '10:08:23 AM'),
(66, 39, 5, 7, 694, 11, 129, 300, 3400, 195, 2210, 0.65, 0.65, 4000, 19, 3, 'Out', 20, 'Active', 0, '2015-10-08', '10:09:03 AM'),
(67, 39, 5, 7, 694, 11, 129, 400, 3000, 260, 1950, 0.65, 0.65, 4000, 20, 4, 'Out', 20, 'Active', 0, '2015-10-08', '10:09:27 AM'),
(68, 2, 2, 6, 676, 10, 83, 20, 71407.65, 310.00011900154, 1106818.999881, 15.5, 15.500005950077, 71427.65, 2, 2, 'Out', 20, 'Active', 0, '2015-10-09', '07:35:07 AM'),
(69, 39, 5, 7, 694, 11, 129, 300, 2700, 195, 1755, 0.65, 0.65, 4000, 21, 5, 'Out', 20, 'Active', 0, '2015-10-09', '07:38:22 AM'),
(70, 39, 5, 7, 694, 11, 129, 300, 2400, 195, 1560, 0.65, 0.65, 4000, 22, 6, 'Out', 20, 'Active', 0, '2015-10-09', '07:38:49 AM'),
(71, 39, 5, 7, 694, 11, 129, 400, 2000, 260, 1300, 0.65, 0.65, 4000, 23, 7, 'Out', 20, 'Active', 0, '2015-10-09', '07:39:11 AM'),
(72, 65, 2, 6, 725, 10, 83, 4800, 76207.65, 76800, 1183618.999881, 16, 15.53149847661, 4800, 1, 3, 'In', 20, 'Active', 0, '2015-10-09', '08:01:24 AM'),
(73, 65, 2, 6, 725, 10, 83, 20, 76187.65, 310.6299695322, 1183308.3699115, 16, 15.53149847661, 4800, 2, 4, 'Out', 20, 'Active', 0, '2015-08-03', '10:33:02 AM'),
(74, 66, 2, 6, 729, 10, 83, 9000, 85187.65, 144000, 1327308.3699115, 16, 15.580995248859, 9000, 1, 5, 'In', 20, 'Active', 0, '2015-08-03', '11:06:46 AM'),
(75, 67, 2, 6, 28, 10, 105, 100, 104.04, 45000, 46821, 450, 450.02883506344, 100, 1, 2, 'In', 20, 'Active', 0, '2015-08-03', '11:09:28 AM'),
(76, 68, 2, 6, 28, 10, 107, 25, 69.63, 17500, 48745, 700, 700.05744650294, 25, 2, 2, 'In', 20, 'Active', 0, '2015-08-03', '11:09:28 AM'),
(77, 69, 5, 7, 33, 11, 170, 4000, 5000, 7500, 8250, 1.88, 1.65, 4000, 1, 2, 'In', 20, 'Active', 0, '2015-08-03', '11:19:27 AM'),
(78, 70, 2, 6, 733, 10, 88, 20, 24.66, 200, 247, 10, 10.016220600162, 20, 1, 2, 'In', 20, 'Active', 0, '2015-10-10', '07:21:54 AM'),
(79, 71, 2, 6, 734, 10, 103, 350, 365.65, 32200, 33640, 92, 92.000546971147, 350, 1, 2, 'In', 20, 'Active', 0, '2015-10-10', '07:24:13 AM'),
(80, 66, 2, 6, 729, 10, 83, 996.4, 84191.25, 15524.903665963, 1311783.4662455, 16, 15.580995248859, 9000, 2, 6, 'Out', 20, 'Active', 0, '2015-10-10', '07:24:56 AM'),
(81, 3, 2, 6, 676, 10, 84, 205.296, 3049.761, 3284.741550148, 48796.258449852, 16, 16.000027034857, 3255.057, 3, 2, 'Out', 20, 'Active', 0, '2015-10-10', '07:24:56 AM'),
(82, 4, 2, 6, 676, 10, 85, 360.584, 7935.425, 12164.828745003, 267713.171255, 33.74, 33.736462918495, 8296.009, 4, 2, 'Out', 20, 'Active', 0, '2015-10-10', '07:24:56 AM'),
(83, 5, 2, 6, 676, 10, 86, 103.4, 896.475, 11839.33231654, 102646.66768346, 114.5, 114.50031253907, 999.875, 5, 2, 'Out', 20, 'Active', 0, '2015-10-10', '07:24:56 AM'),
(84, 6, 2, 6, 676, 10, 87, 159.8, 13074.45, 862.86023008481, 70597.139769915, 5.4, 5.3996259704932, 13234.25, 6, 2, 'Out', 20, 'Active', 0, '2015-10-10', '07:24:56 AM'),
(85, 70, 2, 6, 733, 10, 88, 7.52, 17.14, 75.321978913218, 171.67802108678, 10, 10.016220600162, 20, 2, 3, 'Out', 20, 'Active', 0, '2015-10-10', '07:24:56 AM'),
(86, 11, 2, 6, 676, 10, 92, 1.88, 66.128, 338.38783672509, 11902.612163275, 179.99, 179.99353017292, 68.008, 11, 2, 'Out', 20, 'Active', 0, '2015-10-10', '07:24:56 AM'),
(87, 12, 2, 6, 676, 10, 93, 4.324, 88.906, 475.67246594442, 9780.3275340556, 110.01, 110.00750831277, 93.23, 12, 2, 'Out', 20, 'Active', 0, '2015-10-10', '07:24:56 AM'),
(88, 13, 2, 6, 676, 10, 94, 4.7, 61.16, 1033.914363802, 13454.085636198, 219.98, 219.98177953234, 65.86, 13, 2, 'Out', 20, 'Active', 0, '2015-10-10', '07:24:56 AM'),
(89, 16, 2, 6, 676, 10, 99, 11.28, 116.66, 1861.1911833672, 19248.808816633, 165, 164.99921838362, 127.94, 16, 2, 'Out', 20, 'Active', 0, '2015-10-10', '07:24:56 AM'),
(90, 71, 2, 6, 734, 10, 103, 18.8, 346.85, 1729.6102830576, 31910.389716942, 92, 92.000546971147, 350, 2, 3, 'Out', 20, 'Active', 0, '2015-10-10', '07:24:56 AM'),
(91, 19, 2, 6, 676, 10, 104, 0.94, 16.84, 423.05286839145, 7578.9471316085, 450.06, 450.05624296963, 17.78, 19, 2, 'Out', 20, 'Active', 0, '2015-10-10', '07:24:56 AM'),
(92, 67, 2, 6, 28, 10, 105, 2.256, 101.784, 1015.2650519031, 45805.734948097, 450, 450.02883506344, 100, 2, 3, 'Out', 20, 'Active', 0, '2015-10-10', '07:24:56 AM'),
(93, 21, 2, 6, 676, 10, 106, 0.94, 20.89, 244.27943197434, 5428.7205680257, 259.87, 259.87173614292, 21.83, 21, 2, 'Out', 20, 'Active', 0, '2015-10-10', '07:24:56 AM'),
(94, 68, 2, 6, 28, 10, 107, 1.88, 67.75, 1316.1079994255, 47428.892000574, 700, 700.05744650294, 25, 3, 3, 'Out', 20, 'Active', 0, '2015-10-10', '07:24:56 AM'),
(95, 66, 2, 6, 729, 10, 83, 855.912, 83335.338, 13335.960805441, 1298447.5054401, 16, 15.580995248859, 9000, 3, 7, 'Out', 20, 'Active', 0, '2015-10-10', '07:25:20 AM'),
(96, 3, 2, 6, 676, 10, 84, 182.4, 2867.361, 2918.4049311579, 45877.853518694, 16, 16.000027034857, 3255.057, 4, 3, 'Out', 20, 'Active', 0, '2015-10-10', '07:25:20 AM'),
(97, 4, 2, 6, 676, 10, 85, 307.648, 7627.777, 10378.955343949, 257334.21591105, 33.74, 33.736462918495, 8296.009, 5, 3, 'Out', 20, 'Active', 0, '2015-10-10', '07:25:20 AM'),
(98, 5, 2, 6, 676, 10, 86, 106.4, 790.075, 12182.833254157, 90463.834429303, 114.5, 114.50031253907, 999.875, 6, 3, 'Out', 20, 'Active', 0, '2015-10-10', '07:25:20 AM'),
(99, 6, 2, 6, 676, 10, 87, 30.4, 13044.05, 164.14862950299, 70432.991140412, 5.4, 5.3996259704932, 13234.25, 7, 3, 'Out', 20, 'Active', 0, '2015-10-10', '07:25:20 AM'),
(100, 70, 2, 6, 733, 10, 88, 7.6, 9.54, 76.123276561231, 95.554744525549, 10, 10.016220600162, 20, 3, 4, 'Out', 20, 'Active', 0, '2015-10-10', '07:25:20 AM'),
(101, 11, 2, 6, 676, 10, 92, 1.52, 64.608, 273.59016586284, 11629.021997412, 179.99, 179.99353017292, 68.008, 12, 3, 'Out', 20, 'Active', 0, '2015-10-10', '07:25:20 AM'),
(102, 12, 2, 6, 676, 10, 93, 3.8, 85.106, 418.02853158853, 9362.2990024671, 110.01, 110.00750831277, 93.23, 13, 3, 'Out', 20, 'Active', 0, '2015-10-10', '07:25:20 AM'),
(103, 13, 2, 6, 676, 10, 94, 3.8, 57.36, 835.93076222289, 12618.154873975, 219.98, 219.98177953234, 65.86, 14, 3, 'Out', 20, 'Active', 0, '2015-10-10', '07:25:20 AM'),
(104, 71, 2, 6, 734, 10, 103, 15.2, 331.65, 1398.4083139614, 30511.981402981, 92, 92.000546971147, 350, 3, 4, 'Out', 20, 'Active', 0, '2015-10-10', '07:25:20 AM'),
(105, 19, 2, 6, 676, 10, 104, 0.76, 16.08, 342.04274465692, 7236.9043869516, 450.06, 450.05624296963, 17.78, 20, 3, 'Out', 20, 'Active', 0, '2015-10-10', '07:25:20 AM'),
(106, 67, 2, 6, 28, 10, 105, 1.824, 99.96, 820.85259515571, 44984.882352941, 450, 450.02883506344, 100, 3, 4, 'Out', 20, 'Active', 0, '2015-10-10', '07:25:20 AM'),
(107, 21, 2, 6, 676, 10, 106, 0.912, 19.978, 237.00302336234, 5191.7175446634, 259.87, 259.87173614292, 21.83, 22, 3, 'Out', 20, 'Active', 0, '2015-10-10', '07:25:20 AM'),
(108, 68, 2, 6, 28, 10, 107, 1.824, 65.926, 1276.9047824214, 46151.987218153, 700, 700.05744650294, 25, 4, 4, 'Out', 20, 'Active', 0, '2015-10-10', '07:25:20 AM'),
(109, 66, 2, 6, 729, 10, 83, 34.74, 83300.598, 541.28377494536, 1297906.2216652, 16, 15.580995248859, 9000, 4, 8, 'Out', 20, 'Active', 0, '2015-10-10', '07:40:45 AM'),
(110, 3, 2, 6, 676, 10, 84, 6.042, 2861.319, 96.672163344606, 45781.181355349, 16, 16.000027034857, 3255.057, 5, 4, 'Out', 20, 'Active', 0, '2015-10-10', '07:40:45 AM'),
(111, 4, 2, 6, 676, 10, 85, 13.17, 7614.607, 444.30921663658, 256889.90669441, 33.74, 33.736462918495, 8296.009, 6, 4, 'Out', 20, 'Active', 0, '2015-10-10', '07:40:45 AM'),
(112, 5, 2, 6, 676, 10, 86, 4.5, 785.575, 515.25140642581, 89948.583022877, 114.5, 114.50031253907, 999.875, 7, 4, 'Out', 20, 'Active', 0, '2015-10-10', '07:40:45 AM'),
(113, 70, 2, 6, 733, 10, 88, 0.3, 9.24, 3.0048661800486, 92.5498783455, 10, 10.016220600162, 20, 4, 5, 'Out', 20, 'Active', 0, '2015-10-10', '07:40:45 AM'),
(114, 8, 2, 6, 676, 10, 89, 0.6, 16.58, 30, 829, 50, 50, 17.18, 8, 2, 'Out', 20, 'Active', 0, '2015-10-10', '07:40:45 AM'),
(115, 9, 2, 6, 676, 10, 90, 0.072, 6.768, 54.063157894737, 5081.9368421053, 750.88, 750.87719298246, 6.84, 9, 2, 'Out', 20, 'Active', 0, '2015-10-10', '07:40:45 AM'),
(116, 10, 2, 6, 676, 10, 91, 0.036, 0.921, 11.699059561128, 299.30094043887, 323.96, 324.97387669801, 0.957, 10, 2, 'Out', 20, 'Active', 0, '2015-10-10', '07:40:45 AM'),
(117, 11, 2, 6, 676, 10, 92, 0.06, 64.548, 10.799611810375, 11618.222385602, 179.99, 179.99353017292, 68.008, 13, 4, 'Out', 20, 'Active', 0, '2015-10-10', '07:40:45 AM'),
(118, 12, 2, 6, 676, 10, 93, 0.15, 84.956, 16.501126246916, 9345.7978762202, 110.01, 110.00750831277, 93.23, 14, 4, 'Out', 20, 'Active', 0, '2015-10-10', '07:40:45 AM'),
(119, 13, 2, 6, 676, 10, 94, 0.15, 57.21, 32.997266929851, 12585.157607045, 219.98, 219.98177953234, 65.86, 15, 4, 'Out', 20, 'Active', 0, '2015-10-10', '07:40:45 AM'),
(120, 14, 2, 6, 676, 10, 95, 0.15, 0.82, 23.195876288659, 126.80412371134, 154.64, 154.63917525773, 0.97, 14, 2, 'Out', 20, 'Active', 0, '2015-10-10', '07:40:45 AM'),
(121, 17, 2, 6, 676, 10, 100, 0.03, 2.71, 3.8321167883211, 346.16788321168, 127.74, 127.73722627737, 2.74, 17, 2, 'Out', 20, 'Active', 0, '2015-10-10', '07:40:45 AM'),
(122, 29, 5, 7, 694, 11, 114, 100, 2550, 233.32075471698, 5949.679245283, 2.33, 2.3332075471698, 2650, 8, 2, 'Out', 20, 'Active', 0, '2015-10-10', '07:53:29 AM'),
(123, 29, 5, 7, 694, 11, 114, 200, 2350, 466.64150943396, 5483.037735849, 2.33, 2.3332075471698, 2650, 9, 3, 'Out', 20, 'Active', 0, '2015-10-11', '08:44:47 AM'),
(124, 29, 5, 7, 694, 11, 114, 200, 2150, 466.64150943396, 5016.396226415, 2.33, 2.3332075471698, 2650, 10, 4, 'Out', 20, 'Active', 0, '2015-10-11', '08:48:46 AM'),
(125, 45, 5, 7, 694, 11, 135, 490, 7300, 355.26572528883, 5292.7342747112, 0.73, 0.72503209242619, 7790, 24, 2, 'Out', 20, 'Active', 0, '2015-10-11', '08:49:41 AM'),
(126, 62, 5, 7, 694, 11, 172, 120, 3700, 192, 5920, 1.6, 1.6, 3820, 41, 2, 'Out', 20, 'Active', 0, '2015-10-11', '08:50:41 AM'),
(127, 44, 5, 7, 694, 11, 134, 190, 100, 142.8275862069, 75.172413793104, 0.75, 0.75172413793103, 290, 23, 2, 'Out', 20, 'Active', 0, '2015-10-11', '08:51:24 AM'),
(128, 72, 2, 6, 728, 10, 83, 1307, 84607.598, 20912, 1318818.2216652, 16, 15.587467944252, 1307, 1, 9, 'In', 20, 'Active', 0, '2015-10-11', '09:19:44 AM'),
(129, 73, 5, 7, 737, 11, 185, 6000, 6000, 3360, 3360, 0.56, 0.56, 6000, 1, 1, 'In', 20, 'Active', 0, '2015-10-11', '09:41:49 AM'),
(130, 72, 2, 6, 728, 10, 83, 20, 84587.598, 311.74935888504, 1318506.4723063, 16, 15.587467944252, 1307, 2, 10, 'Out', 20, 'Active', 0, '2015-10-19', '05:21:08 AM'),
(131, 29, 5, 7, 694, 11, 114, 100, 2050, 233.32075471698, 4783.075471698, 2.33, 2.3332075471698, 2650, 11, 5, 'Out', 20, 'Active', 0, '2015-10-19', '05:31:56 AM'),
(132, 72, 2, 6, 728, 10, 83, 20, 84567.598, 311.74935888504, 1318194.7229474, 16, 15.587467944252, 1307, 3, 11, 'Out', 20, 'Active', 0, '2015-10-24', '02:07:51 AM'),
(133, 56, 5, 7, 694, 11, 166, 600, 4000, 913.17391304346, 6087.8260869565, 1.52, 1.5219565217391, 4600, 35, 2, 'Out', 20, 'Active', 0, '2015-10-24', '02:18:02 AM'),
(134, 74, 5, 7, 33, 11, 170, 4000, 9000, 8000, 16250, 2, 1.8055555555556, 8000, 2, 3, 'In', 20, 'Active', 0, '2015-10-26', '05:40:31 AM'),
(135, 75, 5, 7, 33, 11, 170, 4000, 13000, 7000, 23250, 1.75, 1.7884615384615, 12000, 3, 4, 'In', 20, 'Active', 0, '2015-10-26', '05:40:31 AM'),
(136, 76, 5, 7, 33, 11, 170, 6000, 19000, 12000, 35250, 2, 1.8552631578947, 18000, 4, 5, 'In', 20, 'Active', 0, '2015-10-26', '05:40:31 AM'),
(137, 77, 5, 7, 33, 11, 185, 14000, 20000, 5330, 8690, 0.38, 0.4345, 14000, 5, 2, 'In', 20, 'Active', 0, '2015-10-26', '05:40:31 AM'),
(138, 72, 2, 6, 728, 10, 83, 985.8, 83581.798, 15366.125899444, 1302828.597048, 16, 15.587467944252, 1307, 4, 12, 'Out', 20, 'Active', 0, '2015-11-01', '04:10:33 AM'),
(139, 3, 2, 6, 676, 10, 84, 203.112, 2658.207, 3249.7974911039, 42531.383864245, 16, 16.000027034857, 3255.057, 6, 5, 'Out', 20, 'Active', 0, '2015-11-01', '04:10:33 AM'),
(140, 4, 2, 6, 676, 10, 85, 356.748, 7257.859, 12035.415673247, 244854.49102116, 33.74, 33.736462918495, 8296.009, 7, 5, 'Out', 20, 'Active', 0, '2015-11-01', '04:10:33 AM'),
(141, 5, 2, 6, 676, 10, 86, 102.3, 683.275, 11713.381972747, 78235.20105013, 114.5, 114.50031253907, 999.875, 8, 5, 'Out', 20, 'Active', 0, '2015-11-01', '04:10:33 AM'),
(142, 6, 2, 6, 676, 10, 87, 158.1, 12885.95, 853.68086593498, 69579.310274477, 5.4, 5.3996259704932, 13234.25, 8, 4, 'Out', 20, 'Active', 0, '2015-11-01', '04:10:33 AM'),
(143, 70, 2, 6, 733, 10, 88, 7.44, 1.8, 74.520681265205, 18.029197080295, 10, 10.016220600162, 20, 5, 6, 'Out', 20, 'Active', 0, '2015-11-01', '04:10:33 AM'),
(144, 11, 2, 6, 676, 10, 92, 1.86, 62.688, 334.78796612163, 11283.43441948, 179.99, 179.99353017292, 68.008, 14, 5, 'Out', 20, 'Active', 0, '2015-11-01', '04:10:33 AM'),
(145, 12, 2, 6, 676, 10, 93, 4.278, 80.678, 470.61212056203, 8875.1857556582, 110.01, 110.00750831277, 93.23, 15, 5, 'Out', 20, 'Active', 0, '2015-11-01', '04:10:33 AM'),
(146, 13, 2, 6, 676, 10, 94, 4.65, 52.56, 1022.9152748254, 11562.24233222, 219.98, 219.98177953234, 65.86, 16, 5, 'Out', 20, 'Active', 0, '2015-11-01', '04:10:33 AM'),
(147, 16, 2, 6, 676, 10, 99, 11.16, 105.5, 1841.3912771612, 17407.417539472, 165, 164.99921838362, 127.94, 17, 3, 'Out', 20, 'Active', 0, '2015-11-01', '04:10:33 AM'),
(148, 71, 2, 6, 734, 10, 103, 18.6, 313.05, 1711.2101736633, 28800.771229318, 92, 92.000546971147, 350, 4, 5, 'Out', 20, 'Active', 0, '2015-11-01', '04:10:33 AM'),
(149, 19, 2, 6, 676, 10, 104, 0.93, 15.15, 418.55230596176, 6818.3520809898, 450.06, 450.05624296963, 17.78, 21, 4, 'Out', 20, 'Active', 0, '2015-11-01', '04:10:33 AM'),
(150, 67, 2, 6, 28, 10, 105, 2.232, 97.728, 1004.4643598616, 43980.417993079, 450, 450.02883506344, 100, 4, 5, 'Out', 20, 'Active', 0, '2015-11-01', '04:10:33 AM'),
(151, 21, 2, 6, 676, 10, 106, 0.93, 19.048, 241.68071461292, 4950.0368300505, 259.87, 259.87173614292, 21.83, 23, 4, 'Out', 20, 'Active', 0, '2015-11-01', '04:10:33 AM'),
(152, 68, 2, 6, 28, 10, 107, 1.86, 64.066, 1302.1068504955, 44849.880367658, 700, 700.05744650294, 25, 5, 5, 'Out', 20, 'Active', 0, '2015-11-01', '04:10:33 AM'),
(153, 78, 2, 6, 733, 10, 88, 20, 21.8, 200, 218.0291970803, 10, 10.00133931561, 40, 6, 7, 'In', 20, 'Active', 0, '2015-11-01', '04:12:41 AM'),
(154, 72, 2, 6, 728, 10, 83, 900.96, 82680.838, 14043.685119053, 1288784.9119289, 16, 15.587467944252, 1307, 5, 13, 'Out', 20, 'Active', 0, '2015-11-01', '04:13:56 AM'),
(155, 3, 2, 6, 676, 10, 84, 192, 2466.207, 3072.0051906925, 39459.378673552, 16, 16.000027034857, 3255.057, 7, 6, 'Out', 20, 'Active', 0, '2015-11-01', '04:13:56 AM'),
(156, 4, 2, 6, 676, 10, 85, 323.84, 6934.019, 10925.216151525, 233929.27486963, 33.74, 33.736462918495, 8296.009, 8, 6, 'Out', 20, 'Active', 0, '2015-11-01', '04:13:56 AM'),
(157, 5, 2, 6, 676, 10, 86, 112, 571.275, 12824.035004376, 65411.166045754, 114.5, 114.50031253907, 999.875, 9, 6, 'Out', 20, 'Active', 0, '2015-11-01', '04:13:56 AM'),
(158, 6, 2, 6, 676, 10, 87, 32, 12853.95, 172.78803105578, 69406.522243421, 5.4, 5.3996259704932, 13234.25, 9, 5, 'Out', 20, 'Active', 0, '2015-11-01', '04:13:56 AM'),
(159, 78, 2, 6, 733, 10, 88, 8, 13.8, 80.01071452488, 138.01848255542, 10, 10.00133931561, 40, 7, 8, 'Out', 20, 'Active', 0, '2015-11-01', '04:13:56 AM'),
(160, 11, 2, 6, 676, 10, 92, 1.6, 61.088, 287.98964827667, 10995.444771203, 179.99, 179.99353017292, 68.008, 15, 6, 'Out', 20, 'Active', 0, '2015-11-01', '04:13:56 AM'),
(161, 12, 2, 6, 676, 10, 93, 4, 76.678, 440.03003325108, 8435.1557224071, 110.01, 110.00750831277, 93.23, 16, 6, 'Out', 20, 'Active', 0, '2015-11-01', '04:13:56 AM'),
(162, 13, 2, 6, 676, 10, 94, 4, 48.56, 879.92711812936, 10682.315214091, 219.98, 219.98177953234, 65.86, 17, 6, 'Out', 20, 'Active', 0, '2015-11-01', '04:13:56 AM'),
(163, 71, 2, 6, 734, 10, 103, 16, 297.05, 1472.0087515384, 27328.76247778, 92, 92.000546971147, 350, 5, 6, 'Out', 20, 'Active', 0, '2015-11-01', '04:13:56 AM'),
(164, 19, 2, 6, 676, 10, 104, 0.8, 14.35, 360.0449943757, 6458.3070866141, 450.06, 450.05624296963, 17.78, 22, 5, 'Out', 20, 'Active', 0, '2015-11-01', '04:13:56 AM'),
(165, 67, 2, 6, 28, 10, 105, 1.92, 95.808, 864.0553633218, 43116.362629757, 450, 450.02883506344, 100, 5, 6, 'Out', 20, 'Active', 0, '2015-11-01', '04:13:56 AM'),
(166, 21, 2, 6, 676, 10, 106, 0.96, 18.088, 249.4768666972, 4700.5599633533, 259.87, 259.87173614292, 21.83, 24, 5, 'Out', 20, 'Active', 0, '2015-11-01', '04:13:56 AM'),
(167, 68, 2, 6, 28, 10, 107, 1.92, 62.146, 1344.1102972856, 43505.770070372, 700, 700.05744650294, 25, 6, 6, 'Out', 20, 'Active', 0, '2015-11-01', '04:13:56 AM'),
(168, 72, 2, 6, 728, 10, 83, 92.64, 82588.198, 1444.0230303555, 1287340.8888985, 16, 15.587467944252, 1307, 6, 14, 'Out', 20, 'Active', 0, '2015-11-01', '04:14:24 AM'),
(169, 3, 2, 6, 676, 10, 84, 16.112, 2450.095, 257.79243558562, 39201.586237966, 16, 16.000027034857, 3255.057, 8, 7, 'Out', 20, 'Active', 0, '2015-11-01', '04:14:24 AM'),
(170, 4, 2, 6, 676, 10, 85, 35.12, 6898.899, 1184.8245776975, 232744.45029193, 33.74, 33.736462918495, 8296.009, 9, 7, 'Out', 20, 'Active', 0, '2015-11-01', '04:14:24 AM'),
(171, 5, 2, 6, 676, 10, 86, 12, 559.275, 1374.0037504688, 64037.162295285, 114.5, 114.50031253907, 999.875, 10, 7, 'Out', 20, 'Active', 0, '2015-11-01', '04:14:24 AM'),
(172, 78, 2, 6, 733, 10, 88, 0.8, 13, 8.001071452488, 130.01741110293, 10, 10.00133931561, 40, 8, 9, 'Out', 20, 'Active', 0, '2015-11-01', '04:14:24 AM'),
(173, 8, 2, 6, 676, 10, 89, 1.6, 14.98, 80, 749, 50, 50, 17.18, 9, 3, 'Out', 20, 'Active', 0, '2015-11-01', '04:14:24 AM'),
(174, 9, 2, 6, 676, 10, 90, 0.192, 6.576, 144.16842105263, 4937.7684210527, 750.88, 750.87719298246, 6.84, 10, 3, 'Out', 20, 'Active', 0, '2015-11-01', '04:14:24 AM'),
(175, 10, 2, 6, 676, 10, 91, 0.096, 0.825, 31.197492163009, 268.10344827586, 323.96, 324.97387669801, 0.957, 11, 3, 'Out', 20, 'Active', 0, '2015-11-01', '04:14:24 AM'),
(176, 11, 2, 6, 676, 10, 92, 0.16, 60.928, 28.798964827667, 10966.645806375, 179.99, 179.99353017292, 68.008, 16, 7, 'Out', 20, 'Active', 0, '2015-11-01', '04:14:24 AM'),
(177, 12, 2, 6, 676, 10, 93, 0.4, 76.278, 44.003003325108, 8391.152719082, 110.01, 110.00750831277, 93.23, 17, 7, 'Out', 20, 'Active', 0, '2015-11-01', '04:14:24 AM'),
(178, 13, 2, 6, 676, 10, 94, 0.4, 48.16, 87.992711812936, 10594.322502278, 219.98, 219.98177953234, 65.86, 18, 7, 'Out', 20, 'Active', 0, '2015-11-01', '04:14:24 AM'),
(179, 14, 2, 6, 676, 10, 95, 0.4, 0.42, 61.855670103092, 64.948453608248, 154.64, 154.63917525773, 0.97, 15, 3, 'Out', 20, 'Active', 0, '2015-11-01', '04:14:24 AM'),
(180, 17, 2, 6, 676, 10, 100, 0.08, 2.63, 10.21897810219, 335.94890510949, 127.74, 127.73722627737, 2.74, 18, 3, 'Out', 20, 'Active', 0, '2015-11-01', '04:14:24 AM'),
(181, 28, 5, 7, 694, 11, 113, 200, 3800, 115, 2185, 0.57, 0.575, 4000, 7, 2, 'Out', 20, 'Active', 0, '2015-11-02', '05:33:21 AM');

-- --------------------------------------------------------

--
-- Table structure for table `feed_recipi`
--

CREATE TABLE IF NOT EXISTS `feed_recipi` (
  `RECIPIID` int(11) NOT NULL AUTO_INCREMENT,
  `FOODID` int(11) NOT NULL,
  `PROJECTID` int(11) NOT NULL,
  `SUBPROJECTID` int(11) NOT NULL,
  `RECIPIDATE` date NOT NULL,
  `FOODQNTY` double NOT NULL,
  `USERID` int(11) NOT NULL,
  `STATUS` varchar(50) NOT NULL,
  `FLAG` int(11) NOT NULL,
  `ENTDATE` date NOT NULL,
  `ENTTIME` varchar(100) NOT NULL,
  PRIMARY KEY (`RECIPIID`)
) ENGINE=InnoDB  DEFAULT CHARSET=latin1 AUTO_INCREMENT=7 ;

--
-- Dumping data for table `feed_recipi`
--

INSERT INTO `feed_recipi` (`RECIPIID`, `FOODID`, `PROJECTID`, `SUBPROJECTID`, `RECIPIDATE`, `FOODQNTY`, `USERID`, `STATUS`, `FLAG`, `ENTDATE`, `ENTTIME`) VALUES
(1, 8, 2, 6, '2015-01-01', 100, 20, 'Active', 0, '2015-02-22', '13:00:50 PM'),
(2, 5, 2, 6, '2015-01-01', 100, 20, 'Active', 0, '2015-02-22', '13:05:44 PM'),
(3, 6, 2, 6, '2015-01-01', 100, 20, 'Active', 0, '2015-02-22', '13:09:22 PM'),
(4, 7, 2, 6, '2015-01-01', 100, 20, 'Active', 0, '2015-02-22', '13:15:16 PM'),
(5, 9, 2, 6, '2015-08-02', 100, 20, 'Active', 0, '2015-10-09', '07:34:49 AM'),
(6, 10, 2, 6, '2015-08-04', 100, 20, 'Active', 0, '2015-10-10', '07:39:29 AM');

-- --------------------------------------------------------

--
-- Table structure for table `feed_recipi_bkdn`
--

CREATE TABLE IF NOT EXISTS `feed_recipi_bkdn` (
  `RECIPIBKDNID` int(11) NOT NULL AUTO_INCREMENT,
  `RECIPIID` int(11) NOT NULL,
  `PROJECTID` int(11) NOT NULL,
  `SUBPROJECTID` int(11) NOT NULL,
  `PRODUCTID` int(11) NOT NULL,
  `QUANTITY` double NOT NULL,
  `WTID` int(11) NOT NULL,
  `USERID` int(11) NOT NULL,
  `STATUS` varchar(50) NOT NULL,
  `FLAG` int(11) NOT NULL,
  `ENTDATE` date NOT NULL,
  `ENTTIME` varchar(100) NOT NULL,
  PRIMARY KEY (`RECIPIBKDNID`)
) ENGINE=InnoDB  DEFAULT CHARSET=latin1 AUTO_INCREMENT=74 ;

--
-- Dumping data for table `feed_recipi_bkdn`
--

INSERT INTO `feed_recipi_bkdn` (`RECIPIBKDNID`, `RECIPIID`, `PROJECTID`, `SUBPROJECTID`, `PRODUCTID`, `QUANTITY`, `WTID`, `USERID`, `STATUS`, `FLAG`, `ENTDATE`, `ENTTIME`) VALUES
(1, 1, 2, 6, 83, 56.31, 1, 20, 'Active', 0, '2015-02-22', '13:00:50 PM'),
(2, 1, 2, 6, 84, 12, 1, 20, 'Active', 0, '2015-02-22', '13:00:50 PM'),
(3, 1, 2, 6, 85, 20.24, 1, 20, 'Active', 0, '2015-02-22', '13:00:50 PM'),
(4, 1, 2, 6, 86, 7, 1, 20, 'Active', 0, '2015-02-22', '13:00:50 PM'),
(5, 1, 2, 6, 87, 2, 1, 20, 'Active', 0, '2015-02-22', '13:00:50 PM'),
(6, 1, 2, 6, 88, 0.5, 1, 20, 'Active', 0, '2015-02-22', '13:00:50 PM'),
(7, 1, 2, 6, 92, 0.1, 1, 20, 'Active', 0, '2015-02-22', '13:00:50 PM'),
(8, 1, 2, 6, 93, 0.25, 1, 20, 'Active', 0, '2015-02-22', '13:00:50 PM'),
(9, 1, 2, 6, 94, 0.25, 1, 20, 'Active', 0, '2015-02-22', '13:00:50 PM'),
(10, 1, 2, 6, 103, 1, 1, 20, 'Active', 0, '2015-02-22', '13:00:50 PM'),
(11, 1, 2, 6, 104, 0.05, 1, 20, 'Active', 0, '2015-02-22', '13:00:50 PM'),
(12, 1, 2, 6, 105, 0.12, 1, 20, 'Active', 0, '2015-02-22', '13:00:50 PM'),
(13, 1, 2, 6, 106, 0.06, 1, 20, 'Active', 0, '2015-02-22', '13:00:50 PM'),
(14, 1, 2, 6, 107, 0.12, 1, 20, 'Active', 0, '2015-02-22', '13:00:50 PM'),
(15, 2, 2, 6, 83, 53, 1, 20, 'Active', 0, '2015-02-22', '13:05:44 PM'),
(16, 2, 2, 6, 84, 12.6, 1, 20, 'Active', 0, '2015-02-22', '13:05:44 PM'),
(17, 2, 2, 6, 85, 18.5, 1, 20, 'Active', 0, '2015-02-22', '13:05:44 PM'),
(18, 2, 2, 6, 86, 5.5, 1, 20, 'Active', 0, '2015-02-22', '13:05:44 PM'),
(19, 2, 2, 6, 87, 7.5, 1, 20, 'Active', 0, '2015-02-22', '13:05:44 PM'),
(20, 2, 2, 6, 88, 0.4, 1, 20, 'Active', 0, '2015-02-22', '13:05:44 PM'),
(21, 2, 2, 6, 92, 0.1, 1, 20, 'Active', 0, '2015-02-22', '13:05:44 PM'),
(22, 2, 2, 6, 93, 0.23, 1, 20, 'Active', 0, '2015-02-22', '13:05:44 PM'),
(23, 2, 2, 6, 94, 0.25, 1, 20, 'Active', 0, '2015-02-22', '13:05:44 PM'),
(24, 2, 2, 6, 99, 0.6, 1, 20, 'Active', 0, '2015-02-22', '13:05:44 PM'),
(25, 2, 2, 6, 103, 1, 1, 20, 'Active', 0, '2015-02-22', '13:05:44 PM'),
(26, 2, 2, 6, 104, 0.05, 1, 20, 'Active', 0, '2015-02-22', '13:05:44 PM'),
(27, 2, 2, 6, 105, 0.12, 1, 20, 'Active', 0, '2015-02-22', '13:05:44 PM'),
(28, 2, 2, 6, 106, 0.05, 1, 20, 'Active', 0, '2015-02-22', '13:05:44 PM'),
(29, 2, 2, 6, 107, 0.1, 1, 20, 'Active', 0, '2015-02-22', '13:05:44 PM'),
(30, 3, 2, 6, 83, 53, 1, 20, 'Active', 0, '2015-02-22', '13:09:22 PM'),
(31, 3, 2, 6, 84, 10.92, 1, 20, 'Active', 0, '2015-02-22', '13:09:22 PM'),
(32, 3, 2, 6, 85, 19.18, 1, 20, 'Active', 0, '2015-02-22', '13:09:22 PM'),
(33, 3, 2, 6, 86, 5.5, 1, 20, 'Active', 0, '2015-02-22', '13:09:22 PM'),
(34, 3, 2, 6, 87, 8.5, 1, 20, 'Active', 0, '2015-02-22', '13:09:22 PM'),
(35, 3, 2, 6, 88, 0.4, 1, 20, 'Active', 0, '2015-02-22', '13:09:22 PM'),
(36, 3, 2, 6, 92, 0.1, 1, 20, 'Active', 0, '2015-02-22', '13:09:22 PM'),
(37, 3, 2, 6, 93, 0.23, 1, 20, 'Active', 0, '2015-02-22', '13:09:22 PM'),
(38, 3, 2, 6, 94, 0.25, 1, 20, 'Active', 0, '2015-02-22', '13:09:22 PM'),
(39, 3, 2, 6, 99, 0.6, 1, 20, 'Active', 0, '2015-02-22', '13:09:22 PM'),
(40, 3, 2, 6, 103, 1, 1, 20, 'Active', 0, '2015-02-22', '13:09:22 PM'),
(41, 3, 2, 6, 104, 0.05, 1, 20, 'Active', 0, '2015-02-22', '13:09:22 PM'),
(42, 3, 2, 6, 105, 0.12, 1, 20, 'Active', 0, '2015-02-22', '13:09:22 PM'),
(43, 3, 2, 6, 106, 0.05, 1, 20, 'Active', 0, '2015-02-22', '13:09:22 PM'),
(44, 3, 2, 6, 107, 0.1, 1, 20, 'Active', 0, '2015-02-22', '13:09:22 PM'),
(45, 4, 2, 6, 83, 53, 1, 20, 'Active', 0, '2015-02-22', '13:15:16 PM'),
(46, 4, 2, 6, 84, 11.17, 1, 20, 'Active', 0, '2015-02-22', '13:15:16 PM'),
(47, 4, 2, 6, 85, 19, 1, 20, 'Active', 0, '2015-02-22', '13:15:16 PM'),
(48, 4, 2, 6, 86, 5, 1, 20, 'Active', 0, '2015-02-22', '13:15:16 PM'),
(49, 4, 2, 6, 87, 8.9, 1, 20, 'Active', 0, '2015-02-22', '13:15:16 PM'),
(50, 4, 2, 6, 88, 0.4, 1, 20, 'Active', 0, '2015-02-22', '13:15:16 PM'),
(51, 4, 2, 6, 92, 0.1, 1, 20, 'Active', 0, '2015-02-22', '13:15:16 PM'),
(52, 4, 2, 6, 93, 0.23, 1, 20, 'Active', 0, '2015-02-22', '13:15:16 PM'),
(53, 4, 2, 6, 94, 0.25, 1, 20, 'Active', 0, '2015-02-22', '13:15:16 PM'),
(54, 4, 2, 6, 99, 0.6, 1, 20, 'Active', 0, '2015-02-22', '13:15:16 PM'),
(55, 4, 2, 6, 103, 1, 1, 20, 'Active', 0, '2015-02-22', '13:15:16 PM'),
(56, 4, 2, 6, 104, 0.05, 1, 20, 'Active', 0, '2015-02-22', '13:15:16 PM'),
(57, 4, 2, 6, 105, 0.12, 1, 20, 'Active', 0, '2015-02-22', '13:15:16 PM'),
(58, 4, 2, 6, 106, 0.06, 1, 20, 'Active', 0, '2015-02-22', '13:15:16 PM'),
(59, 4, 2, 6, 107, 0.12, 1, 20, 'Active', 0, '2015-02-22', '13:15:16 PM'),
(60, 5, 2, 6, 83, 100, 1, 20, 'Active', 0, '2015-10-09', '07:34:49 AM'),
(61, 6, 2, 6, 83, 57.9, 1, 20, 'Active', 0, '2015-10-10', '07:39:29 AM'),
(62, 6, 2, 6, 84, 10.07, 1, 20, 'Active', 0, '2015-10-10', '07:39:29 AM'),
(63, 6, 2, 6, 85, 21.95, 1, 20, 'Active', 0, '2015-10-10', '07:39:29 AM'),
(64, 6, 2, 6, 86, 7.5, 1, 20, 'Active', 0, '2015-10-10', '07:39:29 AM'),
(65, 6, 2, 6, 88, 0.5, 1, 20, 'Active', 0, '2015-10-10', '07:39:29 AM'),
(66, 6, 2, 6, 89, 1, 1, 20, 'Active', 0, '2015-10-10', '07:39:29 AM'),
(67, 6, 2, 6, 90, 0.12, 1, 20, 'Active', 0, '2015-10-10', '07:39:29 AM'),
(68, 6, 2, 6, 91, 0.06, 1, 20, 'Active', 0, '2015-10-10', '07:39:29 AM'),
(69, 6, 2, 6, 92, 0.1, 1, 20, 'Active', 0, '2015-10-10', '07:39:29 AM'),
(70, 6, 2, 6, 93, 0.25, 1, 20, 'Active', 0, '2015-10-10', '07:39:29 AM'),
(71, 6, 2, 6, 94, 0.25, 1, 20, 'Active', 0, '2015-10-10', '07:39:29 AM'),
(72, 6, 2, 6, 95, 0.25, 1, 20, 'Active', 0, '2015-10-10', '07:39:29 AM'),
(73, 6, 2, 6, 100, 0.05, 1, 20, 'Active', 0, '2015-10-10', '07:39:29 AM');

-- --------------------------------------------------------

--
-- Table structure for table `fna_alustock`
--

CREATE TABLE IF NOT EXISTS `fna_alustock` (
  `ALUSID` int(11) NOT NULL AUTO_INCREMENT,
  `PRODUCTLOADUNLOADBKDNID` int(11) NOT NULL,
  `PROJECTID` int(11) NOT NULL,
  `SUBPROJECTID` int(11) NOT NULL,
  `PARTYID` int(11) NOT NULL,
  `PRODCATTYPEID` int(11) NOT NULL,
  `PRODUCTID` int(11) NOT NULL,
  `LOTNO` int(11) NOT NULL,
  `QUANTITY` double NOT NULL,
  `LOTTOTQNTY` double NOT NULL,
  `PARTYTOTQNTY` double NOT NULL,
  `LOTFLAG` int(11) NOT NULL,
  `PARTYFLAG` int(11) NOT NULL,
  `WORKTYPEFLAG` varchar(100) NOT NULL,
  `USERID` int(11) NOT NULL,
  `STATUS` varchar(30) NOT NULL,
  `FLAG` int(11) NOT NULL,
  `ENTDATE` date NOT NULL,
  `ENTTIME` varchar(50) NOT NULL,
  PRIMARY KEY (`ALUSID`)
) ENGINE=InnoDB  DEFAULT CHARSET=latin1 AUTO_INCREMENT=1095 ;

--
-- Dumping data for table `fna_alustock`
--

INSERT INTO `fna_alustock` (`ALUSID`, `PRODUCTLOADUNLOADBKDNID`, `PROJECTID`, `SUBPROJECTID`, `PARTYID`, `PRODCATTYPEID`, `PRODUCTID`, `LOTNO`, `QUANTITY`, `LOTTOTQNTY`, `PARTYTOTQNTY`, `LOTFLAG`, `PARTYFLAG`, `WORKTYPEFLAG`, `USERID`, `STATUS`, `FLAG`, `ENTDATE`, `ENTTIME`) VALUES
(6, 38, 1, 3, 65, 8, 163, 1, 150, 150, 150, 1, 1, 'Load', 20, 'Active', 0, '2015-06-02', '00:31:15 AM'),
(7, 39, 1, 3, 65, 8, 164, 16, 590, 590, 740, 1, 2, 'Load', 20, 'Active', 0, '2015-06-02', '00:34:46 AM'),
(8, 40, 1, 3, 65, 8, 163, 2, 200, 200, 940, 1, 3, 'Load', 20, 'Active', 0, '2015-06-02', '00:40:18 AM'),
(9, 41, 1, 3, 65, 8, 164, 17, 809, 809, 1749, 1, 4, 'Load', 20, 'Active', 0, '2015-06-02', '00:41:17 AM'),
(10, 42, 1, 3, 65, 8, 163, 3, 150, 150, 1899, 1, 5, 'Load', 20, 'Active', 0, '2015-06-02', '13:34:11 PM'),
(11, 43, 1, 3, 65, 8, 163, 6, 350, 350, 2249, 1, 6, 'Load', 20, 'Active', 0, '2015-06-02', '13:34:55 PM'),
(12, 44, 1, 3, 65, 8, 163, 7, 250, 250, 2499, 1, 7, 'Load', 20, 'Active', 0, '2015-06-02', '13:36:27 PM'),
(13, 45, 1, 3, 65, 8, 163, 8, 500, 500, 2999, 1, 8, 'Load', 20, 'Active', 0, '2015-06-02', '13:37:43 PM'),
(14, 46, 1, 3, 65, 8, 163, 9, 590, 590, 3589, 1, 9, 'Load', 20, 'Active', 0, '2015-06-02', '13:38:34 PM'),
(15, 47, 1, 3, 65, 8, 163, 10, 593, 593, 4182, 1, 10, 'Load', 20, 'Active', 0, '2015-06-02', '13:39:28 PM'),
(16, 48, 1, 3, 65, 8, 163, 11, 593, 593, 4775, 1, 11, 'Load', 20, 'Active', 0, '2015-06-02', '13:40:24 PM'),
(17, 49, 1, 3, 65, 8, 163, 12, 240, 240, 5015, 1, 12, 'Load', 20, 'Active', 0, '2015-06-02', '13:41:32 PM'),
(18, 50, 1, 3, 65, 8, 163, 14, 593, 593, 5608, 1, 13, 'Load', 20, 'Active', 0, '2015-06-02', '13:42:35 PM'),
(19, 51, 1, 3, 65, 8, 163, 15, 590, 590, 6198, 1, 14, 'Load', 20, 'Active', 0, '2015-06-02', '13:46:56 PM'),
(20, 52, 1, 3, 65, 8, 163, 24, 82, 82, 6280, 1, 15, 'Load', 20, 'Active', 0, '2015-06-02', '13:48:17 PM'),
(21, 53, 1, 3, 65, 8, 163, 28, 480, 480, 6760, 1, 16, 'Load', 20, 'Active', 0, '2015-06-02', '13:50:19 PM'),
(22, 54, 1, 3, 65, 8, 163, 29, 200, 200, 6960, 1, 17, 'Load', 20, 'Active', 0, '2015-06-02', '13:51:01 PM'),
(23, 55, 1, 3, 65, 8, 163, 30, 593, 593, 7553, 1, 18, 'Load', 20, 'Active', 0, '2015-06-02', '13:51:56 PM'),
(24, 56, 1, 3, 65, 8, 163, 31, 34, 34, 7587, 1, 19, 'Load', 20, 'Active', 0, '2015-06-02', '13:52:28 PM'),
(25, 57, 1, 3, 65, 8, 163, 32, 17, 17, 7604, 1, 20, 'Load', 20, 'Active', 0, '2015-06-02', '13:53:01 PM'),
(26, 58, 1, 3, 65, 8, 163, 33, 900, 900, 8504, 1, 21, 'Load', 20, 'Active', 0, '2015-06-02', '13:53:37 PM'),
(27, 59, 1, 3, 65, 8, 163, 34, 650, 650, 9154, 1, 22, 'Load', 20, 'Active', 0, '2015-06-02', '13:54:10 PM'),
(28, 60, 1, 3, 65, 8, 163, 42, 60, 60, 9214, 1, 23, 'Load', 20, 'Active', 0, '2015-06-02', '13:55:03 PM'),
(29, 61, 1, 3, 65, 8, 164, 18, 400, 400, 9614, 1, 24, 'Load', 20, 'Active', 0, '2015-06-02', '13:56:11 PM'),
(30, 62, 1, 3, 65, 8, 164, 20, 65, 65, 9679, 1, 25, 'Load', 20, 'Active', 0, '2015-06-02', '13:57:01 PM'),
(31, 63, 1, 3, 65, 8, 164, 21, 65, 65, 9744, 1, 26, 'Load', 20, 'Active', 0, '2015-06-02', '13:57:39 PM'),
(32, 64, 1, 3, 65, 8, 164, 22, 200, 200, 9944, 1, 27, 'Load', 20, 'Active', 0, '2015-06-02', '13:58:13 PM'),
(33, 65, 1, 3, 65, 8, 164, 25, 51, 51, 9995, 1, 28, 'Load', 20, 'Active', 0, '2015-06-02', '13:58:54 PM'),
(34, 66, 1, 3, 65, 8, 164, 26, 300, 300, 10295, 1, 29, 'Load', 20, 'Active', 0, '2015-06-02', '13:59:35 PM'),
(35, 67, 1, 3, 65, 8, 72, 27, 1290, 1290, 11585, 1, 30, 'Load', 20, 'Active', 0, '2015-06-02', '14:03:05 PM'),
(36, 68, 1, 3, 65, 8, 72, 35, 507, 507, 12092, 1, 31, 'Load', 20, 'Active', 0, '2015-06-02', '14:03:46 PM'),
(37, 69, 1, 3, 65, 8, 72, 36, 567, 567, 12659, 1, 32, 'Load', 20, 'Active', 0, '2015-06-02', '14:04:38 PM'),
(38, 70, 1, 3, 65, 8, 72, 37, 557, 557, 13216, 1, 33, 'Load', 20, 'Active', 0, '2015-06-02', '14:05:19 PM'),
(39, 71, 1, 3, 65, 8, 72, 38, 550, 550, 13766, 1, 34, 'Load', 20, 'Active', 0, '2015-06-02', '14:05:56 PM'),
(40, 72, 1, 3, 65, 8, 72, 39, 553, 553, 14319, 1, 35, 'Load', 20, 'Active', 0, '2015-06-02', '14:06:46 PM'),
(41, 73, 1, 3, 65, 8, 163, 44, 450, 450, 14769, 1, 36, 'Load', 20, 'Active', 0, '2015-06-02', '14:08:03 PM'),
(42, 74, 1, 3, 65, 8, 163, 43, 400, 400, 15169, 1, 37, 'Load', 20, 'Active', 0, '2015-06-02', '14:08:38 PM'),
(43, 75, 1, 3, 65, 8, 163, 45, 300, 300, 15469, 1, 38, 'Load', 20, 'Active', 0, '2015-06-02', '14:09:55 PM'),
(44, 76, 1, 3, 65, 8, 72, 46, 40, 40, 15509, 1, 39, 'Load', 20, 'Active', 0, '2015-06-02', '14:10:43 PM'),
(45, 77, 1, 3, 65, 8, 163, 48, 150, 150, 15659, 1, 40, 'Load', 20, 'Active', 0, '2015-06-02', '14:11:27 PM'),
(46, 78, 1, 3, 65, 8, 163, 49, 100, 100, 15759, 1, 41, 'Load', 20, 'Active', 0, '2015-06-02', '14:12:16 PM'),
(47, 79, 1, 3, 65, 8, 163, 50, 593, 593, 16352, 1, 42, 'Load', 20, 'Active', 0, '2015-06-02', '14:13:03 PM'),
(48, 80, 1, 3, 65, 8, 163, 51, 100, 100, 16452, 1, 43, 'Load', 20, 'Active', 0, '2015-06-02', '14:13:42 PM'),
(49, 81, 1, 3, 65, 8, 163, 52, 573, 573, 17025, 1, 44, 'Load', 20, 'Active', 0, '2015-06-02', '14:14:23 PM'),
(50, 82, 1, 3, 65, 8, 163, 53, 583, 583, 17608, 1, 45, 'Load', 20, 'Active', 0, '2015-06-02', '14:15:11 PM'),
(51, 83, 1, 3, 65, 8, 163, 54, 540, 540, 18148, 1, 46, 'Load', 20, 'Active', 0, '2015-06-02', '14:15:52 PM'),
(52, 84, 1, 3, 65, 8, 163, 55, 472, 472, 18620, 1, 47, 'Load', 20, 'Active', 0, '2015-06-02', '14:16:30 PM'),
(53, 85, 1, 3, 65, 8, 163, 56, 575, 575, 19195, 1, 48, 'Load', 20, 'Active', 0, '2015-06-02', '14:17:23 PM'),
(54, 86, 1, 3, 65, 8, 163, 57, 350, 350, 19545, 1, 49, 'Load', 20, 'Active', 0, '2015-06-02', '14:18:05 PM'),
(55, 87, 1, 3, 65, 8, 165, 40, 30, 30, 19575, 1, 50, 'Load', 20, 'Active', 0, '2015-06-02', '14:22:27 PM'),
(56, 88, 1, 3, 65, 8, 165, 41, 33, 33, 19608, 1, 51, 'Load', 20, 'Active', 0, '2015-06-02', '14:22:56 PM'),
(61, 93, 1, 1, 68, 5, 71, 1, 1, 1, 1, 1, 1, 'Load', 20, 'Active', 0, '2015-06-02', '15:12:18 PM'),
(62, 94, 1, 1, 69, 5, 71, 2, 32, 32, 32, 1, 1, 'Load', 20, 'Active', 0, '2015-06-02', '15:12:55 PM'),
(63, 95, 1, 1, 70, 5, 71, 3, 200, 200, 200, 1, 1, 'Load', 20, 'Active', 0, '2015-06-02', '15:13:23 PM'),
(64, 96, 1, 1, 71, 5, 71, 4, 25, 25, 25, 1, 1, 'Load', 20, 'Active', 0, '2015-06-02', '15:13:50 PM'),
(65, 97, 1, 1, 69, 5, 71, 5, 16, 16, 48, 1, 2, 'Load', 20, 'Active', 0, '2015-06-04', '02:00:42 AM'),
(66, 98, 1, 1, 72, 5, 71, 6, 5, 5, 5, 1, 1, 'Load', 20, 'Active', 0, '2015-06-04', '02:09:44 AM'),
(67, 99, 1, 1, 70, 5, 71, 7, 210, 210, 410, 1, 2, 'Load', 20, 'Active', 0, '2015-06-04', '02:13:09 AM'),
(68, 100, 1, 1, 71, 5, 71, 8, 30, 30, 55, 1, 2, 'Load', 20, 'Active', 0, '2015-06-04', '02:14:30 AM'),
(69, 101, 1, 1, 71, 5, 71, 9, 70, 70, 125, 1, 3, 'Load', 20, 'Active', 0, '2015-06-04', '02:16:43 AM'),
(70, 102, 1, 1, 69, 5, 71, 10, 5, 5, 53, 1, 3, 'Load', 20, 'Active', 0, '2015-06-04', '02:17:45 AM'),
(71, 103, 1, 1, 73, 5, 71, 11, 5, 5, 5, 1, 1, 'Load', 20, 'Active', 0, '2015-06-04', '02:21:16 AM'),
(72, 104, 1, 1, 74, 5, 71, 12, 6, 6, 6, 1, 1, 'Load', 20, 'Active', 0, '2015-06-04', '03:07:36 AM'),
(73, 105, 1, 1, 75, 5, 71, 13, 2, 2, 2, 1, 1, 'Load', 20, 'Active', 0, '2015-06-04', '04:08:33 AM'),
(74, 106, 1, 1, 76, 5, 71, 14, 6, 6, 6, 1, 1, 'Load', 20, 'Active', 0, '2015-06-04', '04:11:12 AM'),
(75, 107, 1, 1, 77, 5, 71, 15, 4, 4, 4, 1, 1, 'Load', 20, 'Active', 0, '2015-06-04', '04:15:34 AM'),
(76, 108, 1, 1, 78, 5, 71, 16, 2, 2, 2, 1, 1, 'Load', 20, 'Active', 0, '2015-06-06', '02:37:00 AM'),
(77, 109, 1, 1, 79, 5, 71, 17, 6, 6, 6, 1, 1, 'Load', 20, 'Active', 0, '2015-06-06', '04:40:32 AM'),
(78, 110, 1, 1, 80, 5, 71, 18, 4, 4, 4, 1, 1, 'Load', 20, 'Active', 0, '2015-06-06', '04:41:31 AM'),
(79, 111, 1, 1, 70, 5, 71, 19, 210, 210, 620, 1, 3, 'Load', 20, 'Active', 0, '2015-06-06', '04:42:34 AM'),
(80, 112, 1, 1, 81, 5, 71, 20, 4, 4, 4, 1, 1, 'Load', 20, 'Active', 0, '2015-06-06', '05:44:51 AM'),
(81, 113, 1, 1, 82, 5, 71, 21, 30, 30, 30, 1, 1, 'Load', 20, 'Active', 0, '2015-06-06', '05:48:10 AM'),
(82, 114, 1, 1, 83, 5, 71, 22, 104, 104, 104, 1, 1, 'Load', 20, 'Active', 0, '2015-06-06', '05:54:26 AM'),
(83, 115, 1, 1, 84, 5, 71, 23, 105, 105, 105, 1, 1, 'Load', 20, 'Active', 0, '2015-06-06', '05:59:16 AM'),
(84, 116, 1, 1, 85, 5, 71, 24, 2, 2, 2, 1, 1, 'Load', 20, 'Active', 0, '2015-06-06', '06:08:56 AM'),
(85, 117, 1, 1, 86, 5, 71, 25, 13, 13, 13, 1, 1, 'Load', 20, 'Active', 0, '2015-06-06', '06:13:25 AM'),
(86, 118, 1, 1, 87, 5, 71, 26, 18, 18, 18, 1, 1, 'Load', 20, 'Active', 0, '2015-06-06', '06:28:34 AM'),
(87, 119, 1, 1, 71, 5, 71, 27, 12, 12, 137, 1, 4, 'Load', 20, 'Active', 0, '2015-06-06', '06:42:33 AM'),
(88, 120, 1, 1, 88, 5, 71, 28, 13, 13, 13, 1, 1, 'Load', 20, 'Active', 0, '2015-06-06', '06:44:31 AM'),
(89, 121, 1, 1, 89, 5, 71, 29, 15, 15, 15, 1, 1, 'Load', 20, 'Active', 0, '2015-06-06', '06:46:26 AM'),
(90, 122, 1, 1, 88, 5, 71, 30, 20, 20, 33, 1, 2, 'Load', 20, 'Active', 0, '2015-06-06', '06:51:41 AM'),
(91, 123, 1, 1, 82, 5, 71, 31, 20, 20, 50, 1, 2, 'Load', 20, 'Active', 0, '2015-06-06', '06:52:44 AM'),
(92, 124, 1, 1, 90, 5, 71, 32, 5, 5, 5, 1, 1, 'Load', 20, 'Active', 0, '2015-06-09', '01:48:19 AM'),
(93, 125, 1, 1, 83, 5, 71, 33, 100, 100, 204, 1, 2, 'Load', 20, 'Active', 0, '2015-06-09', '01:49:57 AM'),
(94, 126, 1, 1, 91, 5, 71, 34, 2, 2, 2, 1, 1, 'Load', 20, 'Active', 0, '2015-06-09', '01:54:35 AM'),
(95, 127, 1, 1, 92, 5, 71, 35, 1, 1, 1, 1, 1, 'Load', 20, 'Active', 0, '2015-06-09', '02:06:51 AM'),
(96, 128, 1, 1, 93, 5, 71, 36, 5, 5, 5, 1, 1, 'Load', 20, 'Active', 0, '2015-06-09', '02:13:56 AM'),
(97, 129, 1, 1, 69, 5, 71, 37, 30, 30, 83, 1, 4, 'Load', 20, 'Active', 0, '2015-06-09', '02:47:58 AM'),
(98, 130, 1, 1, 69, 5, 71, 38, 10, 10, 93, 1, 5, 'Load', 20, 'Active', 0, '2015-06-09', '02:55:32 AM'),
(99, 131, 1, 1, 94, 5, 71, 39, 3, 3, 3, 1, 1, 'Load', 20, 'Active', 0, '2015-06-09', '03:00:33 AM'),
(100, 132, 1, 1, 95, 5, 71, 40, 12, 12, 12, 1, 1, 'Load', 20, 'Active', 0, '2015-06-09', '03:24:28 AM'),
(101, 133, 1, 1, 96, 5, 71, 41, 2, 2, 2, 1, 1, 'Load', 20, 'Active', 0, '2015-06-09', '03:28:54 AM'),
(102, 134, 1, 1, 97, 5, 71, 42, 4, 4, 4, 1, 1, 'Load', 20, 'Active', 0, '2015-06-09', '03:32:16 AM'),
(103, 135, 1, 1, 98, 5, 71, 43, 3, 3, 3, 1, 1, 'Load', 20, 'Active', 0, '2015-06-09', '03:36:22 AM'),
(104, 136, 1, 1, 99, 5, 71, 44, 2, 2, 2, 1, 1, 'Load', 20, 'Active', 0, '2015-06-09', '03:41:08 AM'),
(105, 137, 1, 1, 100, 5, 71, 45, 3, 3, 3, 1, 1, 'Load', 20, 'Active', 0, '2015-06-09', '03:48:29 AM'),
(106, 138, 1, 1, 101, 5, 71, 46, 16, 16, 16, 1, 1, 'Load', 20, 'Active', 0, '2015-06-09', '03:51:50 AM'),
(107, 139, 1, 1, 102, 5, 71, 47, 3, 3, 3, 1, 1, 'Load', 20, 'Active', 0, '2015-06-09', '04:00:10 AM'),
(108, 140, 1, 1, 103, 5, 71, 48, 4, 4, 4, 1, 1, 'Load', 20, 'Active', 0, '2015-06-09', '04:48:38 AM'),
(109, 141, 1, 1, 104, 5, 71, 49, 12, 12, 12, 1, 1, 'Load', 20, 'Active', 0, '2015-06-09', '05:06:53 AM'),
(110, 142, 1, 1, 69, 5, 71, 50, 12, 12, 105, 1, 6, 'Load', 20, 'Active', 0, '2015-06-09', '05:08:21 AM'),
(111, 143, 1, 1, 105, 5, 71, 51, 6, 6, 6, 1, 1, 'Load', 20, 'Active', 0, '2015-06-09', '05:13:48 AM'),
(112, 144, 1, 1, 106, 5, 71, 52, 8, 8, 8, 1, 1, 'Load', 20, 'Active', 0, '2015-06-09', '05:17:01 AM'),
(113, 145, 1, 1, 82, 5, 71, 53, 30, 30, 80, 1, 3, 'Load', 20, 'Active', 0, '2015-06-09', '05:18:17 AM'),
(114, 146, 1, 1, 82, 5, 71, 54, 28, 28, 108, 1, 4, 'Load', 20, 'Active', 0, '2015-06-09', '05:19:13 AM'),
(115, 147, 1, 1, 107, 5, 71, 55, 5, 5, 5, 1, 1, 'Load', 20, 'Active', 0, '2015-06-09', '05:25:04 AM'),
(116, 148, 1, 1, 108, 5, 71, 56, 2, 2, 2, 1, 1, 'Load', 20, 'Active', 0, '2015-06-09', '05:56:37 AM'),
(117, 149, 1, 1, 109, 5, 71, 57, 3, 3, 3, 1, 1, 'Load', 20, 'Active', 0, '2015-06-09', '05:59:44 AM'),
(118, 150, 1, 1, 110, 5, 71, 58, 100, 100, 100, 1, 1, 'Load', 20, 'Active', 0, '2015-06-09', '06:02:53 AM'),
(119, 151, 1, 1, 110, 5, 71, 59, 83, 83, 183, 1, 2, 'Load', 20, 'Active', 0, '2015-06-09', '06:04:45 AM'),
(120, 152, 1, 1, 83, 5, 71, 60, 72, 72, 276, 1, 3, 'Load', 20, 'Active', 0, '2015-06-09', '06:06:06 AM'),
(121, 153, 1, 1, 83, 5, 71, 61, 25, 25, 301, 1, 4, 'Load', 20, 'Active', 0, '2015-06-09', '06:07:00 AM'),
(122, 154, 1, 1, 111, 5, 71, 62, 17, 17, 17, 1, 1, 'Load', 20, 'Active', 0, '2015-06-09', '23:48:59 PM'),
(123, 155, 1, 1, 112, 5, 71, 63, 4, 4, 4, 1, 1, 'Load', 20, 'Active', 0, '2015-06-09', '23:59:14 PM'),
(124, 156, 1, 1, 113, 5, 71, 64, 6, 6, 6, 1, 1, 'Load', 20, 'Active', 0, '2015-06-10', '00:02:58 AM'),
(125, 157, 1, 1, 114, 5, 71, 65, 4, 4, 4, 1, 1, 'Load', 20, 'Active', 0, '2015-06-10', '00:09:42 AM'),
(126, 158, 1, 1, 115, 5, 71, 66, 3, 3, 3, 1, 1, 'Load', 20, 'Active', 0, '2015-06-10', '00:16:20 AM'),
(127, 159, 1, 1, 116, 5, 71, 67, 1, 1, 1, 1, 1, 'Load', 20, 'Active', 0, '2015-06-10', '00:20:01 AM'),
(128, 160, 1, 1, 117, 5, 71, 68, 3, 3, 3, 1, 1, 'Load', 20, 'Active', 0, '2015-06-10', '00:23:30 AM'),
(129, 161, 1, 1, 118, 5, 71, 69, 6, 6, 6, 1, 1, 'Load', 20, 'Active', 0, '2015-06-10', '00:34:28 AM'),
(130, 162, 1, 1, 119, 5, 71, 70, 11, 11, 11, 1, 1, 'Load', 20, 'Active', 0, '2015-06-10', '00:36:49 AM'),
(131, 163, 1, 1, 120, 5, 71, 71, 2, 2, 2, 1, 1, 'Load', 20, 'Active', 0, '2015-06-10', '00:40:15 AM'),
(132, 164, 1, 1, 121, 5, 71, 72, 2, 2, 2, 1, 1, 'Load', 20, 'Active', 0, '2015-06-10', '00:50:37 AM'),
(133, 165, 1, 1, 122, 5, 71, 73, 2, 2, 2, 1, 1, 'Load', 20, 'Active', 0, '2015-06-10', '00:56:19 AM'),
(134, 166, 1, 1, 123, 5, 71, 74, 5, 5, 5, 1, 1, 'Load', 20, 'Active', 0, '2015-06-10', '01:07:25 AM'),
(135, 167, 1, 1, 123, 5, 71, 75, 24, 24, 29, 1, 2, 'Load', 20, 'Active', 0, '2015-06-10', '01:08:22 AM'),
(136, 168, 1, 1, 124, 5, 71, 76, 2, 2, 2, 1, 1, 'Load', 20, 'Active', 0, '2015-06-10', '01:12:09 AM'),
(137, 169, 1, 1, 125, 5, 71, 77, 9, 9, 9, 1, 1, 'Load', 20, 'Active', 0, '2015-06-10', '01:14:25 AM'),
(138, 170, 1, 1, 126, 5, 71, 78, 5, 5, 5, 1, 1, 'Load', 20, 'Active', 0, '2015-06-10', '01:17:05 AM'),
(139, 171, 1, 1, 127, 5, 71, 79, 3, 3, 3, 1, 1, 'Load', 20, 'Active', 0, '2015-06-10', '01:24:39 AM'),
(140, 172, 1, 1, 128, 5, 71, 80, 3, 3, 3, 1, 1, 'Load', 20, 'Active', 0, '2015-06-10', '01:28:59 AM'),
(141, 173, 1, 1, 129, 5, 71, 81, 18, 18, 18, 1, 1, 'Load', 20, 'Active', 0, '2015-06-10', '01:32:20 AM'),
(142, 174, 1, 1, 89, 5, 71, 82, 22, 22, 37, 1, 2, 'Load', 20, 'Active', 0, '2015-06-10', '01:33:25 AM'),
(143, 175, 1, 1, 130, 5, 71, 83, 7, 7, 7, 1, 1, 'Load', 20, 'Active', 0, '2015-06-10', '01:36:02 AM'),
(144, 176, 1, 1, 83, 5, 71, 84, 152, 152, 453, 1, 5, 'Load', 20, 'Active', 0, '2015-06-10', '01:38:30 AM'),
(145, 177, 1, 1, 132, 5, 71, 85, 5, 5, 5, 1, 1, 'Load', 20, 'Active', 0, '2015-06-10', '01:48:54 AM'),
(146, 178, 1, 1, 123, 5, 71, 86, 5, 5, 34, 1, 3, 'Load', 20, 'Active', 0, '2015-06-10', '01:50:38 AM'),
(147, 179, 1, 1, 123, 5, 71, 87, 9, 9, 43, 1, 4, 'Load', 20, 'Active', 0, '2015-06-10', '01:51:28 AM'),
(148, 180, 1, 1, 123, 5, 71, 88, 2, 2, 45, 1, 5, 'Load', 20, 'Active', 0, '2015-06-10', '01:52:15 AM'),
(149, 181, 1, 1, 123, 5, 71, 89, 2, 2, 47, 1, 6, 'Load', 20, 'Active', 0, '2015-06-10', '01:53:04 AM'),
(150, 182, 1, 1, 123, 5, 71, 90, 4, 4, 51, 1, 7, 'Load', 20, 'Active', 0, '2015-06-10', '01:53:55 AM'),
(151, 183, 1, 1, 123, 5, 71, 91, 3, 3, 54, 1, 8, 'Load', 20, 'Active', 0, '2015-06-10', '01:54:56 AM'),
(152, 184, 1, 1, 123, 5, 71, 92, 5, 5, 59, 1, 9, 'Load', 20, 'Active', 0, '2015-06-10', '01:55:59 AM'),
(153, 185, 1, 1, 83, 5, 71, 93, 136, 136, 589, 1, 6, 'Load', 20, 'Active', 0, '2015-06-10', '01:57:12 AM'),
(154, 186, 1, 1, 133, 5, 71, 94, 7, 7, 7, 1, 1, 'Load', 20, 'Active', 0, '2015-06-10', '02:09:46 AM'),
(155, 187, 1, 1, 132, 5, 71, 95, 5, 5, 10, 1, 2, 'Load', 20, 'Active', 0, '2015-06-10', '02:10:37 AM'),
(156, 188, 1, 1, 134, 5, 71, 96, 5, 5, 5, 1, 1, 'Load', 20, 'Active', 0, '2015-06-10', '02:16:17 AM'),
(157, 189, 1, 1, 135, 5, 71, 97, 7, 7, 7, 1, 1, 'Load', 20, 'Active', 0, '2015-06-10', '02:19:33 AM'),
(158, 190, 1, 1, 136, 5, 71, 98, 5, 5, 5, 1, 1, 'Load', 20, 'Active', 0, '2015-06-10', '02:29:41 AM'),
(159, 191, 1, 1, 137, 5, 71, 99, 6, 6, 6, 1, 1, 'Load', 20, 'Active', 0, '2015-06-10', '02:32:46 AM'),
(160, 192, 1, 1, 138, 5, 71, 100, 3, 3, 3, 1, 1, 'Load', 20, 'Active', 0, '2015-06-10', '02:37:39 AM'),
(161, 193, 1, 1, 138, 5, 71, 101, 2, 2, 5, 1, 2, 'Load', 20, 'Active', 0, '2015-06-10', '02:38:33 AM'),
(162, 194, 1, 1, 139, 5, 71, 102, 5, 5, 5, 1, 1, 'Load', 20, 'Active', 0, '2015-06-10', '02:42:30 AM'),
(163, 195, 1, 1, 140, 5, 71, 103, 5, 5, 5, 1, 1, 'Load', 20, 'Active', 0, '2015-06-10', '02:48:02 AM'),
(164, 196, 1, 1, 141, 5, 71, 104, 4, 4, 4, 1, 1, 'Load', 20, 'Active', 0, '2015-06-10', '03:31:42 AM'),
(165, 197, 1, 1, 142, 5, 71, 105, 2, 2, 2, 1, 1, 'Load', 20, 'Active', 0, '2015-06-10', '03:35:10 AM'),
(166, 198, 1, 1, 143, 5, 71, 106, 3, 3, 3, 1, 1, 'Load', 20, 'Active', 0, '2015-06-10', '03:41:57 AM'),
(167, 199, 1, 1, 144, 5, 71, 107, 3, 3, 3, 1, 1, 'Load', 20, 'Active', 0, '2015-06-10', '03:45:46 AM'),
(168, 200, 1, 1, 145, 5, 71, 108, 6, 6, 6, 1, 1, 'Load', 20, 'Active', 0, '2015-06-10', '03:49:18 AM'),
(169, 201, 1, 1, 146, 5, 71, 109, 6, 6, 6, 1, 1, 'Load', 20, 'Active', 0, '2015-06-10', '03:53:14 AM'),
(170, 202, 1, 1, 147, 5, 71, 110, 5, 5, 5, 1, 1, 'Load', 20, 'Active', 0, '2015-06-10', '04:55:39 AM'),
(171, 203, 1, 1, 148, 5, 71, 111, 3, 3, 3, 1, 1, 'Load', 20, 'Active', 0, '2015-06-10', '05:00:03 AM'),
(172, 204, 1, 1, 148, 5, 71, 112, 4, 4, 7, 1, 2, 'Load', 20, 'Active', 0, '2015-06-10', '05:01:50 AM'),
(173, 205, 1, 1, 71, 5, 71, 113, 10, 10, 147, 1, 5, 'Load', 20, 'Active', 0, '2015-06-10', '05:04:07 AM'),
(174, 206, 1, 1, 149, 5, 71, 114, 10, 10, 10, 1, 1, 'Load', 20, 'Active', 0, '2015-06-10', '05:11:55 AM'),
(175, 207, 1, 1, 149, 5, 71, 115, 6, 6, 16, 1, 2, 'Load', 20, 'Active', 0, '2015-06-10', '05:12:44 AM'),
(176, 208, 1, 1, 150, 5, 71, 116, 5, 5, 5, 1, 1, 'Load', 20, 'Active', 0, '2015-06-10', '05:16:06 AM'),
(177, 209, 1, 1, 151, 5, 71, 117, 11, 11, 11, 1, 1, 'Load', 20, 'Active', 0, '2015-06-10', '05:19:37 AM'),
(178, 210, 1, 1, 152, 5, 71, 119, 13, 13, 13, 1, 1, 'Load', 20, 'Active', 0, '2015-06-10', '05:24:08 AM'),
(179, 211, 1, 1, 153, 5, 71, 118, 5, 5, 5, 1, 1, 'Load', 20, 'Active', 0, '2015-06-10', '05:46:55 AM'),
(180, 212, 1, 1, 154, 5, 71, 120, 45, 45, 45, 1, 1, 'Load', 20, 'Active', 0, '2015-06-10', '06:38:34 AM'),
(181, 213, 1, 1, 154, 5, 71, 121, 5, 5, 50, 1, 2, 'Load', 20, 'Active', 0, '2015-06-10', '06:39:40 AM'),
(182, 214, 1, 1, 155, 5, 71, 122, 12, 12, 12, 1, 1, 'Load', 20, 'Active', 0, '2015-06-10', '06:46:57 AM'),
(183, 215, 1, 1, 155, 5, 71, 123, 12, 12, 24, 1, 2, 'Load', 20, 'Active', 0, '2015-06-10', '06:48:02 AM'),
(184, 216, 1, 1, 156, 5, 71, 124, 8, 8, 8, 1, 1, 'Load', 20, 'Active', 0, '2015-06-10', '06:50:44 AM'),
(185, 217, 1, 1, 156, 5, 71, 125, 6, 6, 14, 1, 2, 'Load', 20, 'Active', 0, '2015-06-10', '06:51:40 AM'),
(186, 218, 1, 1, 156, 5, 71, 126, 2, 2, 16, 1, 3, 'Load', 20, 'Active', 0, '2015-06-10', '06:52:33 AM'),
(187, 219, 1, 1, 157, 5, 71, 127, 14, 14, 14, 1, 1, 'Load', 20, 'Active', 0, '2015-06-10', '07:09:09 AM'),
(188, 220, 1, 1, 158, 5, 71, 128, 4, 4, 4, 1, 1, 'Load', 20, 'Active', 0, '2015-06-10', '10:39:43 AM'),
(189, 221, 1, 1, 159, 5, 71, 129, 1, 1, 1, 1, 1, 'Load', 20, 'Active', 0, '2015-06-10', '10:43:50 AM'),
(190, 222, 1, 1, 160, 5, 71, 130, 2, 2, 2, 1, 1, 'Load', 20, 'Active', 0, '2015-06-10', '10:49:39 AM'),
(191, 223, 1, 1, 161, 5, 71, 131, 2, 2, 2, 1, 1, 'Load', 20, 'Active', 0, '2015-06-10', '10:52:40 AM'),
(192, 224, 1, 1, 162, 5, 71, 132, 3, 3, 3, 1, 1, 'Load', 20, 'Active', 0, '2015-06-10', '10:55:20 AM'),
(193, 225, 1, 1, 163, 5, 71, 133, 5, 5, 5, 1, 1, 'Load', 20, 'Active', 0, '2015-06-10', '10:57:30 AM'),
(194, 226, 1, 1, 164, 5, 71, 134, 5, 5, 5, 1, 1, 'Load', 20, 'Active', 0, '2015-06-10', '11:00:33 AM'),
(195, 227, 1, 1, 127, 5, 71, 135, 4, 4, 7, 1, 2, 'Load', 20, 'Active', 0, '2015-06-10', '11:03:48 AM'),
(196, 228, 1, 1, 165, 5, 71, 136, 2, 2, 2, 1, 1, 'Load', 20, 'Active', 0, '2015-06-10', '11:07:06 AM'),
(197, 229, 1, 1, 166, 5, 71, 137, 3, 3, 3, 1, 1, 'Load', 20, 'Active', 0, '2015-06-10', '11:10:35 AM'),
(198, 230, 1, 1, 69, 5, 71, 138, 40, 40, 145, 1, 7, 'Load', 20, 'Active', 0, '2015-06-10', '11:11:37 AM'),
(199, 231, 1, 1, 69, 5, 71, 139, 6, 6, 151, 1, 8, 'Load', 20, 'Active', 0, '2015-06-10', '11:12:29 AM'),
(200, 232, 1, 1, 123, 5, 71, 140, 4, 4, 63, 1, 10, 'Load', 20, 'Active', 0, '2015-06-10', '11:19:27 AM'),
(201, 233, 1, 1, 123, 5, 71, 141, 3, 3, 66, 1, 11, 'Load', 20, 'Active', 0, '2015-06-10', '11:20:11 AM'),
(202, 234, 1, 1, 123, 5, 71, 142, 6, 6, 72, 1, 12, 'Load', 20, 'Active', 0, '2015-06-10', '11:21:09 AM'),
(203, 235, 1, 1, 123, 5, 71, 143, 4, 4, 76, 1, 13, 'Load', 20, 'Active', 0, '2015-06-10', '11:21:59 AM'),
(204, 236, 1, 1, 123, 5, 71, 144, 3, 3, 79, 1, 14, 'Load', 20, 'Active', 0, '2015-06-10', '11:22:48 AM'),
(205, 237, 1, 1, 123, 5, 71, 145, 3, 3, 82, 1, 15, 'Load', 20, 'Active', 0, '2015-06-10', '11:23:38 AM'),
(206, 238, 1, 1, 123, 5, 71, 146, 2, 2, 84, 1, 16, 'Load', 20, 'Active', 0, '2015-06-10', '11:24:22 AM'),
(207, 239, 1, 1, 123, 5, 71, 147, 4, 4, 88, 1, 17, 'Load', 20, 'Active', 0, '2015-06-10', '11:25:08 AM'),
(208, 240, 1, 1, 82, 5, 71, 148, 27, 27, 135, 1, 5, 'Load', 20, 'Active', 0, '2015-06-10', '11:26:32 AM'),
(209, 241, 1, 1, 70, 5, 71, 149, 210, 210, 830, 1, 4, 'Load', 20, 'Active', 0, '2015-06-10', '11:27:35 AM'),
(210, 242, 1, 1, 167, 5, 71, 150, 25, 25, 25, 1, 1, 'Load', 20, 'Active', 0, '2015-06-10', '11:31:16 AM'),
(211, 243, 1, 1, 167, 5, 71, 151, 18, 18, 43, 1, 2, 'Load', 20, 'Active', 0, '2015-06-10', '11:32:10 AM'),
(212, 244, 1, 1, 167, 5, 71, 152, 7, 7, 50, 1, 3, 'Load', 20, 'Active', 0, '2015-06-10', '11:32:59 AM'),
(213, 245, 1, 1, 168, 5, 71, 153, 2, 2, 2, 1, 1, 'Load', 20, 'Active', 0, '2015-06-10', '11:37:23 AM'),
(214, 246, 1, 1, 169, 5, 71, 154, 10, 10, 10, 1, 1, 'Load', 20, 'Active', 0, '2015-06-10', '11:44:51 AM'),
(215, 247, 1, 1, 170, 5, 71, 155, 2, 2, 2, 1, 1, 'Load', 20, 'Active', 0, '2015-06-10', '11:48:30 AM'),
(216, 248, 1, 1, 171, 5, 71, 156, 10, 10, 10, 1, 1, 'Load', 20, 'Active', 0, '2015-06-10', '23:59:07 PM'),
(217, 249, 1, 1, 172, 5, 71, 157, 3, 3, 3, 1, 1, 'Load', 20, 'Active', 0, '2015-06-11', '00:06:21 AM'),
(218, 250, 1, 1, 173, 5, 71, 158, 99, 99, 99, 1, 1, 'Load', 20, 'Active', 0, '2015-06-11', '00:09:46 AM'),
(219, 251, 1, 1, 175, 5, 71, 160, 1, 1, 1, 1, 1, 'Load', 20, 'Active', 0, '2015-06-11', '00:15:01 AM'),
(220, 252, 1, 1, 176, 5, 71, 161, 1, 1, 1, 1, 1, 'Load', 20, 'Active', 0, '2015-06-11', '00:18:15 AM'),
(221, 253, 1, 1, 174, 5, 71, 159, 129, 129, 129, 1, 1, 'Load', 20, 'Active', 0, '2015-06-11', '00:31:27 AM'),
(222, 254, 1, 1, 177, 5, 71, 163, 2, 2, 2, 1, 1, 'Load', 20, 'Active', 0, '2015-06-11', '00:35:22 AM'),
(223, 255, 1, 1, 178, 5, 71, 164, 2, 2, 2, 1, 1, 'Load', 20, 'Active', 0, '2015-06-11', '00:38:37 AM'),
(224, 256, 1, 1, 179, 5, 71, 165, 3, 3, 3, 1, 1, 'Load', 20, 'Active', 0, '2015-06-11', '00:42:16 AM'),
(225, 257, 1, 1, 180, 5, 71, 166, 4, 4, 4, 1, 1, 'Load', 20, 'Active', 0, '2015-06-11', '00:47:14 AM'),
(226, 258, 1, 1, 132, 5, 71, 167, 4, 4, 14, 1, 3, 'Load', 20, 'Active', 0, '2015-06-11', '00:49:19 AM'),
(227, 259, 1, 1, 181, 5, 71, 168, 5, 5, 5, 1, 1, 'Load', 20, 'Active', 0, '2015-06-11', '00:51:49 AM'),
(228, 260, 1, 1, 182, 5, 71, 169, 10, 10, 10, 1, 1, 'Load', 20, 'Active', 0, '2015-06-11', '00:55:08 AM'),
(229, 261, 1, 1, 183, 5, 71, 170, 4, 4, 4, 1, 1, 'Load', 20, 'Active', 0, '2015-06-11', '00:58:42 AM'),
(230, 262, 1, 1, 184, 5, 71, 171, 2, 2, 2, 1, 1, 'Load', 20, 'Active', 0, '2015-06-11', '01:03:41 AM'),
(231, 263, 1, 1, 185, 5, 71, 172, 6, 6, 6, 1, 1, 'Load', 20, 'Active', 0, '2015-06-11', '01:08:45 AM'),
(232, 264, 1, 1, 154, 5, 71, 173, 22, 22, 72, 1, 3, 'Load', 20, 'Active', 0, '2015-06-11', '01:10:37 AM'),
(233, 265, 1, 1, 186, 5, 71, 174, 3, 3, 3, 1, 1, 'Load', 20, 'Active', 0, '2015-06-11', '01:13:10 AM'),
(234, 266, 1, 1, 187, 5, 71, 175, 4, 4, 4, 1, 1, 'Load', 20, 'Active', 0, '2015-06-11', '01:16:25 AM'),
(235, 267, 1, 1, 188, 5, 71, 176, 5, 5, 5, 1, 1, 'Load', 20, 'Active', 0, '2015-06-11', '01:47:02 AM'),
(236, 268, 1, 1, 189, 5, 71, 177, 9, 9, 9, 1, 1, 'Load', 20, 'Active', 0, '2015-06-11', '01:50:04 AM'),
(237, 269, 1, 1, 190, 5, 71, 178, 6, 6, 6, 1, 1, 'Load', 20, 'Active', 0, '2015-06-11', '01:56:41 AM'),
(238, 270, 1, 1, 191, 5, 71, 179, 8, 8, 8, 1, 1, 'Load', 20, 'Active', 0, '2015-06-11', '02:00:23 AM'),
(239, 271, 1, 1, 192, 5, 71, 180, 8, 8, 8, 1, 1, 'Load', 20, 'Active', 0, '2015-06-11', '02:03:53 AM'),
(240, 272, 1, 1, 193, 5, 71, 181, 7, 7, 7, 1, 1, 'Load', 20, 'Active', 0, '2015-06-11', '02:06:07 AM'),
(241, 273, 1, 1, 147, 5, 71, 182, 2, 2, 7, 1, 2, 'Load', 20, 'Active', 0, '2015-06-11', '02:07:18 AM'),
(242, 274, 1, 1, 194, 5, 71, 183, 4, 4, 4, 1, 1, 'Load', 20, 'Active', 0, '2015-06-11', '02:11:31 AM'),
(243, 275, 1, 1, 195, 5, 71, 184, 5, 5, 5, 1, 1, 'Load', 20, 'Active', 0, '2015-06-11', '02:14:45 AM'),
(244, 276, 1, 1, 196, 5, 71, 185, 7, 7, 7, 1, 1, 'Load', 20, 'Active', 0, '2015-06-11', '02:17:32 AM'),
(245, 277, 1, 1, 98, 5, 71, 186, 14, 14, 17, 1, 2, 'Load', 20, 'Active', 0, '2015-06-11', '02:21:13 AM'),
(246, 278, 1, 1, 197, 5, 71, 187, 7, 7, 7, 1, 1, 'Load', 20, 'Active', 0, '2015-06-11', '02:40:36 AM'),
(247, 279, 1, 1, 198, 5, 71, 188, 2, 2, 2, 1, 1, 'Load', 20, 'Active', 0, '2015-06-11', '03:16:25 AM'),
(248, 280, 1, 1, 199, 5, 71, 189, 3, 3, 3, 1, 1, 'Load', 20, 'Active', 0, '2015-06-11', '03:19:34 AM'),
(249, 281, 1, 1, 200, 5, 71, 190, 8, 8, 8, 1, 1, 'Load', 20, 'Active', 0, '2015-06-11', '03:25:32 AM'),
(250, 282, 1, 1, 123, 5, 71, 191, 4, 4, 92, 1, 18, 'Load', 20, 'Active', 0, '2015-06-11', '03:26:35 AM'),
(251, 283, 1, 1, 123, 5, 71, 192, 8, 8, 100, 1, 19, 'Load', 20, 'Active', 0, '2015-06-11', '03:27:33 AM'),
(252, 284, 1, 1, 123, 5, 71, 193, 3, 3, 103, 1, 20, 'Load', 20, 'Active', 0, '2015-06-11', '03:29:21 AM'),
(253, 285, 1, 1, 123, 5, 71, 194, 4, 4, 107, 1, 21, 'Load', 20, 'Active', 0, '2015-06-11', '03:30:18 AM'),
(254, 286, 1, 1, 123, 5, 71, 195, 4, 4, 111, 1, 22, 'Load', 20, 'Active', 0, '2015-06-11', '03:35:58 AM'),
(255, 287, 1, 1, 123, 5, 71, 196, 8, 8, 119, 1, 23, 'Load', 20, 'Active', 0, '2015-06-11', '03:37:03 AM'),
(256, 288, 1, 1, 201, 5, 71, 197, 5, 5, 5, 1, 1, 'Load', 20, 'Active', 0, '2015-06-11', '04:22:52 AM'),
(257, 289, 1, 1, 202, 5, 71, 198, 4, 4, 4, 1, 1, 'Load', 20, 'Active', 0, '2015-06-11', '04:27:35 AM'),
(258, 290, 1, 1, 203, 5, 71, 199, 6, 6, 6, 1, 1, 'Load', 20, 'Active', 0, '2015-06-11', '04:30:30 AM'),
(259, 291, 1, 1, 204, 5, 71, 200, 2, 2, 2, 1, 1, 'Load', 20, 'Active', 0, '2015-06-11', '04:34:19 AM'),
(260, 292, 1, 1, 205, 5, 71, 201, 2, 2, 2, 1, 1, 'Load', 20, 'Active', 0, '2015-06-11', '04:38:25 AM'),
(261, 293, 1, 1, 206, 5, 71, 202, 3, 3, 3, 1, 1, 'Load', 20, 'Active', 0, '2015-06-11', '04:41:19 AM'),
(262, 294, 1, 1, 207, 5, 71, 203, 26, 26, 26, 1, 1, 'Load', 20, 'Active', 0, '2015-06-11', '04:43:52 AM'),
(263, 295, 1, 1, 208, 5, 71, 204, 4, 4, 4, 1, 1, 'Load', 20, 'Active', 0, '2015-06-11', '04:52:37 AM'),
(264, 296, 1, 1, 209, 5, 71, 205, 14, 14, 14, 1, 1, 'Load', 20, 'Active', 0, '2015-06-11', '04:55:06 AM'),
(265, 297, 1, 1, 210, 5, 71, 206, 6, 6, 6, 1, 1, 'Load', 20, 'Active', 0, '2015-06-11', '04:58:31 AM'),
(266, 298, 1, 1, 211, 5, 71, 207, 4, 4, 4, 1, 1, 'Load', 20, 'Active', 0, '2015-06-11', '05:02:34 AM'),
(267, 299, 1, 1, 212, 5, 71, 208, 5, 5, 5, 1, 1, 'Load', 20, 'Active', 0, '2015-06-14', '05:54:32 AM'),
(268, 300, 1, 1, 212, 5, 71, 209, 2, 2, 7, 1, 2, 'Load', 20, 'Active', 0, '2015-06-14', '05:55:36 AM'),
(269, 301, 1, 1, 213, 5, 71, 210, 2, 2, 2, 1, 1, 'Load', 20, 'Active', 0, '2015-06-14', '06:01:06 AM'),
(270, 302, 1, 1, 214, 5, 71, 211, 8, 8, 8, 1, 1, 'Load', 20, 'Active', 0, '2015-06-14', '06:05:05 AM'),
(271, 303, 1, 1, 159, 5, 71, 212, 4, 4, 5, 1, 2, 'Load', 20, 'Active', 0, '2015-06-15', '00:58:30 AM'),
(272, 304, 1, 1, 216, 5, 71, 213, 1, 1, 1, 1, 1, 'Load', 20, 'Active', 0, '2015-06-15', '01:07:31 AM'),
(273, 305, 1, 1, 81, 5, 71, 214, 15, 15, 19, 1, 2, 'Load', 20, 'Active', 0, '2015-06-15', '01:10:13 AM'),
(274, 306, 1, 1, 155, 5, 71, 215, 18, 18, 42, 1, 3, 'Load', 20, 'Active', 0, '2015-06-15', '01:11:37 AM'),
(275, 307, 1, 1, 162, 5, 71, 216, 3, 3, 6, 1, 2, 'Load', 20, 'Active', 0, '2015-06-15', '01:12:28 AM'),
(276, 308, 1, 1, 217, 5, 71, 217, 2, 2, 2, 1, 1, 'Load', 20, 'Active', 0, '2015-06-15', '01:15:20 AM'),
(277, 309, 1, 1, 218, 5, 71, 218, 3, 3, 3, 1, 1, 'Load', 20, 'Active', 0, '2015-06-15', '01:19:01 AM'),
(278, 310, 1, 1, 219, 5, 71, 219, 2, 2, 2, 1, 1, 'Load', 20, 'Active', 0, '2015-06-15', '01:26:11 AM'),
(279, 311, 1, 1, 220, 5, 71, 220, 15, 15, 15, 1, 1, 'Load', 20, 'Active', 0, '2015-06-15', '01:29:24 AM'),
(280, 312, 1, 1, 221, 5, 71, 221, 4, 4, 4, 1, 1, 'Load', 20, 'Active', 0, '2015-06-15', '01:51:50 AM'),
(281, 313, 1, 1, 82, 5, 71, 222, 25, 25, 160, 1, 6, 'Load', 20, 'Active', 0, '2015-06-15', '01:53:03 AM'),
(282, 314, 1, 1, 222, 5, 71, 223, 23, 23, 23, 1, 1, 'Load', 20, 'Active', 0, '2015-06-15', '01:56:16 AM'),
(283, 315, 1, 1, 123, 5, 71, 224, 9, 9, 128, 1, 24, 'Load', 20, 'Active', 0, '2015-06-15', '01:57:55 AM'),
(284, 316, 1, 1, 123, 5, 71, 225, 6, 6, 134, 1, 25, 'Load', 20, 'Active', 0, '2015-06-15', '02:10:12 AM'),
(285, 317, 1, 1, 123, 5, 71, 226, 2, 2, 136, 1, 26, 'Load', 20, 'Active', 0, '2015-06-15', '02:11:03 AM'),
(286, 318, 1, 1, 155, 5, 71, 227, 6, 6, 48, 1, 4, 'Load', 20, 'Active', 0, '2015-06-15', '02:12:30 AM'),
(287, 319, 1, 1, 223, 5, 71, 228, 2, 2, 2, 1, 1, 'Load', 20, 'Active', 0, '2015-06-15', '02:15:20 AM'),
(288, 320, 1, 1, 224, 5, 71, 229, 6, 6, 6, 1, 1, 'Load', 20, 'Active', 0, '2015-06-15', '02:20:56 AM'),
(289, 321, 1, 1, 86, 5, 71, 230, 30, 30, 43, 1, 2, 'Load', 20, 'Active', 0, '2015-06-15', '02:24:25 AM'),
(290, 322, 1, 1, 86, 5, 71, 231, 3, 3, 46, 1, 3, 'Load', 20, 'Active', 0, '2015-06-15', '02:25:13 AM'),
(291, 323, 1, 1, 224, 5, 71, 233, 4, 4, 10, 1, 2, 'Load', 20, 'Active', 0, '2015-06-15', '02:27:28 AM'),
(292, 324, 1, 1, 162, 5, 71, 235, 5, 5, 11, 1, 3, 'Load', 20, 'Active', 0, '2015-06-15', '02:28:48 AM'),
(293, 325, 1, 1, 84, 5, 71, 236, 3, 3, 108, 1, 2, 'Load', 20, 'Active', 0, '2015-06-15', '02:29:57 AM'),
(294, 326, 1, 1, 80, 5, 71, 237, 2, 2, 6, 1, 2, 'Load', 20, 'Active', 0, '2015-06-15', '02:30:47 AM'),
(295, 327, 1, 1, 225, 5, 71, 238, 12, 12, 12, 1, 1, 'Load', 20, 'Active', 0, '2015-06-15', '02:34:20 AM'),
(296, 328, 1, 1, 155, 5, 71, 240, 6, 6, 54, 1, 5, 'Load', 20, 'Active', 0, '2015-06-15', '02:40:33 AM'),
(297, 329, 1, 1, 155, 5, 71, 241, 17, 17, 71, 1, 6, 'Load', 20, 'Active', 0, '2015-06-15', '02:41:23 AM'),
(298, 330, 1, 1, 155, 5, 71, 242, 94, 94, 165, 1, 7, 'Load', 20, 'Active', 0, '2015-06-15', '02:42:12 AM'),
(299, 331, 1, 1, 155, 5, 71, 243, 86, 86, 251, 1, 8, 'Load', 20, 'Active', 0, '2015-06-15', '02:43:01 AM'),
(300, 332, 1, 1, 116, 5, 71, 245, 2, 2, 3, 1, 2, 'Load', 20, 'Active', 0, '2015-06-15', '02:49:54 AM'),
(301, 333, 1, 1, 226, 5, 71, 246, 2, 2, 2, 1, 1, 'Load', 20, 'Active', 0, '2015-06-15', '02:52:34 AM'),
(302, 334, 1, 1, 227, 5, 71, 247, 1, 1, 1, 1, 1, 'Load', 20, 'Active', 0, '2015-06-15', '02:59:10 AM'),
(303, 335, 1, 1, 228, 5, 71, 248, 7, 7, 7, 1, 1, 'Load', 20, 'Active', 0, '2015-06-15', '06:33:04 AM'),
(304, 336, 1, 1, 229, 5, 71, 249, 10, 10, 10, 1, 1, 'Load', 20, 'Active', 0, '2015-06-15', '06:35:59 AM'),
(305, 337, 1, 1, 230, 5, 71, 250, 11, 11, 11, 1, 1, 'Load', 20, 'Active', 0, '2015-06-15', '06:38:54 AM'),
(306, 338, 1, 1, 224, 5, 71, 251, 3, 3, 13, 1, 3, 'Load', 20, 'Active', 0, '2015-06-15', '06:40:00 AM'),
(307, 339, 1, 1, 231, 5, 71, 252, 1, 1, 1, 1, 1, 'Load', 20, 'Active', 0, '2015-06-15', '06:44:07 AM'),
(308, 340, 1, 1, 232, 5, 71, 253, 4, 4, 4, 1, 1, 'Load', 20, 'Active', 0, '2015-06-15', '06:58:12 AM'),
(309, 341, 1, 1, 115, 5, 71, 254, 1, 1, 4, 1, 2, 'Load', 20, 'Active', 0, '2015-06-16', '02:53:49 AM'),
(310, 342, 1, 1, 233, 5, 71, 255, 1, 1, 1, 1, 1, 'Load', 20, 'Active', 0, '2015-06-16', '02:58:31 AM'),
(311, 343, 1, 1, 234, 5, 71, 256, 1, 1, 1, 1, 1, 'Load', 20, 'Active', 0, '2015-06-16', '03:00:54 AM'),
(312, 344, 1, 1, 235, 5, 71, 257, 3, 3, 3, 1, 1, 'Load', 20, 'Active', 0, '2015-06-16', '03:03:52 AM'),
(313, 345, 1, 1, 235, 5, 71, 258, 3, 3, 6, 1, 2, 'Load', 20, 'Active', 0, '2015-06-16', '03:05:19 AM'),
(314, 346, 1, 1, 235, 5, 71, 259, 5, 5, 11, 1, 3, 'Load', 20, 'Active', 0, '2015-06-16', '03:06:30 AM'),
(315, 347, 1, 1, 235, 5, 71, 260, 2, 2, 13, 1, 4, 'Load', 20, 'Active', 0, '2015-06-16', '03:07:19 AM'),
(316, 348, 1, 1, 155, 5, 71, 261, 12, 12, 263, 1, 9, 'Load', 20, 'Active', 0, '2015-06-16', '03:08:05 AM'),
(317, 349, 1, 1, 155, 5, 71, 262, 9, 9, 272, 1, 10, 'Load', 20, 'Active', 0, '2015-06-16', '03:08:58 AM'),
(318, 350, 1, 1, 155, 5, 71, 263, 4, 4, 276, 1, 11, 'Load', 20, 'Active', 0, '2015-06-16', '04:30:34 AM'),
(319, 351, 1, 1, 236, 5, 71, 264, 4, 4, 4, 1, 1, 'Load', 20, 'Active', 0, '2015-06-16', '04:35:44 AM'),
(320, 352, 1, 1, 238, 5, 71, 266, 4, 4, 4, 1, 1, 'Load', 20, 'Active', 0, '2015-06-16', '05:03:57 AM'),
(321, 353, 1, 1, 239, 5, 71, 267, 9, 9, 9, 1, 1, 'Load', 20, 'Active', 0, '2015-06-16', '05:07:45 AM'),
(322, 354, 1, 1, 240, 5, 71, 268, 3, 3, 3, 1, 1, 'Load', 20, 'Active', 0, '2015-06-16', '05:12:51 AM'),
(323, 355, 1, 1, 241, 5, 71, 269, 2, 2, 2, 1, 1, 'Load', 20, 'Active', 0, '2015-06-16', '05:20:55 AM'),
(324, 356, 1, 1, 242, 5, 71, 270, 5, 5, 5, 1, 1, 'Load', 20, 'Active', 0, '2015-06-16', '05:23:46 AM'),
(325, 357, 1, 1, 243, 5, 71, 271, 6, 6, 6, 1, 1, 'Load', 20, 'Active', 0, '2015-06-16', '05:32:37 AM'),
(326, 358, 1, 1, 244, 5, 71, 272, 1, 1, 1, 1, 1, 'Load', 20, 'Active', 0, '2015-06-16', '05:35:50 AM'),
(327, 359, 1, 1, 245, 5, 71, 273, 2, 2, 2, 1, 1, 'Load', 20, 'Active', 0, '2015-06-16', '05:39:37 AM'),
(328, 360, 1, 1, 155, 5, 71, 274, 9, 9, 285, 1, 12, 'Load', 20, 'Active', 0, '2015-06-16', '05:40:37 AM'),
(329, 361, 1, 1, 246, 5, 71, 275, 2, 2, 2, 1, 1, 'Load', 20, 'Active', 0, '2015-06-16', '05:43:20 AM'),
(330, 362, 1, 1, 247, 5, 71, 276, 4, 4, 4, 1, 1, 'Load', 20, 'Active', 0, '2015-06-16', '05:53:46 AM'),
(331, 363, 1, 1, 248, 5, 71, 277, 2, 2, 2, 1, 1, 'Load', 20, 'Active', 0, '2015-06-16', '05:59:18 AM'),
(332, 364, 1, 1, 249, 5, 71, 278, 3, 3, 3, 1, 1, 'Load', 20, 'Active', 0, '2015-06-16', '06:03:10 AM'),
(333, 365, 1, 1, 250, 5, 71, 279, 3, 3, 3, 1, 1, 'Load', 20, 'Active', 0, '2015-06-16', '06:06:14 AM'),
(334, 366, 1, 1, 251, 5, 71, 280, 2, 2, 2, 1, 1, 'Load', 20, 'Active', 0, '2015-06-16', '06:08:22 AM'),
(335, 367, 1, 1, 252, 5, 71, 281, 150, 150, 150, 1, 1, 'Load', 20, 'Active', 0, '2015-06-16', '06:11:34 AM'),
(336, 368, 1, 1, 253, 5, 71, 282, 4, 4, 4, 1, 1, 'Load', 20, 'Active', 0, '2015-06-16', '06:14:30 AM'),
(337, 369, 1, 1, 254, 5, 71, 283, 16, 16, 16, 1, 1, 'Load', 20, 'Active', 0, '2015-06-16', '06:39:55 AM'),
(338, 370, 1, 1, 255, 5, 71, 284, 6, 6, 6, 1, 1, 'Load', 20, 'Active', 0, '2015-06-16', '06:43:27 AM'),
(339, 371, 1, 1, 256, 5, 71, 285, 5, 5, 5, 1, 1, 'Load', 20, 'Active', 0, '2015-06-16', '06:48:38 AM'),
(340, 372, 1, 1, 129, 5, 71, 286, 30, 30, 48, 1, 2, 'Load', 20, 'Active', 0, '2015-06-16', '07:03:00 AM'),
(341, 373, 1, 1, 257, 5, 71, 287, 13, 13, 13, 1, 1, 'Load', 20, 'Active', 0, '2015-06-16', '07:07:15 AM'),
(342, 374, 1, 1, 258, 5, 71, 288, 19, 19, 19, 1, 1, 'Load', 20, 'Active', 0, '2015-06-16', '07:12:17 AM'),
(343, 375, 1, 1, 259, 5, 71, 289, 14, 14, 14, 1, 1, 'Load', 20, 'Active', 0, '2015-06-16', '07:18:39 AM'),
(344, 376, 1, 1, 260, 5, 71, 290, 9, 9, 9, 1, 1, 'Load', 20, 'Active', 0, '2015-06-16', '07:22:05 AM'),
(345, 377, 1, 1, 260, 5, 71, 291, 30, 30, 39, 1, 2, 'Load', 20, 'Active', 0, '2015-06-16', '07:23:16 AM'),
(346, 378, 1, 1, 260, 5, 71, 292, 19, 19, 58, 1, 3, 'Load', 20, 'Active', 0, '2015-06-16', '07:24:06 AM'),
(347, 379, 1, 1, 260, 5, 71, 293, 12, 12, 70, 1, 4, 'Load', 20, 'Active', 0, '2015-06-16', '07:25:01 AM'),
(348, 380, 1, 1, 260, 5, 71, 294, 9, 9, 79, 1, 5, 'Load', 20, 'Active', 0, '2015-06-16', '07:26:03 AM'),
(349, 381, 1, 1, 260, 5, 71, 295, 10, 10, 89, 1, 6, 'Load', 20, 'Active', 0, '2015-06-16', '07:27:01 AM'),
(350, 382, 1, 1, 260, 5, 71, 296, 10, 10, 99, 1, 7, 'Load', 20, 'Active', 0, '2015-06-16', '07:27:52 AM'),
(351, 383, 1, 1, 260, 5, 71, 297, 8, 8, 107, 1, 8, 'Load', 20, 'Active', 0, '2015-06-16', '07:29:00 AM'),
(352, 384, 1, 1, 224, 5, 71, 298, 5, 5, 18, 1, 4, 'Load', 20, 'Active', 0, '2015-06-16', '07:29:58 AM'),
(353, 385, 1, 1, 252, 5, 71, 299, 150, 150, 300, 1, 2, 'Load', 20, 'Active', 0, '2015-06-16', '07:31:14 AM'),
(354, 386, 1, 1, 261, 5, 71, 300, 4, 4, 4, 1, 1, 'Load', 20, 'Active', 0, '2015-06-16', '07:37:31 AM'),
(355, 387, 1, 1, 262, 5, 71, 301, 1, 1, 1, 1, 1, 'Load', 20, 'Active', 0, '2015-06-16', '07:39:56 AM'),
(356, 388, 1, 1, 263, 5, 71, 302, 1, 1, 1, 1, 1, 'Load', 20, 'Active', 0, '2015-06-17', '04:55:46 AM'),
(357, 389, 1, 1, 264, 5, 71, 303, 5, 5, 5, 1, 1, 'Load', 20, 'Active', 0, '2015-06-17', '05:03:24 AM'),
(358, 390, 1, 1, 265, 5, 71, 304, 4, 4, 4, 1, 1, 'Load', 20, 'Active', 0, '2015-06-17', '05:05:55 AM'),
(359, 391, 1, 1, 266, 5, 71, 305, 5, 5, 5, 1, 1, 'Load', 20, 'Active', 0, '2015-06-17', '05:16:21 AM'),
(360, 392, 1, 1, 82, 5, 71, 306, 10, 10, 170, 1, 7, 'Load', 20, 'Active', 0, '2015-06-17', '05:17:23 AM'),
(361, 393, 1, 1, 82, 5, 71, 307, 20, 20, 190, 1, 8, 'Load', 20, 'Active', 0, '2015-06-17', '05:18:32 AM'),
(362, 394, 1, 1, 82, 5, 71, 308, 28, 28, 218, 1, 9, 'Load', 20, 'Active', 0, '2015-06-17', '05:19:18 AM'),
(363, 395, 1, 1, 174, 5, 71, 309, 116, 116, 245, 1, 2, 'Load', 20, 'Active', 0, '2015-06-17', '05:23:32 AM'),
(364, 396, 1, 1, 267, 5, 71, 310, 89, 89, 89, 1, 1, 'Load', 20, 'Active', 0, '2015-06-17', '05:35:21 AM'),
(365, 397, 1, 1, 267, 5, 71, 311, 30, 30, 119, 1, 2, 'Load', 20, 'Active', 0, '2015-06-17', '05:36:51 AM'),
(366, 398, 1, 1, 110, 5, 71, 312, 85, 85, 268, 1, 3, 'Load', 20, 'Active', 0, '2015-06-17', '05:42:45 AM'),
(367, 399, 1, 1, 110, 5, 71, 313, 100, 100, 368, 1, 4, 'Load', 20, 'Active', 0, '2015-06-17', '05:43:50 AM'),
(368, 400, 1, 1, 167, 5, 71, 314, 50, 50, 100, 1, 4, 'Load', 20, 'Active', 0, '2015-06-17', '05:46:54 AM'),
(369, 401, 1, 1, 167, 5, 71, 315, 50, 50, 150, 1, 5, 'Load', 20, 'Active', 0, '2015-06-17', '05:47:54 AM'),
(370, 402, 1, 1, 167, 5, 71, 316, 86, 86, 236, 1, 6, 'Load', 20, 'Active', 0, '2015-06-17', '05:49:08 AM'),
(371, 403, 1, 1, 252, 5, 71, 317, 150, 150, 450, 1, 3, 'Load', 20, 'Active', 0, '2015-06-17', '06:04:54 AM'),
(372, 404, 1, 1, 268, 5, 71, 318, 130, 130, 130, 1, 1, 'Load', 20, 'Active', 0, '2015-06-17', '06:11:54 AM'),
(373, 405, 1, 1, 268, 5, 71, 319, 50, 50, 180, 1, 2, 'Load', 20, 'Active', 0, '2015-06-17', '06:12:45 AM'),
(374, 406, 1, 1, 269, 5, 71, 320, 5, 5, 5, 1, 1, 'Load', 20, 'Active', 0, '2015-06-18', '04:48:38 AM'),
(375, 407, 1, 1, 270, 5, 71, 321, 2, 2, 2, 1, 1, 'Load', 20, 'Active', 0, '2015-06-18', '04:51:42 AM'),
(376, 408, 1, 1, 271, 5, 71, 322, 8, 8, 8, 1, 1, 'Load', 20, 'Active', 0, '2015-06-18', '04:55:34 AM'),
(377, 409, 1, 1, 272, 5, 71, 323, 4, 4, 4, 1, 1, 'Load', 20, 'Active', 0, '2015-06-18', '04:58:10 AM'),
(378, 410, 1, 1, 273, 5, 71, 324, 13, 13, 13, 1, 1, 'Load', 20, 'Active', 0, '2015-06-18', '05:16:00 AM'),
(379, 411, 1, 1, 274, 5, 71, 325, 8, 8, 8, 1, 1, 'Load', 20, 'Active', 0, '2015-06-18', '05:24:10 AM'),
(380, 412, 1, 1, 274, 5, 71, 326, 8, 8, 16, 1, 2, 'Load', 20, 'Active', 0, '2015-06-18', '05:25:38 AM'),
(381, 413, 1, 1, 275, 5, 71, 327, 5, 5, 5, 1, 1, 'Load', 20, 'Active', 0, '2015-06-18', '05:32:57 AM'),
(382, 414, 1, 1, 194, 5, 71, 328, 2, 2, 6, 1, 2, 'Load', 20, 'Active', 0, '2015-06-18', '05:34:27 AM'),
(383, 415, 1, 1, 276, 5, 71, 329, 2, 2, 2, 1, 1, 'Load', 20, 'Active', 0, '2015-06-18', '05:37:36 AM'),
(384, 416, 1, 1, 259, 5, 71, 330, 19, 19, 33, 1, 2, 'Load', 20, 'Active', 0, '2015-06-18', '05:38:26 AM'),
(385, 417, 1, 1, 277, 5, 71, 331, 5, 5, 5, 1, 1, 'Load', 20, 'Active', 0, '2015-06-18', '05:40:38 AM'),
(386, 418, 1, 1, 278, 5, 71, 332, 3, 3, 3, 1, 1, 'Load', 20, 'Active', 0, '2015-06-18', '05:43:02 AM'),
(387, 419, 1, 1, 279, 5, 71, 333, 4, 4, 4, 1, 1, 'Load', 20, 'Active', 0, '2015-06-18', '05:45:41 AM'),
(388, 420, 1, 1, 280, 5, 71, 334, 6, 6, 6, 1, 1, 'Load', 20, 'Active', 0, '2015-06-18', '05:48:46 AM'),
(389, 421, 1, 1, 68, 5, 71, 335, 2, 2, 3, 1, 2, 'Load', 20, 'Active', 0, '2015-06-18', '05:51:45 AM'),
(390, 422, 1, 1, 281, 5, 71, 336, 3, 3, 3, 1, 1, 'Load', 20, 'Active', 0, '2015-06-18', '05:54:13 AM'),
(391, 423, 1, 1, 282, 5, 71, 337, 4, 4, 4, 1, 1, 'Load', 20, 'Active', 0, '2015-06-18', '05:57:07 AM'),
(392, 424, 1, 1, 283, 5, 71, 338, 17, 17, 17, 1, 1, 'Load', 20, 'Active', 0, '2015-06-18', '05:59:31 AM'),
(393, 425, 1, 1, 284, 5, 71, 339, 6, 6, 6, 1, 1, 'Load', 20, 'Active', 0, '2015-06-18', '06:03:10 AM'),
(394, 426, 1, 1, 285, 5, 71, 340, 4, 4, 4, 1, 1, 'Load', 20, 'Active', 0, '2015-06-18', '06:05:59 AM'),
(395, 427, 1, 1, 286, 5, 71, 341, 4, 4, 4, 1, 1, 'Load', 20, 'Active', 0, '2015-06-18', '06:08:48 AM'),
(396, 428, 1, 1, 287, 5, 71, 342, 14, 14, 14, 1, 1, 'Load', 20, 'Active', 0, '2015-06-18', '06:11:48 AM'),
(397, 429, 1, 1, 155, 5, 71, 343, 7, 7, 292, 1, 13, 'Load', 20, 'Active', 0, '2015-06-18', '06:12:38 AM'),
(398, 430, 1, 1, 155, 5, 71, 344, 6, 6, 298, 1, 14, 'Load', 20, 'Active', 0, '2015-06-18', '06:13:25 AM'),
(399, 431, 1, 1, 155, 5, 71, 345, 13, 13, 311, 1, 15, 'Load', 20, 'Active', 0, '2015-06-18', '06:14:12 AM'),
(400, 432, 1, 1, 90, 5, 71, 346, 2, 2, 7, 1, 2, 'Load', 20, 'Active', 0, '2015-06-18', '06:15:27 AM'),
(401, 433, 1, 1, 225, 5, 71, 347, 13, 13, 25, 1, 2, 'Load', 20, 'Active', 0, '2015-06-18', '06:16:17 AM'),
(402, 434, 1, 1, 86, 5, 71, 348, 3, 3, 49, 1, 4, 'Load', 20, 'Active', 0, '2015-06-18', '06:17:18 AM'),
(403, 435, 1, 1, 129, 5, 71, 349, 11, 11, 59, 1, 3, 'Load', 20, 'Active', 0, '2015-06-18', '06:18:58 AM'),
(404, 436, 1, 1, 224, 5, 71, 350, 28, 28, 46, 1, 5, 'Load', 20, 'Active', 0, '2015-06-18', '06:21:10 AM'),
(405, 437, 1, 1, 224, 5, 71, 351, 3, 3, 49, 1, 6, 'Load', 20, 'Active', 0, '2015-06-18', '06:21:57 AM'),
(406, 438, 1, 1, 288, 5, 71, 352, 8, 8, 8, 1, 1, 'Load', 20, 'Active', 0, '2015-06-18', '06:24:31 AM'),
(407, 439, 1, 1, 289, 5, 71, 353, 13, 13, 13, 1, 1, 'Load', 20, 'Active', 0, '2015-06-18', '06:31:17 AM'),
(408, 440, 1, 1, 144, 5, 71, 354, 10, 10, 13, 1, 2, 'Load', 20, 'Active', 0, '2015-06-18', '06:32:44 AM'),
(409, 441, 1, 1, 172, 5, 71, 355, 23, 23, 26, 1, 2, 'Load', 20, 'Active', 0, '2015-06-18', '06:33:53 AM'),
(410, 442, 1, 1, 290, 5, 71, 356, 40, 40, 40, 1, 1, 'Load', 20, 'Active', 0, '2015-06-19', '05:05:26 AM'),
(411, 443, 1, 1, 291, 5, 71, 357, 2, 2, 2, 1, 1, 'Load', 20, 'Active', 0, '2015-06-19', '05:10:31 AM'),
(412, 444, 1, 1, 292, 5, 71, 358, 3, 3, 3, 1, 1, 'Load', 20, 'Active', 0, '2015-06-19', '05:14:30 AM'),
(413, 445, 1, 1, 293, 5, 71, 359, 100, 100, 100, 1, 1, 'Load', 20, 'Active', 0, '2015-06-19', '05:23:35 AM'),
(414, 446, 1, 1, 293, 5, 71, 360, 100, 100, 200, 1, 2, 'Load', 20, 'Active', 0, '2015-06-19', '05:24:40 AM'),
(415, 447, 1, 1, 293, 5, 71, 361, 128, 128, 328, 1, 3, 'Load', 20, 'Active', 0, '2015-06-19', '05:25:33 AM'),
(416, 448, 1, 1, 293, 5, 71, 362, 23, 23, 351, 1, 4, 'Load', 20, 'Active', 0, '2015-06-19', '05:26:43 AM'),
(417, 449, 1, 1, 82, 5, 71, 363, 10, 10, 228, 1, 10, 'Load', 20, 'Active', 0, '2015-06-19', '05:27:44 AM'),
(418, 450, 1, 1, 82, 5, 71, 364, 26, 26, 254, 1, 11, 'Load', 20, 'Active', 0, '2015-06-19', '05:28:57 AM'),
(419, 451, 1, 1, 224, 5, 71, 365, 3, 3, 52, 1, 7, 'Load', 20, 'Active', 0, '2015-06-19', '05:29:54 AM'),
(420, 452, 1, 1, 294, 5, 71, 366, 5, 5, 5, 1, 1, 'Load', 20, 'Active', 0, '2015-06-19', '05:33:37 AM'),
(421, 453, 1, 1, 155, 5, 71, 367, 12, 12, 323, 1, 16, 'Load', 20, 'Active', 0, '2015-06-19', '05:35:22 AM'),
(422, 454, 1, 1, 295, 5, 71, 368, 5, 5, 5, 1, 1, 'Load', 20, 'Active', 0, '2015-06-19', '05:39:00 AM'),
(423, 455, 1, 1, 123, 5, 71, 369, 3, 3, 139, 1, 27, 'Load', 20, 'Active', 0, '2015-06-19', '05:40:01 AM'),
(424, 456, 1, 1, 296, 5, 71, 370, 1, 1, 1, 1, 1, 'Load', 20, 'Active', 0, '2015-06-19', '05:43:12 AM'),
(425, 457, 1, 1, 297, 5, 71, 371, 4, 4, 4, 1, 1, 'Load', 20, 'Active', 0, '2015-06-19', '05:46:24 AM'),
(426, 458, 1, 1, 108, 5, 71, 372, 30, 30, 32, 1, 2, 'Load', 20, 'Active', 0, '2015-06-19', '05:47:45 AM'),
(427, 459, 1, 1, 83, 5, 71, 373, 128, 128, 717, 1, 7, 'Load', 20, 'Active', 0, '2015-06-19', '05:50:21 AM'),
(428, 460, 1, 1, 298, 5, 71, 374, 200, 200, 200, 1, 1, 'Load', 20, 'Active', 0, '2015-06-19', '05:54:56 AM'),
(429, 461, 1, 1, 110, 5, 71, 375, 100, 100, 468, 1, 5, 'Load', 20, 'Active', 0, '2015-06-19', '05:56:23 AM'),
(430, 462, 1, 1, 110, 5, 71, 376, 85, 85, 553, 1, 6, 'Load', 20, 'Active', 0, '2015-06-19', '05:57:24 AM'),
(431, 463, 1, 1, 171, 5, 71, 377, 110, 110, 120, 1, 2, 'Load', 20, 'Active', 0, '2015-06-19', '05:58:21 AM'),
(432, 464, 1, 1, 267, 5, 71, 378, 132, 132, 251, 1, 3, 'Load', 20, 'Active', 0, '2015-06-19', '05:59:25 AM'),
(433, 465, 1, 1, 267, 5, 71, 379, 58, 58, 309, 1, 4, 'Load', 20, 'Active', 0, '2015-06-19', '06:00:25 AM'),
(434, 466, 1, 1, 299, 5, 71, 380, 9, 9, 9, 1, 1, 'Load', 20, 'Active', 0, '2015-06-19', '06:03:18 AM'),
(435, 467, 1, 1, 300, 5, 71, 381, 9, 9, 9, 1, 1, 'Load', 20, 'Active', 0, '2015-06-19', '06:09:12 AM'),
(436, 468, 1, 1, 76, 5, 71, 382, 6, 6, 12, 1, 2, 'Load', 20, 'Active', 0, '2015-06-19', '06:12:07 AM'),
(437, 469, 1, 1, 76, 5, 71, 383, 5, 5, 17, 1, 3, 'Load', 20, 'Active', 0, '2015-06-19', '06:13:06 AM'),
(438, 470, 1, 1, 301, 5, 71, 384, 5, 5, 5, 1, 1, 'Load', 20, 'Active', 0, '2015-06-19', '06:22:37 AM'),
(439, 471, 1, 1, 301, 5, 71, 385, 4, 4, 9, 1, 2, 'Load', 20, 'Active', 0, '2015-06-19', '06:23:34 AM'),
(440, 472, 1, 1, 302, 5, 71, 386, 4, 4, 4, 1, 1, 'Load', 20, 'Active', 0, '2015-06-19', '06:26:42 AM'),
(441, 473, 1, 1, 69, 5, 71, 387, 2, 2, 153, 1, 9, 'Load', 20, 'Active', 0, '2015-06-19', '06:29:14 AM'),
(442, 474, 1, 1, 106, 5, 71, 388, 8, 8, 16, 1, 2, 'Load', 20, 'Active', 0, '2015-06-19', '06:30:57 AM'),
(443, 475, 1, 1, 303, 5, 71, 389, 3, 3, 3, 1, 1, 'Load', 20, 'Active', 0, '2015-06-19', '06:35:06 AM'),
(444, 476, 1, 1, 304, 5, 71, 390, 4, 4, 4, 1, 1, 'Load', 20, 'Active', 0, '2015-06-19', '06:38:51 AM'),
(445, 477, 1, 1, 305, 5, 71, 391, 3, 3, 3, 1, 1, 'Load', 20, 'Active', 0, '2015-06-19', '06:41:50 AM'),
(446, 478, 1, 1, 306, 5, 71, 392, 1, 1, 1, 1, 1, 'Load', 20, 'Active', 0, '2015-06-20', '00:42:52 AM'),
(447, 479, 1, 1, 149, 5, 71, 393, 4, 4, 20, 1, 3, 'Load', 20, 'Active', 0, '2015-06-20', '00:44:04 AM'),
(448, 480, 1, 1, 307, 5, 71, 394, 10, 10, 10, 1, 1, 'Load', 20, 'Active', 0, '2015-06-20', '00:46:27 AM'),
(449, 481, 1, 1, 308, 5, 71, 395, 11, 11, 11, 1, 1, 'Load', 20, 'Active', 0, '2015-06-20', '00:51:40 AM'),
(450, 482, 1, 1, 309, 5, 71, 396, 6, 6, 6, 1, 1, 'Load', 20, 'Active', 0, '2015-06-20', '00:57:18 AM'),
(451, 483, 1, 1, 310, 5, 71, 397, 2, 2, 2, 1, 1, 'Load', 20, 'Active', 0, '2015-06-20', '00:59:36 AM'),
(452, 484, 1, 1, 311, 5, 71, 398, 2, 2, 2, 1, 1, 'Load', 20, 'Active', 0, '2015-06-20', '01:03:12 AM'),
(453, 485, 1, 1, 312, 5, 71, 399, 2, 2, 2, 1, 1, 'Load', 20, 'Active', 0, '2015-06-20', '01:17:38 AM'),
(454, 486, 1, 1, 313, 5, 71, 400, 6, 6, 6, 1, 1, 'Load', 20, 'Active', 0, '2015-06-20', '01:20:17 AM'),
(455, 487, 1, 1, 314, 5, 71, 401, 7, 7, 7, 1, 1, 'Load', 20, 'Active', 0, '2015-06-20', '01:22:34 AM'),
(456, 488, 1, 1, 315, 5, 71, 402, 4, 4, 4, 1, 1, 'Load', 20, 'Active', 0, '2015-06-20', '01:24:56 AM'),
(457, 489, 1, 1, 305, 5, 71, 403, 3, 3, 6, 1, 2, 'Load', 20, 'Active', 0, '2015-06-20', '01:25:44 AM'),
(458, 490, 1, 1, 316, 5, 71, 404, 2, 2, 2, 1, 1, 'Load', 20, 'Active', 0, '2015-06-20', '01:28:11 AM'),
(459, 491, 1, 1, 317, 5, 71, 405, 7, 7, 7, 1, 1, 'Load', 20, 'Active', 0, '2015-06-20', '01:30:41 AM'),
(460, 492, 1, 1, 318, 5, 71, 406, 2, 2, 2, 1, 1, 'Load', 20, 'Active', 0, '2015-06-20', '01:33:34 AM'),
(461, 493, 1, 1, 319, 5, 71, 407, 1, 1, 1, 1, 1, 'Load', 20, 'Active', 0, '2015-06-20', '01:36:02 AM'),
(462, 494, 1, 1, 320, 5, 71, 408, 3, 3, 3, 1, 1, 'Load', 20, 'Active', 0, '2015-06-20', '01:43:38 AM'),
(463, 495, 1, 1, 321, 5, 71, 409, 8, 8, 8, 1, 1, 'Load', 20, 'Active', 0, '2015-06-20', '01:45:50 AM'),
(464, 496, 1, 1, 322, 5, 71, 410, 6, 6, 6, 1, 1, 'Load', 20, 'Active', 0, '2015-06-20', '01:48:20 AM'),
(465, 497, 1, 1, 323, 5, 71, 411, 5, 5, 5, 1, 1, 'Load', 20, 'Active', 0, '2015-06-20', '01:54:58 AM'),
(466, 498, 1, 1, 324, 5, 71, 412, 5, 5, 5, 1, 1, 'Load', 20, 'Active', 0, '2015-06-20', '01:57:44 AM'),
(467, 499, 1, 1, 325, 5, 71, 413, 1, 1, 1, 1, 1, 'Load', 20, 'Active', 0, '2015-06-20', '02:00:30 AM'),
(468, 500, 1, 1, 129, 5, 71, 414, 13, 13, 72, 1, 4, 'Load', 20, 'Active', 0, '2015-06-20', '02:01:27 AM'),
(469, 501, 1, 1, 326, 5, 71, 415, 1, 1, 1, 1, 1, 'Load', 20, 'Active', 0, '2015-06-20', '02:04:33 AM'),
(470, 502, 1, 1, 327, 5, 71, 416, 2, 2, 2, 1, 1, 'Load', 20, 'Active', 0, '2015-06-20', '02:08:25 AM'),
(471, 503, 1, 1, 328, 5, 71, 417, 5, 5, 5, 1, 1, 'Load', 20, 'Active', 0, '2015-06-20', '02:21:47 AM'),
(472, 504, 1, 1, 329, 5, 71, 418, 6, 6, 6, 1, 1, 'Load', 20, 'Active', 0, '2015-06-20', '02:26:55 AM'),
(473, 505, 1, 1, 330, 5, 71, 419, 6, 6, 6, 1, 1, 'Load', 20, 'Active', 0, '2015-06-20', '02:36:04 AM'),
(474, 506, 1, 1, 144, 5, 71, 420, 10, 10, 23, 1, 3, 'Load', 20, 'Active', 0, '2015-06-20', '02:37:25 AM'),
(475, 507, 1, 1, 122, 5, 71, 421, 6, 6, 8, 1, 2, 'Load', 20, 'Active', 0, '2015-06-20', '02:38:38 AM'),
(476, 508, 1, 1, 290, 5, 71, 422, 5, 5, 45, 1, 2, 'Load', 20, 'Active', 0, '2015-06-20', '02:42:02 AM'),
(477, 509, 1, 1, 290, 5, 71, 423, 5, 5, 50, 1, 3, 'Load', 20, 'Active', 0, '2015-06-20', '02:43:05 AM'),
(478, 510, 1, 1, 290, 5, 71, 424, 30, 30, 80, 1, 4, 'Load', 20, 'Active', 0, '2015-06-20', '02:43:48 AM'),
(479, 511, 1, 1, 331, 5, 71, 425, 4, 4, 4, 1, 1, 'Load', 20, 'Active', 0, '2015-06-20', '02:49:58 AM'),
(480, 512, 1, 1, 332, 5, 71, 426, 3, 3, 3, 1, 1, 'Load', 20, 'Active', 0, '2015-06-20', '02:57:04 AM'),
(481, 513, 1, 1, 333, 5, 71, 427, 2, 2, 2, 1, 1, 'Load', 20, 'Active', 0, '2015-06-20', '02:59:37 AM'),
(482, 514, 1, 1, 333, 5, 71, 428, 1, 1, 3, 1, 2, 'Load', 20, 'Active', 0, '2015-06-20', '03:01:42 AM'),
(483, 515, 1, 1, 334, 5, 71, 429, 3, 3, 3, 1, 1, 'Load', 20, 'Active', 0, '2015-06-20', '04:53:39 AM'),
(484, 516, 1, 1, 335, 5, 71, 430, 6, 6, 6, 1, 1, 'Load', 20, 'Active', 0, '2015-06-20', '04:55:45 AM'),
(485, 517, 1, 1, 336, 5, 71, 431, 10, 10, 10, 1, 1, 'Load', 20, 'Active', 0, '2015-06-20', '04:58:21 AM'),
(486, 518, 1, 1, 123, 5, 71, 432, 9, 9, 148, 1, 28, 'Load', 20, 'Active', 0, '2015-06-20', '04:59:06 AM'),
(487, 519, 1, 1, 123, 5, 71, 433, 3, 3, 151, 1, 29, 'Load', 20, 'Active', 0, '2015-06-20', '04:59:44 AM'),
(488, 520, 1, 1, 123, 5, 71, 434, 3, 3, 154, 1, 30, 'Load', 20, 'Active', 0, '2015-06-20', '05:00:27 AM'),
(489, 521, 1, 1, 123, 5, 71, 435, 2, 2, 156, 1, 31, 'Load', 20, 'Active', 0, '2015-06-20', '05:01:07 AM'),
(490, 522, 1, 1, 123, 5, 71, 436, 2, 2, 158, 1, 32, 'Load', 20, 'Active', 0, '2015-06-20', '05:02:48 AM');
INSERT INTO `fna_alustock` (`ALUSID`, `PRODUCTLOADUNLOADBKDNID`, `PROJECTID`, `SUBPROJECTID`, `PARTYID`, `PRODCATTYPEID`, `PRODUCTID`, `LOTNO`, `QUANTITY`, `LOTTOTQNTY`, `PARTYTOTQNTY`, `LOTFLAG`, `PARTYFLAG`, `WORKTYPEFLAG`, `USERID`, `STATUS`, `FLAG`, `ENTDATE`, `ENTTIME`) VALUES
(491, 523, 1, 1, 123, 5, 71, 437, 2, 2, 160, 1, 33, 'Load', 20, 'Active', 0, '2015-06-20', '05:03:30 AM'),
(492, 524, 1, 1, 337, 5, 71, 438, 5, 5, 5, 1, 1, 'Load', 20, 'Active', 0, '2015-06-20', '05:11:33 AM'),
(493, 525, 1, 1, 155, 5, 71, 439, 10, 10, 333, 1, 17, 'Load', 20, 'Active', 0, '2015-06-20', '05:12:30 AM'),
(494, 526, 1, 1, 155, 5, 71, 440, 8, 8, 341, 1, 18, 'Load', 20, 'Active', 0, '2015-06-20', '05:13:09 AM'),
(495, 527, 1, 1, 155, 5, 71, 441, 9, 9, 350, 1, 19, 'Load', 20, 'Active', 0, '2015-06-20', '05:13:50 AM'),
(496, 528, 1, 1, 338, 5, 71, 442, 6, 6, 6, 1, 1, 'Load', 20, 'Active', 0, '2015-06-20', '05:18:13 AM'),
(497, 529, 1, 1, 262, 5, 71, 443, 5, 5, 6, 1, 2, 'Load', 20, 'Active', 0, '2015-06-20', '05:22:33 AM'),
(498, 530, 1, 1, 340, 5, 71, 444, 2, 2, 2, 1, 1, 'Load', 20, 'Active', 0, '2015-06-20', '23:49:30 PM'),
(499, 531, 1, 1, 341, 5, 71, 445, 14, 14, 14, 1, 1, 'Load', 20, 'Active', 0, '2015-06-20', '23:55:39 PM'),
(500, 532, 1, 1, 224, 5, 71, 446, 3, 3, 55, 1, 8, 'Load', 20, 'Active', 0, '2015-06-20', '23:56:33 PM'),
(501, 533, 1, 1, 167, 5, 71, 447, 30, 30, 266, 1, 7, 'Load', 20, 'Active', 0, '2015-06-20', '23:57:28 PM'),
(502, 534, 1, 1, 259, 5, 71, 448, 6, 6, 39, 1, 3, 'Load', 20, 'Active', 0, '2015-06-20', '23:58:13 PM'),
(503, 535, 1, 1, 71, 5, 71, 449, 6, 6, 153, 1, 6, 'Load', 20, 'Active', 0, '2015-06-20', '23:59:39 PM'),
(504, 536, 1, 1, 225, 5, 71, 450, 7, 7, 32, 1, 3, 'Load', 20, 'Active', 0, '2015-06-21', '00:01:06 AM'),
(505, 537, 1, 1, 225, 5, 71, 451, 24, 24, 56, 1, 4, 'Load', 20, 'Active', 0, '2015-06-21', '00:02:17 AM'),
(506, 538, 1, 1, 225, 5, 71, 452, 7, 7, 63, 1, 5, 'Load', 20, 'Active', 0, '2015-06-21', '00:03:18 AM'),
(507, 539, 1, 1, 342, 5, 71, 453, 41, 41, 41, 1, 1, 'Load', 20, 'Active', 0, '2015-06-21', '00:06:10 AM'),
(508, 540, 1, 1, 343, 5, 71, 454, 200, 200, 200, 1, 1, 'Load', 20, 'Active', 0, '2015-06-21', '00:20:08 AM'),
(509, 541, 1, 1, 344, 5, 71, 455, 3, 3, 3, 1, 1, 'Load', 20, 'Active', 0, '2015-06-21', '00:26:22 AM'),
(510, 542, 1, 1, 110, 5, 71, 457, 91, 91, 644, 1, 7, 'Load', 20, 'Active', 0, '2015-06-21', '00:28:11 AM'),
(511, 543, 1, 1, 110, 5, 71, 456, 100, 100, 744, 1, 8, 'Load', 20, 'Active', 0, '2015-06-21', '00:29:17 AM'),
(512, 544, 1, 1, 343, 5, 71, 458, 200, 200, 400, 1, 2, 'Load', 20, 'Active', 0, '2015-06-21', '00:30:16 AM'),
(513, 545, 1, 1, 345, 5, 71, 459, 211, 211, 211, 1, 1, 'Load', 20, 'Active', 0, '2015-06-21', '00:35:55 AM'),
(514, 546, 1, 1, 345, 5, 71, 460, 210, 210, 421, 1, 2, 'Load', 20, 'Active', 0, '2015-06-21', '00:37:07 AM'),
(515, 547, 1, 1, 345, 5, 71, 461, 109, 109, 530, 1, 3, 'Load', 20, 'Active', 0, '2015-06-21', '00:38:12 AM'),
(516, 548, 1, 1, 346, 5, 71, 462, 21, 21, 21, 1, 1, 'Load', 20, 'Active', 0, '2015-06-21', '00:42:24 AM'),
(517, 549, 1, 1, 347, 5, 71, 463, 2, 2, 2, 1, 1, 'Load', 20, 'Active', 0, '2015-06-21', '00:45:52 AM'),
(518, 550, 1, 1, 348, 5, 71, 464, 1, 1, 1, 1, 1, 'Load', 20, 'Active', 0, '2015-06-21', '01:16:10 AM'),
(519, 551, 1, 1, 349, 5, 71, 465, 2, 2, 2, 1, 1, 'Load', 20, 'Active', 0, '2015-06-21', '01:18:01 AM'),
(520, 552, 1, 1, 350, 5, 71, 466, 3, 3, 3, 1, 1, 'Load', 20, 'Active', 0, '2015-06-21', '01:20:08 AM'),
(521, 553, 1, 1, 352, 5, 71, 467, 3, 3, 3, 1, 1, 'Load', 20, 'Active', 0, '2015-06-21', '01:23:32 AM'),
(522, 554, 1, 1, 352, 5, 71, 468, 2, 2, 5, 1, 2, 'Load', 20, 'Active', 0, '2015-06-21', '01:24:15 AM'),
(523, 555, 1, 1, 353, 5, 71, 469, 1, 1, 1, 1, 1, 'Load', 20, 'Active', 0, '2015-06-21', '01:53:19 AM'),
(524, 556, 1, 1, 354, 5, 71, 470, 4, 4, 4, 1, 1, 'Load', 20, 'Active', 0, '2015-06-21', '01:56:25 AM'),
(525, 557, 1, 1, 355, 5, 71, 471, 3, 3, 3, 1, 1, 'Load', 20, 'Active', 0, '2015-06-21', '02:33:26 AM'),
(526, 558, 1, 1, 356, 5, 71, 472, 2, 2, 2, 1, 1, 'Load', 20, 'Active', 0, '2015-06-21', '02:35:32 AM'),
(527, 559, 1, 1, 357, 5, 71, 473, 3, 3, 3, 1, 1, 'Load', 20, 'Active', 0, '2015-06-21', '02:37:31 AM'),
(528, 560, 1, 1, 358, 5, 71, 474, 5, 5, 5, 1, 1, 'Load', 20, 'Active', 0, '2015-06-21', '02:40:54 AM'),
(529, 561, 1, 1, 359, 5, 71, 475, 6, 6, 6, 1, 1, 'Load', 20, 'Active', 0, '2015-06-21', '02:43:47 AM'),
(530, 562, 1, 1, 360, 5, 71, 476, 5, 5, 5, 1, 1, 'Load', 20, 'Active', 0, '2015-06-21', '02:48:09 AM'),
(531, 563, 1, 1, 361, 5, 71, 477, 2, 2, 2, 1, 1, 'Load', 20, 'Active', 0, '2015-06-21', '02:58:56 AM'),
(532, 564, 1, 1, 71, 5, 71, 478, 6, 6, 159, 1, 7, 'Load', 20, 'Active', 0, '2015-06-21', '03:00:11 AM'),
(533, 565, 1, 1, 362, 5, 71, 479, 4, 4, 4, 1, 1, 'Load', 20, 'Active', 0, '2015-06-21', '03:03:41 AM'),
(534, 566, 1, 1, 363, 5, 71, 480, 5, 5, 5, 1, 1, 'Load', 20, 'Active', 0, '2015-06-21', '03:06:35 AM'),
(535, 567, 1, 1, 364, 5, 71, 481, 2, 2, 2, 1, 1, 'Load', 20, 'Active', 0, '2015-06-21', '03:08:37 AM'),
(536, 568, 1, 1, 365, 5, 71, 482, 4, 4, 4, 1, 1, 'Load', 20, 'Active', 0, '2015-06-21', '03:10:26 AM'),
(537, 569, 1, 1, 366, 5, 71, 483, 165, 165, 165, 1, 1, 'Load', 20, 'Active', 0, '2015-06-21', '03:42:57 AM'),
(538, 570, 1, 1, 367, 5, 71, 484, 6, 6, 6, 1, 1, 'Load', 20, 'Active', 0, '2015-06-21', '03:58:11 AM'),
(539, 571, 1, 1, 368, 5, 71, 485, 4, 4, 4, 1, 1, 'Load', 20, 'Active', 0, '2015-06-21', '05:01:45 AM'),
(540, 572, 1, 1, 369, 5, 71, 486, 8, 8, 8, 1, 1, 'Load', 20, 'Active', 0, '2015-06-21', '05:03:59 AM'),
(541, 573, 1, 1, 370, 5, 71, 487, 7, 7, 7, 1, 1, 'Load', 20, 'Active', 0, '2015-06-21', '05:06:23 AM'),
(542, 574, 1, 1, 371, 5, 71, 488, 2, 2, 2, 1, 1, 'Load', 20, 'Active', 0, '2015-06-21', '05:08:16 AM'),
(543, 575, 1, 1, 372, 5, 71, 489, 2, 2, 2, 1, 1, 'Load', 20, 'Active', 0, '2015-06-21', '05:10:26 AM'),
(544, 576, 1, 1, 366, 5, 71, 490, 189, 189, 354, 1, 2, 'Load', 20, 'Active', 0, '2015-06-21', '05:11:30 AM'),
(545, 577, 1, 1, 373, 5, 71, 491, 2, 2, 2, 1, 1, 'Load', 20, 'Active', 0, '2015-06-21', '05:13:46 AM'),
(546, 578, 1, 1, 374, 5, 71, 492, 1, 1, 1, 1, 1, 'Load', 20, 'Active', 0, '2015-06-21', '05:15:24 AM'),
(547, 579, 1, 1, 375, 5, 71, 493, 3, 3, 3, 1, 1, 'Load', 20, 'Active', 0, '2015-06-21', '05:17:13 AM'),
(548, 580, 1, 1, 375, 5, 71, 494, 5, 5, 8, 1, 2, 'Load', 20, 'Active', 0, '2015-06-21', '05:19:10 AM'),
(549, 581, 1, 1, 377, 5, 71, 495, 2, 2, 2, 1, 1, 'Load', 20, 'Active', 0, '2015-06-21', '05:21:29 AM'),
(550, 582, 1, 1, 129, 5, 71, 496, 16, 16, 88, 1, 5, 'Load', 20, 'Active', 0, '2015-06-21', '05:22:22 AM'),
(551, 583, 1, 1, 378, 5, 71, 497, 27, 27, 27, 1, 1, 'Load', 20, 'Active', 0, '2015-06-21', '05:28:14 AM'),
(552, 584, 1, 1, 379, 5, 71, 498, 2, 2, 2, 1, 1, 'Load', 20, 'Active', 0, '2015-06-21', '05:30:31 AM'),
(553, 585, 1, 1, 380, 5, 71, 499, 6, 6, 6, 1, 1, 'Load', 20, 'Active', 0, '2015-06-21', '05:32:17 AM'),
(554, 586, 1, 1, 71, 5, 71, 500, 4, 4, 163, 1, 8, 'Load', 20, 'Active', 0, '2015-06-23', '00:00:37 AM'),
(555, 587, 1, 1, 381, 5, 71, 501, 18, 18, 18, 1, 1, 'Load', 20, 'Active', 0, '2015-06-23', '00:04:09 AM'),
(556, 588, 1, 1, 382, 5, 71, 502, 2, 2, 2, 1, 1, 'Load', 20, 'Active', 0, '2015-06-23', '00:14:19 AM'),
(557, 589, 1, 1, 383, 5, 71, 503, 8, 8, 8, 1, 1, 'Load', 20, 'Active', 0, '2015-06-23', '00:17:14 AM'),
(558, 590, 1, 1, 259, 5, 71, 504, 19, 19, 58, 1, 4, 'Load', 20, 'Active', 0, '2015-06-23', '00:18:11 AM'),
(559, 591, 1, 1, 259, 5, 71, 505, 12, 12, 70, 1, 5, 'Load', 20, 'Active', 0, '2015-06-23', '00:18:56 AM'),
(560, 592, 1, 1, 259, 5, 71, 506, 8, 8, 78, 1, 6, 'Load', 20, 'Active', 0, '2015-06-23', '00:20:25 AM'),
(561, 593, 1, 1, 345, 5, 71, 507, 100, 100, 630, 1, 4, 'Load', 20, 'Active', 0, '2015-06-23', '00:21:39 AM'),
(562, 594, 1, 1, 71, 5, 71, 508, 7, 7, 170, 1, 9, 'Load', 20, 'Active', 0, '2015-06-23', '00:22:43 AM'),
(563, 595, 1, 1, 384, 5, 71, 509, 2, 2, 2, 1, 1, 'Load', 20, 'Active', 0, '2015-06-23', '00:25:25 AM'),
(564, 596, 1, 1, 385, 5, 71, 510, 2, 2, 2, 1, 1, 'Load', 20, 'Active', 0, '2015-06-23', '00:28:34 AM'),
(565, 597, 1, 1, 386, 5, 71, 511, 6, 6, 6, 1, 1, 'Load', 20, 'Active', 0, '2015-06-23', '00:31:24 AM'),
(566, 598, 1, 1, 387, 5, 71, 512, 1, 1, 1, 1, 1, 'Load', 20, 'Active', 0, '2015-06-23', '00:36:47 AM'),
(567, 599, 1, 1, 388, 5, 71, 513, 5, 5, 5, 1, 1, 'Load', 20, 'Active', 0, '2015-06-23', '00:39:05 AM'),
(568, 600, 1, 1, 389, 5, 71, 514, 10, 10, 10, 1, 1, 'Load', 20, 'Active', 0, '2015-06-23', '00:42:44 AM'),
(569, 601, 1, 1, 390, 5, 71, 515, 5, 5, 5, 1, 1, 'Load', 20, 'Active', 0, '2015-06-23', '00:45:11 AM'),
(570, 602, 1, 1, 391, 5, 71, 516, 1, 1, 1, 1, 1, 'Load', 20, 'Active', 0, '2015-06-23', '00:47:20 AM'),
(571, 603, 1, 1, 392, 5, 71, 517, 1, 1, 1, 1, 1, 'Load', 20, 'Active', 0, '2015-06-23', '00:49:47 AM'),
(572, 604, 1, 1, 393, 5, 71, 518, 1, 1, 1, 1, 1, 'Load', 20, 'Active', 0, '2015-06-23', '00:52:03 AM'),
(573, 605, 1, 1, 394, 5, 71, 519, 3, 3, 3, 1, 1, 'Load', 20, 'Active', 0, '2015-06-23', '01:04:07 AM'),
(574, 606, 1, 1, 395, 5, 71, 520, 2, 2, 2, 1, 1, 'Load', 20, 'Active', 0, '2015-06-23', '01:48:26 AM'),
(575, 607, 1, 1, 396, 5, 71, 521, 2, 2, 2, 1, 1, 'Load', 20, 'Active', 0, '2015-06-23', '01:53:37 AM'),
(576, 608, 1, 1, 397, 5, 71, 522, 1, 1, 1, 1, 1, 'Load', 20, 'Active', 0, '2015-06-23', '02:19:10 AM'),
(577, 609, 1, 1, 82, 5, 71, 523, 20, 20, 274, 1, 12, 'Load', 20, 'Active', 0, '2015-06-23', '02:19:55 AM'),
(578, 610, 1, 1, 82, 5, 71, 524, 14, 14, 288, 1, 13, 'Load', 20, 'Active', 0, '2015-06-23', '02:20:40 AM'),
(579, 611, 1, 1, 398, 5, 71, 525, 8, 8, 8, 1, 1, 'Load', 20, 'Active', 0, '2015-06-23', '02:23:55 AM'),
(580, 612, 1, 1, 399, 5, 71, 526, 3, 3, 3, 1, 1, 'Load', 20, 'Active', 0, '2015-06-23', '02:26:40 AM'),
(581, 613, 1, 1, 260, 5, 71, 527, 11, 11, 118, 1, 9, 'Load', 20, 'Active', 0, '2015-06-23', '02:27:35 AM'),
(582, 614, 1, 1, 260, 5, 71, 528, 10, 10, 128, 1, 10, 'Load', 20, 'Active', 0, '2015-06-23', '02:28:21 AM'),
(583, 615, 1, 1, 260, 5, 71, 529, 12, 12, 140, 1, 11, 'Load', 20, 'Active', 0, '2015-06-23', '02:29:42 AM'),
(584, 616, 1, 1, 260, 5, 71, 530, 8, 8, 148, 1, 12, 'Load', 20, 'Active', 0, '2015-06-23', '02:39:17 AM'),
(585, 617, 1, 1, 343, 5, 71, 531, 79, 79, 479, 1, 3, 'Load', 20, 'Active', 0, '2015-06-23', '02:40:13 AM'),
(586, 618, 1, 1, 345, 5, 71, 532, 100, 100, 730, 1, 5, 'Load', 20, 'Active', 0, '2015-06-23', '02:42:35 AM'),
(587, 619, 1, 1, 345, 5, 71, 533, 198, 198, 928, 1, 6, 'Load', 20, 'Active', 0, '2015-06-23', '02:43:22 AM'),
(588, 620, 1, 1, 268, 5, 71, 534, 180, 180, 360, 1, 3, 'Load', 20, 'Active', 0, '2015-06-23', '02:44:22 AM'),
(589, 621, 1, 1, 346, 5, 71, 536, 19, 19, 40, 1, 2, 'Load', 20, 'Active', 0, '2015-06-23', '03:01:01 AM'),
(590, 622, 1, 1, 400, 5, 71, 535, 60, 60, 60, 1, 1, 'Load', 20, 'Active', 0, '2015-06-23', '03:03:29 AM'),
(591, 623, 1, 1, 345, 5, 71, 537, 110, 110, 1038, 1, 7, 'Load', 20, 'Active', 0, '2015-06-23', '03:04:40 AM'),
(592, 624, 1, 1, 402, 5, 71, 538, 28, 28, 28, 1, 1, 'Load', 20, 'Active', 0, '2015-06-23', '03:14:39 AM'),
(593, 625, 1, 1, 403, 5, 71, 539, 4, 4, 4, 1, 1, 'Load', 20, 'Active', 0, '2015-06-23', '03:17:41 AM'),
(594, 626, 1, 1, 305, 5, 71, 540, 7, 7, 13, 1, 3, 'Load', 20, 'Active', 0, '2015-06-23', '03:19:06 AM'),
(595, 627, 1, 1, 404, 5, 71, 541, 3, 3, 3, 1, 1, 'Load', 20, 'Active', 0, '2015-06-23', '03:21:01 AM'),
(596, 628, 1, 1, 259, 5, 71, 542, 20, 20, 98, 1, 7, 'Load', 20, 'Active', 0, '2015-06-23', '03:22:01 AM'),
(597, 629, 1, 1, 259, 5, 71, 543, 7, 7, 105, 1, 8, 'Load', 20, 'Active', 0, '2015-06-23', '03:22:46 AM'),
(598, 630, 1, 1, 405, 5, 71, 544, 4, 4, 4, 1, 1, 'Load', 20, 'Active', 0, '2015-06-23', '03:25:08 AM'),
(599, 631, 1, 1, 406, 5, 71, 545, 1, 1, 1, 1, 1, 'Load', 20, 'Active', 0, '2015-06-23', '03:29:21 AM'),
(600, 632, 1, 1, 407, 5, 71, 546, 4, 4, 4, 1, 1, 'Load', 20, 'Active', 0, '2015-06-23', '04:17:03 AM'),
(601, 633, 1, 1, 408, 5, 71, 547, 2, 2, 2, 1, 1, 'Load', 20, 'Active', 0, '2015-06-23', '04:20:11 AM'),
(602, 634, 1, 1, 409, 5, 71, 548, 4, 4, 4, 1, 1, 'Load', 20, 'Active', 0, '2015-06-23', '04:25:09 AM'),
(603, 635, 1, 1, 410, 5, 71, 549, 1, 1, 1, 1, 1, 'Load', 20, 'Active', 0, '2015-06-23', '04:27:49 AM'),
(604, 636, 1, 1, 411, 5, 71, 550, 3, 3, 3, 1, 1, 'Load', 20, 'Active', 0, '2015-06-23', '05:55:22 AM'),
(605, 637, 1, 1, 412, 5, 71, 551, 1, 1, 1, 1, 1, 'Load', 20, 'Active', 0, '2015-06-23', '05:56:03 AM'),
(606, 638, 1, 1, 413, 5, 71, 552, 2, 2, 2, 1, 1, 'Load', 20, 'Active', 0, '2015-06-23', '05:56:56 AM'),
(607, 639, 1, 1, 414, 5, 71, 553, 7, 7, 7, 1, 1, 'Load', 20, 'Active', 0, '2015-06-23', '05:57:42 AM'),
(608, 640, 1, 1, 415, 5, 71, 554, 3, 3, 3, 1, 1, 'Load', 20, 'Active', 0, '2015-06-23', '05:58:35 AM'),
(609, 641, 1, 1, 416, 5, 71, 555, 4, 4, 4, 1, 1, 'Load', 20, 'Active', 0, '2015-06-23', '05:59:34 AM'),
(610, 642, 1, 1, 417, 5, 71, 556, 2, 2, 2, 1, 1, 'Load', 20, 'Active', 0, '2015-06-23', '06:00:15 AM'),
(611, 643, 1, 1, 418, 5, 71, 557, 4, 4, 4, 1, 1, 'Load', 20, 'Active', 0, '2015-06-23', '06:00:57 AM'),
(612, 644, 1, 1, 419, 5, 71, 558, 1, 1, 1, 1, 1, 'Load', 20, 'Active', 0, '2015-06-23', '06:01:46 AM'),
(613, 645, 1, 1, 420, 5, 71, 559, 3, 3, 3, 1, 1, 'Load', 20, 'Active', 0, '2015-06-23', '06:02:32 AM'),
(614, 646, 1, 1, 421, 5, 71, 560, 6, 6, 6, 1, 1, 'Load', 20, 'Active', 0, '2015-06-23', '06:06:03 AM'),
(615, 647, 1, 1, 422, 5, 71, 561, 3, 3, 3, 1, 1, 'Load', 20, 'Active', 0, '2015-06-23', '06:08:33 AM'),
(616, 648, 1, 1, 368, 5, 71, 562, 3, 3, 7, 1, 2, 'Load', 20, 'Active', 0, '2015-06-23', '06:11:05 AM'),
(617, 649, 1, 1, 423, 5, 71, 563, 3, 3, 3, 1, 1, 'Load', 20, 'Active', 0, '2015-06-23', '06:23:20 AM'),
(618, 650, 1, 1, 424, 5, 71, 564, 6, 6, 6, 1, 1, 'Load', 20, 'Active', 0, '2015-06-23', '06:24:03 AM'),
(619, 651, 1, 1, 425, 5, 71, 565, 3, 3, 3, 1, 1, 'Load', 20, 'Active', 0, '2015-06-23', '06:24:50 AM'),
(620, 652, 1, 1, 426, 5, 71, 566, 24, 24, 24, 1, 1, 'Load', 20, 'Active', 0, '2015-06-23', '06:25:33 AM'),
(621, 653, 1, 1, 427, 5, 71, 567, 4, 4, 4, 1, 1, 'Load', 20, 'Active', 0, '2015-06-23', '06:26:19 AM'),
(622, 654, 1, 1, 428, 5, 71, 568, 10, 10, 10, 1, 1, 'Load', 20, 'Active', 0, '2015-06-23', '06:27:44 AM'),
(623, 655, 1, 1, 429, 5, 71, 569, 3, 3, 3, 1, 1, 'Load', 20, 'Active', 0, '2015-06-23', '06:28:18 AM'),
(624, 656, 1, 1, 430, 5, 71, 570, 4, 4, 4, 1, 1, 'Load', 20, 'Active', 0, '2015-06-23', '06:29:02 AM'),
(625, 657, 1, 1, 431, 5, 71, 571, 6, 6, 6, 1, 1, 'Load', 20, 'Active', 0, '2015-06-23', '06:29:51 AM'),
(626, 658, 1, 1, 432, 5, 71, 572, 4, 4, 4, 1, 1, 'Load', 20, 'Active', 0, '2015-06-23', '23:09:22 PM'),
(627, 659, 1, 1, 433, 5, 71, 573, 4, 4, 4, 1, 1, 'Load', 20, 'Active', 0, '2015-06-23', '23:10:21 PM'),
(628, 660, 1, 1, 435, 5, 71, 574, 5, 5, 5, 1, 1, 'Load', 20, 'Active', 0, '2015-06-23', '23:16:44 PM'),
(629, 661, 1, 1, 436, 5, 71, 575, 10, 10, 10, 1, 1, 'Load', 20, 'Active', 0, '2015-06-23', '23:19:44 PM'),
(630, 662, 1, 1, 434, 5, 71, 576, 30, 30, 30, 1, 1, 'Load', 20, 'Active', 0, '2015-06-23', '23:22:05 PM'),
(631, 663, 1, 1, 434, 5, 71, 577, 1, 1, 31, 1, 2, 'Load', 20, 'Active', 0, '2015-06-23', '23:22:57 PM'),
(632, 664, 1, 1, 437, 5, 71, 578, 4, 4, 4, 1, 1, 'Load', 20, 'Active', 0, '2015-06-24', '00:26:19 AM'),
(633, 665, 1, 1, 438, 5, 71, 579, 41, 41, 41, 1, 1, 'Load', 20, 'Active', 0, '2015-06-24', '00:32:47 AM'),
(634, 666, 1, 1, 70, 5, 71, 584, 220, 220, 1050, 1, 5, 'Load', 20, 'Active', 0, '2015-06-24', '00:36:31 AM'),
(635, 667, 1, 1, 400, 5, 71, 585, 60, 60, 120, 1, 2, 'Load', 20, 'Active', 0, '2015-06-24', '00:37:34 AM'),
(636, 668, 1, 1, 167, 5, 71, 586, 50, 50, 316, 1, 8, 'Load', 20, 'Active', 0, '2015-06-24', '00:52:47 AM'),
(637, 669, 1, 1, 167, 5, 71, 587, 60, 60, 376, 1, 9, 'Load', 20, 'Active', 0, '2015-06-24', '00:53:40 AM'),
(638, 670, 1, 1, 345, 5, 71, 588, 204, 204, 1242, 1, 8, 'Load', 20, 'Active', 0, '2015-06-24', '00:54:51 AM'),
(639, 671, 1, 1, 129, 5, 71, 589, 55, 55, 143, 1, 6, 'Load', 20, 'Active', 0, '2015-06-24', '00:55:53 AM'),
(640, 672, 1, 1, 268, 5, 71, 590, 125, 125, 485, 1, 4, 'Load', 20, 'Active', 0, '2015-06-24', '00:57:13 AM'),
(641, 673, 1, 1, 225, 5, 71, 597, 3, 3, 66, 1, 6, 'Load', 20, 'Active', 0, '2015-06-24', '01:00:24 AM'),
(642, 674, 1, 1, 225, 5, 71, 598, 5, 5, 71, 1, 7, 'Load', 20, 'Active', 0, '2015-06-24', '01:02:02 AM'),
(643, 675, 1, 1, 439, 5, 71, 580, 6, 6, 6, 1, 1, 'Load', 20, 'Active', 0, '2015-06-24', '01:53:02 AM'),
(644, 676, 1, 1, 440, 5, 71, 581, 2, 2, 2, 1, 1, 'Load', 20, 'Active', 0, '2015-06-24', '01:54:01 AM'),
(645, 677, 1, 1, 441, 5, 71, 582, 1, 1, 1, 1, 1, 'Load', 20, 'Active', 0, '2015-06-24', '01:54:51 AM'),
(646, 678, 1, 1, 442, 5, 71, 583, 20, 20, 20, 1, 1, 'Load', 20, 'Active', 0, '2015-06-24', '01:55:47 AM'),
(647, 679, 1, 1, 443, 5, 71, 591, 10, 10, 10, 1, 1, 'Load', 20, 'Active', 0, '2015-06-24', '02:04:58 AM'),
(648, 680, 1, 1, 444, 5, 71, 592, 11, 11, 11, 1, 1, 'Load', 20, 'Active', 0, '2015-06-24', '02:06:00 AM'),
(649, 681, 1, 1, 445, 5, 71, 593, 5, 5, 5, 1, 1, 'Load', 20, 'Active', 0, '2015-06-24', '02:06:57 AM'),
(650, 682, 1, 1, 446, 5, 71, 594, 4, 4, 4, 1, 1, 'Load', 20, 'Active', 0, '2015-06-24', '02:07:46 AM'),
(651, 683, 1, 1, 447, 5, 71, 595, 3, 3, 3, 1, 1, 'Load', 20, 'Active', 0, '2015-06-24', '02:08:39 AM'),
(652, 684, 1, 1, 448, 5, 71, 596, 3, 3, 3, 1, 1, 'Load', 20, 'Active', 0, '2015-06-24', '02:09:39 AM'),
(653, 685, 1, 1, 449, 5, 71, 599, 9, 9, 9, 1, 1, 'Load', 20, 'Active', 0, '2015-06-24', '02:10:47 AM'),
(654, 686, 1, 1, 450, 5, 71, 600, 7, 7, 7, 1, 1, 'Load', 20, 'Active', 0, '2015-06-24', '02:11:47 AM'),
(655, 687, 1, 1, 451, 5, 71, 601, 7, 7, 7, 1, 1, 'Load', 20, 'Active', 0, '2015-06-24', '02:12:40 AM'),
(656, 688, 1, 1, 452, 5, 71, 602, 3, 3, 3, 1, 1, 'Load', 20, 'Active', 0, '2015-06-24', '02:13:35 AM'),
(657, 689, 1, 1, 453, 5, 71, 603, 3, 3, 3, 1, 1, 'Load', 20, 'Active', 0, '2015-06-24', '02:14:39 AM'),
(658, 690, 1, 1, 454, 5, 71, 604, 5, 5, 5, 1, 1, 'Load', 20, 'Active', 0, '2015-06-24', '02:15:32 AM'),
(659, 691, 1, 1, 455, 5, 71, 605, 2, 2, 2, 1, 1, 'Load', 20, 'Active', 0, '2015-06-24', '02:16:32 AM'),
(660, 692, 1, 1, 456, 5, 71, 606, 2, 2, 2, 1, 1, 'Load', 20, 'Active', 0, '2015-06-24', '02:17:21 AM'),
(661, 693, 1, 1, 457, 5, 71, 607, 2, 2, 2, 1, 1, 'Load', 20, 'Active', 0, '2015-06-24', '02:18:37 AM'),
(662, 694, 1, 1, 155, 5, 71, 612, 13, 13, 363, 1, 20, 'Load', 20, 'Active', 0, '2015-06-24', '02:47:16 AM'),
(663, 695, 1, 1, 348, 5, 71, 618, 3, 3, 4, 1, 2, 'Load', 20, 'Active', 0, '2015-06-24', '02:51:26 AM'),
(664, 696, 1, 1, 367, 5, 71, 620, 5, 5, 11, 1, 2, 'Load', 20, 'Active', 0, '2015-06-24', '02:52:37 AM'),
(665, 697, 1, 1, 155, 5, 71, 632, 2, 2, 365, 1, 21, 'Load', 20, 'Active', 0, '2015-06-24', '02:57:08 AM'),
(666, 698, 1, 1, 225, 5, 71, 635, 6, 6, 77, 1, 8, 'Load', 20, 'Active', 0, '2015-06-24', '02:58:25 AM'),
(667, 699, 1, 1, 167, 5, 71, 638, 21, 21, 397, 1, 10, 'Load', 20, 'Active', 0, '2015-06-24', '02:59:28 AM'),
(668, 700, 1, 1, 167, 5, 71, 639, 29, 29, 426, 1, 11, 'Load', 20, 'Active', 0, '2015-06-24', '03:47:25 AM'),
(669, 701, 1, 1, 82, 5, 71, 640, 31, 31, 319, 1, 14, 'Load', 20, 'Active', 0, '2015-06-24', '03:48:19 AM'),
(670, 702, 1, 1, 458, 5, 71, 608, 1, 1, 1, 1, 1, 'Load', 20, 'Active', 0, '2015-06-24', '05:53:48 AM'),
(671, 703, 1, 1, 459, 5, 71, 609, 11, 11, 11, 1, 1, 'Load', 20, 'Active', 0, '2015-06-24', '05:54:45 AM'),
(672, 704, 1, 1, 460, 5, 71, 610, 2, 2, 2, 1, 1, 'Load', 20, 'Active', 0, '2015-06-24', '05:55:25 AM'),
(673, 705, 1, 1, 461, 5, 71, 611, 5, 5, 5, 1, 1, 'Load', 20, 'Active', 0, '2015-06-24', '05:56:07 AM'),
(674, 706, 1, 1, 462, 5, 71, 613, 4, 4, 4, 1, 1, 'Load', 20, 'Active', 0, '2015-06-24', '05:57:05 AM'),
(675, 707, 1, 1, 463, 5, 71, 614, 4, 4, 4, 1, 1, 'Load', 20, 'Active', 0, '2015-06-24', '05:57:54 AM'),
(676, 708, 1, 1, 482, 5, 71, 615, 40, 40, 40, 1, 1, 'Load', 20, 'Active', 0, '2015-06-24', '06:02:36 AM'),
(677, 709, 1, 1, 465, 5, 71, 616, 2, 2, 2, 1, 1, 'Load', 20, 'Active', 0, '2015-06-24', '06:03:39 AM'),
(678, 710, 1, 1, 466, 5, 71, 617, 1, 1, 1, 1, 1, 'Load', 20, 'Active', 0, '2015-06-24', '06:04:32 AM'),
(679, 711, 1, 1, 467, 5, 71, 619, 3, 3, 3, 1, 1, 'Load', 20, 'Active', 0, '2015-06-24', '06:05:18 AM'),
(680, 712, 1, 1, 468, 5, 71, 621, 5, 5, 5, 1, 1, 'Load', 20, 'Active', 0, '2015-06-24', '06:06:35 AM'),
(681, 713, 1, 1, 469, 5, 71, 622, 33, 33, 33, 1, 1, 'Load', 20, 'Active', 0, '2015-06-24', '06:07:24 AM'),
(682, 714, 1, 1, 470, 5, 71, 623, 4, 4, 4, 1, 1, 'Load', 20, 'Active', 0, '2015-06-24', '06:08:53 AM'),
(683, 715, 1, 1, 471, 5, 71, 624, 5, 5, 5, 1, 1, 'Load', 20, 'Active', 0, '2015-06-24', '06:09:39 AM'),
(684, 716, 1, 1, 472, 5, 71, 625, 4, 4, 4, 1, 1, 'Load', 20, 'Active', 0, '2015-06-24', '06:10:26 AM'),
(685, 717, 1, 1, 473, 5, 71, 626, 7, 7, 7, 1, 1, 'Load', 20, 'Active', 0, '2015-06-24', '06:11:26 AM'),
(686, 718, 1, 1, 474, 5, 71, 627, 3, 3, 3, 1, 1, 'Load', 20, 'Active', 0, '2015-06-24', '06:13:13 AM'),
(687, 719, 1, 1, 475, 5, 71, 628, 4, 4, 4, 1, 1, 'Load', 20, 'Active', 0, '2015-06-24', '06:14:06 AM'),
(688, 720, 1, 1, 476, 5, 71, 629, 1, 1, 1, 1, 1, 'Load', 20, 'Active', 0, '2015-06-24', '06:16:42 AM'),
(689, 721, 1, 1, 477, 5, 71, 630, 3, 3, 3, 1, 1, 'Load', 20, 'Active', 0, '2015-06-24', '06:17:26 AM'),
(690, 722, 1, 1, 478, 5, 71, 631, 4, 4, 4, 1, 1, 'Load', 20, 'Active', 0, '2015-06-24', '06:18:20 AM'),
(691, 723, 1, 1, 479, 5, 71, 633, 8, 8, 8, 1, 1, 'Load', 20, 'Active', 0, '2015-06-24', '06:19:10 AM'),
(692, 724, 1, 1, 479, 5, 71, 634, 7, 7, 15, 1, 2, 'Load', 20, 'Active', 0, '2015-06-24', '06:20:16 AM'),
(693, 725, 1, 1, 480, 5, 71, 636, 4, 4, 4, 1, 1, 'Load', 20, 'Active', 0, '2015-06-24', '06:21:10 AM'),
(694, 726, 1, 1, 480, 5, 71, 637, 3, 3, 7, 1, 2, 'Load', 20, 'Active', 0, '2015-06-24', '06:21:57 AM'),
(695, 727, 1, 1, 481, 5, 71, 641, 3, 3, 3, 1, 1, 'Load', 20, 'Active', 0, '2015-06-24', '06:22:39 AM'),
(696, 728, 1, 1, 482, 5, 71, 642, 36, 36, 76, 1, 2, 'Load', 20, 'Active', 0, '2015-06-24', '06:23:20 AM'),
(697, 729, 1, 1, 483, 5, 71, 643, 12, 12, 12, 1, 1, 'Load', 20, 'Active', 0, '2015-06-24', '06:24:04 AM'),
(698, 730, 1, 1, 345, 5, 71, 644, 110, 110, 1352, 1, 9, 'Load', 20, 'Active', 0, '2015-06-24', '23:39:44 PM'),
(699, 731, 1, 1, 171, 5, 71, 645, 23, 23, 143, 1, 3, 'Load', 20, 'Active', 0, '2015-06-24', '23:43:58 PM'),
(700, 732, 1, 1, 434, 5, 71, 649, 1, 1, 32, 1, 3, 'Load', 20, 'Active', 0, '2015-06-24', '23:46:09 PM'),
(701, 733, 1, 1, 434, 5, 71, 650, 40, 40, 72, 1, 4, 'Load', 20, 'Active', 0, '2015-06-24', '23:47:05 PM'),
(702, 734, 1, 1, 434, 5, 71, 651, 3, 3, 75, 1, 5, 'Load', 20, 'Active', 0, '2015-06-24', '23:48:23 PM'),
(703, 735, 1, 1, 434, 5, 71, 652, 12, 12, 87, 1, 6, 'Load', 20, 'Active', 0, '2015-06-24', '23:49:27 PM'),
(704, 736, 1, 1, 434, 5, 71, 653, 13, 13, 100, 1, 7, 'Load', 20, 'Active', 0, '2015-06-24', '23:50:12 PM'),
(705, 737, 1, 1, 434, 5, 71, 654, 12, 12, 112, 1, 8, 'Load', 20, 'Active', 0, '2015-06-24', '23:51:02 PM'),
(706, 738, 1, 1, 400, 5, 71, 656, 30, 30, 150, 1, 3, 'Load', 20, 'Active', 0, '2015-06-24', '23:52:06 PM'),
(707, 739, 1, 1, 400, 5, 71, 657, 30, 30, 180, 1, 4, 'Load', 20, 'Active', 0, '2015-06-24', '23:53:12 PM'),
(708, 740, 1, 1, 366, 5, 71, 658, 151, 151, 505, 1, 3, 'Load', 20, 'Active', 0, '2015-06-24', '23:54:55 PM'),
(709, 741, 1, 1, 345, 5, 71, 660, 210, 210, 1562, 1, 10, 'Load', 20, 'Active', 0, '2015-06-24', '23:58:13 PM'),
(710, 742, 1, 1, 345, 5, 71, 661, 200, 200, 1762, 1, 11, 'Load', 20, 'Active', 0, '2015-06-24', '23:59:19 PM'),
(711, 743, 1, 1, 345, 5, 71, 662, 196, 196, 1958, 1, 12, 'Load', 20, 'Active', 0, '2015-06-25', '00:00:25 AM'),
(712, 744, 1, 1, 391, 5, 71, 670, 5, 5, 6, 1, 2, 'Load', 20, 'Active', 0, '2015-06-25', '00:03:25 AM'),
(713, 745, 1, 1, 400, 5, 71, 678, 69, 69, 249, 1, 5, 'Load', 20, 'Active', 0, '2015-06-25', '00:06:43 AM'),
(714, 746, 1, 1, 484, 5, 71, 646, 5, 5, 5, 1, 1, 'Load', 20, 'Active', 0, '2015-06-25', '00:53:12 AM'),
(715, 747, 1, 1, 485, 5, 71, 647, 2, 2, 2, 1, 1, 'Load', 20, 'Active', 0, '2015-06-25', '00:54:01 AM'),
(716, 748, 1, 1, 486, 5, 71, 648, 2, 2, 2, 1, 1, 'Load', 20, 'Active', 0, '2015-06-25', '00:55:10 AM'),
(717, 749, 1, 1, 487, 5, 71, 655, 195, 195, 195, 1, 1, 'Load', 20, 'Active', 0, '2015-06-25', '00:55:59 AM'),
(718, 750, 1, 1, 488, 5, 71, 659, 110, 110, 110, 1, 1, 'Load', 20, 'Active', 0, '2015-06-25', '00:57:09 AM'),
(719, 751, 1, 1, 489, 5, 71, 663, 2, 2, 2, 1, 1, 'Load', 20, 'Active', 0, '2015-06-25', '01:03:54 AM'),
(720, 752, 1, 1, 490, 5, 71, 664, 4, 4, 4, 1, 1, 'Load', 20, 'Active', 0, '2015-06-25', '01:04:58 AM'),
(721, 753, 1, 1, 491, 5, 71, 665, 2, 2, 2, 1, 1, 'Load', 20, 'Active', 0, '2015-06-25', '01:06:04 AM'),
(722, 754, 1, 1, 492, 5, 71, 666, 2, 2, 2, 1, 1, 'Load', 20, 'Active', 0, '2015-06-25', '01:06:57 AM'),
(723, 755, 1, 1, 493, 5, 71, 667, 8, 8, 8, 1, 1, 'Load', 20, 'Active', 0, '2015-06-25', '01:07:45 AM'),
(724, 756, 1, 1, 494, 5, 71, 668, 5, 5, 5, 1, 1, 'Load', 20, 'Active', 0, '2015-06-25', '01:08:41 AM'),
(725, 757, 1, 1, 495, 5, 71, 669, 4, 4, 4, 1, 1, 'Load', 20, 'Active', 0, '2015-06-25', '01:10:43 AM'),
(726, 758, 1, 1, 496, 5, 71, 671, 6, 6, 6, 1, 1, 'Load', 20, 'Active', 0, '2015-06-25', '01:11:59 AM'),
(727, 759, 1, 1, 504, 5, 71, 672, 6, 6, 6, 1, 1, 'Load', 20, 'Active', 0, '2015-06-25', '01:12:50 AM'),
(728, 760, 1, 1, 498, 5, 71, 673, 3, 3, 3, 1, 1, 'Load', 20, 'Active', 0, '2015-06-25', '01:13:44 AM'),
(729, 761, 1, 1, 499, 5, 71, 674, 2, 2, 2, 1, 1, 'Load', 20, 'Active', 0, '2015-06-25', '01:14:47 AM'),
(730, 762, 1, 1, 500, 5, 71, 675, 2, 2, 2, 1, 1, 'Load', 20, 'Active', 0, '2015-06-25', '01:15:48 AM'),
(731, 763, 1, 1, 501, 5, 71, 676, 11, 11, 11, 1, 1, 'Load', 20, 'Active', 0, '2015-06-25', '01:17:07 AM'),
(732, 764, 1, 1, 502, 5, 71, 677, 2, 2, 2, 1, 1, 'Load', 20, 'Active', 0, '2015-06-25', '01:18:02 AM'),
(733, 765, 1, 1, 503, 5, 71, 679, 4, 4, 4, 1, 1, 'Load', 20, 'Active', 0, '2015-06-25', '01:19:07 AM'),
(734, 766, 1, 1, 71, 5, 71, 688, 31, 31, 201, 1, 10, 'Load', 20, 'Active', 0, '2015-06-25', '02:10:26 AM'),
(735, 767, 1, 1, 260, 5, 71, 691, 2, 2, 150, 1, 13, 'Load', 20, 'Active', 0, '2015-06-25', '02:11:38 AM'),
(736, 768, 1, 1, 260, 5, 71, 692, 10, 10, 160, 1, 14, 'Load', 20, 'Active', 0, '2015-06-25', '02:12:40 AM'),
(737, 769, 1, 1, 260, 5, 71, 693, 8, 8, 168, 1, 15, 'Load', 20, 'Active', 0, '2015-06-25', '02:13:29 AM'),
(738, 770, 1, 1, 260, 5, 71, 694, 12, 12, 180, 1, 16, 'Load', 20, 'Active', 0, '2015-06-25', '02:14:26 AM'),
(739, 771, 1, 1, 260, 5, 71, 695, 11, 11, 191, 1, 17, 'Load', 20, 'Active', 0, '2015-06-25', '02:15:16 AM'),
(740, 772, 1, 1, 488, 5, 71, 702, 90, 90, 200, 1, 2, 'Load', 20, 'Active', 0, '2015-06-25', '02:18:45 AM'),
(741, 773, 1, 1, 345, 5, 71, 703, 101, 101, 2059, 1, 13, 'Load', 20, 'Active', 0, '2015-06-25', '02:20:06 AM'),
(742, 774, 1, 1, 171, 5, 71, 701, 20, 20, 163, 1, 4, 'Load', 20, 'Active', 0, '2015-06-25', '02:22:33 AM'),
(743, 775, 1, 1, 155, 5, 71, 709, 4, 4, 369, 1, 22, 'Load', 20, 'Active', 0, '2015-06-25', '02:24:16 AM'),
(744, 776, 1, 1, 259, 5, 71, 710, 28, 28, 133, 1, 9, 'Load', 20, 'Active', 0, '2015-06-25', '02:26:53 AM'),
(745, 777, 1, 1, 259, 5, 71, 711, 23, 23, 156, 1, 10, 'Load', 20, 'Active', 0, '2015-06-25', '02:28:37 AM'),
(746, 778, 1, 1, 259, 5, 71, 712, 10, 10, 166, 1, 11, 'Load', 20, 'Active', 0, '2015-06-25', '02:29:48 AM'),
(747, 779, 1, 1, 259, 5, 71, 713, 10, 10, 176, 1, 12, 'Load', 20, 'Active', 0, '2015-06-25', '02:30:35 AM'),
(748, 780, 1, 1, 259, 5, 71, 714, 14, 14, 190, 1, 13, 'Load', 20, 'Active', 0, '2015-06-25', '02:31:31 AM'),
(749, 781, 1, 1, 345, 5, 71, 715, 100, 100, 2159, 1, 14, 'Load', 20, 'Active', 0, '2015-06-25', '02:32:48 AM'),
(750, 782, 1, 1, 505, 5, 71, 680, 3, 3, 3, 1, 1, 'Load', 20, 'Active', 0, '2015-06-25', '03:54:08 AM'),
(751, 783, 1, 1, 506, 5, 71, 681, 2, 2, 2, 1, 1, 'Load', 20, 'Active', 0, '2015-06-25', '03:54:48 AM'),
(752, 784, 1, 1, 507, 5, 71, 682, 3, 3, 3, 1, 1, 'Load', 20, 'Active', 0, '2015-06-25', '03:55:31 AM'),
(753, 785, 1, 1, 508, 5, 71, 683, 7, 7, 7, 1, 1, 'Load', 20, 'Active', 0, '2015-06-25', '03:56:26 AM'),
(754, 786, 1, 1, 509, 5, 71, 684, 1, 1, 1, 1, 1, 'Load', 20, 'Active', 0, '2015-06-25', '03:57:07 AM'),
(755, 787, 1, 1, 510, 5, 71, 685, 4, 4, 4, 1, 1, 'Load', 20, 'Active', 0, '2015-06-25', '03:57:49 AM'),
(756, 788, 1, 1, 511, 5, 71, 686, 1, 1, 1, 1, 1, 'Load', 20, 'Active', 0, '2015-06-25', '03:58:30 AM'),
(757, 789, 1, 1, 512, 5, 71, 687, 10, 10, 10, 1, 1, 'Load', 20, 'Active', 0, '2015-06-25', '03:59:28 AM'),
(758, 790, 1, 1, 513, 5, 71, 689, 2, 2, 2, 1, 1, 'Load', 20, 'Active', 0, '2015-06-25', '04:02:13 AM'),
(759, 791, 1, 1, 514, 5, 71, 690, 3, 3, 3, 1, 1, 'Load', 20, 'Active', 0, '2015-06-25', '04:03:01 AM'),
(760, 792, 1, 1, 515, 5, 71, 696, 8, 8, 8, 1, 1, 'Load', 20, 'Active', 0, '2015-06-25', '04:04:43 AM'),
(761, 793, 1, 1, 516, 5, 71, 697, 7, 7, 7, 1, 1, 'Load', 20, 'Active', 0, '2015-06-25', '04:05:52 AM'),
(762, 794, 1, 1, 525, 5, 71, 698, 2, 2, 2, 1, 1, 'Load', 20, 'Active', 0, '2015-06-25', '04:06:55 AM'),
(763, 795, 1, 1, 518, 5, 71, 699, 2, 2, 2, 1, 1, 'Load', 20, 'Active', 0, '2015-06-25', '04:07:46 AM'),
(764, 796, 1, 1, 519, 5, 71, 700, 3, 3, 3, 1, 1, 'Load', 20, 'Active', 0, '2015-06-25', '04:08:23 AM'),
(765, 797, 1, 1, 520, 5, 71, 704, 3, 3, 3, 1, 1, 'Load', 20, 'Active', 0, '2015-06-25', '04:09:22 AM'),
(766, 798, 1, 1, 521, 5, 71, 705, 2, 2, 2, 1, 1, 'Load', 20, 'Active', 0, '2015-06-25', '04:10:10 AM'),
(767, 799, 1, 1, 522, 5, 71, 706, 2, 2, 2, 1, 1, 'Load', 20, 'Active', 0, '2015-06-25', '04:10:51 AM'),
(768, 800, 1, 1, 523, 5, 71, 707, 2, 2, 2, 1, 1, 'Load', 20, 'Active', 0, '2015-06-25', '04:11:33 AM'),
(769, 801, 1, 1, 524, 5, 71, 708, 5, 5, 5, 1, 1, 'Load', 20, 'Active', 0, '2015-06-25', '04:12:30 AM'),
(770, 802, 1, 1, 345, 5, 71, 716, 100, 100, 2259, 1, 15, 'Load', 20, 'Active', 0, '2015-06-25', '04:57:57 AM'),
(771, 803, 1, 1, 155, 5, 71, 717, 180, 180, 549, 1, 23, 'Load', 20, 'Active', 0, '2015-06-25', '04:59:01 AM'),
(772, 804, 1, 1, 345, 5, 71, 718, 200, 200, 2459, 1, 16, 'Load', 20, 'Active', 0, '2015-06-25', '05:00:35 AM'),
(773, 805, 1, 1, 345, 5, 71, 719, 110, 110, 2569, 1, 17, 'Load', 20, 'Active', 0, '2015-06-25', '05:03:56 AM'),
(774, 806, 1, 1, 345, 5, 71, 736, 111, 111, 2680, 1, 18, 'Load', 20, 'Active', 0, '2015-06-25', '05:09:29 AM'),
(775, 807, 1, 1, 171, 5, 71, 737, 24, 24, 187, 1, 5, 'Load', 20, 'Active', 0, '2015-06-25', '05:10:36 AM'),
(776, 808, 1, 1, 171, 5, 71, 738, 5, 5, 192, 1, 6, 'Load', 20, 'Active', 0, '2015-06-25', '05:11:25 AM'),
(777, 809, 1, 1, 238, 5, 71, 739, 23, 23, 27, 1, 2, 'Load', 20, 'Active', 0, '2015-06-25', '05:12:15 AM'),
(778, 810, 1, 1, 238, 5, 71, 740, 4, 4, 31, 1, 3, 'Load', 20, 'Active', 0, '2015-06-25', '05:13:08 AM'),
(779, 811, 1, 1, 434, 5, 71, 742, 4, 4, 116, 1, 9, 'Load', 20, 'Active', 0, '2015-06-25', '05:14:53 AM'),
(780, 812, 1, 1, 434, 5, 71, 743, 2, 2, 118, 1, 10, 'Load', 20, 'Active', 0, '2015-06-25', '05:16:12 AM'),
(781, 813, 1, 1, 434, 5, 71, 744, 3, 3, 121, 1, 11, 'Load', 20, 'Active', 0, '2015-06-25', '05:17:04 AM'),
(782, 814, 1, 1, 434, 5, 71, 745, 3, 3, 124, 1, 12, 'Load', 20, 'Active', 0, '2015-06-25', '05:17:50 AM'),
(783, 815, 1, 1, 434, 5, 71, 746, 10, 10, 134, 1, 13, 'Load', 20, 'Active', 0, '2015-06-25', '05:18:49 AM'),
(784, 816, 1, 1, 434, 5, 71, 747, 5, 5, 139, 1, 14, 'Load', 20, 'Active', 0, '2015-06-25', '05:19:45 AM'),
(785, 817, 1, 1, 434, 5, 71, 748, 9, 9, 148, 1, 15, 'Load', 20, 'Active', 0, '2015-06-25', '05:20:40 AM'),
(786, 818, 1, 1, 224, 5, 71, 749, 2, 2, 57, 1, 9, 'Load', 20, 'Active', 0, '2015-06-25', '05:21:35 AM'),
(787, 819, 1, 1, 110, 5, 71, 750, 75, 75, 819, 1, 9, 'Load', 20, 'Active', 0, '2015-06-25', '05:24:03 AM'),
(788, 820, 1, 1, 259, 5, 71, 751, 3, 3, 193, 1, 14, 'Load', 20, 'Active', 0, '2015-06-25', '05:24:56 AM'),
(789, 821, 1, 1, 526, 5, 71, 720, 6, 6, 6, 1, 1, 'Load', 20, 'Active', 0, '2015-06-26', '06:01:05 AM'),
(790, 822, 1, 1, 527, 5, 71, 721, 4, 4, 4, 1, 1, 'Load', 20, 'Active', 0, '2015-06-26', '06:03:09 AM'),
(791, 823, 1, 1, 528, 5, 71, 722, 3, 3, 3, 1, 1, 'Load', 20, 'Active', 0, '2015-06-26', '06:03:57 AM'),
(792, 824, 1, 1, 529, 5, 71, 723, 5, 5, 5, 1, 1, 'Load', 20, 'Active', 0, '2015-06-26', '06:05:25 AM'),
(793, 825, 1, 1, 530, 5, 71, 724, 1, 1, 1, 1, 1, 'Load', 20, 'Active', 0, '2015-06-26', '06:14:13 AM'),
(794, 826, 1, 1, 531, 5, 71, 725, 2, 2, 2, 1, 1, 'Load', 20, 'Active', 0, '2015-06-26', '06:15:20 AM'),
(795, 827, 1, 1, 533, 5, 71, 726, 3, 3, 3, 1, 1, 'Load', 20, 'Active', 0, '2015-06-26', '06:18:00 AM'),
(796, 828, 1, 1, 534, 5, 71, 727, 2, 2, 2, 1, 1, 'Load', 20, 'Active', 0, '2015-06-26', '06:18:51 AM'),
(797, 829, 1, 1, 532, 5, 71, 728, 2, 2, 2, 1, 1, 'Load', 20, 'Active', 0, '2015-06-26', '06:19:45 AM'),
(798, 830, 1, 1, 535, 5, 71, 729, 4, 4, 4, 1, 1, 'Load', 20, 'Active', 0, '2015-06-26', '06:20:34 AM'),
(799, 831, 1, 1, 536, 5, 71, 730, 54, 54, 54, 1, 1, 'Load', 20, 'Active', 0, '2015-06-26', '06:22:10 AM'),
(800, 832, 1, 1, 537, 5, 71, 731, 3, 3, 3, 1, 1, 'Load', 20, 'Active', 0, '2015-06-26', '06:23:16 AM'),
(801, 833, 1, 1, 538, 5, 71, 732, 4, 4, 4, 1, 1, 'Load', 20, 'Active', 0, '2015-06-26', '06:24:13 AM'),
(802, 834, 1, 1, 539, 5, 71, 733, 6, 6, 6, 1, 1, 'Load', 20, 'Active', 0, '2015-06-26', '06:25:17 AM'),
(803, 835, 1, 1, 540, 5, 71, 734, 5, 5, 5, 1, 1, 'Load', 20, 'Active', 0, '2015-06-26', '06:26:45 AM'),
(804, 836, 1, 1, 541, 5, 71, 735, 15, 15, 15, 1, 1, 'Load', 20, 'Active', 0, '2015-06-26', '06:27:44 AM'),
(805, 837, 1, 1, 259, 5, 71, 752, 4, 4, 197, 1, 15, 'Load', 20, 'Active', 0, '2015-06-26', '06:39:59 AM'),
(806, 838, 1, 1, 259, 5, 71, 753, 30, 30, 227, 1, 16, 'Load', 20, 'Active', 0, '2015-06-26', '06:40:52 AM'),
(807, 839, 1, 1, 267, 5, 71, 754, 26, 26, 335, 1, 5, 'Load', 20, 'Active', 0, '2015-06-26', '06:42:20 AM'),
(808, 840, 1, 1, 267, 5, 71, 755, 80, 80, 415, 1, 6, 'Load', 20, 'Active', 0, '2015-06-26', '06:43:10 AM'),
(809, 841, 1, 1, 543, 5, 71, 756, 83, 83, 83, 1, 1, 'Load', 20, 'Active', 0, '2015-06-26', '06:46:09 AM'),
(810, 842, 1, 1, 345, 5, 71, 757, 111, 111, 2791, 1, 19, 'Load', 20, 'Active', 0, '2015-06-26', '06:47:12 AM'),
(811, 843, 1, 1, 252, 5, 71, 758, 152, 152, 602, 1, 4, 'Load', 20, 'Active', 0, '2015-06-26', '06:48:42 AM'),
(812, 844, 1, 1, 345, 5, 71, 759, 110, 110, 2901, 1, 20, 'Load', 20, 'Active', 0, '2015-06-26', '06:49:46 AM'),
(813, 845, 1, 1, 345, 5, 71, 760, 202, 202, 3103, 1, 21, 'Load', 20, 'Active', 0, '2015-06-26', '06:50:46 AM'),
(814, 846, 1, 1, 544, 5, 71, 761, 3, 3, 3, 1, 1, 'Load', 20, 'Active', 0, '2015-06-26', '06:55:30 AM'),
(815, 847, 1, 1, 545, 5, 71, 762, 2, 2, 2, 1, 1, 'Load', 20, 'Active', 0, '2015-06-26', '07:00:55 AM'),
(816, 848, 1, 1, 546, 5, 71, 763, 3, 3, 3, 1, 1, 'Load', 20, 'Active', 0, '2015-06-26', '07:05:00 AM'),
(817, 849, 1, 1, 347, 5, 71, 764, 4, 4, 6, 1, 2, 'Load', 20, 'Active', 0, '2015-06-26', '07:07:12 AM'),
(818, 850, 1, 1, 547, 5, 71, 765, 10, 10, 10, 1, 1, 'Load', 20, 'Active', 0, '2015-06-26', '07:15:38 AM'),
(819, 851, 1, 1, 548, 5, 71, 766, 3, 3, 3, 1, 1, 'Load', 20, 'Active', 0, '2015-06-26', '07:16:33 AM'),
(820, 852, 1, 1, 549, 5, 71, 767, 22, 22, 22, 1, 1, 'Load', 20, 'Active', 0, '2015-06-26', '07:17:23 AM'),
(821, 853, 1, 1, 549, 5, 71, 768, 19, 19, 41, 1, 2, 'Load', 20, 'Active', 0, '2015-06-26', '07:18:13 AM'),
(822, 854, 1, 1, 167, 5, 71, 769, 50, 50, 476, 1, 12, 'Load', 20, 'Active', 0, '2015-06-26', '07:19:20 AM'),
(823, 855, 1, 1, 167, 5, 71, 770, 49, 49, 525, 1, 13, 'Load', 20, 'Active', 0, '2015-06-26', '07:21:04 AM'),
(824, 856, 1, 1, 167, 5, 71, 771, 50, 50, 575, 1, 14, 'Load', 20, 'Active', 0, '2015-06-26', '07:22:23 AM'),
(825, 857, 1, 1, 129, 5, 71, 777, 13, 13, 156, 1, 7, 'Load', 20, 'Active', 0, '2015-06-26', '23:51:38 PM'),
(826, 858, 1, 1, 225, 5, 71, 781, 7, 7, 84, 1, 9, 'Load', 20, 'Active', 0, '2015-06-26', '23:54:29 PM'),
(827, 859, 1, 1, 225, 5, 71, 782, 28, 28, 112, 1, 10, 'Load', 20, 'Active', 0, '2015-06-26', '23:55:28 PM'),
(828, 860, 1, 1, 171, 5, 71, 783, 25, 25, 217, 1, 7, 'Load', 20, 'Active', 0, '2015-06-26', '23:56:18 PM'),
(829, 861, 1, 1, 238, 5, 71, 784, 16, 16, 47, 1, 4, 'Load', 20, 'Active', 0, '2015-06-26', '23:57:59 PM'),
(830, 862, 1, 1, 238, 5, 71, 785, 63, 63, 110, 1, 5, 'Load', 20, 'Active', 0, '2015-06-26', '23:59:43 PM'),
(831, 863, 1, 1, 238, 5, 71, 786, 61, 61, 171, 1, 6, 'Load', 20, 'Active', 0, '2015-06-27', '00:04:51 AM'),
(832, 864, 1, 1, 238, 5, 71, 787, 10, 10, 181, 1, 7, 'Load', 20, 'Active', 0, '2015-06-27', '00:05:43 AM'),
(833, 865, 1, 1, 238, 5, 71, 788, 26, 26, 207, 1, 8, 'Load', 20, 'Active', 0, '2015-06-27', '00:06:48 AM'),
(834, 866, 1, 1, 238, 5, 71, 789, 9, 9, 216, 1, 9, 'Load', 20, 'Active', 0, '2015-06-27', '00:07:44 AM'),
(835, 867, 1, 1, 345, 5, 71, 790, 112, 112, 3215, 1, 22, 'Load', 20, 'Active', 0, '2015-06-27', '00:08:52 AM'),
(836, 868, 1, 1, 83, 5, 71, 791, 100, 100, 817, 1, 8, 'Load', 20, 'Active', 0, '2015-06-27', '00:11:34 AM'),
(837, 869, 1, 1, 267, 5, 71, 792, 100, 100, 515, 1, 7, 'Load', 20, 'Active', 0, '2015-06-27', '00:12:59 AM'),
(838, 870, 1, 1, 174, 5, 71, 793, 105, 105, 350, 1, 3, 'Load', 20, 'Active', 0, '2015-06-27', '00:14:16 AM'),
(839, 871, 1, 1, 293, 5, 71, 794, 72, 72, 423, 1, 5, 'Load', 20, 'Active', 0, '2015-06-27', '00:16:28 AM'),
(840, 872, 1, 1, 293, 5, 71, 795, 27, 27, 450, 1, 6, 'Load', 20, 'Active', 0, '2015-06-27', '00:18:06 AM'),
(841, 873, 1, 1, 155, 5, 71, 796, 33, 33, 582, 1, 24, 'Load', 20, 'Active', 0, '2015-06-27', '00:19:27 AM'),
(842, 874, 1, 1, 155, 5, 71, 797, 180, 180, 762, 1, 25, 'Load', 20, 'Active', 0, '2015-06-27', '00:21:00 AM'),
(843, 875, 1, 1, 173, 5, 71, 800, 75, 75, 174, 1, 2, 'Load', 20, 'Active', 0, '2015-06-27', '00:27:09 AM'),
(844, 876, 1, 1, 225, 5, 71, 808, 6, 6, 118, 1, 11, 'Load', 20, 'Active', 0, '2015-06-27', '00:29:24 AM'),
(845, 877, 1, 1, 71, 5, 71, 810, 9, 9, 210, 1, 11, 'Load', 20, 'Active', 0, '2015-06-27', '00:31:42 AM'),
(846, 878, 1, 1, 155, 5, 71, 817, 27, 27, 789, 1, 26, 'Load', 20, 'Active', 0, '2015-06-27', '00:34:46 AM'),
(847, 879, 1, 1, 259, 5, 71, 818, 5, 5, 232, 1, 17, 'Load', 20, 'Active', 0, '2015-06-27', '00:35:32 AM'),
(848, 880, 1, 1, 259, 5, 71, 819, 7, 7, 239, 1, 18, 'Load', 20, 'Active', 0, '2015-06-27', '00:36:16 AM'),
(849, 881, 1, 1, 464, 5, 71, 821, 4, 4, 4, 1, 1, 'Load', 20, 'Active', 0, '2015-06-27', '00:37:34 AM'),
(850, 882, 1, 1, 550, 5, 71, 772, 3, 3, 3, 1, 1, 'Load', 20, 'Active', 0, '2015-06-27', '00:55:04 AM'),
(851, 883, 1, 1, 551, 5, 71, 773, 1, 1, 1, 1, 1, 'Load', 20, 'Active', 0, '2015-06-27', '00:56:34 AM'),
(852, 884, 1, 1, 552, 5, 71, 774, 1, 1, 1, 1, 1, 'Load', 20, 'Active', 0, '2015-06-27', '01:10:24 AM'),
(853, 885, 1, 1, 553, 5, 71, 775, 1, 1, 1, 1, 1, 'Load', 20, 'Active', 0, '2015-06-27', '01:11:26 AM'),
(854, 886, 1, 1, 554, 5, 71, 776, 1, 1, 1, 1, 1, 'Load', 20, 'Active', 0, '2015-06-27', '01:12:32 AM'),
(855, 887, 1, 1, 555, 5, 71, 778, 12, 12, 12, 1, 1, 'Load', 20, 'Active', 0, '2015-06-27', '01:13:19 AM'),
(856, 888, 1, 1, 556, 5, 71, 779, 9, 9, 9, 1, 1, 'Load', 20, 'Active', 0, '2015-06-27', '01:16:37 AM'),
(857, 889, 1, 1, 557, 5, 71, 780, 6, 6, 6, 1, 1, 'Load', 20, 'Active', 0, '2015-06-27', '01:17:32 AM'),
(858, 890, 1, 1, 558, 5, 71, 798, 110, 110, 110, 1, 1, 'Load', 20, 'Active', 0, '2015-06-27', '01:23:48 AM'),
(859, 891, 1, 1, 559, 5, 71, 799, 105, 105, 105, 1, 1, 'Load', 20, 'Active', 0, '2015-06-27', '01:24:42 AM'),
(860, 892, 1, 1, 559, 5, 71, 803, 115, 115, 220, 1, 2, 'Load', 20, 'Active', 0, '2015-06-27', '01:25:35 AM'),
(861, 893, 1, 1, 560, 5, 71, 801, 7, 7, 7, 1, 1, 'Load', 20, 'Active', 0, '2015-06-27', '01:38:49 AM'),
(862, 894, 1, 1, 561, 5, 71, 802, 3, 3, 3, 1, 1, 'Load', 20, 'Active', 0, '2015-06-27', '01:39:35 AM'),
(863, 895, 1, 1, 562, 5, 71, 804, 2, 2, 2, 1, 1, 'Load', 20, 'Active', 0, '2015-06-27', '01:41:48 AM'),
(864, 896, 1, 1, 563, 5, 71, 805, 1, 1, 1, 1, 1, 'Load', 20, 'Active', 0, '2015-06-27', '01:43:10 AM'),
(865, 897, 1, 1, 564, 5, 71, 806, 2, 2, 2, 1, 1, 'Load', 20, 'Active', 0, '2015-06-27', '01:43:55 AM'),
(866, 898, 1, 1, 565, 5, 71, 807, 3, 3, 3, 1, 1, 'Load', 20, 'Active', 0, '2015-06-27', '01:45:02 AM'),
(867, 899, 1, 1, 566, 5, 71, 809, 1, 1, 1, 1, 1, 'Load', 20, 'Active', 0, '2015-06-27', '01:45:52 AM'),
(868, 900, 1, 1, 567, 5, 71, 811, 8, 8, 8, 1, 1, 'Load', 20, 'Active', 0, '2015-06-27', '02:38:53 AM'),
(869, 901, 1, 1, 568, 5, 71, 812, 3, 3, 3, 1, 1, 'Load', 20, 'Active', 0, '2015-06-27', '02:39:53 AM'),
(870, 902, 1, 1, 569, 5, 71, 813, 10, 10, 10, 1, 1, 'Load', 20, 'Active', 0, '2015-06-27', '02:40:35 AM'),
(871, 903, 1, 1, 570, 5, 71, 814, 2, 2, 2, 1, 1, 'Load', 20, 'Active', 0, '2015-06-27', '02:41:18 AM'),
(872, 904, 1, 1, 571, 5, 71, 815, 4, 4, 4, 1, 1, 'Load', 20, 'Active', 0, '2015-06-27', '02:42:02 AM'),
(873, 905, 1, 1, 572, 5, 71, 816, 2, 2, 2, 1, 1, 'Load', 20, 'Active', 0, '2015-06-27', '02:43:56 AM'),
(874, 906, 1, 1, 573, 5, 71, 822, 6, 6, 6, 1, 1, 'Load', 20, 'Active', 0, '2015-06-27', '02:44:37 AM'),
(875, 907, 1, 1, 574, 5, 71, 823, 8, 8, 8, 1, 1, 'Load', 20, 'Active', 0, '2015-06-27', '02:45:22 AM'),
(876, 908, 1, 1, 238, 5, 71, 824, 9, 9, 225, 1, 10, 'Load', 20, 'Active', 0, '2015-06-27', '02:46:53 AM'),
(877, 909, 1, 1, 434, 5, 71, 825, 4, 4, 152, 1, 16, 'Load', 20, 'Active', 0, '2015-06-27', '02:47:56 AM'),
(878, 910, 1, 1, 434, 5, 71, 826, 5, 5, 157, 1, 17, 'Load', 20, 'Active', 0, '2015-06-27', '02:50:18 AM'),
(879, 911, 1, 1, 434, 5, 71, 827, 5, 5, 162, 1, 18, 'Load', 20, 'Active', 0, '2015-06-27', '02:55:06 AM'),
(880, 912, 1, 1, 434, 5, 71, 828, 12, 12, 174, 1, 19, 'Load', 20, 'Active', 0, '2015-06-27', '02:56:03 AM'),
(881, 913, 1, 1, 434, 5, 71, 829, 2, 2, 176, 1, 20, 'Load', 20, 'Active', 0, '2015-06-27', '02:56:53 AM'),
(882, 914, 1, 1, 434, 5, 71, 830, 5, 5, 181, 1, 21, 'Load', 20, 'Active', 0, '2015-06-27', '02:57:41 AM'),
(883, 915, 1, 1, 434, 5, 71, 831, 15, 15, 196, 1, 22, 'Load', 20, 'Active', 0, '2015-06-27', '03:19:43 AM'),
(884, 916, 1, 1, 345, 5, 71, 832, 110, 110, 3325, 1, 23, 'Load', 20, 'Active', 0, '2015-06-27', '03:20:28 AM'),
(885, 917, 1, 1, 345, 5, 71, 833, 220, 220, 3545, 1, 24, 'Load', 20, 'Active', 0, '2015-06-27', '03:21:17 AM'),
(886, 918, 1, 1, 155, 5, 71, 834, 10, 10, 799, 1, 27, 'Load', 20, 'Active', 0, '2015-06-27', '03:21:59 AM'),
(887, 919, 1, 1, 155, 5, 71, 835, 87, 87, 886, 1, 28, 'Load', 20, 'Active', 0, '2015-06-27', '03:22:41 AM'),
(888, 920, 1, 1, 155, 5, 71, 836, 28, 28, 914, 1, 29, 'Load', 20, 'Active', 0, '2015-06-27', '03:23:27 AM'),
(889, 921, 1, 1, 268, 5, 71, 837, 55, 55, 540, 1, 5, 'Load', 20, 'Active', 0, '2015-06-27', '03:24:11 AM'),
(890, 922, 1, 1, 293, 5, 71, 838, 54, 54, 504, 1, 7, 'Load', 20, 'Active', 0, '2015-06-27', '03:25:04 AM'),
(891, 923, 1, 1, 345, 5, 71, 839, 220, 220, 3765, 1, 25, 'Load', 20, 'Active', 0, '2015-06-27', '03:25:53 AM'),
(892, 924, 1, 1, 575, 5, 71, 840, 1, 1, 1, 1, 1, 'Load', 20, 'Active', 0, '2015-06-27', '03:35:52 AM'),
(893, 925, 1, 1, 576, 5, 71, 841, 1, 1, 1, 1, 1, 'Load', 20, 'Active', 0, '2015-06-27', '03:36:43 AM'),
(894, 926, 1, 1, 185, 5, 71, 843, 1, 1, 7, 1, 2, 'Load', 20, 'Active', 0, '2015-06-27', '03:54:01 AM'),
(895, 927, 1, 1, 129, 5, 71, 848, 11, 11, 167, 1, 8, 'Load', 20, 'Active', 0, '2015-06-27', '03:55:31 AM'),
(896, 928, 1, 1, 71, 5, 71, 854, 10, 10, 220, 1, 12, 'Load', 20, 'Active', 0, '2015-06-27', '03:57:39 AM'),
(897, 929, 1, 1, 71, 5, 71, 855, 7, 7, 227, 1, 13, 'Load', 20, 'Active', 0, '2015-06-27', '03:58:55 AM'),
(898, 930, 1, 1, 71, 5, 71, 856, 50, 50, 277, 1, 14, 'Load', 20, 'Active', 0, '2015-06-27', '03:59:37 AM'),
(899, 931, 1, 1, 577, 5, 71, 844, 3, 3, 3, 1, 1, 'Load', 20, 'Active', 0, '2015-06-27', '04:30:32 AM'),
(900, 932, 1, 1, 578, 5, 71, 845, 2, 2, 2, 1, 1, 'Load', 20, 'Active', 0, '2015-06-27', '04:31:13 AM'),
(901, 933, 1, 1, 579, 5, 71, 846, 1, 1, 1, 1, 1, 'Load', 20, 'Active', 0, '2015-06-27', '04:32:07 AM'),
(902, 934, 1, 1, 580, 5, 71, 847, 1, 1, 1, 1, 1, 'Load', 20, 'Active', 0, '2015-06-27', '04:33:20 AM'),
(903, 935, 1, 1, 581, 5, 71, 849, 5, 5, 5, 1, 1, 'Load', 20, 'Active', 0, '2015-06-27', '04:34:08 AM'),
(904, 936, 1, 1, 582, 5, 71, 850, 3, 3, 3, 1, 1, 'Load', 20, 'Active', 0, '2015-06-27', '04:36:31 AM'),
(905, 937, 1, 1, 583, 5, 71, 851, 2, 2, 2, 1, 1, 'Load', 20, 'Active', 0, '2015-06-27', '04:37:16 AM'),
(906, 938, 1, 1, 584, 5, 71, 852, 3, 3, 3, 1, 1, 'Load', 20, 'Active', 0, '2015-06-27', '04:37:58 AM'),
(907, 939, 1, 1, 585, 5, 71, 853, 1, 1, 1, 1, 1, 'Load', 20, 'Active', 0, '2015-06-27', '04:38:45 AM'),
(908, 940, 1, 1, 586, 5, 71, 857, 100, 100, 100, 1, 1, 'Load', 20, 'Active', 0, '2015-06-27', '04:39:31 AM'),
(909, 941, 1, 1, 586, 5, 71, 858, 100, 100, 200, 1, 2, 'Load', 20, 'Active', 0, '2015-06-27', '04:40:30 AM'),
(910, 942, 1, 1, 586, 5, 71, 859, 32, 32, 232, 1, 3, 'Load', 20, 'Active', 0, '2015-06-27', '04:41:54 AM'),
(911, 943, 1, 1, 587, 5, 71, 842, 3, 3, 3, 1, 1, 'Load', 20, 'Active', 0, '2015-06-27', '04:45:37 AM'),
(912, 944, 1, 1, 345, 5, 71, 860, 115, 115, 3880, 1, 26, 'Load', 20, 'Active', 0, '2015-06-27', '04:47:05 AM'),
(913, 945, 1, 1, 488, 5, 71, 861, 6, 6, 206, 1, 3, 'Load', 20, 'Active', 0, '2015-06-27', '04:48:04 AM'),
(914, 946, 1, 1, 82, 5, 71, 862, 20, 20, 339, 1, 15, 'Load', 20, 'Active', 0, '2015-06-27', '04:48:43 AM'),
(915, 947, 1, 1, 82, 5, 71, 863, 16, 16, 355, 1, 16, 'Load', 20, 'Active', 0, '2015-06-27', '04:50:05 AM'),
(916, 948, 1, 1, 488, 5, 71, 864, 51, 51, 257, 1, 4, 'Load', 20, 'Active', 0, '2015-06-27', '04:50:57 AM'),
(917, 949, 1, 1, 488, 5, 71, 865, 30, 30, 287, 1, 5, 'Load', 20, 'Active', 0, '2015-06-27', '04:53:21 AM'),
(918, 950, 1, 1, 588, 5, 71, 866, 1, 1, 1, 1, 1, 'Load', 20, 'Active', 0, '2015-06-27', '04:57:28 AM'),
(919, 951, 1, 1, 589, 5, 71, 867, 5, 5, 5, 1, 1, 'Load', 20, 'Active', 0, '2015-06-27', '05:18:17 AM'),
(920, 952, 1, 1, 343, 5, 71, 869, 120, 120, 599, 1, 4, 'Load', 20, 'Active', 0, '2015-06-27', '05:20:09 AM'),
(921, 953, 1, 1, 155, 5, 71, 870, 62, 62, 976, 1, 30, 'Load', 20, 'Active', 0, '2015-06-27', '05:23:11 AM'),
(922, 954, 1, 1, 129, 5, 71, 871, 100, 100, 267, 1, 9, 'Load', 20, 'Active', 0, '2015-06-27', '05:26:43 AM'),
(923, 955, 1, 1, 129, 5, 71, 872, 18, 18, 285, 1, 10, 'Load', 20, 'Active', 0, '2015-06-27', '05:27:33 AM'),
(924, 956, 1, 1, 155, 5, 71, 876, 11, 11, 987, 1, 31, 'Load', 20, 'Active', 0, '2015-06-27', '05:29:16 AM'),
(925, 957, 1, 1, 155, 5, 71, 877, 10, 10, 997, 1, 32, 'Load', 20, 'Active', 0, '2015-06-27', '05:30:04 AM'),
(926, 958, 1, 1, 590, 5, 71, 868, 2, 2, 2, 1, 1, 'Load', 20, 'Active', 0, '2015-06-27', '05:41:28 AM'),
(927, 959, 1, 1, 591, 5, 71, 873, 1, 1, 1, 1, 1, 'Load', 20, 'Active', 0, '2015-06-27', '05:42:17 AM'),
(928, 960, 1, 1, 592, 5, 71, 874, 2, 2, 2, 1, 1, 'Load', 20, 'Active', 0, '2015-06-27', '05:43:57 AM'),
(929, 961, 1, 1, 593, 5, 71, 875, 4, 4, 4, 1, 1, 'Load', 20, 'Active', 0, '2015-06-27', '05:45:30 AM'),
(930, 962, 1, 1, 594, 5, 71, 878, 2, 2, 2, 1, 1, 'Load', 20, 'Active', 0, '2015-06-27', '05:46:20 AM'),
(931, 963, 1, 1, 595, 5, 71, 879, 4, 4, 4, 1, 1, 'Load', 20, 'Active', 0, '2015-06-27', '05:47:07 AM'),
(932, 964, 1, 1, 171, 5, 71, 880, 10, 10, 227, 1, 8, 'Load', 20, 'Active', 0, '2015-06-27', '05:48:59 AM'),
(933, 965, 1, 1, 586, 5, 71, 882, 120, 120, 352, 1, 4, 'Load', 20, 'Active', 0, '2015-06-27', '23:30:18 PM'),
(934, 966, 1, 1, 293, 5, 71, 884, 97, 97, 601, 1, 8, 'Load', 20, 'Active', 0, '2015-06-27', '23:31:56 PM'),
(935, 967, 1, 1, 293, 5, 71, 885, 14, 14, 615, 1, 9, 'Load', 20, 'Active', 0, '2015-06-27', '23:32:44 PM'),
(936, 968, 1, 1, 225, 5, 71, 887, 25, 25, 143, 1, 12, 'Load', 20, 'Active', 0, '2015-06-27', '23:33:50 PM'),
(937, 969, 1, 1, 224, 5, 71, 890, 2, 2, 59, 1, 10, 'Load', 20, 'Active', 0, '2015-06-27', '23:37:16 PM'),
(938, 970, 1, 1, 259, 5, 71, 891, 10, 10, 249, 1, 19, 'Load', 20, 'Active', 0, '2015-06-27', '23:38:02 PM'),
(939, 971, 1, 1, 238, 5, 71, 894, 5, 5, 230, 1, 11, 'Load', 20, 'Active', 0, '2015-06-27', '23:39:42 PM'),
(940, 972, 1, 1, 596, 5, 71, 881, 1, 1, 1, 1, 1, 'Load', 20, 'Active', 0, '2015-06-28', '00:01:03 AM'),
(941, 973, 1, 1, 597, 5, 71, 883, 50, 50, 50, 1, 1, 'Load', 20, 'Active', 0, '2015-06-28', '00:02:00 AM'),
(942, 974, 1, 1, 598, 5, 71, 886, 13, 13, 13, 1, 1, 'Load', 20, 'Active', 0, '2015-06-28', '00:02:48 AM'),
(943, 975, 1, 1, 599, 5, 71, 888, 2, 2, 2, 1, 1, 'Load', 20, 'Active', 0, '2015-06-28', '00:03:53 AM'),
(944, 976, 1, 1, 600, 5, 71, 889, 6, 6, 6, 1, 1, 'Load', 20, 'Active', 0, '2015-06-28', '00:08:29 AM'),
(945, 977, 1, 1, 601, 5, 71, 892, 1, 1, 1, 1, 1, 'Load', 20, 'Active', 0, '2015-06-28', '00:09:16 AM'),
(946, 978, 1, 1, 602, 5, 71, 893, 1, 1, 1, 1, 1, 'Load', 20, 'Active', 0, '2015-06-28', '00:10:03 AM'),
(947, 979, 1, 1, 603, 5, 71, 895, 3, 3, 3, 1, 1, 'Load', 20, 'Active', 0, '2015-06-28', '00:11:00 AM'),
(948, 980, 1, 1, 259, 5, 71, 896, 3, 3, 252, 1, 20, 'Load', 20, 'Active', 0, '2015-06-28', '00:18:29 AM'),
(949, 981, 1, 1, 259, 5, 71, 897, 6, 6, 258, 1, 21, 'Load', 20, 'Active', 0, '2015-06-28', '00:19:26 AM'),
(950, 982, 1, 1, 89, 5, 71, 898, 27, 27, 64, 1, 3, 'Load', 20, 'Active', 0, '2015-06-28', '00:20:37 AM'),
(951, 983, 1, 1, 155, 5, 71, 899, 13, 13, 1010, 1, 33, 'Load', 20, 'Active', 0, '2015-06-28', '00:21:21 AM'),
(952, 984, 1, 1, 558, 5, 71, 902, 107, 107, 217, 1, 2, 'Load', 20, 'Active', 0, '2015-06-28', '00:23:08 AM'),
(953, 985, 1, 1, 434, 5, 71, 903, 4, 4, 200, 1, 23, 'Load', 20, 'Active', 0, '2015-06-28', '00:24:02 AM'),
(954, 986, 1, 1, 434, 5, 71, 904, 3, 3, 203, 1, 24, 'Load', 20, 'Active', 0, '2015-06-28', '00:24:55 AM'),
(955, 987, 1, 1, 434, 5, 71, 905, 2, 2, 205, 1, 25, 'Load', 20, 'Active', 0, '2015-06-28', '00:25:42 AM'),
(956, 988, 1, 1, 488, 5, 71, 908, 34, 34, 321, 1, 6, 'Load', 20, 'Active', 0, '2015-06-28', '00:26:59 AM'),
(957, 989, 1, 1, 558, 5, 71, 909, 109, 109, 326, 1, 3, 'Load', 20, 'Active', 0, '2015-06-28', '00:27:52 AM'),
(958, 990, 1, 1, 155, 5, 71, 910, 179, 179, 1189, 1, 34, 'Load', 20, 'Active', 0, '2015-06-28', '00:28:36 AM'),
(959, 991, 1, 1, 313, 5, 71, 912, 4, 4, 10, 1, 2, 'Load', 20, 'Active', 0, '2015-06-28', '00:29:49 AM'),
(960, 992, 1, 1, 260, 5, 71, 918, 9, 9, 200, 1, 18, 'Load', 20, 'Active', 0, '2015-06-28', '00:31:48 AM'),
(961, 993, 1, 1, 604, 5, 71, 900, 2, 2, 2, 1, 1, 'Load', 20, 'Active', 0, '2015-06-28', '00:58:00 AM'),
(962, 994, 1, 1, 604, 5, 71, 901, 3, 3, 5, 1, 2, 'Load', 20, 'Active', 0, '2015-06-28', '00:58:36 AM'),
(963, 995, 1, 1, 605, 5, 71, 906, 100, 100, 100, 1, 1, 'Load', 20, 'Active', 0, '2015-06-28', '00:59:31 AM'),
(964, 996, 1, 1, 606, 5, 71, 907, 110, 110, 110, 1, 1, 'Load', 20, 'Active', 0, '2015-06-28', '01:00:18 AM'),
(965, 997, 1, 1, 607, 5, 71, 911, 5, 5, 5, 1, 1, 'Load', 20, 'Active', 0, '2015-06-28', '01:01:04 AM'),
(966, 998, 1, 1, 608, 5, 71, 913, 4, 4, 4, 1, 1, 'Load', 20, 'Active', 0, '2015-06-28', '01:22:49 AM'),
(967, 999, 1, 1, 609, 5, 71, 914, 2, 2, 2, 1, 1, 'Load', 20, 'Active', 0, '2015-06-28', '01:24:57 AM');
INSERT INTO `fna_alustock` (`ALUSID`, `PRODUCTLOADUNLOADBKDNID`, `PROJECTID`, `SUBPROJECTID`, `PARTYID`, `PRODCATTYPEID`, `PRODUCTID`, `LOTNO`, `QUANTITY`, `LOTTOTQNTY`, `PARTYTOTQNTY`, `LOTFLAG`, `PARTYFLAG`, `WORKTYPEFLAG`, `USERID`, `STATUS`, `FLAG`, `ENTDATE`, `ENTTIME`) VALUES
(968, 1000, 1, 1, 610, 5, 71, 915, 12, 12, 12, 1, 1, 'Load', 20, 'Active', 0, '2015-06-28', '01:26:42 AM'),
(969, 1001, 1, 1, 611, 5, 71, 916, 5, 5, 5, 1, 1, 'Load', 20, 'Active', 0, '2015-06-28', '01:30:27 AM'),
(970, 1002, 1, 1, 612, 5, 71, 917, 1, 1, 1, 1, 1, 'Load', 20, 'Active', 0, '2015-06-28', '01:31:27 AM'),
(971, 1003, 1, 1, 613, 5, 71, 919, 3, 3, 3, 1, 1, 'Load', 20, 'Active', 0, '2015-06-28', '01:57:06 AM'),
(972, 1004, 1, 1, 614, 5, 71, 920, 6, 6, 6, 1, 1, 'Load', 20, 'Active', 0, '2015-06-28', '01:58:04 AM'),
(973, 1005, 1, 1, 615, 5, 71, 921, 2, 2, 2, 1, 1, 'Load', 20, 'Active', 0, '2015-06-28', '01:59:38 AM'),
(974, 1006, 1, 1, 616, 5, 71, 922, 111, 111, 111, 1, 1, 'Load', 20, 'Active', 0, '2015-06-28', '02:00:32 AM'),
(975, 1007, 1, 1, 616, 5, 71, 923, 110, 110, 221, 1, 2, 'Load', 20, 'Active', 0, '2015-06-28', '02:01:18 AM'),
(976, 1008, 1, 1, 617, 5, 71, 924, 1, 1, 1, 1, 1, 'Load', 20, 'Active', 0, '2015-06-28', '02:02:27 AM'),
(977, 1009, 1, 1, 618, 5, 71, 925, 13, 13, 13, 1, 1, 'Load', 20, 'Active', 0, '2015-06-28', '02:03:29 AM'),
(978, 1010, 1, 1, 619, 5, 71, 926, 2, 2, 2, 1, 1, 'Load', 20, 'Active', 0, '2015-06-28', '02:04:25 AM'),
(979, 1011, 1, 1, 620, 5, 71, 927, 2, 2, 2, 1, 1, 'Load', 20, 'Active', 0, '2015-06-28', '02:05:07 AM'),
(980, 1012, 1, 1, 621, 5, 71, 928, 3, 3, 3, 1, 1, 'Load', 20, 'Active', 0, '2015-06-28', '02:05:50 AM'),
(981, 1013, 1, 1, 622, 5, 71, 929, 1, 1, 1, 1, 1, 'Load', 20, 'Active', 0, '2015-06-28', '02:06:38 AM'),
(982, 1014, 1, 1, 623, 5, 71, 930, 2, 2, 2, 1, 1, 'Load', 20, 'Active', 0, '2015-06-28', '02:07:46 AM'),
(983, 1015, 1, 1, 624, 5, 71, 931, 1, 1, 1, 1, 1, 'Load', 20, 'Active', 0, '2015-06-28', '02:08:45 AM'),
(984, 1016, 1, 1, 625, 5, 71, 932, 5, 5, 5, 1, 1, 'Load', 20, 'Active', 0, '2015-06-28', '02:22:50 AM'),
(985, 1017, 1, 1, 626, 5, 71, 933, 3, 3, 3, 1, 1, 'Load', 20, 'Active', 0, '2015-06-28', '02:28:39 AM'),
(986, 1018, 1, 1, 627, 5, 71, 934, 42, 42, 42, 1, 1, 'Load', 20, 'Active', 0, '2015-06-28', '02:29:55 AM'),
(987, 1019, 1, 1, 627, 5, 71, 935, 188, 188, 230, 1, 2, 'Load', 20, 'Active', 0, '2015-06-28', '02:30:53 AM'),
(988, 1020, 1, 1, 628, 5, 71, 936, 6, 6, 6, 1, 1, 'Load', 20, 'Active', 0, '2015-06-28', '02:31:58 AM'),
(989, 1021, 1, 1, 628, 5, 71, 937, 16, 16, 22, 1, 2, 'Load', 20, 'Active', 0, '2015-06-28', '02:32:56 AM'),
(990, 1022, 1, 1, 155, 5, 71, 942, 1, 1, 1190, 1, 35, 'Load', 20, 'Active', 0, '2015-06-28', '02:34:40 AM'),
(991, 1023, 1, 1, 616, 5, 71, 946, 70, 70, 291, 1, 3, 'Load', 20, 'Active', 0, '2015-06-28', '02:38:02 AM'),
(992, 1024, 1, 1, 616, 5, 71, 947, 75, 75, 366, 1, 4, 'Load', 20, 'Active', 0, '2015-06-28', '02:39:48 AM'),
(993, 1025, 1, 1, 616, 5, 71, 948, 75, 75, 441, 1, 5, 'Load', 20, 'Active', 0, '2015-06-28', '02:41:13 AM'),
(994, 1026, 1, 1, 129, 5, 71, 955, 3, 3, 288, 1, 11, 'Load', 20, 'Active', 0, '2015-06-28', '02:43:12 AM'),
(995, 1027, 1, 1, 235, 5, 71, 958, 4, 4, 17, 1, 5, 'Load', 20, 'Active', 0, '2015-06-28', '02:44:22 AM'),
(996, 1028, 1, 1, 83, 5, 71, 960, 196, 196, 1013, 1, 9, 'Load', 20, 'Active', 0, '2015-06-28', '02:46:46 AM'),
(997, 1029, 1, 1, 616, 5, 71, 962, 108, 108, 549, 1, 6, 'Load', 20, 'Active', 0, '2015-06-28', '02:48:24 AM'),
(998, 1030, 1, 1, 616, 5, 71, 963, 61, 61, 610, 1, 7, 'Load', 20, 'Active', 0, '2015-06-28', '02:49:14 AM'),
(999, 1031, 1, 1, 616, 5, 71, 964, 61, 61, 671, 1, 8, 'Load', 20, 'Active', 0, '2015-06-28', '02:50:03 AM'),
(1000, 1032, 1, 1, 628, 5, 71, 965, 31, 31, 53, 1, 3, 'Load', 20, 'Active', 0, '2015-06-28', '02:51:17 AM'),
(1001, 1033, 1, 1, 628, 5, 71, 966, 19, 19, 72, 1, 4, 'Load', 20, 'Active', 0, '2015-06-28', '02:52:04 AM'),
(1002, 1034, 1, 1, 616, 5, 71, 967, 110, 110, 781, 1, 9, 'Load', 20, 'Active', 0, '2015-06-28', '02:52:56 AM'),
(1003, 1035, 1, 1, 629, 5, 71, 961, 2, 2, 2, 1, 1, 'Load', 20, 'Active', 0, '2015-06-28', '03:03:10 AM'),
(1004, 1036, 1, 1, 630, 5, 71, 959, 2, 2, 2, 1, 1, 'Load', 20, 'Active', 0, '2015-06-28', '03:03:57 AM'),
(1005, 1037, 1, 1, 631, 5, 71, 956, 3, 3, 3, 1, 1, 'Load', 20, 'Active', 0, '2015-06-28', '03:04:40 AM'),
(1006, 1038, 1, 1, 631, 5, 71, 957, 4, 4, 7, 1, 2, 'Load', 20, 'Active', 0, '2015-06-28', '03:05:20 AM'),
(1007, 1039, 1, 1, 632, 5, 71, 938, 2, 2, 2, 1, 1, 'Load', 20, 'Active', 0, '2015-06-28', '03:17:58 AM'),
(1008, 1040, 1, 1, 633, 5, 71, 939, 2, 2, 2, 1, 1, 'Load', 20, 'Active', 0, '2015-06-28', '03:18:49 AM'),
(1009, 1041, 1, 1, 634, 5, 71, 940, 17, 17, 17, 1, 1, 'Load', 20, 'Active', 0, '2015-06-28', '03:19:31 AM'),
(1010, 1042, 1, 1, 635, 5, 71, 941, 6, 6, 6, 1, 1, 'Load', 20, 'Active', 0, '2015-06-28', '03:20:13 AM'),
(1011, 1043, 1, 1, 642, 5, 71, 943, 2, 2, 2, 1, 1, 'Load', 20, 'Active', 0, '2015-06-28', '04:14:54 AM'),
(1012, 1044, 1, 1, 643, 5, 71, 944, 1, 1, 1, 1, 1, 'Load', 20, 'Active', 0, '2015-06-28', '04:15:35 AM'),
(1013, 1045, 1, 1, 644, 5, 71, 945, 1, 1, 1, 1, 1, 'Load', 20, 'Active', 0, '2015-06-28', '04:16:14 AM'),
(1014, 1046, 1, 1, 636, 5, 71, 949, 1, 1, 1, 1, 1, 'Load', 20, 'Active', 0, '2015-06-28', '04:17:09 AM'),
(1015, 1047, 1, 1, 637, 5, 71, 950, 13, 13, 13, 1, 1, 'Load', 20, 'Active', 0, '2015-06-28', '04:17:42 AM'),
(1016, 1048, 1, 1, 638, 5, 71, 951, 5, 5, 5, 1, 1, 'Load', 20, 'Active', 0, '2015-06-28', '04:18:33 AM'),
(1017, 1049, 1, 1, 639, 5, 71, 952, 2, 2, 2, 1, 1, 'Load', 20, 'Active', 0, '2015-06-28', '04:19:23 AM'),
(1018, 1050, 1, 1, 640, 5, 71, 953, 2, 2, 2, 1, 1, 'Load', 20, 'Active', 0, '2015-06-28', '04:20:17 AM'),
(1019, 1051, 1, 1, 641, 5, 71, 954, 1, 1, 1, 1, 1, 'Load', 20, 'Active', 0, '2015-06-28', '04:21:04 AM'),
(1020, 1052, 1, 1, 616, 5, 71, 968, 110, 110, 891, 1, 10, 'Load', 20, 'Active', 0, '2015-06-28', '04:30:31 AM'),
(1021, 1053, 1, 1, 82, 5, 71, 971, 20, 20, 375, 1, 17, 'Load', 20, 'Active', 0, '2015-06-28', '04:31:40 AM'),
(1022, 1054, 1, 1, 82, 5, 71, 972, 14, 14, 389, 1, 18, 'Load', 20, 'Active', 0, '2015-06-28', '04:32:27 AM'),
(1023, 1055, 1, 1, 628, 5, 71, 973, 49, 49, 121, 1, 5, 'Load', 20, 'Active', 0, '2015-06-28', '04:33:25 AM'),
(1024, 1056, 1, 1, 616, 5, 71, 974, 110, 110, 1001, 1, 11, 'Load', 20, 'Active', 0, '2015-06-28', '04:34:28 AM'),
(1025, 1057, 1, 1, 616, 5, 71, 975, 110, 110, 1111, 1, 12, 'Load', 20, 'Active', 0, '2015-06-28', '04:35:14 AM'),
(1026, 1058, 1, 1, 628, 5, 71, 980, 15, 15, 136, 1, 6, 'Load', 20, 'Active', 0, '2015-06-28', '04:57:42 AM'),
(1027, 1059, 1, 1, 628, 5, 71, 981, 35, 35, 171, 1, 7, 'Load', 20, 'Active', 0, '2015-06-28', '05:01:46 AM'),
(1028, 1060, 1, 1, 628, 5, 71, 982, 12, 12, 183, 1, 8, 'Load', 20, 'Active', 0, '2015-06-28', '05:02:30 AM'),
(1029, 1061, 1, 1, 628, 5, 71, 983, 17, 17, 200, 1, 9, 'Load', 20, 'Active', 0, '2015-06-28', '05:03:25 AM'),
(1030, 1062, 1, 1, 628, 5, 71, 984, 10, 10, 210, 1, 10, 'Load', 20, 'Active', 0, '2015-06-28', '05:04:09 AM'),
(1031, 1063, 1, 1, 129, 5, 71, 989, 5, 5, 293, 1, 12, 'Load', 20, 'Active', 0, '2015-06-28', '05:05:33 AM'),
(1032, 1064, 1, 1, 645, 5, 71, 990, 6, 6, 6, 1, 1, 'Load', 20, 'Active', 0, '2015-06-28', '05:08:27 AM'),
(1033, 1065, 1, 1, 645, 5, 71, 991, 28, 28, 34, 1, 2, 'Load', 20, 'Active', 0, '2015-06-28', '05:09:13 AM'),
(1034, 1066, 1, 1, 645, 5, 71, 992, 77, 77, 111, 1, 3, 'Load', 20, 'Active', 0, '2015-06-28', '05:09:57 AM'),
(1035, 1067, 1, 1, 238, 5, 71, 996, 5, 5, 235, 1, 12, 'Load', 20, 'Active', 0, '2015-06-28', '05:12:04 AM'),
(1036, 1068, 1, 1, 155, 5, 71, 998, 8, 8, 1198, 1, 36, 'Load', 20, 'Active', 0, '2015-06-28', '05:13:11 AM'),
(1037, 1069, 1, 1, 238, 5, 71, 1001, 4, 4, 239, 1, 13, 'Load', 20, 'Active', 0, '2015-06-28', '05:14:07 AM'),
(1038, 1070, 1, 1, 200, 5, 71, 1002, 1, 1, 9, 1, 2, 'Load', 20, 'Active', 0, '2015-06-28', '05:14:57 AM'),
(1039, 1071, 1, 1, 646, 5, 71, 969, 4, 4, 4, 1, 1, 'Load', 20, 'Active', 0, '2015-06-28', '05:23:22 AM'),
(1040, 1072, 1, 1, 647, 5, 71, 970, 4, 4, 4, 1, 1, 'Load', 20, 'Active', 0, '2015-06-28', '05:24:06 AM'),
(1041, 1073, 1, 1, 648, 5, 71, 1003, 3, 3, 3, 1, 1, 'Load', 20, 'Active', 0, '2015-06-28', '05:32:15 AM'),
(1042, 1074, 1, 1, 651, 5, 71, 997, 2, 2, 2, 1, 1, 'Load', 20, 'Active', 0, '2015-06-28', '05:33:01 AM'),
(1043, 1075, 1, 1, 650, 5, 71, 999, 6, 6, 6, 1, 1, 'Load', 20, 'Active', 0, '2015-06-28', '05:33:52 AM'),
(1044, 1076, 1, 1, 649, 5, 71, 1000, 2, 2, 2, 1, 1, 'Load', 20, 'Active', 0, '2015-06-28', '05:34:36 AM'),
(1045, 1077, 1, 1, 652, 5, 71, 976, 4, 4, 4, 1, 1, 'Load', 20, 'Active', 0, '2015-06-29', '00:02:29 AM'),
(1046, 1078, 1, 1, 653, 5, 71, 977, 2, 2, 2, 1, 1, 'Load', 20, 'Active', 0, '2015-06-29', '00:04:13 AM'),
(1047, 1079, 1, 1, 654, 5, 71, 978, 2, 2, 2, 1, 1, 'Load', 20, 'Active', 0, '2015-06-29', '00:05:00 AM'),
(1048, 1080, 1, 1, 655, 5, 71, 979, 2, 2, 2, 1, 1, 'Load', 20, 'Active', 0, '2015-06-29', '00:05:48 AM'),
(1049, 1081, 1, 1, 656, 5, 71, 985, 2, 2, 2, 1, 1, 'Load', 20, 'Active', 0, '2015-06-29', '00:06:47 AM'),
(1050, 1082, 1, 1, 657, 5, 71, 986, 2, 2, 2, 1, 1, 'Load', 20, 'Active', 0, '2015-06-29', '00:07:29 AM'),
(1051, 1083, 1, 1, 658, 5, 71, 987, 3, 3, 3, 1, 1, 'Load', 20, 'Active', 0, '2015-06-29', '00:08:11 AM'),
(1052, 1084, 1, 1, 659, 5, 71, 988, 3, 3, 3, 1, 1, 'Load', 20, 'Active', 0, '2015-06-29', '00:08:58 AM'),
(1053, 1085, 1, 1, 660, 5, 71, 993, 4, 4, 4, 1, 1, 'Load', 20, 'Active', 0, '2015-06-29', '00:09:43 AM'),
(1054, 1086, 1, 1, 661, 5, 71, 994, 4, 4, 4, 1, 1, 'Load', 20, 'Active', 0, '2015-06-29', '00:10:55 AM'),
(1055, 1087, 1, 1, 662, 5, 71, 995, 14, 14, 14, 1, 1, 'Load', 20, 'Active', 0, '2015-06-29', '00:14:21 AM'),
(1056, 1088, 1, 1, 259, 5, 71, 1004, 3, 3, 261, 1, 22, 'Load', 20, 'Active', 0, '2015-06-29', '00:15:16 AM'),
(1057, 1089, 1, 1, 171, 5, 71, 1009, 26, 26, 253, 1, 9, 'Load', 20, 'Active', 0, '2015-06-29', '00:16:36 AM'),
(1058, 1090, 1, 1, 663, 5, 71, 1005, 1, 1, 1, 1, 1, 'Load', 20, 'Active', 0, '2015-06-29', '01:06:10 AM'),
(1059, 1091, 1, 1, 664, 5, 71, 1006, 1, 1, 1, 1, 1, 'Load', 20, 'Active', 0, '2015-06-29', '01:07:00 AM'),
(1060, 1092, 1, 1, 665, 5, 71, 1007, 7, 7, 7, 1, 1, 'Load', 20, 'Active', 0, '2015-06-29', '01:07:55 AM'),
(1061, 1093, 1, 1, 666, 5, 71, 1008, 1, 1, 1, 1, 1, 'Load', 20, 'Active', 0, '2015-06-29', '01:08:41 AM'),
(1062, 1094, 1, 1, 667, 5, 71, 1010, 12, 12, 12, 1, 1, 'Load', 20, 'Active', 0, '2015-06-29', '01:09:42 AM'),
(1063, 1095, 1, 1, 668, 5, 71, 1011, 1, 1, 1, 1, 1, 'Load', 20, 'Active', 0, '2015-06-29', '01:10:23 AM'),
(1064, 1096, 1, 1, 671, 5, 71, 1012, 11, 11, 11, 1, 1, 'Load', 20, 'Active', 0, '2015-06-29', '01:12:45 AM'),
(1065, 1097, 1, 1, 670, 5, 71, 1013, 8, 8, 8, 1, 1, 'Load', 20, 'Active', 0, '2015-06-29', '01:13:29 AM'),
(1066, 1098, 1, 1, 670, 5, 71, 1014, 2, 2, 10, 1, 2, 'Load', 20, 'Active', 0, '2015-06-29', '01:14:06 AM'),
(1067, 1099, 1, 1, 83, 5, 71, 162, 147, 147, 1160, 1, 10, 'Load', 20, 'Active', 0, '2015-06-29', '01:30:54 AM'),
(1068, 1100, 1, 1, 83, 5, 71, 232, 150, 150, 1310, 1, 11, 'Load', 20, 'Active', 0, '2015-06-29', '01:33:55 AM'),
(1069, 1101, 1, 1, 83, 5, 71, 234, 151, 151, 1461, 1, 12, 'Load', 20, 'Active', 0, '2015-06-29', '01:34:42 AM'),
(1070, 1102, 1, 1, 83, 5, 71, 244, 149, 149, 1610, 1, 13, 'Load', 20, 'Active', 0, '2015-06-29', '01:35:46 AM'),
(1071, 1103, 1, 1, 672, 5, 71, 265, 4, 4, 4, 1, 1, 'Load', 20, 'Active', 0, '2015-06-29', '01:43:39 AM'),
(1072, 1104, 1, 1, 542, 5, 71, 741, 2, 2, 2, 1, 1, 'Load', 20, 'Active', 0, '2015-06-29', '01:53:44 AM'),
(1073, 1105, 1, 1, 673, 5, 71, 820, 3, 3, 3, 1, 1, 'Load', 20, 'Active', 0, '2015-06-29', '01:56:53 AM'),
(1074, 1135, 1, 1, 345, 5, 71, 460, 3, 207, 3877, 2, 27, 'Unload', 20, 'Active', 0, '2015-10-24', '01:11:46 AM'),
(1075, 1136, 1, 1, 345, 5, 71, 533, 20, 178, 3857, 2, 28, 'Unload', 20, 'Active', 0, '2015-10-24', '01:13:28 AM'),
(1076, 1137, 1, 1, 366, 5, 71, 490, 20, 169, 485, 2, 4, 'Unload', 20, 'Active', 0, '2015-10-24', '01:14:20 AM'),
(1077, 1138, 1, 1, 345, 5, 71, 661, 10, 190, 3847, 2, 29, 'Unload', 20, 'Active', 0, '2015-10-24', '01:14:59 AM'),
(1078, 1139, 1, 1, 345, 5, 71, 460, 5, 202, 3842, 3, 30, 'Unload', 20, 'Active', 0, '2015-10-24', '01:15:54 AM'),
(1079, 1140, 1, 1, 345, 5, 71, 533, 10, 168, 3832, 3, 31, 'Unload', 20, 'Active', 0, '2015-10-24', '01:16:50 AM'),
(1080, 1141, 1, 1, 155, 5, 71, 227, 1, 5, 1197, 2, 37, 'Unload', 20, 'Active', 0, '2015-10-24', '01:17:31 AM'),
(1081, 1142, 1, 1, 345, 5, 71, 460, 10, 192, 3822, 4, 32, 'Unload', 20, 'Active', 0, '2015-10-24', '01:22:12 AM'),
(1082, 1143, 1, 1, 366, 5, 71, 490, 10, 159, 475, 3, 5, 'Unload', 20, 'Active', 0, '2015-10-24', '01:27:25 AM'),
(1083, 1144, 1, 1, 345, 5, 71, 532, 10, 90, 3812, 2, 33, 'Unload', 20, 'Active', 0, '2015-10-24', '01:28:10 AM'),
(1084, 1145, 1, 1, 345, 5, 71, 532, 10, 80, 3802, 3, 34, 'Unload', 20, 'Active', 0, '2015-10-24', '01:28:53 AM'),
(1085, 1146, 1, 1, 345, 5, 71, 460, 5, 187, 3797, 5, 35, 'Unload', 20, 'Active', 0, '2015-10-24', '01:29:59 AM'),
(1086, 1147, 1, 1, 345, 5, 71, 661, 10, 180, 3787, 3, 36, 'Unload', 20, 'Active', 0, '2015-10-24', '01:30:43 AM'),
(1087, 1148, 1, 1, 171, 5, 71, 377, 5, 105, 248, 2, 10, 'Unload', 20, 'Active', 0, '2015-10-24', '01:31:27 AM'),
(1088, 1149, 1, 1, 345, 5, 71, 661, 5, 175, 3782, 4, 37, 'Unload', 20, 'Active', 0, '2015-10-24', '01:32:36 AM'),
(1089, 1150, 1, 1, 345, 5, 71, 460, 3, 184, 3779, 6, 38, 'Unload', 20, 'Active', 0, '2015-10-24', '01:34:09 AM'),
(1090, 1151, 1, 1, 345, 5, 71, 461, 5, 104, 3774, 2, 39, 'Unload', 20, 'Active', 0, '2015-10-24', '01:34:48 AM'),
(1091, 1152, 1, 1, 293, 5, 71, 794, 4, 68, 611, 2, 10, 'Unload', 20, 'Active', 0, '2015-10-24', '01:35:41 AM'),
(1092, 1153, 1, 1, 345, 5, 71, 533, 20, 148, 3754, 4, 40, 'Unload', 20, 'Active', 0, '2015-11-02', '05:39:38 AM'),
(1093, 1154, 1, 1, 345, 5, 71, 460, 7, 177, 3747, 7, 41, 'Unload', 20, 'Active', 0, '2015-11-02', '05:40:35 AM'),
(1094, 1155, 1, 1, 366, 5, 71, 490, 31, 128, 444, 4, 6, 'Unload', 20, 'Active', 0, '2015-11-02', '05:41:27 AM');

-- --------------------------------------------------------

--
-- Table structure for table `fna_balance`
--

CREATE TABLE IF NOT EXISTS `fna_balance` (
  `BALANCEID` int(11) NOT NULL AUTO_INCREMENT,
  `PROJECTID` int(11) NOT NULL,
  `SUBPROJECTID` int(11) NOT NULL,
  `INCOME` double NOT NULL,
  `EXPANSE` double NOT NULL,
  `BALANCE` double NOT NULL,
  `FLAG` int(11) NOT NULL,
  `BALDATE` date NOT NULL,
  `STATUS` varchar(50) NOT NULL,
  `USERID` int(11) NOT NULL,
  `ENTDATE` date NOT NULL,
  `ENTTIME` varchar(50) NOT NULL,
  PRIMARY KEY (`BALANCEID`)
) ENGINE=InnoDB  DEFAULT CHARSET=latin1 AUTO_INCREMENT=305 ;

--
-- Dumping data for table `fna_balance`
--

INSERT INTO `fna_balance` (`BALANCEID`, `PROJECTID`, `SUBPROJECTID`, `INCOME`, `EXPANSE`, `BALANCE`, `FLAG`, `BALDATE`, `STATUS`, `USERID`, `ENTDATE`, `ENTTIME`) VALUES
(1, 6, 10, 47091303, 0, 47091303, 1, '2015-01-01', 'Active', 20, '2015-02-22', '11:52:40 AM'),
(78, 1, 1, 1036230, 0, 48127533, 2, '2015-08-01', 'Receive', 20, '2015-08-20', '06:15:10 AM'),
(79, 1, 2, 24533756, 0, 72661289, 3, '2015-08-01', 'Receive', 20, '2015-08-20', '06:22:23 AM'),
(80, 1, 3, 175170, 0, 72836459, 4, '2015-08-01', 'Receive', 20, '2015-08-20', '06:29:22 AM'),
(81, 1, 4, 2600000, 0, 75436459, 5, '2015-08-01', 'Receive', 20, '2015-08-20', '06:30:06 AM'),
(82, 1, 13, 95000, 0, 75531459, 6, '2015-08-01', 'Receive', 20, '2015-08-20', '06:30:47 AM'),
(83, 2, 6, 7546518, 0, 83077977, 7, '2015-08-01', 'Receive', 20, '2015-08-20', '06:32:43 AM'),
(84, 4, 9, 11160080, 0, 94238057, 8, '2015-08-01', 'Receive', 20, '2015-08-20', '06:36:33 AM'),
(93, 11, 18, 0, 737760, 109665300, 17, '2015-08-01', 'Payment', 20, '2015-08-27', '01:37:17 AM'),
(98, 13, 26, 0, 19742, 108567145, 20, '2015-08-01', 'Payment', 20, '2015-10-01', '13:54:31 PM'),
(99, 13, 24, 0, 15190, 108551955, 21, '2015-08-01', 'Payment', 20, '2015-10-01', '13:56:20 PM'),
(100, 13, 25, 0, 13950, 108538005, 22, '2015-08-01', 'Payment', 20, '2015-10-01', '13:56:39 PM'),
(101, 13, 27, 0, 11750, 108526255, 23, '2015-08-01', 'Payment', 20, '2015-10-01', '13:57:06 PM'),
(102, 13, 27, 7750, 0, 108534005, 24, '2015-08-01', 'Receive', 20, '2015-10-01', '13:57:35 PM'),
(103, 14, 28, 0, 9350, 108524655, 25, '2015-08-01', 'Payment', 20, '2015-10-01', '14:02:29 PM'),
(104, 14, 29, 0, 4200, 108520455, 26, '2015-08-01', 'Payment', 20, '2015-10-01', '14:02:46 PM'),
(105, 14, 28, 15610, 0, 108536065, 27, '2015-08-01', 'Receive', 20, '2015-10-01', '14:03:13 PM'),
(106, 14, 29, 59850, 0, 108595915, 28, '2015-08-01', 'Receive', 20, '2015-10-01', '14:03:37 PM'),
(107, 9, 16, 10206, 0, 108606121, 29, '2015-08-01', 'Receive', 20, '2015-10-03', '12:56:34 PM'),
(108, 9, 15, 3000, 0, 108609121, 30, '2015-08-01', 'Receive', 20, '2015-10-03', '12:56:56 PM'),
(109, 9, 15, 0, 981056, 107628065, 31, '2015-08-01', 'Payment', 20, '2015-10-03', '12:57:26 PM'),
(110, 9, 16, 0, 97357, 107530708, 32, '2015-08-01', 'Payment', 20, '2015-10-03', '12:57:47 PM'),
(112, 14, 35, 1962360, 0, 109493068, 33, '2015-08-01', 'Receive', 20, '2015-10-03', '13:30:43 PM'),
(113, 14, 35, 0, 2136555, 107356513, 34, '2015-08-01', 'Payment', 20, '2015-10-03', '13:31:20 PM'),
(114, 12, 36, 0, 2098788, 105257725, 35, '2015-08-01', 'Payment', 20, '2015-10-03', '13:52:33 PM'),
(115, 12, 37, 0, 19408361, 85849364, 36, '2015-08-01', 'Payment', 20, '2015-10-03', '13:53:01 PM'),
(116, 12, 38, 0, 686644, 85162720, 37, '2015-08-01', 'Payment', 20, '2015-10-03', '13:53:23 PM'),
(117, 12, 39, 0, 600240, 84562480, 38, '2015-08-01', 'Payment', 20, '2015-10-03', '13:53:45 PM'),
(118, 12, 23, 0, 722053, 83840427, 39, '2015-08-01', 'Payment', 20, '2015-10-03', '13:54:07 PM'),
(119, 15, 33, 3000000, 0, 86840427, 40, '2015-08-01', 'Receive', 20, '2015-10-03', '13:58:55 PM'),
(120, 11, 40, 0, 2525000, 84315427, 41, '2015-08-01', 'Payment', 20, '2015-10-03', '14:02:58 PM'),
(121, 7, 12, 2633850, 0, 86949277, 42, '2015-08-01', 'Receive', 20, '2015-10-03', '14:07:55 PM'),
(122, 7, 30, 9574630, 0, 96523907, 43, '2015-08-01', 'Receive', 20, '2015-10-03', '14:10:08 PM'),
(123, 7, 17, 705530, 0, 97229437, 44, '2015-08-01', 'Receive', 20, '2015-10-03', '14:11:10 PM'),
(124, 16, 34, 300000, 0, 97529437, 45, '2015-08-01', 'Receive', 20, '2015-10-03', '14:16:41 PM'),
(125, 7, 12, 0, 12980806, 84548631, 46, '2015-08-01', 'Payment', 20, '2015-10-03', '14:18:03 PM'),
(126, 7, 30, 0, 17521675, 67026956, 47, '2015-08-01', 'Payment', 20, '2015-10-03', '14:18:26 PM'),
(127, 7, 17, 0, 12277600, 54749356, 48, '2015-08-01', 'Payment', 20, '2015-10-03', '14:19:03 PM'),
(128, 15, 32, 0, 8056750, 46692606, 49, '2015-08-01', 'Payment', 20, '2015-10-03', '14:31:35 PM'),
(129, 7, 42, 0, 998610, 45693996, 50, '2015-08-01', 'Payment', 20, '2015-10-03', '14:47:49 PM'),
(130, 7, 42, 350606, 0, 46044602, 51, '2015-08-01', 'Receive', 20, '2015-10-03', '14:48:38 PM'),
(131, 14, 43, 0, 106765, 45937837, 52, '2015-08-01', 'Payment', 20, '2015-10-03', '14:53:29 PM'),
(132, 14, 44, 0, 249783, 45688054, 53, '2015-08-01', 'Payment', 20, '2015-10-03', '14:53:52 PM'),
(133, 7, 45, 199454, 0, 45887508, 54, '2015-08-01', 'Receive', 20, '2015-10-03', '15:18:19 PM'),
(134, 7, 46, 100000, 0, 45987508, 55, '2015-08-01', 'Receive', 20, '2015-10-03', '15:19:02 PM'),
(135, 7, 47, 500000, 0, 46487508, 56, '2015-08-01', 'Receive', 20, '2015-10-03', '15:19:22 PM'),
(136, 7, 46, 0, 400000, 46087508, 57, '2015-08-01', 'Payment', 20, '2015-10-03', '15:19:47 PM'),
(137, 7, 47, 0, 500000, 45587508, 58, '2015-08-01', 'Payment', 20, '2015-10-03', '15:20:05 PM'),
(138, 7, 31, 1845263, 0, 47432771, 59, '2015-08-01', 'Receive', 20, '2015-10-03', '15:21:00 PM'),
(139, 8, 11, 0, 28626891, 18805880, 60, '2015-08-01', 'Active', 20, '2015-10-03', '15:23:22 PM'),
(140, 8, 11, 25317015, 0, 44122895, 61, '2015-08-02', 'Active', 20, '2015-10-03', '15:25:47 PM'),
(141, 8, 11, 0, 1011065, 43111830, 62, '2015-08-01', 'Active', 20, '2015-10-03', '15:26:32 PM'),
(142, 8, 11, 792500, 0, 43904330, 63, '2015-08-03', 'Active', 20, '2015-10-03', '15:27:19 PM'),
(143, 8, 11, 0, 626855, 43277475, 64, '2015-08-01', 'Active', 20, '2015-10-03', '15:28:11 PM'),
(144, 8, 11, 610000, 0, 43887475, 65, '2015-08-04', 'Active', 20, '2015-10-03', '15:29:09 PM'),
(145, 8, 11, 0, 2000, 43885475, 66, '2015-08-01', 'Active', 20, '2015-10-03', '15:29:36 PM'),
(146, 8, 11, 0, 7000, 43878475, 67, '2015-08-01', 'Active', 20, '2015-10-03', '15:30:06 PM'),
(147, 8, 11, 0, 3000, 43875475, 68, '2015-08-01', 'Active', 20, '2015-10-03', '15:30:28 PM'),
(148, 8, 11, 0, 1000, 43874475, 69, '2015-08-01', 'Active', 20, '2015-10-03', '15:31:38 PM'),
(149, 8, 11, 0, 101500, 43772975, 70, '2015-08-01', 'Active', 20, '2015-10-03', '15:32:14 PM'),
(150, 8, 11, 95000, 0, 43867975, 71, '2015-08-02', 'Active', 20, '2015-10-03', '15:32:38 PM'),
(151, 8, 11, 0, 2000, 43865975, 72, '2015-08-01', 'Active', 20, '2015-10-03', '15:33:03 PM'),
(152, 2, 6, 27.5, 0, 43866002.5, 73, '2015-10-04', 'Receive', 20, '2015-10-03', '20:34:32 PM'),
(153, 5, 7, 0, 608983, 43257019.5, 74, '2015-08-01', 'Payment', 20, '2015-10-04', '12:26:55 PM'),
(154, 5, 7, 515574, 0, 43772593.5, 75, '2015-08-01', 'Receive', 20, '2015-10-04', '12:27:46 PM'),
(155, 7, 41, 53500, 0, 43826093.5, 76, '2015-08-01', 'Receive', 20, '2015-10-04', '12:45:20 PM'),
(156, 14, 48, 12154, 0, 43816495.5, 77, '2015-08-01', 'Receive', 20, '2015-10-04', '12:49:25 PM'),
(157, 2, 6, 0, 1738294, 42078201.5, 78, '2015-08-01', 'Payment', 20, '2015-10-04', '13:39:55 PM'),
(158, 4, 9, 0, 544979, 41533222.5, 79, '2015-08-01', 'Payment', 20, '2015-10-04', '14:05:10 PM'),
(159, 4, 9, 0, 30000, 1101247, 80, '2015-08-01', 'Payment', 20, '2015-10-04', '14:06:11 PM'),
(164, 1, 1, 0, 1000, 1100247, 81, '2015-08-01', 'Active', 20, '2015-10-08', '09:28:55 AM'),
(165, 1, 2, 0, 1776, 1098471, 82, '2015-08-01', 'Active', 20, '2015-10-08', '09:35:30 AM'),
(166, 1, 2, 0, 192, 1098279, 83, '2015-08-01', 'Active', 20, '2015-10-08', '09:37:08 AM'),
(167, 1, 4, 0, 720, 1097559, 84, '2015-08-01', 'Active', 20, '2015-10-08', '09:37:34 AM'),
(168, 3, 8, 0, 1600, 1095959, 85, '2015-08-01', 'Payment', 20, '2015-10-08', '10:14:33 AM'),
(169, 3, 8, 0, 760, 1095199, 86, '2015-08-01', 'Payment', 20, '2015-10-08', '10:17:43 AM'),
(170, 3, 8, 0, 197, 1095002, 87, '2015-08-01', 'Payment', 20, '2015-10-08', '10:21:15 AM'),
(171, 12, 36, 0, 2030, 1092972, 88, '2015-08-01', 'Payment', 20, '2015-10-08', '10:47:46 AM'),
(172, 9, 15, 0, 320, 1092652, 89, '2015-08-01', 'Payment', 20, '2015-10-08', '10:55:41 AM'),
(173, 1, 1, 15500, 0, 1108152, 90, '2015-08-01', 'Receive', 20, '2015-10-08', '12:28:02 PM'),
(174, 14, 49, 75, 0, 1108227, 91, '2015-08-01', 'Receive', 20, '2015-10-08', '12:34:22 PM'),
(175, 1, 1, 0, 1000, 1107227, 92, '2015-08-02', 'Active', 20, '2015-10-09', '06:25:02 AM'),
(176, 1, 2, 0, 1065, 1106162, 93, '2015-08-02', 'Active', 20, '2015-10-09', '07:20:49 AM'),
(177, 1, 4, 0, 720, 1105442, 94, '2015-08-02', 'Active', 20, '2015-10-09', '07:21:52 AM'),
(178, 2, 6, 0, 76800, 1028642, 95, '2015-08-02', 'Payment', 20, '2015-10-09', '08:02:40 AM'),
(179, 1, 1, 35650, 0, 1064292, 96, '2015-08-02', 'Receive', 20, '2015-10-09', '08:06:08 AM'),
(180, 1, 1, 930, 0, 1065222, 97, '2015-08-02', 'Receive', 20, '2015-10-09', '08:06:36 AM'),
(181, 1, 1, 1860, 0, 1067082, 98, '2015-08-02', 'Receive', 20, '2015-10-09', '08:07:16 AM'),
(182, 4, 9, 8100, 0, 1075182, 99, '2015-08-02', 'Receive', 20, '2015-10-09', '08:12:48 AM'),
(183, 4, 9, 59400, 0, 1134582, 100, '2015-08-02', 'Receive', 20, '2015-10-09', '08:13:12 AM'),
(184, 2, 6, 30657, 0, 1202082, 101, '2015-08-02', 'Receive', 20, '2015-10-09', '08:20:24 AM'),
(185, 5, 7, 650, 0, 1202732, 102, '2015-08-02', 'Receive', 20, '2015-10-09', '08:21:03 AM'),
(186, 3, 8, 0, 320, 1202412, 103, '2015-08-02', 'Payment', 20, '2015-10-09', '08:22:55 AM'),
(187, 3, 8, 0, 7691, 1194721, 104, '2015-08-02', 'Payment', 20, '2015-10-09', '08:23:22 AM'),
(188, 3, 8, 0, 8740, 1185981, 105, '2015-08-02', 'Payment', 20, '2015-10-09', '08:23:45 AM'),
(189, 3, 8, 0, 13906, 1172075, 106, '2015-08-02', 'Payment', 20, '2015-10-09', '08:24:08 AM'),
(190, 3, 8, 0, 195, 1171880, 107, '2015-08-02', 'Payment', 20, '2015-10-09', '08:24:30 AM'),
(191, 3, 8, 0, 195, 1171685, 108, '2015-08-02', 'Payment', 20, '2015-10-09', '08:24:51 AM'),
(192, 3, 8, 0, 260, 1171425, 109, '2015-08-02', 'Payment', 20, '2015-10-09', '08:25:12 AM'),
(193, 3, 8, 7000, 0, 1178425, 110, '2015-08-02', 'Receive', 20, '2015-10-09', '08:26:14 AM'),
(194, 3, 8, 9900, 0, 1188325, 111, '2015-08-02', 'Receive', 20, '2015-10-09', '08:26:42 AM'),
(195, 4, 9, 0, 16900, 1208268, 112, '2015-08-02', 'Payment', 20, '2015-10-09', '08:27:43 AM'),
(196, 1, 1, 0, 1000, 1207268, 113, '2015-08-03', 'Active', 20, '2015-10-09', '10:01:07 AM'),
(197, 1, 2, 0, 1871, 1205397, 114, '2015-08-03', 'Active', 20, '2015-08-03', '10:18:42 AM'),
(198, 1, 4, 0, 360, 1205037, 115, '2015-08-03', 'Active', 20, '2015-08-03', '10:26:03 AM'),
(199, 3, 8, 0, 7691, 1197346, 116, '2015-08-03', 'Payment', 20, '2015-08-03', '10:37:02 AM'),
(200, 3, 8, 0, 8740, 1188606, 117, '2015-08-03', 'Payment', 20, '2015-08-03', '10:37:29 AM'),
(201, 3, 8, 0, 13906, 1174700, 118, '2015-08-03', 'Payment', 20, '2015-08-03', '10:37:59 AM'),
(202, 3, 8, 0, 320, 1174380, 119, '2015-08-03', 'Payment', 20, '2015-08-03', '10:38:22 AM'),
(204, 2, 6, 30657, 0, 1205037, 120, '2015-08-03', 'Receive', 20, '2015-08-03', '10:47:32 AM'),
(205, 4, 9, 0, 17430, 1187607, 121, '2015-08-03', 'Payment', 20, '2015-08-03', '10:53:52 AM'),
(206, 3, 8, 7560, 0, 1195167, 122, '2015-08-03', 'Receive', 20, '2015-08-03', '10:54:36 AM'),
(207, 3, 8, 9870, 0, 1205037, 123, '2015-08-03', 'Receive', 20, '2015-08-03', '10:55:07 AM'),
(208, 2, 6, 0, 144000, 1061037, 124, '2015-08-03', 'Payment', 20, '2015-08-03', '11:11:22 AM'),
(209, 5, 7, 0, 7500, 1053537, 125, '2015-08-03', 'Payment', 20, '2015-08-03', '11:20:15 AM'),
(210, 1, 1, 15500, 0, 1069037, 126, '2015-08-03', 'Receive', 20, '2015-08-03', '12:18:16 PM'),
(211, 1, 1, 3100, 0, 1072137, 127, '2015-08-03', 'Receive', 20, '2015-08-03', '12:19:24 PM'),
(212, 1, 1, 1240, 0, 1073377, 128, '2015-08-03', 'Receive', 20, '2015-08-03', '12:19:57 PM'),
(213, 1, 1, 760, 0, 1074137, 129, '2015-08-03', 'Receive', 20, '2015-08-03', '12:20:45 PM'),
(214, 1, 1, 1240, 0, 1075377, 130, '2015-08-03', 'Receive', 20, '2015-08-03', '12:21:52 PM'),
(215, 14, 50, 3245, 0, 1078622, 131, '2015-08-03', 'Receive', 20, '2015-08-03', '12:25:26 PM'),
(216, 1, 1, 21700, 0, 1100322, 132, '2015-08-04', 'Receive', 20, '2015-08-04', '12:37:31 PM'),
(217, 1, 1, 9300, 0, 1109622, 133, '2015-08-04', 'Receive', 20, '2015-08-04', '12:38:39 PM'),
(218, 3, 8, 0, 7690.76, 1101931.24, 134, '2015-08-04', 'Payment', 20, '2015-10-10', '06:39:15 AM'),
(219, 2, 6, 7690.76, 0, 1109622, 135, '2015-08-04', 'Receive', 20, '2015-10-10', '06:41:00 AM'),
(220, 3, 8, 0, 8739, 1100883, 136, '2015-08-04', 'Payment', 20, '2015-10-10', '06:47:46 AM'),
(221, 2, 6, 8739, 0, 1109622, 137, '2015-08-04', 'Receive', 20, '2015-10-10', '06:51:32 AM'),
(222, 3, 8, 0, 11829.7968, 1097792.2032, 138, '2015-08-04', 'Payment', 20, '2015-10-10', '07:28:27 AM'),
(223, 2, 6, 11829.7968, 0, 1109622, 139, '2015-08-04', 'Receive', 20, '2015-10-10', '07:29:13 AM'),
(224, 3, 8, 0, 551.4, 1109070.6, 140, '2015-08-04', 'Payment', 20, '2015-10-10', '07:51:37 AM'),
(225, 2, 6, 551.4, 0, 1109622, 141, '2015-08-04', 'Receive', 20, '2015-10-10', '07:52:10 AM'),
(226, 4, 9, 0, 16510, 1093112, 142, '2015-08-04', 'Payment', 20, '2015-10-10', '08:02:09 AM'),
(227, 3, 8, 6660, 0, 1099772, 143, '2015-08-04', 'Receive', 20, '2015-10-10', '08:03:01 AM'),
(228, 3, 8, 9850, 0, 1109622, 144, '2015-08-04', 'Receive', 20, '2015-10-10', '08:03:28 AM'),
(229, 1, 1, 1550, 0, 1111172, 145, '2015-08-04', 'Receive', 20, '2015-10-10', '08:19:35 AM'),
(230, 1, 1, 10850, 0, 1122022, 146, '2015-08-04', 'Receive', 20, '2015-10-10', '08:20:13 AM'),
(231, 1, 1, 6200, 0, 1128222, 147, '2015-08-04', 'Receive', 20, '2015-10-10', '08:20:47 AM'),
(232, 1, 1, 3100, 0, 1131322, 148, '2015-08-04', 'Receive', 20, '2015-10-10', '08:21:34 AM'),
(233, 1, 1, 3100, 0, 1134422, 149, '2015-08-04', 'Receive', 20, '2015-10-10', '08:22:21 AM'),
(234, 1, 1, 6200, 0, 1140622, 150, '2015-08-04', 'Receive', 20, '2015-10-10', '08:22:58 AM'),
(235, 1, 1, 0, 1000, 1139622, 151, '2015-08-05', 'Active', 20, '2015-10-11', '00:56:15 AM'),
(236, 11, 18, 0, 5000, 1134622, 152, '2015-08-05', 'Payment', 20, '2015-10-11', '01:12:45 AM'),
(237, 3, 8, 0, 7679.74, 1126942.26, 153, '2015-08-05', 'Payment', 20, '2015-10-11', '01:18:58 AM'),
(238, 2, 6, 7679.74, 0, 1134622, 154, '2015-08-05', 'Receive', 20, '2015-10-11', '01:22:07 AM'),
(239, 3, 8, 0, 8726.98, 1125895.02, 155, '2015-08-05', 'Payment', 20, '2015-10-11', '08:31:55 AM'),
(240, 4, 9, 8726.98, 0, 1134622, 156, '2015-08-05', 'Receive', 20, '2015-10-11', '08:32:56 AM'),
(241, 3, 8, 0, 11829.79, 1122792.21, 157, '2015-08-05', 'Payment', 20, '2015-10-11', '08:37:40 AM'),
(242, 2, 6, 11829.79, 0, 1134622, 158, '2015-08-05', 'Receive', 20, '2015-10-11', '08:38:51 AM'),
(243, 3, 8, 0, 550.91, 1134071.09, 159, '2015-08-05', 'Payment', 20, '2015-10-11', '08:42:28 AM'),
(244, 2, 6, 550.91, 0, 1134622, 160, '2015-08-05', 'Receive', 20, '2015-10-11', '08:43:31 AM'),
(245, 3, 8, 0, 7380, 1127242, 161, '2015-08-05', 'Payment', 20, '2015-10-11', '09:03:59 AM'),
(246, 4, 9, 0, 7380, 1119862, 162, '2015-08-05', 'Payment', 20, '2015-10-11', '09:07:49 AM'),
(247, 4, 9, 0, 10300, 1109562, 163, '2015-08-05', 'Payment', 20, '2015-10-11', '09:10:44 AM'),
(248, 3, 8, 10300, 0, 1119862, 164, '2015-08-05', 'Receive', 20, '2015-10-11', '09:11:36 AM'),
(249, 2, 6, 0, 20912, 1098950, 165, '2015-08-05', 'Payment', 20, '2015-10-11', '09:20:28 AM'),
(250, 15, 32, 0, 20000, 1078950, 166, '2015-08-05', 'Payment', 20, '2015-10-11', '09:33:52 AM'),
(251, 5, 7, 0, 3360, 1075590, 167, '2015-08-05', 'Payment', 20, '2015-10-11', '09:43:24 AM'),
(252, 1, 1, 31310, 0, 1106900, 168, '2015-08-05', 'Receive', 20, '2015-10-11', '09:52:32 AM'),
(253, 1, 1, 1550, 0, 1108450, 169, '2015-08-05', 'Receive', 20, '2015-10-11', '09:53:16 AM'),
(254, 1, 1, 1860, 0, 1110310, 170, '2015-08-05', 'Receive', 20, '2015-10-11', '09:54:04 AM'),
(255, 1, 1, 0, 1000, 1109310, 171, '2015-08-05', 'Active', 20, '2015-10-11', '10:09:15 AM'),
(256, 3, 8, 0, 7679.7399, 1101630.2601, 172, '2015-08-06', 'Payment', 20, '2015-10-19', '04:49:32 AM'),
(257, 3, 8, 0, 8726.9772, 1092903.2829, 173, '2015-08-06', 'Payment', 20, '2015-10-19', '04:50:44 AM'),
(258, 3, 8, 0, 13265.0053, 1079638.2776, 174, '2015-08-06', 'Payment', 20, '2015-10-19', '04:51:28 AM'),
(259, 3, 8, 0, 734.5356, 1078903.742, 175, '2015-08-06', 'Payment', 20, '2015-10-19', '04:52:11 AM'),
(260, 2, 6, 30406.26, 0, 1109310.002, 176, '2015-08-06', 'Receive', 20, '2015-10-19', '05:14:07 AM'),
(261, 2, 6, 0, 32000, 1077310.002, 177, '2015-08-06', 'Payment', 20, '2015-10-24', '00:45:08 AM'),
(262, 1, 1, 0, 1000, 1076310.002, 178, '2015-08-07', 'Active', 20, '2015-10-24', '01:06:55 AM'),
(263, 3, 8, 0, 311.7493, 1075998.2527, 179, '2015-08-06', 'Payment', 20, '2015-10-24', '02:01:52 AM'),
(264, 2, 6, 311.7493, 0, 1076310.002, 180, '2015-08-06', 'Receive', 20, '2015-10-24', '02:02:45 AM'),
(265, 3, 8, 0, 7679.7399, 1068630.2621, 181, '2015-08-07', 'Payment', 20, '2015-10-24', '02:11:35 AM'),
(266, 3, 8, 0, 8726.9772, 1059903.2849, 182, '2015-08-07', 'Payment', 20, '2015-10-24', '02:12:07 AM'),
(267, 3, 8, 0, 11829.7968, 1048073.4881, 183, '2015-08-07', 'Payment', 20, '2015-10-24', '02:12:42 AM'),
(268, 3, 8, 0, 367.2689, 1047706.2192, 184, '2015-08-07', 'Payment', 20, '2015-10-24', '02:13:15 AM'),
(269, 3, 8, 0, 311.7493, 1047394.4699, 185, '2015-08-07', 'Payment', 20, '2015-10-24', '02:13:47 AM'),
(270, 4, 9, 28915.53, 0, 1076309.9999, 186, '2015-08-07', 'Receive', 20, '2015-10-24', '02:15:12 AM'),
(271, 4, 9, 0, 17100, 1059209.9999, 187, '2015-08-06', 'Payment', 20, '2015-10-24', '02:47:38 AM'),
(272, 3, 8, 7200, 0, 1066409.9999, 188, '2015-08-06', 'Receive', 20, '2015-10-24', '02:48:34 AM'),
(273, 3, 8, 9900, 0, 1076309.9999, 189, '2015-08-06', 'Receive', 20, '2015-10-24', '02:49:04 AM'),
(274, 4, 9, 0, 17180, 1059129.9999, 190, '2015-08-07', 'Payment', 20, '2015-10-24', '03:24:33 AM'),
(275, 3, 8, 7920, 0, 1067049.9999, 191, '2015-08-07', 'Receive', 20, '2015-10-24', '03:25:09 AM'),
(276, 3, 8, 9260, 0, 1076309.9999, 192, '2015-08-07', 'Receive', 20, '2015-10-24', '03:25:36 AM'),
(277, 3, 8, 600, 0, 1076909.9999, 193, '2015-09-17', 'Receive', 20, '2015-10-26', '01:39:11 AM'),
(278, 3, 8, 500, 0, 1077409.9999, 194, '2015-09-28', 'Receive', 20, '2015-10-26', '02:08:52 AM'),
(279, 14, 50, 1085, 0, 1078494.9999, 195, '2015-08-07', 'Receive', 20, '2015-10-26', '06:28:07 AM'),
(280, 1, 1, 14880, 0, 1093374.9999, 196, '2015-08-07', 'Receive', 20, '2015-10-26', '06:31:54 AM'),
(281, 1, 1, 6200, 0, 1099574.9999, 197, '2015-08-07', 'Receive', 20, '2015-10-26', '06:32:41 AM'),
(282, 1, 1, 310, 0, 1099884.9999, 198, '2015-08-07', 'Receive', 20, '2015-10-26', '06:33:10 AM'),
(283, 1, 1, 17980, 0, 1117864.9999, 199, '2015-08-06', 'Receive', 20, '2015-10-26', '06:35:52 AM'),
(284, 1, 1, 3100, 0, 1120964.9999, 200, '2015-08-06', 'Receive', 20, '2015-10-26', '06:36:30 AM'),
(285, 1, 1, 1550, 0, 1122514.9999, 201, '2015-08-06', 'Receive', 20, '2015-10-26', '06:37:13 AM'),
(286, 1, 1, 1240, 0, 1123754.9999, 202, '2015-08-06', 'Receive', 20, '2015-10-26', '06:37:53 AM'),
(287, 9, 16, 60, 0, 1123814.9999, 203, '2015-08-07', 'Receive', 20, '2015-10-26', '06:50:43 AM'),
(288, 4, 9, 13000, 0, 1136814.9999, 204, '2015-08-06', 'Receive', 20, '2015-10-26', '07:02:30 AM'),
(289, 4, 9, 25350, 0, 1162164.9999, 205, '2015-08-06', 'Receive', 20, '2015-10-26', '07:03:39 AM'),
(290, 1, 1, 0, 1000, 1161164.9999, 206, '2015-08-08', 'Active', 20, '2015-10-31', '01:39:59 AM'),
(291, 2, 6, 0, 200, 1160964.9999, 207, '2015-08-08', 'Payment', 20, '2015-11-01', '04:13:13 AM'),
(292, 3, 8, 0, 7505.2004, 1153459.7995, 208, '2015-08-08', 'Payment', 20, '2015-11-01', '06:49:12 AM'),
(293, 3, 8, 0, 8726.9772, 1144732.8223, 209, '2015-08-08', 'Payment', 20, '2015-11-01', '06:50:06 AM'),
(294, 3, 8, 0, 12538.4202, 1132194.4021, 210, '2015-08-08', 'Payment', 20, '2015-11-01', '06:51:12 AM'),
(295, 3, 8, 0, 1364.2201, 1130830.182, 211, '2015-08-08', 'Payment', 20, '2015-11-01', '06:52:18 AM'),
(296, 2, 6, 30134.82, 0, 1160965.002, 212, '2015-08-08', 'Receive', 20, '2015-11-01', '06:54:20 AM'),
(297, 4, 9, 0, 17620, 1143345.002, 213, '2015-08-08', 'Payment', 20, '2015-11-02', '05:02:34 AM'),
(298, 3, 8, 7690, 0, 1151035.002, 214, '2015-08-08', 'Receive', 20, '2015-11-02', '05:03:15 AM'),
(299, 3, 8, 9930, 0, 1160965.002, 215, '2015-08-08', 'Receive', 20, '2015-11-02', '05:03:40 AM'),
(300, 1, 1, 8370, 0, 1169335.002, 216, '2015-08-08', 'Receive', 20, '2015-11-02', '05:43:26 AM'),
(301, 1, 1, 9610, 0, 1178945.002, 217, '2015-08-08', 'Receive', 20, '2015-11-02', '05:44:00 AM'),
(302, 3, 8, 56, 0, 1179001.002, 218, '2015-08-08', 'Receive', 20, '2015-11-02', '05:58:02 AM'),
(303, 3, 8, 960, 0, 1179961.002, 219, '2015-08-08', 'Receive', 20, '2015-11-02', '05:59:08 AM'),
(304, 3, 8, 2005, 0, 1181966.002, 220, '2015-08-08', 'Receive', 20, '2015-11-02', '06:00:25 AM');

-- --------------------------------------------------------

--
-- Table structure for table `fna_bank`
--

CREATE TABLE IF NOT EXISTS `fna_bank` (
  `BANKID` int(11) NOT NULL AUTO_INCREMENT,
  `BANKNAME` varchar(100) NOT NULL,
  `ADDRESS` text NOT NULL,
  `USERID` int(11) NOT NULL,
  `STATUS` varchar(50) NOT NULL,
  `FLAG` int(11) NOT NULL,
  `ENTDATE` date NOT NULL,
  `ENTTIME` varchar(50) NOT NULL,
  PRIMARY KEY (`BANKID`)
) ENGINE=InnoDB  DEFAULT CHARSET=latin1 AUTO_INCREMENT=5 ;

--
-- Dumping data for table `fna_bank`
--

INSERT INTO `fna_bank` (`BANKID`, `BANKNAME`, `ADDRESS`, `USERID`, `STATUS`, `FLAG`, `ENTDATE`, `ENTTIME`) VALUES
(1, 'UCBL', 'NATORE', 20, 'Active', 0, '2015-06-02', '15:17:37 PM'),
(2, 'BRAC', 'NATORE', 20, 'Active', 0, '2015-06-02', '15:17:56 PM'),
(3, 'ISLAMI', 'NATORE', 20, 'Active', 0, '2015-06-02', '15:18:10 PM'),
(4, 'Krishi Bank', 'Natore', 20, 'Active', 0, '2015-10-03', '12:43:43 PM');

-- --------------------------------------------------------

--
-- Table structure for table `fna_bankaccount`
--

CREATE TABLE IF NOT EXISTS `fna_bankaccount` (
  `BANKACCOUNTID` int(11) NOT NULL AUTO_INCREMENT,
  `BANKID` int(11) NOT NULL,
  `BRANCHID` int(11) NOT NULL,
  `ACCOUNTNAME` varchar(200) NOT NULL,
  `ACCOUNTNO` varchar(200) NOT NULL,
  `DESCRIPTION` varchar(200) NOT NULL,
  `USERID` int(11) NOT NULL,
  `STATUS` varchar(50) NOT NULL,
  `FLAG` int(11) NOT NULL,
  `ENTDATE` date NOT NULL,
  `ENTTIME` varchar(50) NOT NULL,
  PRIMARY KEY (`BANKACCOUNTID`)
) ENGINE=InnoDB  DEFAULT CHARSET=latin1 AUTO_INCREMENT=14 ;

--
-- Dumping data for table `fna_bankaccount`
--

INSERT INTO `fna_bankaccount` (`BANKACCOUNTID`, `BANKID`, `BRANCHID`, `ACCOUNTNAME`, `ACCOUNTNO`, `DESCRIPTION`, `USERID`, `STATUS`, `FLAG`, `ENTDATE`, `ENTTIME`) VALUES
(4, 1, 1, 'FNA Cold Storage', '00768(14271)', 'UCBL-Natore Branch', 20, 'Active', 0, '2015-10-03', '12:37:07 PM'),
(5, 1, 1, 'FNA Poultry Firm', '20161', 'UCBL-Natore Branch', 20, 'Active', 0, '2015-10-03', '12:38:09 PM'),
(6, 1, 1, 'FNA Hatchery', '20184', 'UCBL-Natore Branch', 20, 'Active', 0, '2015-10-03', '12:38:52 PM'),
(7, 1, 1, 'FNA Feed Mills', '20178', 'UCBL-Natore Branch', 20, 'Active', 0, '2015-10-03', '12:39:28 PM'),
(8, 2, 2, 'FNA Hatchery-Brac', '36001', 'BRAC-Natore Branch', 20, 'Active', 0, '2015-10-03', '12:40:59 PM'),
(9, 2, 2, 'Mir Shariful Alam', '82001', 'BRAC-Natore Branch', 20, 'Active', 0, '2015-10-03', '12:42:33 PM'),
(10, 1, 1, 'Mir Shariful Alam-UCBL', '2261', 'UCBL-Natore Branch', 20, 'Active', 0, '2015-10-03', '12:44:54 PM'),
(11, 3, 3, 'FNA Hatchery- ISLAMI', '2783', 'ISLAMI-Natore Branch', 20, 'Active', 0, '2015-10-03', '12:45:58 PM'),
(12, 4, 4, 'FNA Hatchery-Krishi', '10-Khejur Tola', 'Khejur Tola Branch', 20, 'Active', 0, '2015-10-03', '12:47:16 PM'),
(13, 4, 4, 'FNA Feed Mills-Krishi', '12-Khejur Tola', 'Khejur Tola Branch', 20, 'Active', 0, '2015-10-03', '12:47:50 PM');

-- --------------------------------------------------------

--
-- Table structure for table `fna_banktransaction`
--

CREATE TABLE IF NOT EXISTS `fna_banktransaction` (
  `BTID` int(11) NOT NULL AUTO_INCREMENT,
  `PROJECTID` int(11) NOT NULL,
  `SUBPROJECTID` int(11) NOT NULL,
  `BANKID` int(11) NOT NULL,
  `BRANCHID` int(11) NOT NULL,
  `BANKACCOUNTID` int(11) NOT NULL,
  `ACCOUNTNO` varchar(100) NOT NULL,
  `DEPOSIT` double NOT NULL,
  `WITHDRAW` double NOT NULL,
  `BALANCE` double NOT NULL,
  `ACCOUNTBALANCE` double NOT NULL,
  `BTDATE` date NOT NULL,
  `ACCFLAG` int(11) NOT NULL,
  `BANKFLAG` int(11) NOT NULL,
  `USERID` int(11) NOT NULL,
  `STATUS` varchar(20) NOT NULL,
  `ENTDATE` date NOT NULL,
  `ENTTIME` varchar(50) NOT NULL,
  PRIMARY KEY (`BTID`)
) ENGINE=InnoDB  DEFAULT CHARSET=latin1 AUTO_INCREMENT=16 ;

--
-- Dumping data for table `fna_banktransaction`
--

INSERT INTO `fna_banktransaction` (`BTID`, `PROJECTID`, `SUBPROJECTID`, `BANKID`, `BRANCHID`, `BANKACCOUNTID`, `ACCOUNTNO`, `DEPOSIT`, `WITHDRAW`, `BALANCE`, `ACCOUNTBALANCE`, `BTDATE`, `ACCFLAG`, `BANKFLAG`, `USERID`, `STATUS`, `ENTDATE`, `ENTTIME`) VALUES
(3, 8, 11, 1, 1, 4, '00768(14271)', 28626891, 0, 28626891, 28626891, '2015-08-01', 1, 1, 20, 'Active', '2015-10-03', '15:23:22 PM'),
(4, 8, 11, 1, 1, 4, '00768(14271)', 0, 25317015, 3309876, 3309876, '2015-08-01', 2, 2, 20, 'Active', '2015-10-03', '15:25:47 PM'),
(5, 8, 11, 1, 1, 5, '20161', 1011065, 0, 4320941, 1011065, '2015-08-01', 1, 3, 20, 'Active', '2015-10-03', '15:26:32 PM'),
(6, 8, 11, 1, 1, 5, '20161', 0, 792500, 3528441, 218565, '2015-08-01', 2, 4, 20, 'Active', '2015-10-03', '15:27:19 PM'),
(7, 8, 11, 1, 1, 6, '20184', 626855, 0, 4155296, 626855, '2015-08-01', 1, 5, 20, 'Active', '2015-10-03', '15:28:11 PM'),
(8, 8, 11, 1, 1, 6, '20184', 0, 610000, 3545296, 16855, '2015-08-01', 2, 6, 20, 'Active', '2015-10-03', '15:29:09 PM'),
(9, 8, 11, 1, 1, 7, '20178', 2000, 0, 3547296, 2000, '2015-08-01', 1, 7, 20, 'Active', '2015-10-03', '15:29:36 PM'),
(10, 8, 11, 4, 4, 12, '10-Khejur Tola', 7000, 0, 7000, 7000, '2015-08-01', 1, 8, 20, 'Active', '2015-10-03', '15:30:06 PM'),
(11, 8, 11, 4, 4, 13, '12-Khejur Tola', 3000, 0, 10000, 3000, '2015-08-01', 1, 9, 20, 'Active', '2015-10-03', '15:30:28 PM'),
(12, 8, 11, 2, 2, 9, '82001', 1000, 0, 1000, 1000, '2015-08-01', 1, 10, 20, 'Active', '2015-10-03', '15:31:38 PM'),
(13, 8, 11, 2, 2, 8, '36001', 101500, 0, 102500, 101500, '2015-08-01', 1, 11, 20, 'Active', '2015-10-03', '15:32:14 PM'),
(14, 8, 11, 2, 2, 8, '36001', 0, 95000, 7500, 6500, '2015-08-01', 2, 12, 20, 'Active', '2015-10-03', '15:32:38 PM'),
(15, 8, 11, 3, 3, 11, '2783', 2000, 0, 2000, 2000, '2015-08-01', 1, 13, 20, 'Active', '2015-10-03', '15:33:03 PM');

-- --------------------------------------------------------

--
-- Table structure for table `fna_basta`
--

CREATE TABLE IF NOT EXISTS `fna_basta` (
  `BASTAID` int(11) NOT NULL AUTO_INCREMENT,
  `PARTYID` int(11) NOT NULL,
  `BUYQNTY` double NOT NULL,
  `TOTBUYQNTY` double NOT NULL,
  `SELLQNTY` double NOT NULL,
  `TOTSELLQNTY` double NOT NULL,
  `BALANCEQNTY` double NOT NULL,
  `BUYPRICE` double NOT NULL,
  `UNITPRICE` double NOT NULL,
  `TOTBUYPRICE` double NOT NULL,
  `SELLPRICE` double NOT NULL,
  `TOTSELLPRICE` double NOT NULL,
  `ENTRYDATE` date NOT NULL,
  `USERID` int(11) NOT NULL,
  `STATUS` varchar(20) NOT NULL,
  `FLAG` int(11) NOT NULL,
  `ENTDATE` date NOT NULL,
  `ENTTIME` varchar(100) NOT NULL,
  PRIMARY KEY (`BASTAID`)
) ENGINE=InnoDB DEFAULT CHARSET=latin1 AUTO_INCREMENT=1 ;

-- --------------------------------------------------------

--
-- Table structure for table `fna_bill`
--

CREATE TABLE IF NOT EXISTS `fna_bill` (
  `BID` int(11) NOT NULL AUTO_INCREMENT,
  `SESSIONID` int(10) DEFAULT NULL,
  `PROJECTID` int(11) NOT NULL,
  `SUBPROJECTID` int(11) NOT NULL,
  `PARTYID` int(10) DEFAULT NULL,
  `RECEIVENUMBER` int(10) DEFAULT NULL,
  `PRODCATTYPEID` int(10) DEFAULT NULL,
  `PRODUCTID` int(10) DEFAULT NULL,
  `PACKINGUNITID` int(10) DEFAULT NULL,
  `QUANTITY` double DEFAULT NULL,
  `WTQNTY` double NOT NULL,
  `TOTQUANTITY` double DEFAULT NULL,
  `BILLAMOUNT` double DEFAULT NULL,
  `TOTBILLAMOUNT` double DEFAULT NULL,
  `PARTYFLAG` int(11) NOT NULL,
  `ENTRYDATE` date NOT NULL,
  `USERID` int(11) DEFAULT NULL,
  `STATUS` varchar(20) DEFAULT NULL,
  `FLAG` int(11) DEFAULT NULL,
  `ENTDATE` date DEFAULT NULL,
  `ENTTIME` varchar(100) DEFAULT NULL,
  PRIMARY KEY (`BID`)
) ENGINE=InnoDB  DEFAULT CHARSET=latin1 AUTO_INCREMENT=1109 ;

--
-- Dumping data for table `fna_bill`
--

INSERT INTO `fna_bill` (`BID`, `SESSIONID`, `PROJECTID`, `SUBPROJECTID`, `PARTYID`, `RECEIVENUMBER`, `PRODCATTYPEID`, `PRODUCTID`, `PACKINGUNITID`, `QUANTITY`, `WTQNTY`, `TOTQUANTITY`, `BILLAMOUNT`, `TOTBILLAMOUNT`, `PARTYFLAG`, `ENTRYDATE`, `USERID`, `STATUS`, `FLAG`, `ENTDATE`, `ENTTIME`) VALUES
(1, 0, 1, 2, 60, 1, 6, 30, 15, 6, 750, 750, 2137.4999284744, 2137.4999284744, 1, '2015-01-01', 20, 'Active', NULL, '2015-05-30', '15:10:24 PM'),
(2, 0, 1, 2, 60, 2, 6, 32, 18, 758, 174340, 174340, 496868.98337364, 499006.48330212, 2, '2015-01-02', 20, 'Active', NULL, '2015-05-30', '15:24:46 PM'),
(3, 0, 1, 2, 60, 2, 6, 33, 19, 5390, 53900, 53900, 296450, 795456.48330212, 3, '2015-01-02', 20, 'Active', NULL, '2015-05-30', '15:24:46 PM'),
(4, 0, 1, 2, 60, 2, 6, 34, 20, 2593, 38895, 38895, 213922.5, 1009378.9833021, 4, '2015-01-02', 20, 'Active', NULL, '2015-05-30', '15:24:46 PM'),
(5, 0, 1, 2, 60, 2, 6, 35, 18, 8, 1840, 1840, 5243.9998245239, 1014622.9831266, 5, '2015-01-02', 20, 'Active', NULL, '2015-05-30', '15:24:46 PM'),
(6, 0, 1, 2, 60, 2, 6, 37, 15, 312, 39000, 39000, 111149.99628067, 1125772.9794073, 6, '2015-01-02', 20, 'Active', NULL, '2015-05-30', '15:24:46 PM'),
(7, 0, 1, 2, 60, 2, 6, 40, 12, 668, 3400, 3400, 15300, 1141072.9794073, 7, '2015-01-02', 20, 'Active', NULL, '2015-05-30', '15:24:46 PM'),
(8, 0, 1, 2, 60, 3, 6, 41, 15, 51, 6375, 6375, 18168.749392033, 1159241.7287993, 8, '2015-01-03', 20, 'Active', NULL, '2015-05-30', '15:39:07 PM'),
(9, 0, 1, 2, 60, 3, 6, 44, 15, 16861, 2107625, 2107625, 6006731.0490012, 7165972.7778005, 9, '2015-01-03', 20, 'Active', NULL, '2015-05-30', '15:39:07 PM'),
(10, 0, 1, 2, 60, 3, 6, 69, 15, 7231, 903875, 903875, 2576043.6637998, 9742016.4416003, 10, '2015-01-03', 20, 'Active', NULL, '2015-05-30', '15:39:07 PM'),
(11, 0, 1, 2, 60, 3, 6, 48, 15, 566, 70750, 70750, 201637.49325275, 9943653.9348531, 11, '2015-01-03', 20, 'Active', NULL, '2015-05-30', '15:39:07 PM'),
(12, 0, 1, 2, 60, 3, 6, 47, 16, 10, 1500, 1500, 4274.9998569489, 9947928.93471, 12, '2015-01-03', 20, 'Active', NULL, '2015-05-30', '15:39:07 PM'),
(13, 0, 1, 2, 60, 3, 6, 49, 15, 867, 108375, 108375, 308868.73966455, 10256797.674375, 13, '2015-01-03', 20, 'Active', NULL, '2015-05-30', '15:39:07 PM'),
(14, 0, 1, 2, 60, 3, 6, 36, 15, 113, 14125, 14125, 40256.248652935, 10297053.923028, 14, '2015-01-03', 20, 'Active', NULL, '2015-05-30', '15:39:07 PM'),
(15, 0, 1, 2, 60, 3, 6, 52, 15, 140, 17500, 17500, 49874.99833107, 10346928.921359, 15, '2015-01-03', 20, 'Active', NULL, '2015-05-30', '15:39:07 PM'),
(16, 0, 1, 2, 60, 3, 6, 53, 15, 23, 2875, 2875, 8193.7497258186, 10355122.671085, 16, '2015-01-03', 20, 'Active', NULL, '2015-05-30', '15:39:07 PM'),
(17, 0, 1, 2, 60, 3, 6, 54, 26, 304, 10032, 10032, 40128, 10395250.671085, 17, '2015-01-03', 20, 'Active', NULL, '2015-05-30', '15:39:07 PM'),
(18, 0, 1, 2, 60, 3, 6, 55, 15, 585, 67275, 67275, 191733.74358416, 10586984.414669, 18, '2015-01-03', 20, 'Active', NULL, '2015-05-30', '15:39:07 PM'),
(19, 0, 1, 2, 60, 4, 7, 56, 11, 769, 23070, 23070, 196095, 10783079.414669, 19, '2015-01-05', 20, 'Active', NULL, '2015-05-31', '14:54:00 PM'),
(20, 0, 1, 2, 60, 4, 7, 66, 25, 528, 21120, 21120, 179520, 10962599.414669, 20, '2015-01-05', 20, 'Active', NULL, '2015-05-31', '14:54:00 PM'),
(21, 0, 1, 2, 60, 4, 7, 70, 12, 3, 150, 150, 427.49998569489, 10963026.914655, 21, '2015-01-05', 20, 'Active', NULL, '2015-05-31', '14:54:00 PM'),
(22, 0, 1, 2, 60, 4, 7, 62, 15, 1, 125, 125, 356.24998807907, 10963383.164643, 22, '2015-01-05', 20, 'Active', NULL, '2015-05-31', '14:54:00 PM'),
(23, 0, 1, 2, 60, 4, 7, 63, 28, 55, 5500, 5500, 15674.999475479, 10979058.164118, 23, '2015-01-05', 20, 'Active', NULL, '2015-05-31', '14:54:00 PM'),
(24, 0, 1, 2, 60, 4, 7, 64, 11, 11194, 335820, 335820, 2854470, 13833528.164118, 24, '2015-01-05', 20, 'Active', NULL, '2015-05-31', '14:54:00 PM'),
(25, 0, 1, 2, 60, 4, 7, 66, 11, 3338, 100140, 100140, 851190, 14684718.164118, 25, '2015-01-05', 20, 'Active', NULL, '2015-05-31', '14:54:00 PM'),
(26, 0, 1, 2, 60, 4, 7, 67, 25, 638, 25520, 25520, 216920, 14901638.164118, 26, '2015-01-05', 20, 'Active', NULL, '2015-05-31', '14:54:00 PM'),
(27, 0, 1, 2, 60, 5, 7, 58, 25, 528, 21120, 21120, 4440119.8359, 15038918.164118, 27, '2015-01-06', 20, 'Active', NULL, '2015-05-31', '14:56:21 PM'),
(28, 0, 1, 4, 61, 6, 13, 152, 13, 332, 19920, 19920, 199200, 199200, 1, '2015-01-01', 20, 'Active', NULL, '2015-05-31', '15:31:56 PM'),
(29, 0, 1, 4, 61, 6, 13, 158, 15, 43, 5375, 5375, 21500, 220700, 2, '2015-01-01', 20, 'Active', NULL, '2015-05-31', '15:31:56 PM'),
(30, 0, 1, 4, 61, 6, 13, 155, 15, 4, 500, 500, 2000, 222700, 3, '2015-01-01', 20, 'Active', NULL, '2015-05-31', '15:31:56 PM'),
(31, 0, 1, 4, 61, 7, 13, 159, 15, 2064, 258000, 258000, 1032000, 1254700, 4, '2015-01-06', 20, 'Active', NULL, '2015-06-01', '12:15:06 PM'),
(32, 0, 1, 13, 62, 8, 15, 160, 11, 375, 9375, 9375, 93750, 93750, 1, '2015-01-01', 20, 'Active', NULL, '2015-06-01', '12:28:14 PM'),
(38, 0, 1, 3, 65, 9, 8, 163, 30, 150, 0, 150, 7500, 7500, 1, '2015-01-01', 20, 'Active', NULL, '2015-06-02', '00:31:15 AM'),
(39, 0, 1, 3, 65, 10, 8, 164, 29, 590, 0, 590, 14750, 22250, 2, '2015-01-01', 20, 'Active', NULL, '2015-06-02', '00:34:46 AM'),
(40, 0, 1, 3, 65, 11, 8, 163, 30, 200, 0, 200, 10000, 32250, 3, '2015-01-01', 20, 'Active', NULL, '2015-06-02', '00:40:18 AM'),
(41, 0, 1, 3, 65, 12, 8, 164, 29, 809, 0, 809, 20225, 52475, 4, '2015-01-01', 20, 'Active', NULL, '2015-06-02', '00:41:17 AM'),
(42, 0, 1, 3, 65, 13, 8, 163, 30, 150, 0, 150, 7500, 59975, 5, '2015-01-01', 20, 'Active', NULL, '2015-06-02', '13:34:11 PM'),
(43, 0, 1, 3, 65, 14, 8, 163, 30, 350, 0, 350, 17500, 77475, 6, '2015-01-01', 20, 'Active', NULL, '2015-06-02', '13:34:55 PM'),
(44, 0, 1, 3, 65, 15, 8, 163, 30, 250, 0, 250, 12500, 89975, 7, '2015-01-01', 20, 'Active', NULL, '2015-06-02', '13:36:27 PM'),
(45, 0, 1, 3, 65, 16, 8, 163, 30, 500, 0, 500, 25000, 114975, 8, '2015-01-01', 20, 'Active', NULL, '2015-06-02', '13:37:43 PM'),
(46, 0, 1, 3, 65, 17, 8, 163, 30, 590, 0, 590, 29500, 144475, 9, '2015-01-01', 20, 'Active', NULL, '2015-06-02', '13:38:34 PM'),
(47, 0, 1, 3, 65, 18, 8, 163, 30, 593, 0, 593, 29650, 174125, 10, '2015-01-01', 20, 'Active', NULL, '2015-06-02', '13:39:28 PM'),
(48, 0, 1, 3, 65, 19, 8, 163, 30, 593, 0, 593, 29650, 203775, 11, '2015-01-01', 20, 'Active', NULL, '2015-06-02', '13:40:24 PM'),
(49, 0, 1, 3, 65, 20, 8, 163, 24, 240, 0, 240, 14400, 218175, 12, '2015-01-01', 20, 'Active', NULL, '2015-06-02', '13:41:32 PM'),
(50, 0, 1, 3, 65, 21, 8, 163, 24, 593, 0, 593, 35580, 253755, 13, '2015-01-01', 20, 'Active', NULL, '2015-06-02', '13:42:35 PM'),
(51, 0, 1, 3, 65, 22, 8, 163, 24, 590, 0, 590, 35400, 289155, 14, '2015-01-02', 20, 'Active', NULL, '2015-06-02', '13:46:56 PM'),
(52, 0, 1, 3, 65, 23, 8, 163, 30, 82, 0, 82, 4100, 293255, 15, '2015-01-01', 20, 'Active', NULL, '2015-06-02', '13:48:17 PM'),
(53, 0, 1, 3, 65, 24, 8, 163, 29, 480, 0, 480, 12000, 305255, 16, '2015-01-01', 20, 'Active', NULL, '2015-06-02', '13:50:19 PM'),
(54, 0, 1, 3, 65, 25, 8, 163, 30, 200, 0, 200, 10000, 315255, 17, '2015-01-01', 20, 'Active', NULL, '2015-06-02', '13:51:01 PM'),
(55, 0, 1, 3, 65, 26, 8, 163, 30, 593, 0, 593, 29650, 344905, 18, '2015-01-01', 20, 'Active', NULL, '2015-06-02', '13:51:56 PM'),
(56, 0, 1, 3, 65, 27, 8, 163, 30, 34, 0, 34, 1700, 346605, 19, '2015-01-01', 20, 'Active', NULL, '2015-06-02', '13:52:28 PM'),
(57, 0, 1, 3, 65, 28, 8, 163, 30, 17, 0, 17, 850, 347455, 20, '2015-01-01', 20, 'Active', NULL, '2015-06-02', '13:53:01 PM'),
(58, 0, 1, 3, 65, 29, 8, 163, 29, 900, 0, 900, 22500, 369955, 21, '2015-01-01', 20, 'Active', NULL, '2015-06-02', '13:53:37 PM'),
(59, 0, 1, 3, 65, 30, 8, 163, 29, 650, 0, 650, 16250, 386205, 22, '2015-01-01', 20, 'Active', NULL, '2015-06-02', '13:54:10 PM'),
(60, 0, 1, 3, 65, 31, 8, 163, 29, 60, 0, 60, 1500, 387705, 23, '2015-01-01', 20, 'Active', NULL, '2015-06-02', '13:55:03 PM'),
(61, 0, 1, 3, 65, 32, 8, 164, 24, 400, 0, 400, 24000, 411705, 24, '2015-01-01', 20, 'Active', NULL, '2015-06-02', '13:56:11 PM'),
(62, 0, 1, 3, 65, 33, 8, 164, 30, 65, 0, 65, 3250, 414955, 25, '2015-01-01', 20, 'Active', NULL, '2015-06-02', '13:57:01 PM'),
(63, 0, 1, 3, 65, 34, 8, 164, 30, 65, 0, 65, 3250, 418205, 26, '2015-01-01', 20, 'Active', NULL, '2015-06-02', '13:57:39 PM'),
(64, 0, 1, 3, 65, 35, 8, 164, 30, 200, 0, 200, 10000, 428205, 27, '2015-01-01', 20, 'Active', NULL, '2015-06-02', '13:58:13 PM'),
(65, 0, 1, 3, 65, 36, 8, 164, 30, 51, 0, 51, 2550, 430755, 28, '2015-01-01', 20, 'Active', NULL, '2015-06-02', '13:58:54 PM'),
(66, 0, 1, 3, 65, 37, 8, 164, 29, 300, 0, 300, 7500, 438255, 29, '2015-01-01', 20, 'Active', NULL, '2015-06-02', '13:59:35 PM'),
(67, 0, 1, 3, 65, 38, 8, 72, 24, 1290, 0, 1290, 77400, 515655, 30, '2015-01-01', 20, 'Active', NULL, '2015-06-02', '14:03:05 PM'),
(68, 0, 1, 3, 65, 39, 8, 72, 24, 507, 0, 507, 30420, 546075, 31, '2015-01-01', 20, 'Active', NULL, '2015-06-02', '14:03:46 PM'),
(69, 0, 1, 3, 65, 40, 8, 72, 24, 567, 0, 567, 34020, 580095, 32, '2015-01-01', 20, 'Active', NULL, '2015-06-02', '14:04:38 PM'),
(70, 0, 1, 3, 65, 41, 8, 72, 24, 557, 0, 557, 33420, 613515, 33, '2015-01-01', 20, 'Active', NULL, '2015-06-02', '14:05:19 PM'),
(71, 0, 1, 3, 65, 42, 8, 72, 24, 550, 0, 550, 33000, 646515, 34, '2015-01-01', 20, 'Active', NULL, '2015-06-02', '14:05:56 PM'),
(72, 0, 1, 3, 65, 43, 8, 72, 24, 553, 0, 553, 33180, 679695, 35, '2015-01-01', 20, 'Active', NULL, '2015-06-02', '14:06:46 PM'),
(73, 0, 1, 3, 65, 44, 8, 163, 30, 450, 0, 450, 22500, 702195, 36, '2015-01-01', 20, 'Active', NULL, '2015-06-02', '14:08:03 PM'),
(74, 0, 1, 3, 65, 45, 8, 163, 30, 400, 0, 400, 20000, 722195, 37, '2015-01-01', 20, 'Active', NULL, '2015-06-02', '14:08:38 PM'),
(75, 0, 1, 3, 65, 46, 8, 163, 30, 300, 0, 300, 15000, 737195, 38, '2015-01-01', 20, 'Active', NULL, '2015-06-02', '14:09:55 PM'),
(76, 0, 1, 3, 65, 47, 8, 72, 24, 40, 0, 40, 2400, 739595, 39, '2015-01-01', 20, 'Active', NULL, '2015-06-02', '14:10:43 PM'),
(77, 0, 1, 3, 65, 48, 8, 163, 30, 150, 0, 150, 7500, 747095, 40, '2015-01-01', 20, 'Active', NULL, '2015-06-02', '14:11:27 PM'),
(78, 0, 1, 3, 65, 49, 8, 163, 30, 100, 0, 100, 5000, 752095, 41, '2015-01-01', 20, 'Active', NULL, '2015-06-02', '14:12:16 PM'),
(79, 0, 1, 3, 65, 50, 8, 163, 30, 593, 0, 593, 29650, 781745, 42, '2015-01-01', 20, 'Active', NULL, '2015-06-02', '14:13:03 PM'),
(80, 0, 1, 3, 65, 51, 8, 163, 30, 100, 0, 100, 5000, 786745, 43, '2015-01-01', 20, 'Active', NULL, '2015-06-02', '14:13:42 PM'),
(81, 0, 1, 3, 65, 52, 8, 163, 30, 573, 0, 573, 28650, 815395, 44, '2015-01-01', 20, 'Active', NULL, '2015-06-02', '14:14:23 PM'),
(82, 0, 1, 3, 65, 53, 8, 163, 30, 583, 0, 583, 29150, 844545, 45, '2015-01-01', 20, 'Active', NULL, '2015-06-02', '14:15:11 PM'),
(83, 0, 1, 3, 65, 54, 8, 163, 30, 540, 0, 540, 27000, 871545, 46, '2015-01-01', 20, 'Active', NULL, '2015-06-02', '14:15:52 PM'),
(84, 0, 1, 3, 65, 55, 8, 163, 30, 472, 0, 472, 23600, 895145, 47, '2015-01-01', 20, 'Active', NULL, '2015-06-02', '14:16:30 PM'),
(85, 0, 1, 3, 65, 56, 8, 163, 30, 575, 0, 575, 28750, 923895, 48, '2015-01-01', 20, 'Active', NULL, '2015-06-02', '14:17:23 PM'),
(86, 0, 1, 3, 65, 57, 8, 163, 30, 350, 0, 350, 17500, 941395, 49, '2015-01-01', 20, 'Active', NULL, '2015-06-02', '14:18:05 PM'),
(87, 0, 1, 3, 65, 58, 8, 165, 30, 30, 0, 30, 1500, 942895, 50, '2015-01-01', 20, 'Active', NULL, '2015-06-02', '14:22:27 PM'),
(88, 0, 1, 3, 65, 59, 8, 165, 30, 33, 0, 33, 1650, 944545, 51, '2015-01-01', 20, 'Active', NULL, '2015-06-02', '14:22:56 PM'),
(93, 0, 1, 1, 68, 60, 5, 71, 23, 1, 0, 1, 380, 380, 1, '2015-01-01', 20, 'Active', NULL, '2015-06-02', '15:12:18 PM'),
(94, 0, 1, 1, 69, 61, 5, 71, 23, 32, 0, 32, 9920, 9920, 1, '2015-01-01', 20, 'Active', NULL, '2015-06-02', '15:12:55 PM'),
(95, 0, 1, 1, 70, 62, 5, 71, 23, 200, 0, 200, 62000, 62000, 1, '2015-01-01', 20, 'Active', NULL, '2015-06-02', '15:13:23 PM'),
(96, 0, 1, 1, 71, 63, 5, 71, 23, 25, 0, 25, 7750, 7750, 1, '2015-01-01', 20, 'Active', NULL, '2015-06-02', '15:13:50 PM'),
(97, 0, 1, 1, 69, 64, 5, 71, 23, 16, 0, 16, 4960, 14880, 2, '2015-02-16', 20, 'Active', NULL, '2015-06-04', '02:00:42 AM'),
(98, 0, 1, 1, 72, 65, 5, 71, 23, 5, 0, 5, 1900, 1900, 1, '2015-02-16', 20, 'Active', NULL, '2015-06-04', '02:09:44 AM'),
(99, 0, 1, 1, 70, 66, 5, 71, 23, 210, 0, 210, 65100, 127100, 2, '2015-02-16', 20, 'Active', NULL, '2015-06-04', '02:13:09 AM'),
(100, 0, 1, 1, 71, 67, 5, 71, 23, 30, 0, 30, 9300, 17050, 2, '2015-02-03', 20, 'Active', NULL, '2015-06-04', '02:14:30 AM'),
(101, 0, 1, 1, 71, 68, 5, 71, 23, 70, 0, 70, 21700, 38750, 3, '2015-02-16', 20, 'Active', NULL, '2015-06-04', '02:16:43 AM'),
(102, 0, 1, 1, 69, 69, 5, 71, 23, 5, 0, 5, 1550, 16430, 3, '2015-02-16', 20, 'Active', NULL, '2015-06-04', '02:17:45 AM'),
(103, 0, 1, 1, 73, 70, 5, 71, 23, 5, 0, 5, 1900, 1900, 1, '2015-02-16', 20, 'Active', NULL, '2015-06-04', '02:21:16 AM'),
(104, 0, 1, 1, 74, 71, 5, 71, 23, 6, 0, 6, 2280, 2280, 1, '2015-02-16', 20, 'Active', NULL, '2015-06-04', '03:07:36 AM'),
(105, 0, 1, 1, 75, 72, 5, 71, 23, 2, 0, 2, 760, 760, 1, '2015-02-16', 20, 'Active', NULL, '2015-06-04', '04:08:33 AM'),
(106, 0, 1, 1, 76, 73, 5, 71, 23, 6, 0, 6, 2280, 2280, 1, '2015-02-16', 20, 'Active', NULL, '2015-06-04', '04:11:12 AM'),
(107, 0, 1, 1, 77, 74, 5, 71, 23, 4, 0, 4, 1520, 1520, 1, '2015-02-16', 20, 'Active', NULL, '2015-06-04', '04:15:34 AM'),
(108, 0, 1, 1, 78, 75, 5, 71, 23, 2, 0, 2, 760, 760, 1, '2015-02-16', 20, 'Active', NULL, '2015-06-06', '02:37:00 AM'),
(109, 0, 1, 1, 79, 76, 5, 71, 23, 6, 0, 6, 2280, 2280, 1, '2015-02-16', 20, 'Active', NULL, '2015-06-06', '04:40:32 AM'),
(110, 0, 1, 1, 80, 77, 5, 71, 23, 4, 0, 4, 1520, 1520, 1, '2015-02-16', 20, 'Active', NULL, '2015-06-06', '04:41:31 AM'),
(111, 0, 1, 1, 70, 78, 5, 71, 23, 210, 0, 210, 65100, 192200, 3, '2015-02-16', 20, 'Active', NULL, '2015-06-06', '04:42:34 AM'),
(112, 0, 1, 1, 81, 79, 5, 71, 23, 4, 0, 4, 1520, 1520, 1, '2015-02-16', 20, 'Active', NULL, '2015-06-06', '05:44:51 AM'),
(113, 0, 1, 1, 82, 80, 5, 71, 23, 30, 0, 30, 9300, 9300, 1, '2015-02-16', 20, 'Active', NULL, '2015-06-06', '05:48:10 AM'),
(114, 0, 1, 1, 83, 81, 5, 71, 23, 104, 0, 104, 32240, 32240, 1, '2015-02-16', 20, 'Active', NULL, '2015-06-06', '05:54:26 AM'),
(115, 0, 1, 1, 84, 82, 5, 71, 23, 105, 0, 105, 32550, 32550, 1, '2015-02-16', 20, 'Active', NULL, '2015-06-06', '05:59:16 AM'),
(116, 0, 1, 1, 85, 83, 5, 71, 23, 2, 0, 2, 760, 760, 1, '2015-02-16', 20, 'Active', NULL, '2015-06-06', '06:08:56 AM'),
(117, 0, 1, 1, 86, 84, 5, 71, 23, 13, 0, 13, 4940, 4940, 1, '2015-02-16', 20, 'Active', NULL, '2015-06-06', '06:13:25 AM'),
(118, 0, 1, 1, 87, 85, 5, 71, 23, 18, 0, 18, 6840, 6840, 1, '2015-02-16', 20, 'Active', NULL, '2015-06-06', '06:28:34 AM'),
(119, 0, 1, 1, 71, 86, 5, 71, 23, 12, 0, 12, 3720, 42470, 4, '2015-02-16', 20, 'Active', NULL, '2015-06-06', '06:42:33 AM'),
(120, 0, 1, 1, 88, 87, 5, 71, 23, 13, 0, 13, 4940, 4940, 1, '2015-02-16', 20, 'Active', NULL, '2015-06-06', '06:44:31 AM'),
(121, 0, 1, 1, 89, 88, 5, 71, 23, 15, 0, 15, 4650, 4650, 1, '2015-02-16', 20, 'Active', NULL, '2015-06-06', '06:46:26 AM'),
(122, 0, 1, 1, 88, 89, 5, 71, 23, 20, 0, 20, 7600, 12540, 2, '2015-02-16', 20, 'Active', NULL, '2015-06-06', '06:51:41 AM'),
(123, 0, 1, 1, 82, 90, 5, 71, 23, 20, 0, 20, 6200, 15500, 2, '2015-02-17', 20, 'Active', NULL, '2015-06-06', '06:52:44 AM'),
(124, 0, 1, 1, 90, 91, 5, 71, 23, 5, 0, 5, 1900, 1900, 1, '2015-02-16', 20, 'Active', NULL, '2015-06-09', '01:48:19 AM'),
(125, 0, 1, 1, 83, 92, 5, 71, 23, 100, 0, 100, 31000, 63240, 2, '2015-02-16', 20, 'Active', NULL, '2015-06-09', '01:49:57 AM'),
(126, 0, 1, 1, 91, 93, 5, 71, 23, 2, 0, 2, 760, 760, 1, '2015-02-16', 20, 'Active', NULL, '2015-06-09', '01:54:35 AM'),
(127, 0, 1, 1, 92, 94, 5, 71, 23, 1, 0, 1, 380, 380, 1, '2015-02-16', 20, 'Active', NULL, '2015-06-09', '02:06:51 AM'),
(128, 0, 1, 1, 93, 95, 5, 71, 23, 5, 0, 5, 1900, 1900, 1, '2015-02-16', 20, 'Active', NULL, '2015-06-09', '02:13:56 AM'),
(129, 0, 1, 1, 69, 96, 5, 71, 23, 30, 0, 30, 9300, 25730, 4, '2015-02-16', 20, 'Active', NULL, '2015-06-09', '02:47:58 AM'),
(130, 0, 1, 1, 69, 97, 5, 71, 23, 10, 0, 10, 3100, 28830, 5, '2015-02-16', 20, 'Active', NULL, '2015-06-09', '02:55:32 AM'),
(131, 0, 1, 1, 94, 98, 5, 71, 23, 3, 0, 3, 1140, 1140, 1, '2015-02-16', 20, 'Active', NULL, '2015-06-09', '03:00:33 AM'),
(132, 0, 1, 1, 95, 99, 5, 71, 23, 12, 0, 12, 4560, 4560, 1, '2015-02-16', 20, 'Active', NULL, '2015-06-09', '03:24:28 AM'),
(133, 0, 1, 1, 96, 100, 5, 71, 23, 2, 0, 2, 760, 760, 1, '2015-02-16', 20, 'Active', NULL, '2015-06-09', '03:28:54 AM'),
(134, 0, 1, 1, 97, 101, 5, 71, 23, 4, 0, 4, 1520, 1520, 1, '2015-02-16', 20, 'Active', NULL, '2015-06-09', '03:32:16 AM'),
(135, 0, 1, 1, 98, 102, 5, 71, 23, 3, 0, 3, 1140, 1140, 1, '2015-02-16', 20, 'Active', NULL, '2015-06-09', '03:36:22 AM'),
(136, 0, 1, 1, 99, 103, 5, 71, 23, 2, 0, 2, 760, 760, 1, '2015-02-16', 20, 'Active', NULL, '2015-06-09', '03:41:08 AM'),
(137, 0, 1, 1, 100, 104, 5, 71, 23, 3, 0, 3, 1140, 1140, 1, '2015-02-16', 20, 'Active', NULL, '2015-06-09', '03:48:29 AM'),
(138, 0, 1, 1, 101, 105, 5, 71, 23, 16, 0, 16, 6080, 6080, 1, '2015-03-16', 20, 'Active', NULL, '2015-06-09', '03:51:50 AM'),
(139, 0, 1, 1, 102, 106, 5, 71, 23, 3, 0, 3, 1140, 1140, 1, '2015-02-16', 20, 'Active', NULL, '2015-06-09', '04:00:10 AM'),
(140, 0, 1, 1, 103, 107, 5, 71, 23, 4, 0, 4, 1520, 1520, 1, '2015-02-16', 20, 'Active', NULL, '2015-06-09', '04:48:38 AM'),
(141, 0, 1, 1, 104, 108, 5, 71, 23, 12, 0, 12, 4560, 4560, 1, '2015-02-16', 20, 'Active', NULL, '2015-06-09', '05:06:53 AM'),
(142, 0, 1, 1, 69, 109, 5, 71, 23, 12, 0, 12, 3720, 32550, 6, '2015-02-16', 20, 'Active', NULL, '2015-06-09', '05:08:21 AM'),
(143, 0, 1, 1, 105, 110, 5, 71, 23, 6, 0, 6, 2280, 2280, 1, '2015-02-16', 20, 'Active', NULL, '2015-06-09', '05:13:48 AM'),
(144, 0, 1, 1, 106, 111, 5, 71, 23, 8, 0, 8, 3040, 3040, 1, '2015-02-16', 20, 'Active', NULL, '2015-06-09', '05:17:01 AM'),
(145, 0, 1, 1, 82, 112, 5, 71, 23, 30, 0, 30, 9300, 24800, 3, '2015-02-16', 20, 'Active', NULL, '2015-06-09', '05:18:17 AM'),
(146, 0, 1, 1, 82, 113, 5, 71, 23, 28, 0, 28, 8680, 33480, 4, '2015-02-16', 20, 'Active', NULL, '2015-06-09', '05:19:13 AM'),
(147, 0, 1, 1, 107, 114, 5, 71, 23, 5, 0, 5, 1900, 1900, 1, '2015-02-16', 20, 'Active', NULL, '2015-06-09', '05:25:04 AM'),
(148, 0, 1, 1, 108, 115, 5, 71, 23, 2, 0, 2, 760, 760, 1, '2015-02-16', 20, 'Active', NULL, '2015-06-09', '05:56:37 AM'),
(149, 0, 1, 1, 109, 116, 5, 71, 23, 3, 0, 3, 1140, 1140, 1, '2015-02-16', 20, 'Active', NULL, '2015-06-09', '05:59:44 AM'),
(150, 0, 1, 1, 110, 117, 5, 71, 23, 100, 0, 100, 31000, 31000, 1, '2015-02-16', 20, 'Active', NULL, '2015-06-09', '06:02:53 AM'),
(151, 0, 1, 1, 110, 118, 5, 71, 23, 83, 0, 83, 25730, 56730, 2, '2015-02-16', 20, 'Active', NULL, '2015-06-09', '06:04:45 AM'),
(152, 0, 1, 1, 83, 119, 5, 71, 23, 72, 0, 72, 22320, 85560, 3, '2015-02-16', 20, 'Active', NULL, '2015-06-09', '06:06:06 AM'),
(153, 0, 1, 1, 83, 120, 5, 71, 23, 25, 0, 25, 7750, 93310, 4, '2015-02-16', 20, 'Active', NULL, '2015-06-09', '06:07:00 AM'),
(154, 0, 1, 1, 111, 121, 5, 71, 23, 17, 0, 17, 6460, 6460, 1, '2015-02-16', 20, 'Active', NULL, '2015-06-09', '23:48:59 PM'),
(155, 0, 1, 1, 112, 122, 5, 71, 23, 4, 0, 4, 1520, 1520, 1, '2015-02-16', 20, 'Active', NULL, '2015-06-09', '23:59:14 PM'),
(156, 0, 1, 1, 113, 123, 5, 71, 23, 6, 0, 6, 2280, 2280, 1, '2015-02-16', 20, 'Active', NULL, '2015-06-10', '00:02:58 AM'),
(157, 0, 1, 1, 114, 124, 5, 71, 23, 4, 0, 4, 1520, 1520, 1, '2015-02-16', 20, 'Active', NULL, '2015-06-10', '00:09:42 AM'),
(158, 0, 1, 1, 115, 125, 5, 71, 23, 3, 0, 3, 1140, 1140, 1, '2015-02-16', 20, 'Active', NULL, '2015-06-10', '00:16:20 AM'),
(159, 0, 1, 1, 116, 126, 5, 71, 23, 1, 0, 1, 380, 380, 1, '2015-02-16', 20, 'Active', NULL, '2015-06-10', '00:20:01 AM'),
(160, 0, 1, 1, 117, 127, 5, 71, 23, 3, 0, 3, 1140, 1140, 1, '2015-02-16', 20, 'Active', NULL, '2015-06-10', '00:23:30 AM'),
(161, 0, 1, 1, 118, 128, 5, 71, 23, 6, 0, 6, 2280, 2280, 1, '2015-02-16', 20, 'Active', NULL, '2015-06-10', '00:34:28 AM'),
(162, 0, 1, 1, 119, 129, 5, 71, 23, 11, 0, 11, 4180, 4180, 1, '2015-02-16', 20, 'Active', NULL, '2015-06-10', '00:36:49 AM'),
(163, 0, 1, 1, 120, 130, 5, 71, 23, 2, 0, 2, 760, 760, 1, '2015-02-16', 20, 'Active', NULL, '2015-06-10', '00:40:15 AM'),
(164, 0, 1, 1, 121, 131, 5, 71, 23, 2, 0, 2, 760, 760, 1, '2015-02-16', 20, 'Active', NULL, '2015-06-10', '00:50:37 AM'),
(165, 0, 1, 1, 122, 132, 5, 71, 23, 2, 0, 2, 760, 760, 1, '2015-02-16', 20, 'Active', NULL, '2015-06-10', '00:56:19 AM'),
(166, 0, 1, 1, 123, 133, 5, 71, 23, 5, 0, 5, 1550, 1550, 1, '2015-02-16', 20, 'Active', NULL, '2015-06-10', '01:07:25 AM'),
(167, 0, 1, 1, 123, 134, 5, 71, 23, 24, 0, 24, 7440, 8990, 2, '2015-02-16', 20, 'Active', NULL, '2015-06-10', '01:08:22 AM'),
(168, 0, 1, 1, 124, 135, 5, 71, 23, 2, 0, 2, 760, 760, 1, '2015-02-16', 20, 'Active', NULL, '2015-06-10', '01:12:09 AM'),
(169, 0, 1, 1, 125, 136, 5, 71, 23, 9, 0, 9, 3420, 3420, 1, '2015-02-16', 20, 'Active', NULL, '2015-06-10', '01:14:25 AM'),
(170, 0, 1, 1, 126, 137, 5, 71, 23, 5, 0, 5, 1900, 1900, 1, '2015-02-16', 20, 'Active', NULL, '2015-06-10', '01:17:05 AM'),
(171, 0, 1, 1, 127, 138, 5, 71, 23, 3, 0, 3, 1140, 1140, 1, '2015-02-16', 20, 'Active', NULL, '2015-06-10', '01:24:39 AM'),
(172, 0, 1, 1, 128, 139, 5, 71, 23, 3, 0, 3, 1140, 1140, 1, '2015-02-16', 20, 'Active', NULL, '2015-06-10', '01:28:59 AM'),
(173, 0, 1, 1, 129, 140, 5, 71, 23, 18, 0, 18, 5580, 5580, 1, '2015-02-16', 20, 'Active', NULL, '2015-06-10', '01:32:20 AM'),
(174, 0, 1, 1, 89, 141, 5, 71, 23, 22, 0, 22, 6820, 11470, 2, '2015-02-16', 20, 'Active', NULL, '2015-06-10', '01:33:25 AM'),
(175, 0, 1, 1, 130, 142, 5, 71, 23, 7, 0, 7, 2660, 2660, 1, '2015-02-16', 20, 'Active', NULL, '2015-06-10', '01:36:02 AM'),
(176, 0, 1, 1, 83, 143, 5, 71, 31, 152, 0, 152, 0, 93310, 5, '2015-02-16', 20, 'Active', NULL, '2015-06-10', '01:38:30 AM'),
(177, 0, 1, 1, 132, 144, 5, 71, 23, 5, 0, 5, 1900, 1900, 1, '2015-02-16', 20, 'Active', NULL, '2015-06-10', '01:48:54 AM'),
(178, 0, 1, 1, 123, 145, 5, 71, 23, 5, 0, 5, 1550, 10540, 3, '2015-02-16', 20, 'Active', NULL, '2015-06-10', '01:50:38 AM'),
(179, 0, 1, 1, 123, 146, 5, 71, 23, 9, 0, 9, 2790, 13330, 4, '2015-02-16', 20, 'Active', NULL, '2015-06-10', '01:51:28 AM'),
(180, 0, 1, 1, 123, 147, 5, 71, 23, 2, 0, 2, 620, 13950, 5, '2015-02-16', 20, 'Active', NULL, '2015-06-10', '01:52:15 AM'),
(181, 0, 1, 1, 123, 148, 5, 71, 23, 2, 0, 2, 620, 14570, 6, '2015-02-16', 20, 'Active', NULL, '2015-06-10', '01:53:04 AM'),
(182, 0, 1, 1, 123, 149, 5, 71, 23, 4, 0, 4, 1240, 15810, 7, '2015-02-16', 20, 'Active', NULL, '2015-06-10', '01:53:55 AM'),
(183, 0, 1, 1, 123, 150, 5, 71, 23, 3, 0, 3, 930, 16740, 8, '2015-02-16', 20, 'Active', NULL, '2015-06-10', '01:54:56 AM'),
(184, 0, 1, 1, 123, 151, 5, 71, 23, 5, 0, 5, 1550, 18290, 9, '2015-02-16', 20, 'Active', NULL, '2015-06-10', '01:55:59 AM'),
(185, 0, 1, 1, 83, 152, 5, 71, 31, 136, 0, 136, 0, 93310, 6, '2015-02-16', 20, 'Active', NULL, '2015-06-10', '01:57:12 AM'),
(186, 0, 1, 1, 133, 153, 5, 71, 23, 7, 0, 7, 2660, 2660, 1, '2015-02-16', 20, 'Active', NULL, '2015-06-10', '02:09:46 AM'),
(187, 0, 1, 1, 132, 154, 5, 71, 23, 5, 0, 5, 1900, 3800, 2, '2015-02-16', 20, 'Active', NULL, '2015-06-10', '02:10:37 AM'),
(188, 0, 1, 1, 134, 155, 5, 71, 23, 5, 0, 5, 1900, 1900, 1, '2015-02-16', 20, 'Active', NULL, '2015-06-10', '02:16:17 AM'),
(189, 0, 1, 1, 135, 156, 5, 71, 23, 7, 0, 7, 2660, 2660, 1, '2015-02-16', 20, 'Active', NULL, '2015-06-10', '02:19:33 AM'),
(190, 0, 1, 1, 136, 157, 5, 71, 23, 5, 0, 5, 1900, 1900, 1, '2015-02-16', 20, 'Active', NULL, '2015-06-10', '02:29:41 AM'),
(191, 0, 1, 1, 137, 158, 5, 71, 23, 6, 0, 6, 2280, 2280, 1, '2015-02-16', 20, 'Active', NULL, '2015-06-10', '02:32:46 AM'),
(192, 0, 1, 1, 138, 159, 5, 71, 23, 3, 0, 3, 1140, 1140, 1, '2015-02-16', 20, 'Active', NULL, '2015-06-10', '02:37:39 AM'),
(193, 0, 1, 1, 138, 160, 5, 71, 23, 2, 0, 2, 760, 1900, 2, '2015-02-16', 20, 'Active', NULL, '2015-06-10', '02:38:33 AM'),
(194, 0, 1, 1, 139, 161, 5, 71, 23, 5, 0, 5, 1900, 1900, 1, '2015-02-16', 20, 'Active', NULL, '2015-06-10', '02:42:30 AM'),
(195, 0, 1, 1, 140, 162, 5, 71, 23, 5, 0, 5, 1900, 1900, 1, '2015-02-16', 20, 'Active', NULL, '2015-06-10', '02:48:02 AM'),
(196, 0, 1, 1, 141, 163, 5, 71, 23, 4, 0, 4, 1520, 1520, 1, '2015-02-16', 20, 'Active', NULL, '2015-06-10', '03:31:42 AM'),
(197, 0, 1, 1, 142, 164, 5, 71, 23, 2, 0, 2, 0, 0, 1, '2015-02-16', 20, 'Active', NULL, '2015-06-10', '03:35:10 AM'),
(198, 0, 1, 1, 143, 165, 5, 71, 23, 3, 0, 3, 1140, 1140, 1, '2015-02-16', 20, 'Active', NULL, '2015-06-10', '03:41:57 AM'),
(199, 0, 1, 1, 144, 166, 5, 71, 23, 3, 0, 3, 1140, 1140, 1, '2015-02-16', 20, 'Active', NULL, '2015-06-10', '03:45:46 AM'),
(200, 0, 1, 1, 145, 167, 5, 71, 23, 6, 0, 6, 2280, 2280, 1, '2015-02-16', 20, 'Active', NULL, '2015-06-10', '03:49:18 AM'),
(201, 0, 1, 1, 146, 168, 5, 71, 23, 6, 0, 6, 2280, 2280, 1, '2015-02-16', 20, 'Active', NULL, '2015-06-10', '03:53:14 AM'),
(202, 0, 1, 1, 147, 169, 5, 71, 23, 5, 0, 5, 1900, 1900, 1, '2015-02-16', 20, 'Active', NULL, '2015-06-10', '04:55:39 AM'),
(203, 0, 1, 1, 148, 170, 5, 71, 23, 3, 0, 3, 1140, 1140, 1, '2015-02-16', 20, 'Active', NULL, '2015-06-10', '05:00:03 AM'),
(204, 0, 1, 1, 148, 171, 5, 71, 23, 4, 0, 4, 1520, 2660, 2, '2015-02-16', 20, 'Active', NULL, '2015-06-10', '05:01:50 AM'),
(205, 0, 1, 1, 71, 172, 5, 71, 23, 10, 0, 10, 3100, 45570, 5, '2015-02-16', 20, 'Active', NULL, '2015-06-10', '05:04:07 AM'),
(206, 0, 1, 1, 149, 173, 5, 71, 23, 10, 0, 10, 3800, 3800, 1, '2015-02-16', 20, 'Active', NULL, '2015-06-10', '05:11:55 AM'),
(207, 0, 1, 1, 149, 174, 5, 71, 23, 6, 0, 6, 2280, 6080, 2, '2015-02-16', 20, 'Active', NULL, '2015-06-10', '05:12:44 AM'),
(208, 0, 1, 1, 150, 175, 5, 71, 23, 5, 0, 5, 1900, 1900, 1, '2015-02-16', 20, 'Active', NULL, '2015-06-10', '05:16:06 AM'),
(209, 0, 1, 1, 151, 176, 5, 71, 23, 11, 0, 11, 4180, 4180, 1, '2015-02-16', 20, 'Active', NULL, '2015-06-10', '05:19:37 AM'),
(210, 0, 1, 1, 152, 177, 5, 71, 23, 13, 0, 13, 4940, 4940, 1, '2015-02-16', 20, 'Active', NULL, '2015-06-10', '05:24:08 AM'),
(211, 0, 1, 1, 153, 178, 5, 71, 23, 5, 0, 5, 1900, 1900, 1, '2015-02-16', 20, 'Active', NULL, '2015-06-10', '05:46:55 AM'),
(212, 0, 1, 1, 154, 179, 5, 71, 23, 45, 0, 45, 13950, 13950, 1, '2015-02-16', 20, 'Active', NULL, '2015-06-10', '06:38:34 AM'),
(213, 0, 1, 1, 154, 180, 5, 71, 23, 5, 0, 5, 1550, 15500, 2, '2015-02-16', 20, 'Active', NULL, '2015-06-10', '06:39:40 AM'),
(214, 0, 1, 1, 155, 181, 5, 71, 23, 12, 0, 12, 3720, 3720, 1, '2015-02-16', 20, 'Active', NULL, '2015-06-10', '06:46:57 AM'),
(215, 0, 1, 1, 155, 182, 5, 71, 23, 12, 0, 12, 3720, 7440, 2, '2015-02-16', 20, 'Active', NULL, '2015-06-10', '06:48:02 AM'),
(216, 0, 1, 1, 156, 183, 5, 71, 23, 8, 0, 8, 3040, 3040, 1, '2015-02-16', 20, 'Active', NULL, '2015-06-10', '06:50:44 AM'),
(217, 0, 1, 1, 156, 184, 5, 71, 23, 6, 0, 6, 2280, 5320, 2, '2015-02-16', 20, 'Active', NULL, '2015-06-10', '06:51:40 AM'),
(218, 0, 1, 1, 156, 185, 5, 71, 23, 2, 0, 2, 760, 6080, 3, '2015-02-16', 20, 'Active', NULL, '2015-06-10', '06:52:33 AM'),
(219, 0, 1, 1, 157, 186, 5, 71, 23, 14, 0, 14, 5320, 5320, 1, '2015-02-16', 20, 'Active', NULL, '2015-06-10', '07:09:09 AM'),
(220, 0, 1, 1, 158, 187, 5, 71, 23, 4, 0, 4, 1520, 1520, 1, '2015-02-16', 20, 'Active', NULL, '2015-06-10', '10:39:43 AM'),
(221, 0, 1, 1, 159, 188, 5, 71, 23, 1, 0, 1, 380, 380, 1, '2015-02-16', 20, 'Active', NULL, '2015-06-10', '10:43:50 AM'),
(222, 0, 1, 1, 160, 189, 5, 71, 23, 2, 0, 2, 760, 760, 1, '2015-02-16', 20, 'Active', NULL, '2015-06-10', '10:49:39 AM'),
(223, 0, 1, 1, 161, 190, 5, 71, 23, 2, 0, 2, 760, 760, 1, '2015-02-16', 20, 'Active', NULL, '2015-06-10', '10:52:40 AM'),
(224, 0, 1, 1, 162, 191, 5, 71, 23, 3, 0, 3, 1140, 1140, 1, '2015-02-16', 20, 'Active', NULL, '2015-06-10', '10:55:20 AM'),
(225, 0, 1, 1, 163, 192, 5, 71, 23, 5, 0, 5, 1900, 1900, 1, '2015-02-16', 20, 'Active', NULL, '2015-06-10', '10:57:30 AM'),
(226, 0, 1, 1, 164, 193, 5, 71, 23, 5, 0, 5, 1900, 1900, 1, '2015-02-16', 20, 'Active', NULL, '2015-06-10', '11:00:33 AM'),
(227, 0, 1, 1, 127, 194, 5, 71, 23, 4, 0, 4, 1520, 2660, 2, '2015-02-16', 20, 'Active', NULL, '2015-06-10', '11:03:48 AM'),
(228, 0, 1, 1, 165, 195, 5, 71, 23, 2, 0, 2, 760, 760, 1, '2015-02-16', 20, 'Active', NULL, '2015-06-10', '11:07:06 AM'),
(229, 0, 1, 1, 166, 196, 5, 71, 23, 3, 0, 3, 1140, 1140, 1, '2015-02-16', 20, 'Active', NULL, '2015-06-10', '11:10:35 AM'),
(230, 0, 1, 1, 69, 197, 5, 71, 23, 40, 0, 40, 12400, 44950, 7, '2015-02-16', 20, 'Active', NULL, '2015-06-10', '11:11:37 AM'),
(231, 0, 1, 1, 69, 198, 5, 71, 23, 6, 0, 6, 1860, 46810, 8, '2015-02-16', 20, 'Active', NULL, '2015-06-10', '11:12:29 AM'),
(232, 0, 1, 1, 123, 199, 5, 71, 23, 4, 0, 4, 1240, 19530, 10, '2015-02-09', 20, 'Active', NULL, '2015-06-10', '11:19:27 AM'),
(233, 0, 1, 1, 123, 200, 5, 71, 23, 3, 0, 3, 930, 20460, 11, '2015-02-16', 20, 'Active', NULL, '2015-06-10', '11:20:11 AM'),
(234, 0, 1, 1, 123, 201, 5, 71, 23, 6, 0, 6, 1860, 22320, 12, '2015-02-16', 20, 'Active', NULL, '2015-06-10', '11:21:09 AM'),
(235, 0, 1, 1, 123, 202, 5, 71, 23, 4, 0, 4, 1240, 23560, 13, '2015-02-16', 20, 'Active', NULL, '2015-06-10', '11:21:59 AM'),
(236, 0, 1, 1, 123, 203, 5, 71, 23, 3, 0, 3, 930, 24490, 14, '2015-02-16', 20, 'Active', NULL, '2015-06-10', '11:22:48 AM'),
(237, 0, 1, 1, 123, 204, 5, 71, 23, 3, 0, 3, 930, 25420, 15, '2015-02-16', 20, 'Active', NULL, '2015-06-10', '11:23:38 AM'),
(238, 0, 1, 1, 123, 205, 5, 71, 23, 2, 0, 2, 620, 26040, 16, '2015-02-16', 20, 'Active', NULL, '2015-06-10', '11:24:22 AM'),
(239, 0, 1, 1, 123, 206, 5, 71, 23, 4, 0, 4, 1240, 27280, 17, '2015-02-16', 20, 'Active', NULL, '2015-06-10', '11:25:08 AM'),
(240, 0, 1, 1, 82, 207, 5, 71, 23, 27, 0, 27, 8370, 41850, 5, '2015-02-16', 20, 'Active', NULL, '2015-06-10', '11:26:32 AM'),
(241, 0, 1, 1, 70, 208, 5, 71, 23, 210, 0, 210, 65100, 257300, 4, '2015-02-16', 20, 'Active', NULL, '2015-06-10', '11:27:35 AM'),
(242, 0, 1, 1, 167, 209, 5, 71, 23, 25, 0, 25, 7750, 7750, 1, '2015-02-16', 20, 'Active', NULL, '2015-06-10', '11:31:16 AM'),
(243, 0, 1, 1, 167, 210, 5, 71, 23, 18, 0, 18, 5580, 13330, 2, '2015-02-16', 20, 'Active', NULL, '2015-06-10', '11:32:10 AM'),
(244, 0, 1, 1, 167, 211, 5, 71, 23, 7, 0, 7, 2170, 15500, 3, '2015-02-16', 20, 'Active', NULL, '2015-06-10', '11:32:59 AM'),
(245, 0, 1, 1, 168, 212, 5, 71, 23, 2, 0, 2, 760, 760, 1, '2015-02-16', 20, 'Active', NULL, '2015-06-10', '11:37:23 AM'),
(246, 0, 1, 1, 169, 213, 5, 71, 23, 10, 0, 10, 3800, 3800, 1, '2015-02-16', 20, 'Active', NULL, '2015-06-10', '11:44:51 AM'),
(247, 0, 1, 1, 170, 214, 5, 71, 23, 2, 0, 2, 760, 760, 1, '2015-02-16', 20, 'Active', NULL, '2015-06-10', '11:48:30 AM'),
(248, 0, 1, 1, 171, 215, 5, 71, 23, 10, 0, 10, 3100, 3100, 1, '2015-02-16', 20, 'Active', NULL, '2015-06-10', '23:59:07 PM'),
(249, 0, 1, 1, 172, 216, 5, 71, 23, 3, 0, 3, 1140, 1140, 1, '2015-02-16', 20, 'Active', NULL, '2015-06-11', '00:06:21 AM'),
(250, 0, 1, 1, 173, 217, 5, 71, 23, 99, 0, 99, 30690, 30690, 1, '2015-01-01', 20, 'Active', NULL, '2015-06-11', '00:09:46 AM'),
(251, 0, 1, 1, 175, 218, 5, 71, 23, 1, 0, 1, 380, 380, 1, '2015-02-16', 20, 'Active', NULL, '2015-06-11', '00:15:01 AM'),
(252, 0, 1, 1, 176, 219, 5, 71, 23, 1, 0, 1, 380, 380, 1, '2015-02-16', 20, 'Active', NULL, '2015-06-11', '00:18:15 AM'),
(253, 0, 1, 1, 174, 220, 5, 71, 31, 129, 0, 129, 27090, 27090, 1, '2015-02-16', 20, 'Active', NULL, '2015-06-11', '00:31:27 AM'),
(254, 0, 1, 1, 177, 221, 5, 71, 23, 2, 0, 2, 760, 760, 1, '2015-02-16', 20, 'Active', NULL, '2015-06-11', '00:35:22 AM'),
(255, 0, 1, 1, 178, 222, 5, 71, 23, 2, 0, 2, 760, 760, 1, '2015-02-16', 20, 'Active', NULL, '2015-06-11', '00:38:37 AM'),
(256, 0, 1, 1, 179, 223, 5, 71, 23, 3, 0, 3, 1140, 1140, 1, '2015-02-16', 20, 'Active', NULL, '2015-06-11', '00:42:16 AM'),
(257, 0, 1, 1, 180, 224, 5, 71, 23, 4, 0, 4, 1520, 1520, 1, '2015-02-16', 20, 'Active', NULL, '2015-06-11', '00:47:14 AM'),
(258, 0, 1, 1, 132, 225, 5, 71, 23, 4, 0, 4, 1520, 5320, 3, '2015-02-17', 20, 'Active', NULL, '2015-06-11', '00:49:19 AM'),
(259, 0, 1, 1, 181, 226, 5, 71, 23, 5, 0, 5, 1900, 1900, 1, '2015-02-16', 20, 'Active', NULL, '2015-06-11', '00:51:49 AM'),
(260, 0, 1, 1, 182, 227, 5, 71, 23, 10, 0, 10, 3800, 3800, 1, '2015-02-16', 20, 'Active', NULL, '2015-06-11', '00:55:08 AM'),
(261, 0, 1, 1, 183, 228, 5, 71, 23, 4, 0, 4, 1520, 1520, 1, '2015-02-16', 20, 'Active', NULL, '2015-06-11', '00:58:42 AM'),
(262, 0, 1, 1, 184, 229, 5, 71, 23, 2, 0, 2, 760, 760, 1, '2015-02-16', 20, 'Active', NULL, '2015-06-11', '01:03:41 AM'),
(263, 0, 1, 1, 185, 230, 5, 71, 23, 6, 0, 6, 2280, 2280, 1, '2015-02-16', 20, 'Active', NULL, '2015-06-11', '01:08:45 AM'),
(264, 0, 1, 1, 154, 231, 5, 71, 23, 22, 0, 22, 6820, 22320, 3, '2015-02-17', 20, 'Active', NULL, '2015-06-11', '01:10:37 AM'),
(265, 0, 1, 1, 186, 232, 5, 71, 23, 3, 0, 3, 1140, 1140, 1, '2015-02-16', 20, 'Active', NULL, '2015-06-11', '01:13:10 AM'),
(266, 0, 1, 1, 187, 233, 5, 71, 23, 4, 0, 4, 1520, 1520, 1, '2015-02-16', 20, 'Active', NULL, '2015-06-11', '01:16:25 AM'),
(267, 0, 1, 1, 188, 234, 5, 71, 23, 5, 0, 5, 1900, 1900, 1, '2015-02-16', 20, 'Active', NULL, '2015-06-11', '01:47:02 AM'),
(268, 0, 1, 1, 189, 235, 5, 71, 23, 9, 0, 9, 3420, 3420, 1, '2015-02-16', 20, 'Active', NULL, '2015-06-11', '01:50:04 AM'),
(269, 0, 1, 1, 190, 236, 5, 71, 23, 6, 0, 6, 2280, 2280, 1, '2015-02-16', 20, 'Active', NULL, '2015-06-11', '01:56:41 AM'),
(270, 0, 1, 1, 191, 237, 5, 71, 23, 8, 0, 8, 3040, 3040, 1, '2015-01-01', 20, 'Active', NULL, '2015-06-11', '02:00:23 AM'),
(271, 0, 1, 1, 192, 238, 5, 71, 23, 8, 0, 8, 3040, 3040, 1, '2015-02-16', 20, 'Active', NULL, '2015-06-11', '02:03:53 AM'),
(272, 0, 1, 1, 193, 239, 5, 71, 23, 7, 0, 7, 1267, 1267, 1, '2015-02-16', 20, 'Active', NULL, '2015-06-11', '02:06:07 AM'),
(273, 0, 1, 1, 147, 240, 5, 71, 23, 2, 0, 2, 760, 2660, 2, '2015-02-17', 20, 'Active', NULL, '2015-06-11', '02:07:18 AM'),
(274, 0, 1, 1, 194, 241, 5, 71, 23, 4, 0, 4, 1520, 1520, 1, '2015-02-16', 20, 'Active', NULL, '2015-06-11', '02:11:31 AM'),
(275, 0, 1, 1, 195, 242, 5, 71, 23, 5, 0, 5, 1900, 1900, 1, '2015-02-16', 20, 'Active', NULL, '2015-06-11', '02:14:45 AM'),
(276, 0, 1, 1, 196, 243, 5, 71, 23, 7, 0, 7, 2660, 2660, 1, '2015-02-16', 20, 'Active', NULL, '2015-06-11', '02:17:32 AM'),
(277, 0, 1, 1, 98, 244, 5, 71, 23, 14, 0, 14, 5320, 6460, 2, '2015-02-16', 20, 'Active', NULL, '2015-06-11', '02:21:13 AM'),
(278, 0, 1, 1, 197, 245, 5, 71, 23, 7, 0, 7, 2660, 2660, 1, '2015-02-16', 20, 'Active', NULL, '2015-06-11', '02:40:36 AM'),
(279, 0, 1, 1, 198, 246, 5, 71, 23, 2, 0, 2, 760, 760, 1, '2015-02-16', 20, 'Active', NULL, '2015-06-11', '03:16:25 AM'),
(280, 0, 1, 1, 199, 247, 5, 71, 23, 3, 0, 3, 1140, 1140, 1, '2015-02-16', 20, 'Active', NULL, '2015-06-11', '03:19:34 AM'),
(281, 0, 1, 1, 200, 248, 5, 71, 23, 8, 0, 8, 3040, 3040, 1, '2015-02-16', 20, 'Active', NULL, '2015-06-11', '03:25:32 AM'),
(282, 0, 1, 1, 123, 249, 5, 71, 23, 4, 0, 4, 1240, 28520, 18, '2015-02-16', 20, 'Active', NULL, '2015-06-11', '03:26:35 AM'),
(283, 0, 1, 1, 123, 250, 5, 71, 23, 8, 0, 8, 2480, 31000, 19, '2015-02-17', 20, 'Active', NULL, '2015-06-11', '03:27:33 AM'),
(284, 0, 1, 1, 123, 251, 5, 71, 23, 3, 0, 3, 930, 31930, 20, '2015-01-01', 20, 'Active', NULL, '2015-06-11', '03:29:21 AM'),
(285, 0, 1, 1, 123, 252, 5, 71, 23, 4, 0, 4, 1240, 33170, 21, '2015-02-18', 20, 'Active', NULL, '2015-06-11', '03:30:18 AM'),
(286, 0, 1, 1, 123, 253, 5, 71, 23, 4, 0, 4, 1240, 34410, 22, '2015-02-19', 20, 'Active', NULL, '2015-06-11', '03:35:58 AM'),
(287, 0, 1, 1, 123, 254, 5, 71, 23, 8, 0, 8, 2480, 36890, 23, '2015-02-19', 20, 'Active', NULL, '2015-06-11', '03:37:03 AM'),
(288, 0, 1, 1, 201, 255, 5, 71, 23, 5, 0, 5, 1900, 1900, 1, '2015-02-16', 20, 'Active', NULL, '2015-06-11', '04:22:52 AM'),
(289, 0, 1, 1, 202, 256, 5, 71, 23, 4, 0, 4, 1520, 1520, 1, '2015-02-17', 20, 'Active', NULL, '2015-06-11', '04:27:35 AM'),
(290, 0, 1, 1, 203, 257, 5, 71, 23, 6, 0, 6, 2280, 2280, 1, '2015-02-16', 20, 'Active', NULL, '2015-06-11', '04:30:30 AM'),
(291, 0, 1, 1, 204, 258, 5, 71, 23, 2, 0, 2, 760, 760, 1, '2015-02-16', 20, 'Active', NULL, '2015-06-11', '04:34:19 AM'),
(292, 0, 1, 1, 205, 259, 5, 71, 23, 2, 0, 2, 760, 760, 1, '2015-02-16', 20, 'Active', NULL, '2015-06-11', '04:38:25 AM'),
(293, 0, 1, 1, 206, 260, 5, 71, 23, 3, 0, 3, 1140, 1140, 1, '2015-02-16', 20, 'Active', NULL, '2015-06-11', '04:41:19 AM'),
(294, 0, 1, 1, 207, 261, 5, 71, 23, 26, 0, 26, 9880, 9880, 1, '2015-02-16', 20, 'Active', NULL, '2015-06-11', '04:43:52 AM'),
(295, 0, 1, 1, 208, 262, 5, 71, 23, 4, 0, 4, 1520, 1520, 1, '2015-02-17', 20, 'Active', NULL, '2015-06-11', '04:52:37 AM'),
(296, 0, 1, 1, 209, 263, 5, 71, 23, 14, 0, 14, 5320, 5320, 1, '2015-02-16', 20, 'Active', NULL, '2015-06-11', '04:55:06 AM'),
(297, 0, 1, 1, 210, 264, 5, 71, 23, 6, 0, 6, 2280, 2280, 1, '2015-02-16', 20, 'Active', NULL, '2015-06-11', '04:58:31 AM'),
(298, 0, 1, 1, 211, 265, 5, 71, 23, 4, 0, 4, 1520, 1520, 1, '2015-02-16', 20, 'Active', NULL, '2015-06-11', '05:02:34 AM'),
(299, 0, 1, 1, 212, 266, 5, 71, 23, 5, 0, 5, 1900, 1900, 1, '2015-02-16', 20, 'Active', NULL, '2015-06-14', '05:54:32 AM'),
(300, 0, 1, 1, 212, 267, 5, 71, 23, 2, 0, 2, 760, 2660, 2, '2015-02-16', 20, 'Active', NULL, '2015-06-14', '05:55:36 AM'),
(301, 0, 1, 1, 213, 268, 5, 71, 23, 2, 0, 2, 760, 760, 1, '2015-02-16', 20, 'Active', NULL, '2015-06-14', '06:01:06 AM'),
(302, 0, 1, 1, 214, 269, 5, 71, 23, 8, 0, 8, 3040, 3040, 1, '2015-02-16', 20, 'Active', NULL, '2015-06-14', '06:05:05 AM'),
(303, 0, 1, 1, 159, 270, 5, 71, 23, 4, 0, 4, 1520, 1900, 2, '2015-02-17', 20, 'Active', NULL, '2015-06-15', '00:58:30 AM'),
(304, 0, 1, 1, 216, 271, 5, 71, 23, 1, 0, 1, 380, 380, 1, '2015-02-16', 20, 'Active', NULL, '2015-06-15', '01:07:31 AM'),
(305, 0, 1, 1, 81, 272, 5, 71, 23, 15, 0, 15, 5700, 7220, 2, '2015-02-17', 20, 'Active', NULL, '2015-06-15', '01:10:13 AM'),
(306, 0, 1, 1, 155, 273, 5, 71, 23, 18, 0, 18, 5580, 13020, 3, '2015-02-18', 20, 'Active', NULL, '2015-06-15', '01:11:37 AM'),
(307, 0, 1, 1, 162, 274, 5, 71, 23, 3, 0, 3, 1140, 2280, 2, '2015-02-17', 20, 'Active', NULL, '2015-06-15', '01:12:28 AM'),
(308, 0, 1, 1, 217, 275, 5, 71, 23, 2, 0, 2, 760, 760, 1, '2015-02-16', 20, 'Active', NULL, '2015-06-15', '01:15:20 AM'),
(309, 0, 1, 1, 218, 276, 5, 71, 23, 3, 0, 3, 1140, 1140, 1, '2015-02-16', 20, 'Active', NULL, '2015-06-15', '01:19:01 AM'),
(310, 0, 1, 1, 219, 277, 5, 71, 23, 2, 0, 2, 760, 760, 1, '2015-02-16', 20, 'Active', NULL, '2015-06-15', '01:26:11 AM'),
(311, 0, 1, 1, 220, 278, 5, 71, 23, 15, 0, 15, 5700, 5700, 1, '2015-02-16', 20, 'Active', NULL, '2015-06-15', '01:29:24 AM'),
(312, 0, 1, 1, 221, 279, 5, 71, 23, 4, 0, 4, 1520, 1520, 1, '2015-02-16', 20, 'Active', NULL, '2015-06-15', '01:51:50 AM'),
(313, 0, 1, 1, 82, 280, 5, 71, 23, 25, 0, 25, 7750, 49600, 6, '2015-02-18', 20, 'Active', NULL, '2015-06-15', '01:53:03 AM'),
(314, 0, 1, 1, 222, 281, 5, 71, 23, 23, 0, 23, 8740, 8740, 1, '2015-02-16', 20, 'Active', NULL, '2015-06-15', '01:56:16 AM'),
(315, 0, 1, 1, 123, 282, 5, 71, 23, 9, 0, 9, 2790, 39680, 24, '2015-02-18', 20, 'Active', NULL, '2015-06-15', '01:57:55 AM'),
(316, 0, 1, 1, 123, 283, 5, 71, 23, 6, 0, 6, 1860, 41540, 25, '2015-01-01', 20, 'Active', NULL, '2015-06-15', '02:10:12 AM'),
(317, 0, 1, 1, 123, 284, 5, 71, 23, 2, 0, 2, 620, 42160, 26, '2015-02-16', 20, 'Active', NULL, '2015-06-15', '02:11:03 AM'),
(318, 0, 1, 1, 155, 285, 5, 71, 23, 6, 0, 6, 1860, 14880, 4, '2015-02-19', 20, 'Active', NULL, '2015-06-15', '02:12:30 AM'),
(319, 0, 1, 1, 223, 286, 5, 71, 23, 2, 0, 2, 760, 760, 1, '2015-02-16', 20, 'Active', NULL, '2015-06-15', '02:15:20 AM'),
(320, 0, 1, 1, 224, 287, 5, 71, 23, 6, 0, 6, 1860, 1860, 1, '2015-02-17', 20, 'Active', NULL, '2015-06-15', '02:20:56 AM'),
(321, 0, 1, 1, 86, 288, 5, 71, 23, 30, 0, 30, 11400, 16340, 2, '2015-02-17', 20, 'Active', NULL, '2015-06-15', '02:24:25 AM'),
(322, 0, 1, 1, 86, 289, 5, 71, 23, 3, 0, 3, 1140, 17480, 3, '2015-02-18', 20, 'Active', NULL, '2015-06-15', '02:25:13 AM'),
(323, 0, 1, 1, 224, 290, 5, 71, 23, 4, 0, 4, 1240, 3100, 2, '2015-02-19', 20, 'Active', NULL, '2015-06-15', '02:27:28 AM'),
(324, 0, 1, 1, 162, 291, 5, 71, 23, 5, 0, 5, 1900, 4180, 3, '2015-02-17', 20, 'Active', NULL, '2015-06-15', '02:28:48 AM'),
(325, 0, 1, 1, 84, 292, 5, 71, 23, 3, 0, 3, 930, 33480, 2, '2015-02-17', 20, 'Active', NULL, '2015-06-15', '02:29:57 AM'),
(326, 0, 1, 1, 80, 293, 5, 71, 23, 2, 0, 2, 760, 2280, 2, '2015-02-18', 20, 'Active', NULL, '2015-06-15', '02:30:47 AM'),
(327, 0, 1, 1, 225, 294, 5, 71, 23, 12, 0, 12, 3720, 3720, 1, '2015-02-16', 20, 'Active', NULL, '2015-06-15', '02:34:20 AM'),
(328, 0, 1, 1, 155, 295, 5, 71, 23, 6, 0, 6, 1860, 16740, 5, '2015-02-20', 20, 'Active', NULL, '2015-06-15', '02:40:33 AM'),
(329, 0, 1, 1, 155, 296, 5, 71, 23, 17, 0, 17, 5270, 22010, 6, '2015-02-20', 20, 'Active', NULL, '2015-06-15', '02:41:23 AM'),
(330, 0, 1, 1, 155, 297, 5, 71, 23, 94, 0, 94, 29140, 51150, 7, '2015-02-20', 20, 'Active', NULL, '2015-06-15', '02:42:12 AM'),
(331, 0, 1, 1, 155, 298, 5, 71, 23, 86, 0, 86, 26660, 77810, 8, '2015-02-20', 20, 'Active', NULL, '2015-06-15', '02:43:01 AM'),
(332, 0, 1, 1, 116, 299, 5, 71, 23, 2, 0, 2, 760, 1140, 2, '2015-02-18', 20, 'Active', NULL, '2015-06-15', '02:49:54 AM'),
(333, 0, 1, 1, 226, 300, 5, 71, 23, 2, 0, 2, 760, 760, 1, '2015-02-18', 20, 'Active', NULL, '2015-06-15', '02:52:34 AM'),
(334, 0, 1, 1, 227, 301, 5, 71, 23, 1, 0, 1, 380, 380, 1, '2015-02-16', 20, 'Active', NULL, '2015-06-15', '02:59:10 AM'),
(335, 0, 1, 1, 228, 302, 5, 71, 23, 7, 0, 7, 2660, 2660, 1, '2015-02-19', 20, 'Active', NULL, '2015-06-15', '06:33:04 AM'),
(336, 0, 1, 1, 229, 303, 5, 71, 23, 10, 0, 10, 3800, 3800, 1, '2015-02-16', 20, 'Active', NULL, '2015-06-15', '06:35:59 AM'),
(337, 0, 1, 1, 230, 304, 5, 71, 23, 11, 0, 11, 4180, 4180, 1, '2015-02-16', 20, 'Active', NULL, '2015-06-15', '06:38:54 AM'),
(338, 0, 1, 1, 224, 305, 5, 71, 23, 3, 0, 3, 930, 4030, 3, '2015-02-19', 20, 'Active', NULL, '2015-06-15', '06:40:00 AM'),
(339, 0, 1, 1, 231, 306, 5, 71, 23, 1, 0, 1, 380, 380, 1, '2015-02-16', 20, 'Active', NULL, '2015-06-15', '06:44:07 AM'),
(340, 0, 1, 1, 232, 307, 5, 71, 23, 4, 0, 4, 1520, 1520, 1, '2015-02-16', 20, 'Active', NULL, '2015-06-15', '06:58:12 AM'),
(341, 0, 1, 1, 115, 308, 5, 71, 23, 1, 0, 1, 380, 1520, 2, '2015-02-16', 20, 'Active', NULL, '2015-06-16', '02:53:49 AM'),
(342, 0, 1, 1, 233, 309, 5, 71, 23, 1, 0, 1, 380, 380, 1, '2015-02-16', 20, 'Active', NULL, '2015-06-16', '02:58:31 AM'),
(343, 0, 1, 1, 234, 310, 5, 71, 23, 1, 0, 1, 380, 380, 1, '2015-02-16', 20, 'Active', NULL, '2015-06-16', '03:00:54 AM'),
(344, 0, 1, 1, 235, 311, 5, 71, 23, 3, 0, 3, 1140, 1140, 1, '2015-02-16', 20, 'Active', NULL, '2015-06-16', '03:03:52 AM'),
(345, 0, 1, 1, 235, 312, 5, 71, 23, 3, 0, 3, 1140, 2280, 2, '2015-02-17', 20, 'Active', NULL, '2015-06-16', '03:05:19 AM'),
(346, 0, 1, 1, 235, 313, 5, 71, 23, 5, 0, 5, 1900, 4180, 3, '2015-02-18', 20, 'Active', NULL, '2015-06-16', '03:06:30 AM'),
(347, 0, 1, 1, 235, 314, 5, 71, 23, 2, 0, 2, 760, 4940, 4, '2015-02-19', 20, 'Active', NULL, '2015-06-16', '03:07:19 AM'),
(348, 0, 1, 1, 155, 315, 5, 71, 23, 12, 0, 12, 3720, 81530, 9, '2015-02-19', 20, 'Active', NULL, '2015-06-16', '03:08:05 AM'),
(349, 0, 1, 1, 155, 316, 5, 71, 23, 9, 0, 9, 2790, 84320, 10, '2015-02-20', 20, 'Active', NULL, '2015-06-16', '03:08:58 AM'),
(350, 0, 1, 1, 155, 317, 5, 71, 23, 4, 0, 4, 1240, 85560, 11, '2015-02-22', 20, 'Active', NULL, '2015-06-16', '04:30:34 AM'),
(351, 0, 1, 1, 236, 318, 5, 71, 23, 4, 0, 4, 1520, 1520, 1, '2015-02-16', 20, 'Active', NULL, '2015-06-16', '04:35:44 AM'),
(352, 0, 1, 1, 238, 319, 5, 71, 23, 4, 0, 4, 1240, 1240, 1, '2015-02-16', 20, 'Active', NULL, '2015-06-16', '05:03:57 AM'),
(353, 0, 1, 1, 239, 320, 5, 71, 23, 9, 0, 9, 3420, 3420, 1, '2015-02-16', 20, 'Active', NULL, '2015-06-16', '05:07:45 AM'),
(354, 0, 1, 1, 240, 321, 5, 71, 23, 3, 0, 3, 1140, 1140, 1, '2015-02-16', 20, 'Active', NULL, '2015-06-16', '05:12:51 AM'),
(355, 0, 1, 1, 241, 322, 5, 71, 23, 2, 0, 2, 760, 760, 1, '2015-03-16', 20, 'Active', NULL, '2015-06-16', '05:20:55 AM'),
(356, 0, 1, 1, 242, 323, 5, 71, 23, 5, 0, 5, 1900, 1900, 1, '2015-02-16', 20, 'Active', NULL, '2015-06-16', '05:23:46 AM'),
(357, 0, 1, 1, 243, 324, 5, 71, 23, 6, 0, 6, 2280, 2280, 1, '2015-02-16', 20, 'Active', NULL, '2015-06-16', '05:32:37 AM'),
(358, 0, 1, 1, 244, 325, 5, 71, 23, 1, 0, 1, 380, 380, 1, '2015-02-16', 20, 'Active', NULL, '2015-06-16', '05:35:50 AM'),
(359, 0, 1, 1, 245, 326, 5, 71, 23, 2, 0, 2, 760, 760, 1, '2015-02-16', 20, 'Active', NULL, '2015-06-16', '05:39:37 AM'),
(360, 0, 1, 1, 155, 327, 5, 71, 23, 9, 0, 9, 2790, 88350, 12, '2015-02-18', 20, 'Active', NULL, '2015-06-16', '05:40:37 AM'),
(361, 0, 1, 1, 246, 328, 5, 71, 23, 2, 0, 2, 760, 760, 1, '2015-02-16', 20, 'Active', NULL, '2015-06-16', '05:43:20 AM'),
(362, 0, 1, 1, 247, 329, 5, 71, 23, 4, 0, 4, 1520, 1520, 1, '2015-02-16', 20, 'Active', NULL, '2015-06-16', '05:53:46 AM'),
(363, 0, 1, 1, 248, 330, 5, 71, 23, 2, 0, 2, 760, 760, 1, '2015-02-16', 20, 'Active', NULL, '2015-06-16', '05:59:18 AM'),
(364, 0, 1, 1, 249, 331, 5, 71, 23, 3, 0, 3, 1140, 1140, 1, '2015-02-16', 20, 'Active', NULL, '2015-06-16', '06:03:10 AM'),
(365, 0, 1, 1, 250, 332, 5, 71, 23, 3, 0, 3, 1140, 1140, 1, '2015-02-16', 20, 'Active', NULL, '2015-06-16', '06:06:14 AM'),
(366, 0, 1, 1, 251, 333, 5, 71, 23, 2, 0, 2, 760, 760, 1, '2015-02-16', 20, 'Active', NULL, '2015-06-16', '06:08:22 AM'),
(367, 0, 1, 1, 252, 334, 5, 71, 23, 150, 0, 150, 0, 0, 1, '2015-02-16', 20, 'Active', NULL, '2015-06-16', '06:11:34 AM'),
(368, 0, 1, 1, 253, 335, 5, 71, 23, 4, 0, 4, 1520, 1520, 1, '2015-02-16', 20, 'Active', NULL, '2015-06-16', '06:14:30 AM'),
(369, 0, 1, 1, 254, 336, 5, 71, 23, 16, 0, 16, 6080, 6080, 1, '2015-02-16', 20, 'Active', NULL, '2015-06-16', '06:39:55 AM'),
(370, 0, 1, 1, 255, 337, 5, 71, 23, 6, 0, 6, 2280, 2280, 1, '2015-02-16', 20, 'Active', NULL, '2015-06-16', '06:43:27 AM'),
(371, 0, 1, 1, 256, 338, 5, 71, 23, 5, 0, 5, 1900, 1900, 1, '2015-02-16', 20, 'Active', NULL, '2015-06-16', '06:48:38 AM'),
(372, 0, 1, 1, 129, 339, 5, 71, 23, 30, 0, 30, 9300, 14880, 2, '2015-02-22', 20, 'Active', NULL, '2015-06-16', '07:03:00 AM'),
(373, 0, 1, 1, 257, 340, 5, 71, 23, 13, 0, 13, 4940, 4940, 1, '2015-02-16', 20, 'Active', NULL, '2015-06-16', '07:07:15 AM'),
(374, 0, 1, 1, 258, 341, 5, 71, 23, 19, 0, 19, 7220, 7220, 1, '2015-02-16', 20, 'Active', NULL, '2015-06-16', '07:12:17 AM'),
(375, 0, 1, 1, 259, 342, 5, 71, 23, 14, 0, 14, 4340, 4340, 1, '2015-02-16', 20, 'Active', NULL, '2015-06-16', '07:18:39 AM'),
(376, 0, 1, 1, 260, 343, 5, 71, 23, 9, 0, 9, 2790, 2790, 1, '2015-02-16', 20, 'Active', NULL, '2015-06-16', '07:22:05 AM'),
(377, 0, 1, 1, 260, 344, 5, 71, 23, 30, 0, 30, 9300, 12090, 2, '2015-02-17', 20, 'Active', NULL, '2015-06-16', '07:23:16 AM'),
(378, 0, 1, 1, 260, 345, 5, 71, 23, 19, 0, 19, 5890, 17980, 3, '2015-02-18', 20, 'Active', NULL, '2015-06-16', '07:24:06 AM'),
(379, 0, 1, 1, 260, 346, 5, 71, 23, 12, 0, 12, 3720, 21700, 4, '2015-02-19', 20, 'Active', NULL, '2015-06-16', '07:25:01 AM'),
(380, 0, 1, 1, 260, 347, 5, 71, 23, 9, 0, 9, 2790, 24490, 5, '2015-02-21', 20, 'Active', NULL, '2015-06-16', '07:26:03 AM'),
(381, 0, 1, 1, 260, 348, 5, 71, 23, 10, 0, 10, 3100, 27590, 6, '2015-02-23', 20, 'Active', NULL, '2015-06-16', '07:27:01 AM'),
(382, 0, 1, 1, 260, 349, 5, 71, 23, 10, 0, 10, 3100, 30690, 7, '2015-02-24', 20, 'Active', NULL, '2015-06-16', '07:27:52 AM'),
(383, 0, 1, 1, 260, 350, 5, 71, 23, 8, 0, 8, 2480, 33170, 8, '2015-02-25', 20, 'Active', NULL, '2015-06-16', '07:29:00 AM'),
(384, 0, 1, 1, 224, 351, 5, 71, 23, 5, 0, 5, 1550, 5580, 4, '2015-02-18', 20, 'Active', NULL, '2015-06-16', '07:29:58 AM'),
(385, 0, 1, 1, 252, 352, 5, 71, 31, 150, 0, 150, 31500, 31500, 2, '2015-02-17', 20, 'Active', NULL, '2015-06-16', '07:31:14 AM'),
(386, 0, 1, 1, 261, 353, 5, 71, 23, 4, 0, 4, 1520, 1520, 1, '2015-02-16', 20, 'Active', NULL, '2015-06-16', '07:37:31 AM'),
(387, 0, 1, 1, 262, 354, 5, 71, 23, 1, 0, 1, 380, 380, 1, '2015-02-16', 20, 'Active', NULL, '2015-06-16', '07:39:56 AM'),
(388, 0, 1, 1, 263, 355, 5, 71, 23, 1, 0, 1, 380, 380, 1, '2015-02-16', 20, 'Active', NULL, '2015-06-17', '04:55:46 AM'),
(389, 0, 1, 1, 264, 356, 5, 71, 23, 5, 0, 5, 1900, 1900, 1, '2015-02-16', 20, 'Active', NULL, '2015-06-17', '05:03:24 AM'),
(390, 0, 1, 1, 265, 357, 5, 71, 23, 4, 0, 4, 1520, 1520, 1, '2015-02-16', 20, 'Active', NULL, '2015-06-17', '05:05:55 AM'),
(391, 0, 1, 1, 266, 358, 5, 71, 23, 5, 0, 5, 1900, 1900, 1, '2015-02-16', 20, 'Active', NULL, '2015-06-17', '05:16:21 AM'),
(392, 0, 1, 1, 82, 359, 5, 71, 23, 10, 0, 10, 3100, 52700, 7, '2015-02-22', 20, 'Active', NULL, '2015-06-17', '05:17:23 AM'),
(393, 0, 1, 1, 82, 360, 5, 71, 23, 20, 0, 20, 6200, 58900, 8, '2015-02-22', 20, 'Active', NULL, '2015-06-17', '05:18:32 AM'),
(394, 0, 1, 1, 82, 361, 5, 71, 23, 28, 0, 28, 8680, 67580, 9, '2015-02-23', 20, 'Active', NULL, '2015-06-17', '05:19:18 AM'),
(395, 0, 1, 1, 174, 362, 5, 71, 31, 116, 0, 116, 24360, 51450, 2, '2015-02-18', 20, 'Active', NULL, '2015-06-17', '05:23:32 AM'),
(396, 0, 1, 1, 267, 363, 5, 71, 31, 89, 0, 89, 18690, 18690, 1, '2015-02-17', 20, 'Active', NULL, '2015-06-17', '05:35:21 AM'),
(397, 0, 1, 1, 267, 364, 5, 71, 23, 30, 0, 30, 0, 18690, 2, '2015-02-18', 20, 'Active', NULL, '2015-06-17', '05:36:51 AM'),
(398, 0, 1, 1, 110, 365, 5, 71, 23, 85, 0, 85, 26350, 83080, 3, '2015-02-18', 20, 'Active', NULL, '2015-06-17', '05:42:45 AM'),
(399, 0, 1, 1, 110, 366, 5, 71, 23, 100, 0, 100, 31000, 114080, 4, '2015-02-19', 20, 'Active', NULL, '2015-06-17', '05:43:50 AM'),
(400, 0, 1, 1, 167, 367, 5, 71, 23, 50, 0, 50, 15500, 31000, 4, '2015-02-22', 20, 'Active', NULL, '2015-06-17', '05:46:54 AM'),
(401, 0, 1, 1, 167, 368, 5, 71, 23, 50, 0, 50, 15500, 46500, 5, '2015-02-23', 20, 'Active', NULL, '2015-06-17', '05:47:54 AM'),
(402, 0, 1, 1, 167, 369, 5, 71, 23, 86, 0, 86, 26660, 73160, 6, '2015-02-23', 20, 'Active', NULL, '2015-06-17', '05:49:08 AM'),
(403, 0, 1, 1, 252, 370, 5, 71, 31, 150, 0, 150, 31500, 63000, 3, '2015-02-19', 20, 'Active', NULL, '2015-06-17', '06:04:54 AM'),
(404, 0, 1, 1, 268, 371, 5, 71, 23, 130, 0, 130, 40300, 40300, 1, '2015-02-16', 20, 'Active', NULL, '2015-06-17', '06:11:54 AM'),
(405, 0, 1, 1, 268, 372, 5, 71, 23, 50, 0, 50, 15500, 55800, 2, '2015-02-17', 20, 'Active', NULL, '2015-06-17', '06:12:45 AM'),
(406, 0, 1, 1, 269, 373, 5, 71, 23, 5, 0, 5, 1900, 1900, 1, '2015-02-16', 20, 'Active', NULL, '2015-06-18', '04:48:38 AM'),
(407, 0, 1, 1, 270, 374, 5, 71, 23, 2, 0, 2, 760, 760, 1, '2015-02-16', 20, 'Active', NULL, '2015-06-18', '04:51:42 AM');
INSERT INTO `fna_bill` (`BID`, `SESSIONID`, `PROJECTID`, `SUBPROJECTID`, `PARTYID`, `RECEIVENUMBER`, `PRODCATTYPEID`, `PRODUCTID`, `PACKINGUNITID`, `QUANTITY`, `WTQNTY`, `TOTQUANTITY`, `BILLAMOUNT`, `TOTBILLAMOUNT`, `PARTYFLAG`, `ENTRYDATE`, `USERID`, `STATUS`, `FLAG`, `ENTDATE`, `ENTTIME`) VALUES
(408, 0, 1, 1, 271, 375, 5, 71, 23, 8, 0, 8, 3040, 3040, 1, '2015-02-16', 20, 'Active', NULL, '2015-06-18', '04:55:34 AM'),
(409, 0, 1, 1, 272, 376, 5, 71, 23, 4, 0, 4, 1520, 1520, 1, '2015-02-16', 20, 'Active', NULL, '2015-06-18', '04:58:10 AM'),
(410, 0, 1, 1, 273, 377, 5, 71, 23, 13, 0, 13, 4940, 4940, 1, '2015-02-16', 20, 'Active', NULL, '2015-06-18', '05:16:00 AM'),
(411, 0, 1, 1, 274, 378, 5, 71, 23, 8, 0, 8, 3040, 3040, 1, '2015-02-16', 20, 'Active', NULL, '2015-06-18', '05:24:10 AM'),
(412, 0, 1, 1, 274, 379, 5, 71, 23, 8, 0, 8, 3040, 6080, 2, '2015-02-16', 20, 'Active', NULL, '2015-06-18', '05:25:38 AM'),
(413, 0, 1, 1, 275, 380, 5, 71, 23, 5, 0, 5, 1900, 1900, 1, '2015-02-16', 20, 'Active', NULL, '2015-06-18', '05:32:57 AM'),
(414, 0, 1, 1, 194, 381, 5, 71, 23, 2, 0, 2, 760, 2280, 2, '2015-02-19', 20, 'Active', NULL, '2015-06-18', '05:34:27 AM'),
(415, 0, 1, 1, 276, 382, 5, 71, 23, 2, 0, 2, 760, 760, 1, '2015-02-16', 20, 'Active', NULL, '2015-06-18', '05:37:36 AM'),
(416, 0, 1, 1, 259, 383, 5, 71, 23, 19, 0, 19, 5890, 10230, 2, '2015-02-22', 20, 'Active', NULL, '2015-06-18', '05:38:26 AM'),
(417, 0, 1, 1, 277, 384, 5, 71, 23, 5, 0, 5, 1900, 1900, 1, '2015-02-17', 20, 'Active', NULL, '2015-06-18', '05:40:38 AM'),
(418, 0, 1, 1, 278, 385, 5, 71, 23, 3, 0, 3, 1140, 1140, 1, '2015-02-17', 20, 'Active', NULL, '2015-06-18', '05:43:02 AM'),
(419, 0, 1, 1, 279, 386, 5, 71, 23, 4, 0, 4, 1520, 1520, 1, '2015-02-16', 20, 'Active', NULL, '2015-06-18', '05:45:41 AM'),
(420, 0, 1, 1, 280, 387, 5, 71, 23, 6, 0, 6, 2280, 2280, 1, '2015-02-18', 20, 'Active', NULL, '2015-06-18', '05:48:46 AM'),
(421, 0, 1, 1, 68, 388, 5, 71, 23, 2, 0, 2, 760, 1140, 2, '2015-02-18', 20, 'Active', NULL, '2015-06-18', '05:51:45 AM'),
(422, 0, 1, 1, 281, 389, 5, 71, 23, 3, 0, 3, 1140, 1140, 1, '2015-02-17', 20, 'Active', NULL, '2015-06-18', '05:54:13 AM'),
(423, 0, 1, 1, 282, 390, 5, 71, 23, 4, 0, 4, 1520, 1520, 1, '2015-02-18', 20, 'Active', NULL, '2015-06-18', '05:57:07 AM'),
(424, 0, 1, 1, 283, 391, 5, 71, 23, 17, 0, 17, 6460, 6460, 1, '2015-02-17', 20, 'Active', NULL, '2015-06-18', '05:59:31 AM'),
(425, 0, 1, 1, 284, 392, 5, 71, 23, 6, 0, 6, 2280, 2280, 1, '2015-02-16', 20, 'Active', NULL, '2015-06-18', '06:03:10 AM'),
(426, 0, 1, 1, 285, 393, 5, 71, 23, 4, 0, 4, 1520, 1520, 1, '2015-02-17', 20, 'Active', NULL, '2015-06-18', '06:05:59 AM'),
(427, 0, 1, 1, 286, 394, 5, 71, 23, 4, 0, 4, 1520, 1520, 1, '2015-02-16', 20, 'Active', NULL, '2015-06-18', '06:08:48 AM'),
(428, 0, 1, 1, 287, 395, 5, 71, 23, 14, 0, 14, 5320, 5320, 1, '2015-02-16', 20, 'Active', NULL, '2015-06-18', '06:11:48 AM'),
(429, 0, 1, 1, 155, 396, 5, 71, 23, 7, 0, 7, 2170, 90520, 13, '2015-02-23', 20, 'Active', NULL, '2015-06-18', '06:12:38 AM'),
(430, 0, 1, 1, 155, 397, 5, 71, 23, 6, 0, 6, 1860, 92380, 14, '2015-02-24', 20, 'Active', NULL, '2015-06-18', '06:13:25 AM'),
(431, 0, 1, 1, 155, 398, 5, 71, 23, 13, 0, 13, 4030, 96410, 15, '2015-02-25', 20, 'Active', NULL, '2015-06-18', '06:14:12 AM'),
(432, 0, 1, 1, 90, 399, 5, 71, 23, 2, 0, 2, 760, 2660, 2, '2015-02-17', 20, 'Active', NULL, '2015-06-18', '06:15:27 AM'),
(433, 0, 1, 1, 225, 400, 5, 71, 23, 13, 0, 13, 4030, 7750, 2, '2015-02-17', 20, 'Active', NULL, '2015-06-18', '06:16:17 AM'),
(434, 0, 1, 1, 86, 401, 5, 71, 23, 3, 0, 3, 1140, 18620, 4, '2015-02-20', 20, 'Active', NULL, '2015-06-18', '06:17:18 AM'),
(435, 0, 1, 1, 129, 402, 5, 71, 23, 11, 0, 11, 3410, 18290, 3, '2015-02-20', 20, 'Active', NULL, '2015-06-18', '06:18:58 AM'),
(436, 0, 1, 1, 224, 403, 5, 71, 23, 28, 0, 28, 8680, 14260, 5, '2015-02-24', 20, 'Active', NULL, '2015-06-18', '06:21:10 AM'),
(437, 0, 1, 1, 224, 404, 5, 71, 23, 3, 0, 3, 930, 15190, 6, '2015-02-26', 20, 'Active', NULL, '2015-06-18', '06:21:57 AM'),
(438, 0, 1, 1, 288, 405, 5, 71, 23, 8, 0, 8, 3040, 3040, 1, '2015-02-17', 20, 'Active', NULL, '2015-06-18', '06:24:31 AM'),
(439, 0, 1, 1, 289, 406, 5, 71, 23, 13, 0, 13, 4940, 4940, 1, '2015-02-16', 20, 'Active', NULL, '2015-06-18', '06:31:17 AM'),
(440, 0, 1, 1, 144, 407, 5, 71, 23, 10, 0, 10, 3800, 4940, 2, '2015-02-26', 20, 'Active', NULL, '2015-06-18', '06:32:44 AM'),
(441, 0, 1, 1, 172, 408, 5, 71, 23, 23, 0, 23, 8740, 9880, 2, '2015-02-24', 20, 'Active', NULL, '2015-06-18', '06:33:53 AM'),
(442, 0, 1, 1, 290, 409, 5, 71, 23, 40, 0, 40, 12400, 12400, 1, '2015-02-17', 20, 'Active', NULL, '2015-06-19', '05:05:26 AM'),
(443, 0, 1, 1, 291, 410, 5, 71, 23, 2, 0, 2, 760, 760, 1, '2015-02-16', 20, 'Active', NULL, '2015-06-19', '05:10:31 AM'),
(444, 0, 1, 1, 292, 411, 5, 71, 23, 3, 0, 3, 930, 930, 1, '2015-02-16', 20, 'Active', NULL, '2015-06-19', '05:14:30 AM'),
(445, 0, 1, 1, 293, 412, 5, 71, 23, 100, 0, 100, 31000, 31000, 1, '2015-02-16', 20, 'Active', NULL, '2015-06-19', '05:23:35 AM'),
(446, 0, 1, 1, 293, 413, 5, 71, 23, 100, 0, 100, 31000, 62000, 2, '2015-02-17', 20, 'Active', NULL, '2015-06-19', '05:24:40 AM'),
(447, 0, 1, 1, 293, 414, 5, 71, 23, 128, 0, 128, 39680, 101680, 3, '2015-02-18', 20, 'Active', NULL, '2015-06-19', '05:25:33 AM'),
(448, 0, 1, 1, 293, 415, 5, 71, 23, 23, 0, 23, 7130, 108810, 4, '2015-02-19', 20, 'Active', NULL, '2015-06-19', '05:26:43 AM'),
(449, 0, 1, 1, 82, 416, 5, 71, 23, 10, 0, 10, 3100, 70680, 10, '2015-02-24', 20, 'Active', NULL, '2015-06-19', '05:27:44 AM'),
(450, 0, 1, 1, 82, 417, 5, 71, 23, 26, 0, 26, 8060, 78740, 11, '2015-02-26', 20, 'Active', NULL, '2015-06-19', '05:28:57 AM'),
(451, 0, 1, 1, 224, 418, 5, 71, 23, 3, 0, 3, 930, 16120, 7, '2015-02-26', 20, 'Active', NULL, '2015-06-19', '05:29:54 AM'),
(452, 0, 1, 1, 294, 419, 5, 71, 23, 5, 0, 5, 1900, 1900, 1, '2015-02-16', 20, 'Active', NULL, '2015-06-19', '05:33:37 AM'),
(453, 0, 1, 1, 155, 420, 5, 71, 23, 12, 0, 12, 3720, 100130, 16, '2015-02-26', 20, 'Active', NULL, '2015-06-19', '05:35:22 AM'),
(454, 0, 1, 1, 295, 421, 5, 71, 23, 5, 0, 5, 1900, 1900, 1, '2015-02-18', 20, 'Active', NULL, '2015-06-19', '05:39:00 AM'),
(455, 0, 1, 1, 123, 422, 5, 71, 23, 3, 0, 3, 930, 43090, 27, '2015-02-27', 20, 'Active', NULL, '2015-06-19', '05:40:01 AM'),
(456, 0, 1, 1, 296, 423, 5, 71, 23, 1, 0, 1, 380, 380, 1, '2015-02-17', 20, 'Active', NULL, '2015-06-19', '05:43:12 AM'),
(457, 0, 1, 1, 297, 424, 5, 71, 23, 4, 0, 4, 1520, 1520, 1, '2015-02-17', 20, 'Active', NULL, '2015-06-19', '05:46:24 AM'),
(458, 0, 1, 1, 108, 425, 5, 71, 23, 30, 0, 30, 11400, 12160, 2, '2015-02-19', 20, 'Active', NULL, '2015-06-19', '05:47:45 AM'),
(459, 0, 1, 1, 83, 426, 5, 71, 31, 128, 0, 128, 0, 93310, 7, '2015-02-24', 20, 'Active', NULL, '2015-06-19', '05:50:21 AM'),
(460, 0, 1, 1, 298, 427, 5, 71, 23, 200, 0, 200, 62000, 62000, 1, '2015-02-16', 20, 'Active', NULL, '2015-06-19', '05:54:56 AM'),
(461, 0, 1, 1, 110, 428, 5, 71, 23, 100, 0, 100, 31000, 145080, 5, '2015-02-20', 20, 'Active', NULL, '2015-06-19', '05:56:23 AM'),
(462, 0, 1, 1, 110, 429, 5, 71, 23, 85, 0, 85, 26350, 171430, 6, '2015-02-26', 20, 'Active', NULL, '2015-06-19', '05:57:24 AM'),
(463, 0, 1, 1, 171, 430, 5, 71, 23, 110, 0, 110, 34100, 37200, 2, '2015-02-25', 20, 'Active', NULL, '2015-06-19', '05:58:21 AM'),
(464, 0, 1, 1, 267, 431, 5, 71, 31, 132, 0, 132, 27720, 46410, 3, '2015-02-26', 20, 'Active', NULL, '2015-06-19', '05:59:25 AM'),
(465, 0, 1, 1, 267, 432, 5, 71, 23, 58, 0, 58, 0, 46410, 4, '2015-02-27', 20, 'Active', NULL, '2015-06-19', '06:00:25 AM'),
(466, 0, 1, 1, 299, 433, 5, 71, 23, 9, 0, 9, 3420, 3420, 1, '2015-02-17', 20, 'Active', NULL, '2015-06-19', '06:03:18 AM'),
(467, 0, 1, 1, 300, 434, 5, 71, 23, 9, 0, 9, 3420, 3420, 1, '2015-02-25', 20, 'Active', NULL, '2015-06-19', '06:09:12 AM'),
(468, 0, 1, 1, 76, 435, 5, 71, 23, 6, 0, 6, 2280, 4560, 2, '2015-02-18', 20, 'Active', NULL, '2015-06-19', '06:12:07 AM'),
(469, 0, 1, 1, 76, 436, 5, 71, 23, 5, 0, 5, 1900, 6460, 3, '2015-02-20', 20, 'Active', NULL, '2015-06-19', '06:13:06 AM'),
(470, 0, 1, 1, 301, 437, 5, 71, 23, 5, 0, 5, 1900, 1900, 1, '2014-02-17', 20, 'Active', NULL, '2015-06-19', '06:22:37 AM'),
(471, 0, 1, 1, 301, 438, 5, 71, 23, 4, 0, 4, 1520, 3420, 2, '2015-02-17', 20, 'Active', NULL, '2015-06-19', '06:23:34 AM'),
(472, 0, 1, 1, 302, 439, 5, 71, 23, 4, 0, 4, 0, 0, 1, '2015-02-17', 20, 'Active', NULL, '2015-06-19', '06:26:42 AM'),
(473, 0, 1, 1, 69, 440, 5, 71, 23, 2, 0, 2, 620, 47430, 9, '2015-02-20', 20, 'Active', NULL, '2015-06-19', '06:29:14 AM'),
(474, 0, 1, 1, 106, 441, 5, 71, 23, 8, 0, 8, 3040, 6080, 2, '2015-02-26', 20, 'Active', NULL, '2015-06-19', '06:30:57 AM'),
(475, 0, 1, 1, 303, 442, 5, 71, 23, 3, 0, 3, 0, 0, 1, '2015-02-18', 20, 'Active', NULL, '2015-06-19', '06:35:06 AM'),
(476, 0, 1, 1, 304, 443, 5, 71, 23, 4, 0, 4, 1520, 1520, 1, '2015-02-26', 20, 'Active', NULL, '2015-06-19', '06:38:51 AM'),
(477, 0, 1, 1, 305, 444, 5, 71, 23, 3, 0, 3, 1140, 1140, 1, '2015-02-16', 20, 'Active', NULL, '2015-06-19', '06:41:50 AM'),
(478, 0, 1, 1, 306, 445, 5, 71, 23, 1, 0, 1, 380, 380, 1, '2015-02-16', 20, 'Active', NULL, '2015-06-20', '00:42:52 AM'),
(479, 0, 1, 1, 149, 446, 5, 71, 23, 4, 0, 4, 1520, 7600, 3, '2015-02-18', 20, 'Active', NULL, '2015-06-20', '00:44:04 AM'),
(480, 0, 1, 1, 307, 447, 5, 71, 23, 10, 0, 10, 3800, 3800, 1, '2015-02-16', 20, 'Active', NULL, '2015-06-20', '00:46:27 AM'),
(481, 0, 1, 1, 308, 448, 5, 71, 23, 11, 0, 11, 4180, 4180, 1, '2015-02-16', 20, 'Active', NULL, '2015-06-20', '00:51:40 AM'),
(482, 0, 1, 1, 309, 449, 5, 71, 23, 6, 0, 6, 2280, 2280, 1, '2015-02-17', 20, 'Active', NULL, '2015-06-20', '00:57:18 AM'),
(483, 0, 1, 1, 310, 450, 5, 71, 23, 2, 0, 2, 760, 760, 1, '2015-02-18', 20, 'Active', NULL, '2015-06-20', '00:59:36 AM'),
(484, 0, 1, 1, 311, 451, 5, 71, 23, 2, 0, 2, 760, 760, 1, '2015-02-19', 20, 'Active', NULL, '2015-06-20', '01:03:12 AM'),
(485, 0, 1, 1, 312, 452, 5, 71, 23, 2, 0, 2, 760, 760, 1, '2015-02-18', 20, 'Active', NULL, '2015-06-20', '01:17:38 AM'),
(486, 0, 1, 1, 313, 453, 5, 71, 23, 6, 0, 6, 1860, 1860, 1, '2015-02-17', 20, 'Active', NULL, '2015-06-20', '01:20:17 AM'),
(487, 0, 1, 1, 314, 454, 5, 71, 23, 7, 0, 7, 2660, 2660, 1, '2015-02-16', 20, 'Active', NULL, '2015-06-20', '01:22:34 AM'),
(488, 0, 1, 1, 315, 455, 5, 71, 23, 4, 0, 4, 1520, 1520, 1, '2015-02-19', 20, 'Active', NULL, '2015-06-20', '01:24:56 AM'),
(489, 0, 1, 1, 305, 456, 5, 71, 23, 3, 0, 3, 1140, 2280, 2, '2015-02-24', 20, 'Active', NULL, '2015-06-20', '01:25:44 AM'),
(490, 0, 1, 1, 316, 457, 5, 71, 23, 2, 0, 2, 760, 760, 1, '2015-02-18', 20, 'Active', NULL, '2015-06-20', '01:28:11 AM'),
(491, 0, 1, 1, 317, 458, 5, 71, 23, 7, 0, 7, 2660, 2660, 1, '2015-02-26', 20, 'Active', NULL, '2015-06-20', '01:30:41 AM'),
(492, 0, 1, 1, 318, 459, 5, 71, 23, 2, 0, 2, 760, 760, 1, '2015-02-16', 20, 'Active', NULL, '2015-06-20', '01:33:34 AM'),
(493, 0, 1, 1, 319, 460, 5, 71, 23, 1, 0, 1, 380, 380, 1, '2015-02-25', 20, 'Active', NULL, '2015-06-20', '01:36:02 AM'),
(494, 0, 1, 1, 320, 461, 5, 71, 23, 3, 0, 3, 1140, 1140, 1, '2015-02-16', 20, 'Active', NULL, '2015-06-20', '01:43:38 AM'),
(495, 0, 1, 1, 321, 462, 5, 71, 23, 8, 0, 8, 3040, 3040, 1, '2015-02-16', 20, 'Active', NULL, '2015-06-20', '01:45:50 AM'),
(496, 0, 1, 1, 322, 463, 5, 71, 23, 6, 0, 6, 2280, 2280, 1, '2015-02-25', 20, 'Active', NULL, '2015-06-20', '01:48:20 AM'),
(497, 0, 1, 1, 323, 464, 5, 71, 23, 5, 0, 5, 1550, 1550, 1, '2015-02-25', 20, 'Active', NULL, '2015-06-20', '01:54:58 AM'),
(498, 0, 1, 1, 324, 465, 5, 71, 23, 5, 0, 5, 1900, 1900, 1, '2015-02-17', 20, 'Active', NULL, '2015-06-20', '01:57:44 AM'),
(499, 0, 1, 1, 325, 466, 5, 71, 23, 1, 0, 1, 380, 380, 1, '2015-02-25', 20, 'Active', NULL, '2015-06-20', '02:00:30 AM'),
(500, 0, 1, 1, 129, 467, 5, 71, 23, 13, 0, 13, 4030, 22320, 4, '2015-02-20', 20, 'Active', NULL, '2015-06-20', '02:01:27 AM'),
(501, 0, 1, 1, 326, 468, 5, 71, 23, 1, 0, 1, 380, 380, 1, '2015-02-16', 20, 'Active', NULL, '2015-06-20', '02:04:33 AM'),
(502, 0, 1, 1, 327, 469, 5, 71, 23, 2, 0, 2, 760, 760, 1, '2015-02-25', 20, 'Active', NULL, '2015-06-20', '02:08:25 AM'),
(503, 0, 1, 1, 328, 470, 5, 71, 23, 5, 0, 5, 1900, 1900, 1, '2015-02-17', 20, 'Active', NULL, '2015-06-20', '02:21:47 AM'),
(504, 0, 1, 1, 329, 471, 5, 71, 23, 6, 0, 6, 2280, 2280, 1, '2015-02-19', 20, 'Active', NULL, '2015-06-20', '02:26:55 AM'),
(505, 0, 1, 1, 330, 472, 5, 71, 23, 6, 0, 6, 2280, 2280, 1, '2015-02-17', 20, 'Active', NULL, '2015-06-20', '02:36:04 AM'),
(506, 0, 1, 1, 144, 473, 5, 71, 23, 10, 0, 10, 3800, 8740, 3, '2015-02-18', 20, 'Active', NULL, '2015-06-20', '02:37:25 AM'),
(507, 0, 1, 1, 122, 474, 5, 71, 23, 6, 0, 6, 2280, 3040, 2, '2015-02-17', 20, 'Active', NULL, '2015-06-20', '02:38:38 AM'),
(508, 0, 1, 1, 290, 475, 5, 71, 23, 5, 0, 5, 1550, 13950, 2, '2015-02-24', 20, 'Active', NULL, '2015-06-20', '02:42:02 AM'),
(509, 0, 1, 1, 290, 476, 5, 71, 23, 5, 0, 5, 1550, 15500, 3, '2015-02-25', 20, 'Active', NULL, '2015-06-20', '02:43:05 AM'),
(510, 0, 1, 1, 290, 477, 5, 71, 23, 30, 0, 30, 9300, 24800, 4, '2015-02-27', 20, 'Active', NULL, '2015-06-20', '02:43:48 AM'),
(511, 0, 1, 1, 331, 478, 5, 71, 23, 4, 0, 4, 1520, 1520, 1, '2015-02-17', 20, 'Active', NULL, '2015-06-20', '02:49:58 AM'),
(512, 0, 1, 1, 332, 479, 5, 71, 23, 3, 0, 3, 1140, 1140, 1, '2015-02-16', 20, 'Active', NULL, '2015-06-20', '02:57:04 AM'),
(513, 0, 1, 1, 333, 480, 5, 71, 23, 2, 0, 2, 760, 760, 1, '2015-02-18', 20, 'Active', NULL, '2015-06-20', '02:59:37 AM'),
(514, 0, 1, 1, 333, 481, 5, 71, 23, 1, 0, 1, 380, 1140, 2, '2015-02-17', 20, 'Active', NULL, '2015-06-20', '03:01:42 AM'),
(515, 0, 1, 1, 334, 482, 5, 71, 23, 3, 0, 3, 1140, 1140, 1, '2015-02-16', 20, 'Active', NULL, '2015-06-20', '04:53:39 AM'),
(516, 0, 1, 1, 335, 483, 5, 71, 23, 6, 0, 6, 2280, 2280, 1, '2015-02-16', 20, 'Active', NULL, '2015-06-20', '04:55:45 AM'),
(517, 0, 1, 1, 336, 484, 5, 71, 23, 10, 0, 10, 3800, 3800, 1, '2015-02-17', 20, 'Active', NULL, '2015-06-20', '04:58:21 AM'),
(518, 0, 1, 1, 123, 485, 5, 71, 23, 9, 0, 9, 2790, 45880, 28, '2015-02-27', 20, 'Active', NULL, '2015-06-20', '04:59:06 AM'),
(519, 0, 1, 1, 123, 486, 5, 71, 23, 3, 0, 3, 930, 46810, 29, '2015-03-01', 20, 'Active', NULL, '2015-06-20', '04:59:44 AM'),
(520, 0, 1, 1, 123, 487, 5, 71, 23, 3, 0, 3, 930, 47740, 30, '2015-03-01', 20, 'Active', NULL, '2015-06-20', '05:00:27 AM'),
(521, 0, 1, 1, 123, 488, 5, 71, 23, 2, 0, 2, 620, 48360, 31, '2015-03-01', 20, 'Active', NULL, '2015-06-20', '05:01:07 AM'),
(522, 0, 1, 1, 123, 489, 5, 71, 23, 2, 0, 2, 620, 48980, 32, '2015-03-01', 20, 'Active', NULL, '2015-06-20', '05:02:48 AM'),
(523, 0, 1, 1, 123, 490, 5, 71, 23, 2, 0, 2, 620, 49600, 33, '2015-03-01', 20, 'Active', NULL, '2015-06-20', '05:03:30 AM'),
(524, 0, 1, 1, 337, 491, 5, 71, 23, 5, 0, 5, 1900, 1900, 1, '2015-02-16', 20, 'Active', NULL, '2015-06-20', '05:11:33 AM'),
(525, 0, 1, 1, 155, 492, 5, 71, 23, 10, 0, 10, 3100, 103230, 17, '2015-03-01', 20, 'Active', NULL, '2015-06-20', '05:12:30 AM'),
(526, 0, 1, 1, 155, 493, 5, 71, 23, 8, 0, 8, 2480, 105710, 18, '2015-03-01', 20, 'Active', NULL, '2015-06-20', '05:13:09 AM'),
(527, 0, 1, 1, 155, 494, 5, 71, 23, 9, 0, 9, 2790, 108500, 19, '2015-03-01', 20, 'Active', NULL, '2015-06-20', '05:13:50 AM'),
(528, 0, 1, 1, 338, 495, 5, 71, 23, 6, 0, 6, 2280, 2280, 1, '2015-02-16', 20, 'Active', NULL, '2015-06-20', '05:18:13 AM'),
(529, 0, 1, 1, 262, 496, 5, 71, 23, 5, 0, 5, 1900, 2280, 2, '2015-02-16', 20, 'Active', NULL, '2015-06-20', '05:22:33 AM'),
(530, 0, 1, 1, 340, 497, 5, 71, 23, 2, 0, 2, 760, 760, 1, '2015-02-16', 20, 'Active', NULL, '2015-06-20', '23:49:30 PM'),
(531, 0, 1, 1, 341, 498, 5, 71, 23, 14, 0, 14, 5320, 5320, 1, '2015-02-17', 20, 'Active', NULL, '2015-06-20', '23:55:39 PM'),
(532, 0, 1, 1, 224, 499, 5, 71, 23, 3, 0, 3, 930, 17050, 8, '2015-02-26', 20, 'Active', NULL, '2015-06-20', '23:56:33 PM'),
(533, 0, 1, 1, 167, 500, 5, 71, 23, 30, 0, 30, 9300, 82460, 7, '2015-02-18', 20, 'Active', NULL, '2015-06-20', '23:57:28 PM'),
(534, 0, 1, 1, 259, 501, 5, 71, 23, 6, 0, 6, 1860, 12090, 3, '2015-02-24', 20, 'Active', NULL, '2015-06-20', '23:58:13 PM'),
(535, 0, 1, 1, 71, 502, 5, 71, 23, 6, 0, 6, 1860, 47430, 6, '2015-02-24', 20, 'Active', NULL, '2015-06-20', '23:59:39 PM'),
(536, 0, 1, 1, 225, 503, 5, 71, 23, 7, 0, 7, 2170, 9920, 3, '2015-02-24', 20, 'Active', NULL, '2015-06-21', '00:01:06 AM'),
(537, 0, 1, 1, 225, 504, 5, 71, 23, 24, 0, 24, 7440, 17360, 4, '2015-02-24', 20, 'Active', NULL, '2015-06-21', '00:02:17 AM'),
(538, 0, 1, 1, 225, 505, 5, 71, 23, 7, 0, 7, 2170, 19530, 5, '2015-02-25', 20, 'Active', NULL, '2015-06-21', '00:03:18 AM'),
(539, 0, 1, 1, 342, 506, 5, 71, 23, 41, 0, 41, 12710, 12710, 1, '2015-02-16', 20, 'Active', NULL, '2015-06-21', '00:06:10 AM'),
(540, 0, 1, 1, 343, 507, 5, 71, 31, 200, 0, 200, 42000, 42000, 1, '2015-02-16', 20, 'Active', NULL, '2015-06-21', '00:20:08 AM'),
(541, 0, 1, 1, 344, 508, 5, 71, 23, 3, 0, 3, 1140, 1140, 1, '2015-02-16', 20, 'Active', NULL, '2015-06-21', '00:26:22 AM'),
(542, 0, 1, 1, 110, 509, 5, 71, 23, 91, 0, 91, 28210, 199640, 7, '2015-06-21', 20, 'Active', NULL, '2015-06-21', '00:28:11 AM'),
(543, 0, 1, 1, 110, 510, 5, 71, 23, 100, 0, 100, 31000, 230640, 8, '2015-02-25', 20, 'Active', NULL, '2015-06-21', '00:29:17 AM'),
(544, 0, 1, 1, 343, 511, 5, 71, 31, 200, 0, 200, 42000, 84000, 2, '2015-02-17', 20, 'Active', NULL, '2015-06-21', '00:30:16 AM'),
(545, 0, 1, 1, 345, 512, 5, 71, 23, 211, 0, 211, 65410, 65410, 1, '2015-02-16', 20, 'Active', NULL, '2015-06-21', '00:35:55 AM'),
(546, 0, 1, 1, 345, 513, 5, 71, 23, 210, 0, 210, 65100, 130510, 2, '2015-02-17', 20, 'Active', NULL, '2015-06-21', '00:37:07 AM'),
(547, 0, 1, 1, 345, 514, 5, 71, 23, 109, 0, 109, 33790, 164300, 3, '2015-02-18', 20, 'Active', NULL, '2015-06-21', '00:38:12 AM'),
(548, 0, 1, 1, 346, 515, 5, 71, 23, 21, 0, 21, 7980, 7980, 1, '2015-02-18', 20, 'Active', NULL, '2015-06-21', '00:42:24 AM'),
(549, 0, 1, 1, 347, 516, 5, 71, 23, 2, 0, 2, 760, 760, 1, '2015-02-16', 20, 'Active', NULL, '2015-06-21', '00:45:52 AM'),
(550, 0, 1, 1, 348, 517, 5, 71, 23, 1, 0, 1, 380, 380, 1, '2015-02-17', 20, 'Active', NULL, '2015-06-21', '01:16:10 AM'),
(551, 0, 1, 1, 349, 518, 5, 71, 23, 2, 0, 2, 760, 760, 1, '2015-02-16', 20, 'Active', NULL, '2015-06-21', '01:18:01 AM'),
(552, 0, 1, 1, 350, 519, 5, 71, 23, 3, 0, 3, 1140, 1140, 1, '2015-02-16', 20, 'Active', NULL, '2015-06-21', '01:20:08 AM'),
(553, 0, 1, 1, 352, 520, 5, 71, 23, 3, 0, 3, 1140, 1140, 1, '2015-02-16', 20, 'Active', NULL, '2015-06-21', '01:23:32 AM'),
(554, 0, 1, 1, 352, 521, 5, 71, 23, 2, 0, 2, 760, 1900, 2, '2015-02-17', 20, 'Active', NULL, '2015-06-21', '01:24:15 AM'),
(555, 0, 1, 1, 353, 522, 5, 71, 23, 1, 0, 1, 380, 380, 1, '2015-02-16', 20, 'Active', NULL, '2015-06-21', '01:53:19 AM'),
(556, 0, 1, 1, 354, 523, 5, 71, 23, 4, 0, 4, 1520, 1520, 1, '2015-02-17', 20, 'Active', NULL, '2015-06-21', '01:56:25 AM'),
(557, 0, 1, 1, 355, 524, 5, 71, 23, 3, 0, 3, 1140, 1140, 1, '2015-02-16', 20, 'Active', NULL, '2015-06-21', '02:33:26 AM'),
(558, 0, 1, 1, 356, 525, 5, 71, 23, 2, 0, 2, 760, 760, 1, '2015-02-16', 20, 'Active', NULL, '2015-06-21', '02:35:32 AM'),
(559, 0, 1, 1, 357, 526, 5, 71, 23, 3, 0, 3, 1140, 1140, 1, '2015-02-16', 20, 'Active', NULL, '2015-06-21', '02:37:31 AM'),
(560, 0, 1, 1, 358, 527, 5, 71, 23, 5, 0, 5, 1900, 1900, 1, '2015-02-16', 20, 'Active', NULL, '2015-06-21', '02:40:54 AM'),
(561, 0, 1, 1, 359, 528, 5, 71, 23, 6, 0, 6, 2280, 2280, 1, '2015-02-16', 20, 'Active', NULL, '2015-06-21', '02:43:47 AM'),
(562, 0, 1, 1, 360, 529, 5, 71, 23, 5, 0, 5, 1900, 1900, 1, '2015-02-16', 20, 'Active', NULL, '2015-06-21', '02:48:09 AM'),
(563, 0, 1, 1, 361, 530, 5, 71, 23, 2, 0, 2, 760, 760, 1, '2015-02-16', 20, 'Active', NULL, '2015-06-21', '02:58:56 AM'),
(564, 0, 1, 1, 71, 531, 5, 71, 23, 6, 0, 6, 1860, 49290, 7, '2015-02-26', 20, 'Active', NULL, '2015-06-21', '03:00:11 AM'),
(565, 0, 1, 1, 362, 532, 5, 71, 23, 4, 0, 4, 1520, 1520, 1, '2015-02-16', 20, 'Active', NULL, '2015-06-21', '03:03:41 AM'),
(566, 0, 1, 1, 363, 533, 5, 71, 23, 5, 0, 5, 1900, 1900, 1, '2015-02-16', 20, 'Active', NULL, '2015-06-21', '03:06:35 AM'),
(567, 0, 1, 1, 364, 534, 5, 71, 23, 2, 0, 2, 760, 760, 1, '2015-02-16', 20, 'Active', NULL, '2015-06-21', '03:08:37 AM'),
(568, 0, 1, 1, 365, 535, 5, 71, 23, 4, 0, 4, 1520, 1520, 1, '2015-02-16', 20, 'Active', NULL, '2015-06-21', '03:10:26 AM'),
(569, 0, 1, 1, 366, 536, 5, 71, 23, 165, 0, 165, 51150, 51150, 1, '2015-02-17', 20, 'Active', NULL, '2015-06-21', '03:42:57 AM'),
(570, 0, 1, 1, 367, 537, 5, 71, 23, 6, 0, 6, 2280, 2280, 1, '2015-02-17', 20, 'Active', NULL, '2015-06-21', '03:58:11 AM'),
(571, 0, 1, 1, 368, 538, 5, 71, 23, 4, 0, 4, 1520, 1520, 1, '2015-02-16', 20, 'Active', NULL, '2015-06-21', '05:01:45 AM'),
(572, 0, 1, 1, 369, 539, 5, 71, 23, 8, 0, 8, 3040, 3040, 1, '2015-02-17', 20, 'Active', NULL, '2015-06-21', '05:03:59 AM'),
(573, 0, 1, 1, 370, 540, 5, 71, 23, 7, 0, 7, 2660, 2660, 1, '2015-02-17', 20, 'Active', NULL, '2015-06-21', '05:06:23 AM'),
(574, 0, 1, 1, 371, 541, 5, 71, 23, 2, 0, 2, 760, 760, 1, '2015-02-16', 20, 'Active', NULL, '2015-06-21', '05:08:16 AM'),
(575, 0, 1, 1, 372, 542, 5, 71, 23, 2, 0, 2, 760, 760, 1, '2015-02-16', 20, 'Active', NULL, '2015-06-21', '05:10:26 AM'),
(576, 0, 1, 1, 366, 543, 5, 71, 23, 189, 0, 189, 58590, 109740, 2, '2015-02-17', 20, 'Active', NULL, '2015-06-21', '05:11:30 AM'),
(577, 0, 1, 1, 373, 544, 5, 71, 23, 2, 0, 2, 760, 760, 1, '2015-02-17', 20, 'Active', NULL, '2015-06-21', '05:13:46 AM'),
(578, 0, 1, 1, 374, 545, 5, 71, 23, 1, 0, 1, 380, 380, 1, '2015-02-18', 20, 'Active', NULL, '2015-06-21', '05:15:24 AM'),
(579, 0, 1, 1, 375, 546, 5, 71, 23, 3, 0, 3, 1140, 1140, 1, '2015-02-18', 20, 'Active', NULL, '2015-06-21', '05:17:13 AM'),
(580, 0, 1, 1, 375, 547, 5, 71, 23, 5, 0, 5, 1900, 3040, 2, '2015-02-16', 20, 'Active', NULL, '2015-06-21', '05:19:10 AM'),
(581, 0, 1, 1, 377, 548, 5, 71, 23, 2, 0, 2, 760, 760, 1, '2015-02-18', 20, 'Active', NULL, '2015-06-21', '05:21:29 AM'),
(582, 0, 1, 1, 129, 549, 5, 71, 23, 16, 0, 16, 4960, 27280, 5, '2015-02-25', 20, 'Active', NULL, '2015-06-21', '05:22:22 AM'),
(583, 0, 1, 1, 378, 550, 5, 71, 23, 27, 0, 27, 8370, 8370, 1, '2015-02-17', 20, 'Active', NULL, '2015-06-21', '05:28:14 AM'),
(584, 0, 1, 1, 379, 551, 5, 71, 23, 2, 0, 2, 760, 760, 1, '2015-02-16', 20, 'Active', NULL, '2015-06-21', '05:30:31 AM'),
(585, 0, 1, 1, 380, 552, 5, 71, 23, 6, 0, 6, 2280, 2280, 1, '2015-02-16', 20, 'Active', NULL, '2015-06-21', '05:32:17 AM'),
(586, 0, 1, 1, 71, 553, 5, 71, 23, 4, 0, 4, 1240, 50530, 8, '2015-02-26', 20, 'Active', NULL, '2015-06-23', '00:00:37 AM'),
(587, 0, 1, 1, 381, 554, 5, 71, 23, 18, 0, 18, 6840, 6840, 1, '2015-02-16', 20, 'Active', NULL, '2015-06-23', '00:04:09 AM'),
(588, 0, 1, 1, 382, 555, 5, 71, 23, 2, 0, 2, 760, 760, 1, '2015-02-16', 20, 'Active', NULL, '2015-06-23', '00:14:19 AM'),
(589, 0, 1, 1, 383, 556, 5, 71, 23, 8, 0, 8, 3040, 3040, 1, '2015-02-16', 20, 'Active', NULL, '2015-06-23', '00:17:14 AM'),
(590, 0, 1, 1, 259, 557, 5, 71, 23, 19, 0, 19, 5890, 17980, 4, '2015-02-25', 20, 'Active', NULL, '2015-06-23', '00:18:11 AM'),
(591, 0, 1, 1, 259, 558, 5, 71, 23, 12, 0, 12, 3720, 21700, 5, '2015-02-25', 20, 'Active', NULL, '2015-06-23', '00:18:56 AM'),
(592, 0, 1, 1, 259, 559, 5, 71, 23, 8, 0, 8, 2480, 24180, 6, '2015-02-26', 20, 'Active', NULL, '2015-06-23', '00:20:25 AM'),
(593, 0, 1, 1, 345, 560, 5, 71, 23, 100, 0, 100, 31000, 195300, 4, '2015-02-18', 20, 'Active', NULL, '2015-06-23', '00:21:39 AM'),
(594, 0, 1, 1, 71, 561, 5, 71, 23, 7, 0, 7, 2170, 52700, 9, '2015-02-26', 20, 'Active', NULL, '2015-06-23', '00:22:43 AM'),
(595, 0, 1, 1, 384, 562, 5, 71, 23, 2, 0, 2, 760, 760, 1, '2015-02-16', 20, 'Active', NULL, '2015-06-23', '00:25:25 AM'),
(596, 0, 1, 1, 385, 563, 5, 71, 23, 2, 0, 2, 760, 760, 1, '2015-02-16', 20, 'Active', NULL, '2015-06-23', '00:28:34 AM'),
(597, 0, 1, 1, 386, 564, 5, 71, 23, 6, 0, 6, 2280, 2280, 1, '2015-02-16', 20, 'Active', NULL, '2015-06-23', '00:31:24 AM'),
(598, 0, 1, 1, 387, 565, 5, 71, 23, 1, 0, 1, 380, 380, 1, '2015-02-16', 20, 'Active', NULL, '2015-06-23', '00:36:47 AM'),
(599, 0, 1, 1, 388, 566, 5, 71, 23, 5, 0, 5, 1900, 1900, 1, '2015-02-16', 20, 'Active', NULL, '2015-06-23', '00:39:05 AM'),
(600, 0, 1, 1, 389, 567, 5, 71, 23, 10, 0, 10, 3800, 3800, 1, '2015-02-16', 20, 'Active', NULL, '2015-06-23', '00:42:44 AM'),
(601, 0, 1, 1, 390, 568, 5, 71, 23, 5, 0, 5, 1900, 1900, 1, '2015-02-16', 20, 'Active', NULL, '2015-06-23', '00:45:11 AM'),
(602, 0, 1, 1, 391, 569, 5, 71, 23, 1, 0, 1, 380, 380, 1, '2015-02-16', 20, 'Active', NULL, '2015-06-23', '00:47:20 AM'),
(603, 0, 1, 1, 392, 570, 5, 71, 23, 1, 0, 1, 380, 380, 1, '2015-02-16', 20, 'Active', NULL, '2015-06-23', '00:49:47 AM'),
(604, 0, 1, 1, 393, 571, 5, 71, 23, 1, 0, 1, 380, 380, 1, '2015-02-16', 20, 'Active', NULL, '2015-06-23', '00:52:03 AM'),
(605, 0, 1, 1, 394, 572, 5, 71, 23, 3, 0, 3, 1140, 1140, 1, '2015-02-16', 20, 'Active', NULL, '2015-06-23', '01:04:07 AM'),
(606, 0, 1, 1, 395, 573, 5, 71, 23, 2, 0, 2, 760, 760, 1, '2015-02-16', 20, 'Active', NULL, '2015-06-23', '01:48:26 AM'),
(607, 0, 1, 1, 396, 574, 5, 71, 23, 2, 0, 2, 760, 760, 1, '2015-02-16', 20, 'Active', NULL, '2015-06-23', '01:53:37 AM'),
(608, 0, 1, 1, 397, 575, 5, 71, 23, 1, 0, 1, 380, 380, 1, '2015-02-16', 20, 'Active', NULL, '2015-06-23', '02:19:10 AM'),
(609, 0, 1, 1, 82, 576, 5, 71, 23, 20, 0, 20, 6200, 84940, 12, '2015-02-25', 20, 'Active', NULL, '2015-06-23', '02:19:55 AM'),
(610, 0, 1, 1, 82, 577, 5, 71, 23, 14, 0, 14, 4340, 89280, 13, '2015-02-26', 20, 'Active', NULL, '2015-06-23', '02:20:40 AM'),
(611, 0, 1, 1, 398, 578, 5, 71, 23, 8, 0, 8, 3040, 3040, 1, '2015-02-18', 20, 'Active', NULL, '2015-06-23', '02:23:55 AM'),
(612, 0, 1, 1, 399, 579, 5, 71, 23, 3, 0, 3, 1140, 1140, 1, '2015-02-16', 20, 'Active', NULL, '2015-06-23', '02:26:40 AM'),
(613, 0, 1, 1, 260, 580, 5, 71, 23, 11, 0, 11, 3410, 36580, 9, '2015-02-17', 20, 'Active', NULL, '2015-06-23', '02:27:35 AM'),
(614, 0, 1, 1, 260, 581, 5, 71, 23, 10, 0, 10, 3100, 39680, 10, '2015-02-19', 20, 'Active', NULL, '2015-06-23', '02:28:21 AM'),
(615, 0, 1, 1, 260, 582, 5, 71, 23, 12, 0, 12, 3720, 43400, 11, '2015-02-20', 20, 'Active', NULL, '2015-06-23', '02:29:42 AM'),
(616, 0, 1, 1, 260, 583, 5, 71, 23, 8, 0, 8, 2480, 45880, 12, '2015-02-18', 20, 'Active', NULL, '2015-06-23', '02:39:17 AM'),
(617, 0, 1, 1, 343, 584, 5, 71, 31, 79, 0, 79, 16590, 100590, 3, '2015-02-19', 20, 'Active', NULL, '2015-06-23', '02:40:13 AM'),
(618, 0, 1, 1, 345, 585, 5, 71, 23, 100, 0, 100, 31000, 226300, 5, '2015-02-19', 20, 'Active', NULL, '2015-06-23', '02:42:35 AM'),
(619, 0, 1, 1, 345, 586, 5, 71, 23, 198, 0, 198, 61380, 287680, 6, '2015-02-20', 20, 'Active', NULL, '2015-06-23', '02:43:22 AM'),
(620, 0, 1, 1, 268, 587, 5, 71, 23, 180, 0, 180, 55800, 111600, 3, '2015-02-25', 20, 'Active', NULL, '2015-06-23', '02:44:22 AM'),
(621, 0, 1, 1, 346, 588, 5, 71, 23, 19, 0, 19, 7220, 15200, 2, '2015-02-17', 20, 'Active', NULL, '2015-06-23', '03:01:01 AM'),
(622, 0, 1, 1, 400, 589, 5, 71, 23, 60, 0, 60, 18600, 18600, 1, '2015-02-16', 20, 'Active', NULL, '2015-06-23', '03:03:29 AM'),
(623, 0, 1, 1, 345, 590, 5, 71, 23, 110, 0, 110, 34100, 321780, 7, '2015-02-18', 20, 'Active', NULL, '2015-06-23', '03:04:40 AM'),
(624, 0, 1, 1, 402, 591, 5, 71, 23, 28, 0, 28, 10640, 10640, 1, '2015-02-17', 20, 'Active', NULL, '2015-06-23', '03:14:39 AM'),
(625, 0, 1, 1, 403, 592, 5, 71, 23, 4, 0, 4, 1520, 1520, 1, '2015-02-17', 20, 'Active', NULL, '2015-06-23', '03:17:41 AM'),
(626, 0, 1, 1, 305, 593, 5, 71, 23, 7, 0, 7, 2660, 4940, 3, '2015-02-17', 20, 'Active', NULL, '2015-06-23', '03:19:06 AM'),
(627, 0, 1, 1, 404, 594, 5, 71, 23, 3, 0, 3, 1140, 1140, 1, '2015-02-16', 20, 'Active', NULL, '2015-06-23', '03:21:01 AM'),
(628, 0, 1, 1, 259, 595, 5, 71, 23, 20, 0, 20, 6200, 30380, 7, '2015-02-26', 20, 'Active', NULL, '2015-06-23', '03:22:01 AM'),
(629, 0, 1, 1, 259, 596, 5, 71, 23, 7, 0, 7, 2170, 32550, 8, '2015-02-27', 20, 'Active', NULL, '2015-06-23', '03:22:46 AM'),
(630, 0, 1, 1, 405, 597, 5, 71, 23, 4, 0, 4, 1520, 1520, 1, '2015-02-16', 20, 'Active', NULL, '2015-06-23', '03:25:08 AM'),
(631, 0, 1, 1, 406, 598, 5, 71, 23, 1, 0, 1, 380, 380, 1, '2015-02-17', 20, 'Active', NULL, '2015-06-23', '03:29:21 AM'),
(632, 0, 1, 1, 407, 599, 5, 71, 23, 4, 0, 4, 1520, 1520, 1, '2015-02-17', 20, 'Active', NULL, '2015-06-23', '04:17:03 AM'),
(633, 0, 1, 1, 408, 600, 5, 71, 23, 2, 0, 2, 760, 760, 1, '2015-02-17', 20, 'Active', NULL, '2015-06-23', '04:20:11 AM'),
(634, 0, 1, 1, 409, 601, 5, 71, 23, 4, 0, 4, 1520, 1520, 1, '2015-02-17', 20, 'Active', NULL, '2015-06-23', '04:25:09 AM'),
(635, 0, 1, 1, 410, 602, 5, 71, 23, 1, 0, 1, 380, 380, 1, '2015-02-17', 20, 'Active', NULL, '2015-06-23', '04:27:49 AM'),
(636, 0, 1, 1, 411, 603, 5, 71, 23, 3, 0, 3, 1140, 1140, 1, '2015-02-16', 20, 'Active', NULL, '2015-06-23', '05:55:22 AM'),
(637, 0, 1, 1, 412, 604, 5, 71, 23, 1, 0, 1, 380, 380, 1, '2015-02-17', 20, 'Active', NULL, '2015-06-23', '05:56:03 AM'),
(638, 0, 1, 1, 413, 605, 5, 71, 23, 2, 0, 2, 760, 760, 1, '2015-02-16', 20, 'Active', NULL, '2015-06-23', '05:56:56 AM'),
(639, 0, 1, 1, 414, 606, 5, 71, 23, 7, 0, 7, 2660, 2660, 1, '2015-02-16', 20, 'Active', NULL, '2015-06-23', '05:57:42 AM'),
(640, 0, 1, 1, 415, 607, 5, 71, 23, 3, 0, 3, 1140, 1140, 1, '2015-02-16', 20, 'Active', NULL, '2015-06-23', '05:58:35 AM'),
(641, 0, 1, 1, 416, 608, 5, 71, 23, 4, 0, 4, 1520, 1520, 1, '2015-02-16', 20, 'Active', NULL, '2015-06-23', '05:59:34 AM'),
(642, 0, 1, 1, 417, 609, 5, 71, 23, 2, 0, 2, 760, 760, 1, '2015-02-16', 20, 'Active', NULL, '2015-06-23', '06:00:15 AM'),
(643, 0, 1, 1, 418, 610, 5, 71, 23, 4, 0, 4, 1520, 1520, 1, '2015-02-16', 20, 'Active', NULL, '2015-06-23', '06:00:57 AM'),
(644, 0, 1, 1, 419, 611, 5, 71, 23, 1, 0, 1, 380, 380, 1, '2015-02-17', 20, 'Active', NULL, '2015-06-23', '06:01:46 AM'),
(645, 0, 1, 1, 420, 612, 5, 71, 23, 3, 0, 3, 1140, 1140, 1, '2015-02-16', 20, 'Active', NULL, '2015-06-23', '06:02:32 AM'),
(646, 0, 1, 1, 421, 613, 5, 71, 23, 6, 0, 6, 2280, 2280, 1, '2015-02-16', 20, 'Active', NULL, '2015-06-23', '06:06:03 AM'),
(647, 0, 1, 1, 422, 614, 5, 71, 23, 3, 0, 3, 1140, 1140, 1, '2015-02-16', 20, 'Active', NULL, '2015-06-23', '06:08:33 AM'),
(648, 0, 1, 1, 368, 615, 5, 71, 23, 3, 0, 3, 1140, 2660, 2, '2015-02-17', 20, 'Active', NULL, '2015-06-23', '06:11:05 AM'),
(649, 0, 1, 1, 423, 616, 5, 71, 23, 3, 0, 3, 1140, 1140, 1, '2015-02-16', 20, 'Active', NULL, '2015-06-23', '06:23:20 AM'),
(650, 0, 1, 1, 424, 617, 5, 71, 23, 6, 0, 6, 2280, 2280, 1, '2015-02-16', 20, 'Active', NULL, '2015-06-23', '06:24:03 AM'),
(651, 0, 1, 1, 425, 618, 5, 71, 23, 3, 0, 3, 1140, 1140, 1, '2015-02-17', 20, 'Active', NULL, '2015-06-23', '06:24:50 AM'),
(652, 0, 1, 1, 426, 619, 5, 71, 23, 24, 0, 24, 9120, 9120, 1, '2015-02-16', 20, 'Active', NULL, '2015-06-23', '06:25:33 AM'),
(653, 0, 1, 1, 427, 620, 5, 71, 23, 4, 0, 4, 1520, 1520, 1, '2015-02-16', 20, 'Active', NULL, '2015-06-23', '06:26:19 AM'),
(654, 0, 1, 1, 428, 621, 5, 71, 23, 10, 0, 10, 3800, 3800, 1, '2015-02-16', 20, 'Active', NULL, '2015-06-23', '06:27:44 AM'),
(655, 0, 1, 1, 429, 622, 5, 71, 23, 3, 0, 3, 1140, 1140, 1, '2015-02-17', 20, 'Active', NULL, '2015-06-23', '06:28:18 AM'),
(656, 0, 1, 1, 430, 623, 5, 71, 23, 4, 0, 4, 1520, 1520, 1, '2015-02-16', 20, 'Active', NULL, '2015-06-23', '06:29:02 AM'),
(657, 0, 1, 1, 431, 624, 5, 71, 23, 6, 0, 6, 2280, 2280, 1, '2015-02-16', 20, 'Active', NULL, '2015-06-23', '06:29:51 AM'),
(658, 0, 1, 1, 432, 625, 5, 71, 23, 4, 0, 4, 1520, 1520, 1, '2015-02-16', 20, 'Active', NULL, '2015-06-23', '23:09:22 PM'),
(659, 0, 1, 1, 433, 626, 5, 71, 23, 4, 0, 4, 1520, 1520, 1, '2015-02-16', 20, 'Active', NULL, '2015-06-23', '23:10:21 PM'),
(660, 0, 1, 1, 435, 627, 5, 71, 23, 5, 0, 5, 1900, 1900, 1, '2015-02-16', 20, 'Active', NULL, '2015-06-23', '23:16:44 PM'),
(661, 0, 1, 1, 436, 628, 5, 71, 23, 10, 0, 10, 3800, 3800, 1, '2015-02-16', 20, 'Active', NULL, '2015-06-23', '23:19:44 PM'),
(662, 0, 1, 1, 434, 629, 5, 71, 23, 30, 0, 30, 11400, 11400, 1, '2015-02-16', 20, 'Active', NULL, '2015-06-23', '23:22:05 PM'),
(663, 0, 1, 1, 434, 630, 5, 71, 23, 1, 0, 1, 380, 11780, 2, '2015-02-17', 20, 'Active', NULL, '2015-06-23', '23:22:57 PM'),
(664, 0, 1, 1, 437, 631, 5, 71, 23, 4, 0, 4, 1520, 1520, 1, '2015-02-16', 20, 'Active', NULL, '2015-06-24', '00:26:19 AM'),
(665, 0, 1, 1, 438, 632, 5, 71, 23, 41, 0, 41, 12710, 12710, 1, '2015-02-17', 20, 'Active', NULL, '2015-06-24', '00:32:47 AM'),
(666, 0, 1, 1, 70, 633, 5, 71, 23, 220, 0, 220, 68200, 325500, 5, '2015-02-19', 20, 'Active', NULL, '2015-06-24', '00:36:31 AM'),
(667, 0, 1, 1, 400, 634, 5, 71, 23, 60, 0, 60, 18600, 37200, 2, '2015-02-18', 20, 'Active', NULL, '2015-06-24', '00:37:34 AM'),
(668, 0, 1, 1, 167, 635, 5, 71, 23, 50, 0, 50, 15500, 97960, 8, '2015-02-25', 20, 'Active', NULL, '2015-06-24', '00:52:47 AM'),
(669, 0, 1, 1, 167, 636, 5, 71, 23, 60, 0, 60, 18600, 116560, 9, '2015-02-19', 20, 'Active', NULL, '2015-06-24', '00:53:40 AM'),
(670, 0, 1, 1, 345, 637, 5, 71, 23, 204, 0, 204, 63240, 385020, 8, '2015-02-18', 20, 'Active', NULL, '2015-06-24', '00:54:51 AM'),
(671, 0, 1, 1, 129, 638, 5, 71, 23, 55, 0, 55, 17050, 44330, 6, '2015-02-20', 20, 'Active', NULL, '2015-06-24', '00:55:53 AM'),
(672, 0, 1, 1, 268, 639, 5, 71, 23, 125, 0, 125, 38750, 150350, 4, '2015-02-17', 20, 'Active', NULL, '2015-06-24', '00:57:13 AM'),
(673, 0, 1, 1, 225, 640, 5, 71, 23, 3, 0, 3, 930, 20460, 6, '2015-02-20', 20, 'Active', NULL, '2015-06-24', '01:00:24 AM'),
(674, 0, 1, 1, 225, 641, 5, 71, 23, 5, 0, 5, 1550, 22010, 7, '2015-02-20', 20, 'Active', NULL, '2015-06-24', '01:02:02 AM'),
(675, 0, 1, 1, 439, 642, 5, 71, 23, 6, 0, 6, 2280, 2280, 1, '2015-02-18', 20, 'Active', NULL, '2015-06-24', '01:53:02 AM'),
(676, 0, 1, 1, 440, 643, 5, 71, 23, 2, 0, 2, 760, 760, 1, '2015-02-16', 20, 'Active', NULL, '2015-06-24', '01:54:01 AM'),
(677, 0, 1, 1, 441, 644, 5, 71, 23, 1, 0, 1, 0, 0, 1, '2015-02-17', 20, 'Active', NULL, '2015-06-24', '01:54:51 AM'),
(678, 0, 1, 1, 442, 645, 5, 71, 23, 20, 0, 20, 7600, 7600, 1, '2015-02-17', 20, 'Active', NULL, '2015-06-24', '01:55:47 AM'),
(679, 0, 1, 1, 443, 646, 5, 71, 23, 10, 0, 10, 3800, 3800, 1, '2015-02-17', 20, 'Active', NULL, '2015-06-24', '02:04:58 AM'),
(680, 0, 1, 1, 444, 647, 5, 71, 23, 11, 0, 11, 4180, 4180, 1, '2015-02-24', 20, 'Active', NULL, '2015-06-24', '02:06:00 AM'),
(681, 0, 1, 1, 445, 648, 5, 71, 23, 5, 0, 5, 1900, 1900, 1, '2015-02-17', 20, 'Active', NULL, '2015-06-24', '02:06:57 AM'),
(682, 0, 1, 1, 446, 649, 5, 71, 23, 4, 0, 4, 1520, 1520, 1, '2015-02-17', 20, 'Active', NULL, '2015-06-24', '02:07:46 AM'),
(683, 0, 1, 1, 447, 650, 5, 71, 23, 3, 0, 3, 1140, 1140, 1, '2015-02-16', 20, 'Active', NULL, '2015-06-24', '02:08:39 AM'),
(684, 0, 1, 1, 448, 651, 5, 71, 23, 3, 0, 3, 1140, 1140, 1, '2015-02-17', 20, 'Active', NULL, '2015-06-24', '02:09:39 AM'),
(685, 0, 1, 1, 449, 652, 5, 71, 23, 9, 0, 9, 2790, 2790, 1, '2015-02-17', 20, 'Active', NULL, '2015-06-24', '02:10:47 AM'),
(686, 0, 1, 1, 450, 653, 5, 71, 23, 7, 0, 7, 2660, 2660, 1, '2015-02-16', 20, 'Active', NULL, '2015-06-24', '02:11:47 AM'),
(687, 0, 1, 1, 451, 654, 5, 71, 23, 7, 0, 7, 2660, 2660, 1, '2015-02-17', 20, 'Active', NULL, '2015-06-24', '02:12:40 AM'),
(688, 0, 1, 1, 452, 655, 5, 71, 23, 3, 0, 3, 1140, 1140, 1, '2015-02-17', 20, 'Active', NULL, '2015-06-24', '02:13:35 AM'),
(689, 0, 1, 1, 453, 656, 5, 71, 23, 3, 0, 3, 1140, 1140, 1, '2015-02-24', 20, 'Active', NULL, '2015-06-24', '02:14:39 AM'),
(690, 0, 1, 1, 454, 657, 5, 71, 23, 5, 0, 5, 1900, 1900, 1, '2015-02-16', 20, 'Active', NULL, '2015-06-24', '02:15:32 AM'),
(691, 0, 1, 1, 455, 658, 5, 71, 23, 2, 0, 2, 760, 760, 1, '2015-02-25', 20, 'Active', NULL, '2015-06-24', '02:16:32 AM'),
(692, 0, 1, 1, 456, 659, 5, 71, 23, 2, 0, 2, 760, 760, 1, '2015-02-17', 20, 'Active', NULL, '2015-06-24', '02:17:21 AM'),
(693, 0, 1, 1, 457, 660, 5, 71, 23, 2, 0, 2, 760, 760, 1, '2015-02-17', 20, 'Active', NULL, '2015-06-24', '02:18:37 AM'),
(694, 0, 1, 1, 155, 661, 5, 71, 23, 13, 0, 13, 4030, 112530, 20, '2015-02-17', 20, 'Active', NULL, '2015-06-24', '02:47:16 AM'),
(695, 0, 1, 1, 348, 662, 5, 71, 23, 3, 0, 3, 1140, 1520, 2, '2015-02-17', 20, 'Active', NULL, '2015-06-24', '02:51:26 AM'),
(696, 0, 1, 1, 367, 663, 5, 71, 23, 5, 0, 5, 1900, 4180, 2, '2015-02-19', 20, 'Active', NULL, '2015-06-24', '02:52:37 AM'),
(697, 0, 1, 1, 155, 664, 5, 71, 23, 2, 0, 2, 620, 113150, 21, '2015-02-27', 20, 'Active', NULL, '2015-06-24', '02:57:08 AM'),
(698, 0, 1, 1, 225, 665, 5, 71, 23, 6, 0, 6, 1860, 23870, 8, '2015-02-18', 20, 'Active', NULL, '2015-06-24', '02:58:25 AM'),
(699, 0, 1, 1, 167, 666, 5, 71, 23, 21, 0, 21, 6510, 123070, 10, '2015-02-17', 20, 'Active', NULL, '2015-06-24', '02:59:28 AM'),
(700, 0, 1, 1, 167, 667, 5, 71, 23, 29, 0, 29, 8990, 132060, 11, '2015-02-16', 20, 'Active', NULL, '2015-06-24', '03:47:25 AM'),
(701, 0, 1, 1, 82, 668, 5, 71, 23, 31, 0, 31, 9610, 98890, 14, '2015-02-25', 20, 'Active', NULL, '2015-06-24', '03:48:19 AM'),
(702, 0, 1, 1, 458, 669, 5, 71, 23, 1, 0, 1, 380, 380, 1, '2015-02-16', 20, 'Active', NULL, '2015-06-24', '05:53:48 AM'),
(703, 0, 1, 1, 459, 670, 5, 71, 23, 11, 0, 11, 4180, 4180, 1, '2015-02-17', 20, 'Active', NULL, '2015-06-24', '05:54:45 AM'),
(704, 0, 1, 1, 460, 671, 5, 71, 23, 2, 0, 2, 760, 760, 1, '2015-02-18', 20, 'Active', NULL, '2015-06-24', '05:55:25 AM'),
(705, 0, 1, 1, 461, 672, 5, 71, 23, 5, 0, 5, 1900, 1900, 1, '2015-02-17', 20, 'Active', NULL, '2015-06-24', '05:56:07 AM'),
(706, 0, 1, 1, 462, 673, 5, 71, 23, 4, 0, 4, 1520, 1520, 1, '2015-02-17', 20, 'Active', NULL, '2015-06-24', '05:57:05 AM'),
(707, 0, 1, 1, 463, 674, 5, 71, 23, 4, 0, 4, 1520, 1520, 1, '2015-02-17', 20, 'Active', NULL, '2015-06-24', '05:57:54 AM'),
(708, 0, 1, 1, 482, 675, 5, 71, 23, 40, 0, 40, 12400, 12400, 1, '2015-02-16', 20, 'Active', NULL, '2015-06-24', '06:02:36 AM'),
(709, 0, 1, 1, 465, 676, 5, 71, 23, 2, 0, 2, 760, 760, 1, '2015-02-16', 20, 'Active', NULL, '2015-06-24', '06:03:39 AM'),
(710, 0, 1, 1, 466, 677, 5, 71, 23, 1, 0, 1, 380, 380, 1, '2015-02-16', 20, 'Active', NULL, '2015-06-24', '06:04:32 AM'),
(711, 0, 1, 1, 467, 678, 5, 71, 23, 3, 0, 3, 1140, 1140, 1, '2015-02-17', 20, 'Active', NULL, '2015-06-24', '06:05:18 AM'),
(712, 0, 1, 1, 468, 679, 5, 71, 23, 5, 0, 5, 1900, 1900, 1, '2015-02-17', 20, 'Active', NULL, '2015-06-24', '06:06:35 AM'),
(713, 0, 1, 1, 469, 680, 5, 71, 23, 33, 0, 33, 0, 0, 1, '2015-02-16', 20, 'Active', NULL, '2015-06-24', '06:07:24 AM'),
(714, 0, 1, 1, 470, 681, 5, 71, 23, 4, 0, 4, 1520, 1520, 1, '2015-02-16', 20, 'Active', NULL, '2015-06-24', '06:08:53 AM'),
(715, 0, 1, 1, 471, 682, 5, 71, 23, 5, 0, 5, 1900, 1900, 1, '2015-02-16', 20, 'Active', NULL, '2015-06-24', '06:09:39 AM'),
(716, 0, 1, 1, 472, 683, 5, 71, 23, 4, 0, 4, 1520, 1520, 1, '2015-02-17', 20, 'Active', NULL, '2015-06-24', '06:10:26 AM'),
(717, 0, 1, 1, 473, 684, 5, 71, 23, 7, 0, 7, 2660, 2660, 1, '2015-02-16', 20, 'Active', NULL, '2015-06-24', '06:11:26 AM'),
(718, 0, 1, 1, 474, 685, 5, 71, 23, 3, 0, 3, 1140, 1140, 1, '2015-02-16', 20, 'Active', NULL, '2015-06-24', '06:13:13 AM'),
(719, 0, 1, 1, 475, 686, 5, 71, 23, 4, 0, 4, 1520, 1520, 1, '2015-02-17', 20, 'Active', NULL, '2015-06-24', '06:14:06 AM'),
(720, 0, 1, 1, 476, 687, 5, 71, 23, 1, 0, 1, 380, 380, 1, '2015-02-16', 20, 'Active', NULL, '2015-06-24', '06:16:42 AM'),
(721, 0, 1, 1, 477, 688, 5, 71, 23, 3, 0, 3, 1140, 1140, 1, '2015-02-17', 20, 'Active', NULL, '2015-06-24', '06:17:26 AM'),
(722, 0, 1, 1, 478, 689, 5, 71, 23, 4, 0, 4, 1520, 1520, 1, '2015-02-17', 20, 'Active', NULL, '2015-06-24', '06:18:20 AM'),
(723, 0, 1, 1, 479, 690, 5, 71, 23, 8, 0, 8, 3040, 3040, 1, '2015-02-16', 20, 'Active', NULL, '2015-06-24', '06:19:10 AM'),
(724, 0, 1, 1, 479, 691, 5, 71, 23, 7, 0, 7, 2660, 5700, 2, '2015-02-17', 20, 'Active', NULL, '2015-06-24', '06:20:16 AM'),
(725, 0, 1, 1, 480, 692, 5, 71, 23, 4, 0, 4, 1520, 1520, 1, '2015-02-16', 20, 'Active', NULL, '2015-06-24', '06:21:10 AM'),
(726, 0, 1, 1, 480, 693, 5, 71, 23, 3, 0, 3, 1140, 2660, 2, '2015-02-17', 20, 'Active', NULL, '2015-06-24', '06:21:57 AM'),
(727, 0, 1, 1, 481, 694, 5, 71, 23, 3, 0, 3, 1140, 1140, 1, '2015-02-16', 20, 'Active', NULL, '2015-06-24', '06:22:39 AM'),
(728, 0, 1, 1, 482, 695, 5, 71, 23, 36, 0, 36, 11160, 23560, 2, '2015-02-17', 20, 'Active', NULL, '2015-06-24', '06:23:20 AM'),
(729, 0, 1, 1, 483, 696, 5, 71, 23, 12, 0, 12, 4560, 4560, 1, '2015-02-16', 20, 'Active', NULL, '2015-06-24', '06:24:04 AM'),
(730, 0, 1, 1, 345, 697, 5, 71, 23, 110, 0, 110, 34100, 419120, 9, '2015-02-23', 20, 'Active', NULL, '2015-06-24', '23:39:44 PM'),
(731, 0, 1, 1, 171, 698, 5, 71, 23, 23, 0, 23, 7130, 44330, 3, '2015-02-18', 20, 'Active', NULL, '2015-06-24', '23:43:58 PM'),
(732, 0, 1, 1, 434, 699, 5, 71, 23, 1, 0, 1, 380, 12160, 3, '2015-02-18', 20, 'Active', NULL, '2015-06-24', '23:46:09 PM'),
(733, 0, 1, 1, 434, 700, 5, 71, 23, 40, 0, 40, 15200, 27360, 4, '2015-02-24', 20, 'Active', NULL, '2015-06-24', '23:47:05 PM'),
(734, 0, 1, 1, 434, 701, 5, 71, 23, 3, 0, 3, 1140, 28500, 5, '2015-02-18', 20, 'Active', NULL, '2015-06-24', '23:48:23 PM'),
(735, 0, 1, 1, 434, 702, 5, 71, 23, 12, 0, 12, 4560, 33060, 6, '2015-02-17', 20, 'Active', NULL, '2015-06-24', '23:49:27 PM'),
(736, 0, 1, 1, 434, 703, 5, 71, 23, 13, 0, 13, 4940, 38000, 7, '2015-02-19', 20, 'Active', NULL, '2015-06-24', '23:50:12 PM'),
(737, 0, 1, 1, 434, 704, 5, 71, 23, 12, 0, 12, 4560, 42560, 8, '2015-02-24', 20, 'Active', NULL, '2015-06-24', '23:51:02 PM'),
(738, 0, 1, 1, 400, 705, 5, 71, 23, 30, 0, 30, 9300, 46500, 3, '2015-02-24', 20, 'Active', NULL, '2015-06-24', '23:52:06 PM'),
(739, 0, 1, 1, 400, 706, 5, 71, 23, 30, 0, 30, 9300, 55800, 4, '2015-02-18', 20, 'Active', NULL, '2015-06-24', '23:53:12 PM'),
(740, 0, 1, 1, 366, 707, 5, 71, 23, 151, 0, 151, 46810, 156550, 3, '2015-02-18', 20, 'Active', NULL, '2015-06-24', '23:54:55 PM'),
(741, 0, 1, 1, 345, 708, 5, 71, 23, 210, 0, 210, 65100, 484220, 10, '2015-02-18', 20, 'Active', NULL, '2015-06-24', '23:58:13 PM'),
(742, 0, 1, 1, 345, 709, 5, 71, 23, 200, 0, 200, 62000, 546220, 11, '2015-02-24', 20, 'Active', NULL, '2015-06-24', '23:59:19 PM'),
(743, 0, 1, 1, 345, 710, 5, 71, 23, 196, 0, 196, 60760, 606980, 12, '2015-02-26', 20, 'Active', NULL, '2015-06-25', '00:00:25 AM'),
(744, 0, 1, 1, 391, 711, 5, 71, 23, 5, 0, 5, 1900, 2280, 2, '2015-02-18', 20, 'Active', NULL, '2015-06-25', '00:03:25 AM'),
(745, 0, 1, 1, 400, 712, 5, 71, 23, 69, 0, 69, 21390, 77190, 5, '2015-02-26', 20, 'Active', NULL, '2015-06-25', '00:06:43 AM'),
(746, 0, 1, 1, 484, 713, 5, 71, 23, 5, 0, 5, 1900, 1900, 1, '2015-02-17', 20, 'Active', NULL, '2015-06-25', '00:53:12 AM'),
(747, 0, 1, 1, 485, 714, 5, 71, 23, 2, 0, 2, 760, 760, 1, '2015-02-17', 20, 'Active', NULL, '2015-06-25', '00:54:01 AM'),
(748, 0, 1, 1, 486, 715, 5, 71, 23, 2, 0, 2, 760, 760, 1, '2015-02-18', 20, 'Active', NULL, '2015-06-25', '00:55:10 AM'),
(749, 0, 1, 1, 487, 716, 5, 71, 23, 195, 0, 195, 60450, 60450, 1, '2015-02-16', 20, 'Active', NULL, '2015-06-25', '00:55:59 AM'),
(750, 0, 1, 1, 488, 717, 5, 71, 23, 110, 0, 110, 41800, 41800, 1, '2015-02-16', 20, 'Active', NULL, '2015-06-25', '00:57:09 AM'),
(751, 0, 1, 1, 489, 718, 5, 71, 23, 2, 0, 2, 760, 760, 1, '2015-02-17', 20, 'Active', NULL, '2015-06-25', '01:03:54 AM'),
(752, 0, 1, 1, 490, 719, 5, 71, 23, 4, 0, 4, 1520, 1520, 1, '2015-02-16', 20, 'Active', NULL, '2015-06-25', '01:04:58 AM'),
(753, 0, 1, 1, 491, 720, 5, 71, 23, 2, 0, 2, 760, 760, 1, '2015-02-18', 20, 'Active', NULL, '2015-06-25', '01:06:04 AM'),
(754, 0, 1, 1, 492, 721, 5, 71, 23, 2, 0, 2, 760, 760, 1, '2015-02-17', 20, 'Active', NULL, '2015-06-25', '01:06:57 AM'),
(755, 0, 1, 1, 493, 722, 5, 71, 23, 8, 0, 8, 3040, 3040, 1, '2015-02-16', 20, 'Active', NULL, '2015-06-25', '01:07:45 AM'),
(756, 0, 1, 1, 494, 723, 5, 71, 23, 5, 0, 5, 1900, 1900, 1, '2015-02-17', 20, 'Active', NULL, '2015-06-25', '01:08:41 AM'),
(757, 0, 1, 1, 495, 724, 5, 71, 23, 4, 0, 4, 1520, 1520, 1, '2015-02-16', 20, 'Active', NULL, '2015-06-25', '01:10:43 AM'),
(758, 0, 1, 1, 496, 725, 5, 71, 23, 6, 0, 6, 2280, 2280, 1, '2015-02-16', 20, 'Active', NULL, '2015-06-25', '01:11:59 AM'),
(759, 0, 1, 1, 504, 726, 5, 71, 23, 6, 0, 6, 2280, 2280, 1, '2015-02-17', 20, 'Active', NULL, '2015-06-25', '01:12:50 AM'),
(760, 0, 1, 1, 498, 727, 5, 71, 23, 3, 0, 3, 1140, 1140, 1, '2015-02-17', 20, 'Active', NULL, '2015-06-25', '01:13:44 AM'),
(761, 0, 1, 1, 499, 728, 5, 71, 23, 2, 0, 2, 760, 760, 1, '2015-02-18', 20, 'Active', NULL, '2015-06-25', '01:14:47 AM'),
(762, 0, 1, 1, 500, 729, 5, 71, 23, 2, 0, 2, 760, 760, 1, '2015-02-18', 20, 'Active', NULL, '2015-06-25', '01:15:48 AM'),
(763, 0, 1, 1, 501, 730, 5, 71, 23, 11, 0, 11, 4180, 4180, 1, '2015-02-17', 20, 'Active', NULL, '2015-06-25', '01:17:07 AM'),
(764, 0, 1, 1, 502, 731, 5, 71, 23, 2, 0, 2, 760, 760, 1, '2015-02-17', 20, 'Active', NULL, '2015-06-25', '01:18:02 AM'),
(765, 0, 1, 1, 503, 732, 5, 71, 23, 4, 0, 4, 1520, 1520, 1, '2015-02-16', 20, 'Active', NULL, '2015-06-25', '01:19:07 AM'),
(766, 0, 1, 1, 71, 733, 5, 71, 23, 31, 0, 31, 9610, 62310, 10, '2015-02-22', 20, 'Active', NULL, '2015-06-25', '02:10:26 AM'),
(767, 0, 1, 1, 260, 734, 5, 71, 23, 2, 0, 2, 620, 46500, 13, '2015-02-25', 20, 'Active', NULL, '2015-06-25', '02:11:38 AM'),
(768, 0, 1, 1, 260, 735, 5, 71, 23, 10, 0, 10, 3100, 49600, 14, '2015-02-25', 20, 'Active', NULL, '2015-06-25', '02:12:40 AM'),
(769, 0, 1, 1, 260, 736, 5, 71, 23, 8, 0, 8, 2480, 52080, 15, '2015-02-25', 20, 'Active', NULL, '2015-06-25', '02:13:29 AM'),
(770, 0, 1, 1, 260, 737, 5, 71, 23, 12, 0, 12, 3720, 55800, 16, '2015-02-25', 20, 'Active', NULL, '2015-06-25', '02:14:26 AM'),
(771, 0, 1, 1, 260, 738, 5, 71, 23, 11, 0, 11, 3410, 59210, 17, '2015-02-25', 20, 'Active', NULL, '2015-06-25', '02:15:16 AM'),
(772, 0, 1, 1, 488, 739, 5, 71, 23, 90, 0, 90, 34200, 76000, 2, '2015-02-25', 20, 'Active', NULL, '2015-06-25', '02:18:45 AM'),
(773, 0, 1, 1, 345, 740, 5, 71, 23, 101, 0, 101, 31310, 638290, 13, '2015-02-25', 20, 'Active', NULL, '2015-06-25', '02:20:06 AM'),
(774, 0, 1, 1, 171, 741, 5, 71, 23, 20, 0, 20, 6200, 50530, 4, '2015-02-25', 20, 'Active', NULL, '2015-06-25', '02:22:33 AM'),
(775, 0, 1, 1, 155, 742, 5, 71, 23, 4, 0, 4, 1240, 114390, 22, '2015-02-25', 20, 'Active', NULL, '2015-06-25', '02:24:16 AM'),
(776, 0, 1, 1, 259, 743, 5, 71, 23, 28, 0, 28, 8680, 41230, 9, '2015-02-25', 20, 'Active', NULL, '2015-06-25', '02:26:53 AM'),
(777, 0, 1, 1, 259, 744, 5, 71, 23, 23, 0, 23, 7130, 48360, 10, '2015-02-25', 20, 'Active', NULL, '2015-06-25', '02:28:37 AM'),
(778, 0, 1, 1, 259, 745, 5, 71, 23, 10, 0, 10, 3100, 51460, 11, '2015-02-25', 20, 'Active', NULL, '2015-06-25', '02:29:48 AM'),
(779, 0, 1, 1, 259, 746, 5, 71, 23, 10, 0, 10, 3100, 54560, 12, '2015-02-25', 20, 'Active', NULL, '2015-06-25', '02:30:35 AM'),
(780, 0, 1, 1, 259, 747, 5, 71, 23, 14, 0, 14, 4340, 58900, 13, '2015-02-25', 20, 'Active', NULL, '2015-06-25', '02:31:31 AM'),
(781, 0, 1, 1, 345, 748, 5, 71, 23, 100, 0, 100, 31000, 669290, 14, '2015-02-26', 20, 'Active', NULL, '2015-06-25', '02:32:48 AM'),
(782, 0, 1, 1, 505, 749, 5, 71, 23, 3, 0, 3, 1140, 1140, 1, '2015-02-16', 20, 'Active', NULL, '2015-06-25', '03:54:08 AM'),
(783, 0, 1, 1, 506, 750, 5, 71, 23, 2, 0, 2, 760, 760, 1, '2015-02-16', 20, 'Active', NULL, '2015-06-25', '03:54:48 AM'),
(784, 0, 1, 1, 507, 751, 5, 71, 23, 3, 0, 3, 1140, 1140, 1, '2015-02-16', 20, 'Active', NULL, '2015-06-25', '03:55:31 AM'),
(785, 0, 1, 1, 508, 752, 5, 71, 23, 7, 0, 7, 2660, 2660, 1, '2015-02-16', 20, 'Active', NULL, '2015-06-25', '03:56:26 AM'),
(786, 0, 1, 1, 509, 753, 5, 71, 23, 1, 0, 1, 380, 380, 1, '2015-02-16', 20, 'Active', NULL, '2015-06-25', '03:57:07 AM'),
(787, 0, 1, 1, 510, 754, 5, 71, 23, 4, 0, 4, 1520, 1520, 1, '2015-02-16', 20, 'Active', NULL, '2015-06-25', '03:57:49 AM'),
(788, 0, 1, 1, 511, 755, 5, 71, 23, 1, 0, 1, 380, 380, 1, '2015-02-16', 20, 'Active', NULL, '2015-06-25', '03:58:30 AM'),
(789, 0, 1, 1, 512, 756, 5, 71, 23, 10, 0, 10, 3800, 3800, 1, '2015-02-16', 20, 'Active', NULL, '2015-06-25', '03:59:28 AM'),
(790, 0, 1, 1, 513, 757, 5, 71, 23, 2, 0, 2, 760, 760, 1, '2015-02-17', 20, 'Active', NULL, '2015-06-25', '04:02:13 AM'),
(791, 0, 1, 1, 514, 758, 5, 71, 23, 3, 0, 3, 1140, 1140, 1, '2015-02-16', 20, 'Active', NULL, '2015-06-25', '04:03:01 AM'),
(792, 0, 1, 1, 515, 759, 5, 71, 23, 8, 0, 8, 3040, 3040, 1, '2015-02-16', 20, 'Active', NULL, '2015-06-25', '04:04:43 AM'),
(793, 0, 1, 1, 516, 760, 5, 71, 23, 7, 0, 7, 2660, 2660, 1, '2015-02-16', 20, 'Active', NULL, '2015-06-25', '04:05:52 AM'),
(794, 0, 1, 1, 525, 761, 5, 71, 23, 2, 0, 2, 760, 760, 1, '2015-02-16', 20, 'Active', NULL, '2015-06-25', '04:06:55 AM'),
(795, 0, 1, 1, 518, 762, 5, 71, 23, 2, 0, 2, 760, 760, 1, '2015-02-17', 20, 'Active', NULL, '2015-06-25', '04:07:46 AM'),
(796, 0, 1, 1, 519, 763, 5, 71, 23, 3, 0, 3, 1140, 1140, 1, '2015-02-17', 20, 'Active', NULL, '2015-06-25', '04:08:23 AM'),
(797, 0, 1, 1, 520, 764, 5, 71, 23, 3, 0, 3, 0, 0, 1, '2015-02-16', 20, 'Active', NULL, '2015-06-25', '04:09:22 AM'),
(798, 0, 1, 1, 521, 765, 5, 71, 23, 2, 0, 2, 760, 760, 1, '2015-02-16', 20, 'Active', NULL, '2015-06-25', '04:10:10 AM'),
(799, 0, 1, 1, 522, 766, 5, 71, 23, 2, 0, 2, 760, 760, 1, '2015-02-16', 20, 'Active', NULL, '2015-06-25', '04:10:51 AM'),
(800, 0, 1, 1, 523, 767, 5, 71, 23, 2, 0, 2, 760, 760, 1, '2015-02-17', 20, 'Active', NULL, '2015-06-25', '04:11:33 AM'),
(801, 0, 1, 1, 524, 768, 5, 71, 23, 5, 0, 5, 1900, 1900, 1, '2015-02-17', 20, 'Active', NULL, '2015-06-25', '04:12:30 AM'),
(802, 0, 1, 1, 345, 769, 5, 71, 23, 100, 0, 100, 31000, 700290, 15, '2015-02-26', 20, 'Active', NULL, '2015-06-25', '04:57:57 AM'),
(803, 0, 1, 1, 155, 770, 5, 71, 23, 180, 0, 180, 55800, 170190, 23, '2015-02-24', 20, 'Active', NULL, '2015-06-25', '04:59:01 AM'),
(804, 0, 1, 1, 345, 771, 5, 71, 23, 200, 0, 200, 62000, 762290, 16, '2015-02-26', 20, 'Active', NULL, '2015-06-25', '05:00:35 AM'),
(805, 0, 1, 1, 345, 772, 5, 71, 23, 110, 0, 110, 34100, 796390, 17, '2015-02-26', 20, 'Active', NULL, '2015-06-25', '05:03:56 AM'),
(806, 0, 1, 1, 345, 773, 5, 71, 23, 111, 0, 111, 34410, 830800, 18, '2015-02-24', 20, 'Active', NULL, '2015-06-25', '05:09:29 AM'),
(807, 0, 1, 1, 171, 774, 5, 71, 23, 24, 0, 24, 7440, 57970, 5, '2015-02-26', 20, 'Active', NULL, '2015-06-25', '05:10:36 AM'),
(808, 0, 1, 1, 171, 775, 5, 71, 23, 5, 0, 5, 1550, 59520, 6, '2015-02-26', 20, 'Active', NULL, '2015-06-25', '05:11:25 AM'),
(809, 0, 1, 1, 238, 776, 5, 71, 23, 23, 0, 23, 7130, 8370, 2, '2015-02-24', 20, 'Active', NULL, '2015-06-25', '05:12:15 AM'),
(810, 0, 1, 1, 238, 777, 5, 71, 23, 4, 0, 4, 1240, 9610, 3, '2015-02-24', 20, 'Active', NULL, '2015-06-25', '05:13:08 AM'),
(811, 0, 1, 1, 434, 778, 5, 71, 23, 4, 0, 4, 1520, 44080, 9, '2015-02-24', 20, 'Active', NULL, '2015-06-25', '05:14:53 AM');
INSERT INTO `fna_bill` (`BID`, `SESSIONID`, `PROJECTID`, `SUBPROJECTID`, `PARTYID`, `RECEIVENUMBER`, `PRODCATTYPEID`, `PRODUCTID`, `PACKINGUNITID`, `QUANTITY`, `WTQNTY`, `TOTQUANTITY`, `BILLAMOUNT`, `TOTBILLAMOUNT`, `PARTYFLAG`, `ENTRYDATE`, `USERID`, `STATUS`, `FLAG`, `ENTDATE`, `ENTTIME`) VALUES
(812, 0, 1, 1, 434, 779, 5, 71, 23, 2, 0, 2, 760, 44840, 10, '2015-02-24', 20, 'Active', NULL, '2015-06-25', '05:16:12 AM'),
(813, 0, 1, 1, 434, 780, 5, 71, 23, 3, 0, 3, 1140, 45980, 11, '2015-02-25', 20, 'Active', NULL, '2015-06-25', '05:17:04 AM'),
(814, 0, 1, 1, 434, 781, 5, 71, 23, 3, 0, 3, 1140, 47120, 12, '2015-02-25', 20, 'Active', NULL, '2015-06-25', '05:17:50 AM'),
(815, 0, 1, 1, 434, 782, 5, 71, 23, 10, 0, 10, 3800, 50920, 13, '2015-02-25', 20, 'Active', NULL, '2015-06-25', '05:18:49 AM'),
(816, 0, 1, 1, 434, 783, 5, 71, 23, 5, 0, 5, 1900, 52820, 14, '2015-02-25', 20, 'Active', NULL, '2015-06-25', '05:19:45 AM'),
(817, 0, 1, 1, 434, 784, 5, 71, 23, 9, 0, 9, 3420, 56240, 15, '2015-02-25', 20, 'Active', NULL, '2015-06-25', '05:20:40 AM'),
(818, 0, 1, 1, 224, 785, 5, 71, 23, 2, 0, 2, 620, 17670, 9, '2015-02-25', 20, 'Active', NULL, '2015-06-25', '05:21:35 AM'),
(819, 0, 1, 1, 110, 786, 5, 71, 23, 75, 0, 75, 23250, 253890, 9, '2015-02-24', 20, 'Active', NULL, '2015-06-25', '05:24:03 AM'),
(820, 0, 1, 1, 259, 787, 5, 71, 23, 3, 0, 3, 930, 59830, 14, '2015-02-25', 20, 'Active', NULL, '2015-06-25', '05:24:56 AM'),
(821, 0, 1, 1, 526, 788, 5, 71, 23, 6, 0, 6, 2280, 2280, 1, '2015-02-16', 20, 'Active', NULL, '2015-06-26', '06:01:05 AM'),
(822, 0, 1, 1, 527, 789, 5, 71, 23, 4, 0, 4, 0, 0, 1, '2015-02-16', 20, 'Active', NULL, '2015-06-26', '06:03:09 AM'),
(823, 0, 1, 1, 528, 790, 5, 71, 23, 3, 0, 3, 0, 0, 1, '2015-02-16', 20, 'Active', NULL, '2015-06-26', '06:03:57 AM'),
(824, 0, 1, 1, 529, 791, 5, 71, 23, 5, 0, 5, 0, 0, 1, '2015-02-17', 20, 'Active', NULL, '2015-06-26', '06:05:25 AM'),
(825, 0, 1, 1, 530, 792, 5, 71, 23, 1, 0, 1, 380, 380, 1, '2015-02-17', 20, 'Active', NULL, '2015-06-26', '06:14:13 AM'),
(826, 0, 1, 1, 531, 793, 5, 71, 23, 2, 0, 2, 760, 760, 1, '2015-02-17', 20, 'Active', NULL, '2015-06-26', '06:15:20 AM'),
(827, 0, 1, 1, 533, 794, 5, 71, 23, 3, 0, 3, 1140, 1140, 1, '2015-02-17', 20, 'Active', NULL, '2015-06-26', '06:18:00 AM'),
(828, 0, 1, 1, 534, 795, 5, 71, 23, 2, 0, 2, 760, 760, 1, '2015-02-17', 20, 'Active', NULL, '2015-06-26', '06:18:51 AM'),
(829, 0, 1, 1, 532, 796, 5, 71, 23, 2, 0, 2, 760, 760, 1, '2015-02-17', 20, 'Active', NULL, '2015-06-26', '06:19:45 AM'),
(830, 0, 1, 1, 535, 797, 5, 71, 23, 4, 0, 4, 1520, 1520, 1, '2015-02-18', 20, 'Active', NULL, '2015-06-26', '06:20:34 AM'),
(831, 0, 1, 1, 536, 798, 5, 71, 23, 54, 0, 54, 20520, 20520, 1, '2015-06-26', 20, 'Active', NULL, '2015-06-26', '06:22:10 AM'),
(832, 0, 1, 1, 537, 799, 5, 71, 23, 3, 0, 3, 1140, 1140, 1, '2015-02-18', 20, 'Active', NULL, '2015-06-26', '06:23:16 AM'),
(833, 0, 1, 1, 538, 800, 5, 71, 23, 4, 0, 4, 1520, 1520, 1, '2015-02-17', 20, 'Active', NULL, '2015-06-26', '06:24:13 AM'),
(834, 0, 1, 1, 539, 801, 5, 71, 23, 6, 0, 6, 2280, 2280, 1, '2015-02-17', 20, 'Active', NULL, '2015-06-26', '06:25:17 AM'),
(835, 0, 1, 1, 540, 802, 5, 71, 23, 5, 0, 5, 1900, 1900, 1, '2015-02-17', 20, 'Active', NULL, '2015-06-26', '06:26:45 AM'),
(836, 0, 1, 1, 541, 803, 5, 71, 23, 15, 0, 15, 5700, 5700, 1, '2015-02-16', 20, 'Active', NULL, '2015-06-26', '06:27:44 AM'),
(837, 0, 1, 1, 259, 804, 5, 71, 23, 4, 0, 4, 1240, 61070, 15, '2015-02-17', 20, 'Active', NULL, '2015-06-26', '06:39:59 AM'),
(838, 0, 1, 1, 259, 805, 5, 71, 23, 30, 0, 30, 9300, 70370, 16, '2015-02-19', 20, 'Active', NULL, '2015-06-26', '06:40:52 AM'),
(839, 0, 1, 1, 267, 806, 5, 71, 31, 26, 0, 26, 5460, 51870, 5, '2015-02-17', 20, 'Active', NULL, '2015-06-26', '06:42:20 AM'),
(840, 0, 1, 1, 267, 807, 5, 71, 31, 80, 0, 80, 16800, 68670, 6, '2015-02-26', 20, 'Active', NULL, '2015-06-26', '06:43:10 AM'),
(841, 0, 1, 1, 543, 808, 5, 71, 23, 83, 0, 83, 25730, 25730, 1, '2015-02-17', 20, 'Active', NULL, '2015-06-26', '06:46:09 AM'),
(842, 0, 1, 1, 345, 809, 5, 71, 23, 111, 0, 111, 34410, 865210, 19, '2015-02-25', 20, 'Active', NULL, '2015-06-26', '06:47:12 AM'),
(843, 0, 1, 1, 252, 810, 5, 71, 31, 152, 0, 152, 31920, 94920, 4, '2015-02-18', 20, 'Active', NULL, '2015-06-26', '06:48:42 AM'),
(844, 0, 1, 1, 345, 811, 5, 71, 23, 110, 0, 110, 34100, 899310, 20, '2015-02-26', 20, 'Active', NULL, '2015-06-26', '06:49:46 AM'),
(845, 0, 1, 1, 345, 812, 5, 71, 23, 202, 0, 202, 62620, 961930, 21, '2015-02-20', 20, 'Active', NULL, '2015-06-26', '06:50:46 AM'),
(846, 0, 1, 1, 544, 813, 5, 71, 23, 3, 0, 3, 1140, 1140, 1, '2015-02-17', 20, 'Active', NULL, '2015-06-26', '06:55:30 AM'),
(847, 0, 1, 1, 545, 814, 5, 71, 23, 2, 0, 2, 760, 760, 1, '2015-02-17', 20, 'Active', NULL, '2015-06-26', '07:00:55 AM'),
(848, 0, 1, 1, 546, 815, 5, 71, 23, 3, 0, 3, 1140, 1140, 1, '2015-02-16', 20, 'Active', NULL, '2015-06-26', '07:05:00 AM'),
(849, 0, 1, 1, 347, 816, 5, 71, 23, 4, 0, 4, 1520, 2280, 2, '2015-02-16', 20, 'Active', NULL, '2015-06-26', '07:07:12 AM'),
(850, 0, 1, 1, 547, 817, 5, 71, 23, 10, 0, 10, 3800, 3800, 1, '2015-02-16', 20, 'Active', NULL, '2015-06-26', '07:15:38 AM'),
(851, 0, 1, 1, 548, 818, 5, 71, 23, 3, 0, 3, 1140, 1140, 1, '2015-02-16', 20, 'Active', NULL, '2015-06-26', '07:16:33 AM'),
(852, 0, 1, 1, 549, 819, 5, 71, 23, 22, 0, 22, 6820, 6820, 1, '2015-02-16', 20, 'Active', NULL, '2015-06-26', '07:17:23 AM'),
(853, 0, 1, 1, 549, 820, 5, 71, 23, 19, 0, 19, 5890, 12710, 2, '2015-02-17', 20, 'Active', NULL, '2015-06-26', '07:18:13 AM'),
(854, 0, 1, 1, 167, 821, 5, 71, 23, 50, 0, 50, 15500, 147560, 12, '2015-02-25', 20, 'Active', NULL, '2015-06-26', '07:19:20 AM'),
(855, 0, 1, 1, 167, 822, 5, 71, 23, 49, 0, 49, 15190, 162750, 13, '2015-02-17', 20, 'Active', NULL, '2015-06-26', '07:21:04 AM'),
(856, 0, 1, 1, 167, 823, 5, 71, 23, 50, 0, 50, 15500, 178250, 14, '2015-02-24', 20, 'Active', NULL, '2015-06-26', '07:22:23 AM'),
(857, 0, 1, 1, 129, 824, 5, 71, 23, 13, 0, 13, 4030, 48360, 7, '2015-02-25', 20, 'Active', NULL, '2015-06-26', '23:51:38 PM'),
(858, 0, 1, 1, 225, 825, 5, 71, 23, 7, 0, 7, 2170, 26040, 9, '2015-02-25', 20, 'Active', NULL, '2015-06-26', '23:54:29 PM'),
(859, 0, 1, 1, 225, 826, 5, 71, 23, 28, 0, 28, 8680, 34720, 10, '2015-02-24', 20, 'Active', NULL, '2015-06-26', '23:55:28 PM'),
(860, 0, 1, 1, 171, 827, 5, 71, 23, 25, 0, 25, 7750, 67270, 7, '2015-02-24', 20, 'Active', NULL, '2015-06-26', '23:56:18 PM'),
(861, 0, 1, 1, 238, 828, 5, 71, 23, 16, 0, 16, 4960, 14570, 4, '2015-02-26', 20, 'Active', NULL, '2015-06-26', '23:57:59 PM'),
(862, 0, 1, 1, 238, 829, 5, 71, 23, 63, 0, 63, 19530, 34100, 5, '2015-02-25', 20, 'Active', NULL, '2015-06-26', '23:59:43 PM'),
(863, 0, 1, 1, 238, 830, 5, 71, 23, 61, 0, 61, 18910, 53010, 6, '2015-02-25', 20, 'Active', NULL, '2015-06-27', '00:04:51 AM'),
(864, 0, 1, 1, 238, 831, 5, 71, 23, 10, 0, 10, 3100, 56110, 7, '2015-02-25', 20, 'Active', NULL, '2015-06-27', '00:05:43 AM'),
(865, 0, 1, 1, 238, 832, 5, 71, 23, 26, 0, 26, 8060, 64170, 8, '2015-02-24', 20, 'Active', NULL, '2015-06-27', '00:06:48 AM'),
(866, 0, 1, 1, 238, 833, 5, 71, 23, 9, 0, 9, 2790, 66960, 9, '2015-02-25', 20, 'Active', NULL, '2015-06-27', '00:07:44 AM'),
(867, 0, 1, 1, 345, 834, 5, 71, 23, 112, 0, 112, 34720, 996650, 22, '2015-02-25', 20, 'Active', NULL, '2015-06-27', '00:08:52 AM'),
(868, 0, 1, 1, 83, 835, 5, 71, 31, 100, 0, 100, 0, 93310, 8, '2015-02-25', 20, 'Active', NULL, '2015-06-27', '00:11:34 AM'),
(869, 0, 1, 1, 267, 836, 5, 71, 23, 100, 0, 100, 0, 68670, 7, '2015-02-25', 20, 'Active', NULL, '2015-06-27', '00:12:59 AM'),
(870, 0, 1, 1, 174, 837, 5, 71, 31, 105, 0, 105, 22050, 73500, 3, '2015-02-25', 20, 'Active', NULL, '2015-06-27', '00:14:16 AM'),
(871, 0, 1, 1, 293, 838, 5, 71, 23, 72, 0, 72, 22320, 131130, 5, '2015-02-24', 20, 'Active', NULL, '2015-06-27', '00:16:28 AM'),
(872, 0, 1, 1, 293, 839, 5, 71, 23, 27, 0, 27, 8370, 139500, 6, '2015-02-25', 20, 'Active', NULL, '2015-06-27', '00:18:06 AM'),
(873, 0, 1, 1, 155, 840, 5, 71, 23, 33, 0, 33, 10230, 180420, 24, '2015-02-25', 20, 'Active', NULL, '2015-06-27', '00:19:27 AM'),
(874, 0, 1, 1, 155, 841, 5, 71, 23, 180, 0, 180, 55800, 236220, 25, '2015-02-25', 20, 'Active', NULL, '2015-06-27', '00:21:00 AM'),
(875, 0, 1, 1, 173, 842, 5, 71, 23, 75, 0, 75, 23250, 53940, 2, '2015-02-25', 20, 'Active', NULL, '2015-06-27', '00:27:09 AM'),
(876, 0, 1, 1, 225, 843, 5, 71, 23, 6, 0, 6, 1860, 36580, 11, '2015-02-24', 20, 'Active', NULL, '2015-06-27', '00:29:24 AM'),
(877, 0, 1, 1, 71, 844, 5, 71, 23, 9, 0, 9, 2790, 65100, 11, '2015-02-25', 20, 'Active', NULL, '2015-06-27', '00:31:42 AM'),
(878, 0, 1, 1, 155, 845, 5, 71, 23, 27, 0, 27, 8370, 244590, 26, '2015-02-24', 20, 'Active', NULL, '2015-06-27', '00:34:46 AM'),
(879, 0, 1, 1, 259, 846, 5, 71, 23, 5, 0, 5, 1550, 71920, 17, '2015-02-25', 20, 'Active', NULL, '2015-06-27', '00:35:32 AM'),
(880, 0, 1, 1, 259, 847, 5, 71, 23, 7, 0, 7, 2170, 74090, 18, '2015-02-25', 20, 'Active', NULL, '2015-06-27', '00:36:16 AM'),
(881, 0, 1, 1, 464, 848, 5, 71, 23, 4, 0, 4, 1240, 1240, 1, '2015-02-18', 20, 'Active', NULL, '2015-06-27', '00:37:34 AM'),
(882, 0, 1, 1, 550, 849, 5, 71, 23, 3, 0, 3, 1140, 1140, 1, '2015-02-16', 20, 'Active', NULL, '2015-06-27', '00:55:04 AM'),
(883, 0, 1, 1, 551, 850, 5, 71, 23, 1, 0, 1, 380, 380, 1, '2015-02-16', 20, 'Active', NULL, '2015-06-27', '00:56:34 AM'),
(884, 0, 1, 1, 552, 851, 5, 71, 23, 1, 0, 1, 380, 380, 1, '2015-02-24', 20, 'Active', NULL, '2015-06-27', '01:10:24 AM'),
(885, 0, 1, 1, 553, 852, 5, 71, 23, 1, 0, 1, 310, 310, 1, '2015-02-24', 20, 'Active', NULL, '2015-06-27', '01:11:26 AM'),
(886, 0, 1, 1, 554, 853, 5, 71, 23, 1, 0, 1, 380, 380, 1, '2015-02-25', 20, 'Active', NULL, '2015-06-27', '01:12:32 AM'),
(887, 0, 1, 1, 555, 854, 5, 71, 23, 12, 0, 12, 4560, 4560, 1, '2015-02-16', 20, 'Active', NULL, '2015-06-27', '01:13:19 AM'),
(888, 0, 1, 1, 556, 855, 5, 71, 23, 9, 0, 9, 3420, 3420, 1, '2015-02-18', 20, 'Active', NULL, '2015-06-27', '01:16:37 AM'),
(889, 0, 1, 1, 557, 856, 5, 71, 23, 6, 0, 6, 2280, 2280, 1, '2015-02-24', 20, 'Active', NULL, '2015-06-27', '01:17:32 AM'),
(890, 0, 1, 1, 558, 857, 5, 71, 23, 110, 0, 110, 34100, 34100, 1, '2015-02-25', 20, 'Active', NULL, '2015-06-27', '01:23:48 AM'),
(891, 0, 1, 1, 559, 858, 5, 71, 23, 105, 0, 105, 32550, 32550, 1, '2015-02-25', 20, 'Active', NULL, '2015-06-27', '01:24:42 AM'),
(892, 0, 1, 1, 559, 859, 5, 71, 23, 115, 0, 115, 35650, 68200, 2, '2015-02-18', 20, 'Active', NULL, '2015-06-27', '01:25:35 AM'),
(893, 0, 1, 1, 560, 860, 5, 71, 23, 7, 0, 7, 2170, 2170, 1, '2015-02-17', 20, 'Active', NULL, '2015-06-27', '01:38:49 AM'),
(894, 0, 1, 1, 561, 861, 5, 71, 23, 3, 0, 3, 1140, 1140, 1, '2015-02-16', 20, 'Active', NULL, '2015-06-27', '01:39:35 AM'),
(895, 0, 1, 1, 562, 862, 5, 71, 23, 2, 0, 2, 760, 760, 1, '2015-02-17', 20, 'Active', NULL, '2015-06-27', '01:41:48 AM'),
(896, 0, 1, 1, 563, 863, 5, 71, 23, 1, 0, 1, 380, 380, 1, '2015-02-18', 20, 'Active', NULL, '2015-06-27', '01:43:10 AM'),
(897, 0, 1, 1, 564, 864, 5, 71, 23, 2, 0, 2, 760, 760, 1, '2015-02-17', 20, 'Active', NULL, '2015-06-27', '01:43:55 AM'),
(898, 0, 1, 1, 565, 865, 5, 71, 23, 3, 0, 3, 1140, 1140, 1, '2015-02-18', 20, 'Active', NULL, '2015-06-27', '01:45:02 AM'),
(899, 0, 1, 1, 566, 866, 5, 71, 23, 1, 0, 1, 380, 380, 1, '2015-02-17', 20, 'Active', NULL, '2015-06-27', '01:45:52 AM'),
(900, 0, 1, 1, 567, 867, 5, 71, 23, 8, 0, 8, 3040, 3040, 1, '2015-02-17', 20, 'Active', NULL, '2015-06-27', '02:38:53 AM'),
(901, 0, 1, 1, 568, 868, 5, 71, 23, 3, 0, 3, 1140, 1140, 1, '2015-02-17', 20, 'Active', NULL, '2015-06-27', '02:39:53 AM'),
(902, 0, 1, 1, 569, 869, 5, 71, 23, 10, 0, 10, 3800, 3800, 1, '2015-02-17', 20, 'Active', NULL, '2015-06-27', '02:40:35 AM'),
(903, 0, 1, 1, 570, 870, 5, 71, 23, 2, 0, 2, 760, 760, 1, '2015-02-17', 20, 'Active', NULL, '2015-06-27', '02:41:18 AM'),
(904, 0, 1, 1, 571, 871, 5, 71, 23, 4, 0, 4, 1520, 1520, 1, '2015-02-17', 20, 'Active', NULL, '2015-06-27', '02:42:02 AM'),
(905, 0, 1, 1, 572, 872, 5, 71, 23, 2, 0, 2, 760, 760, 1, '2015-02-17', 20, 'Active', NULL, '2015-06-27', '02:43:56 AM'),
(906, 0, 1, 1, 573, 873, 5, 71, 23, 6, 0, 6, 2280, 2280, 1, '2015-02-17', 20, 'Active', NULL, '2015-06-27', '02:44:37 AM'),
(907, 0, 1, 1, 574, 874, 5, 71, 23, 8, 0, 8, 3040, 3040, 1, '2015-02-17', 20, 'Active', NULL, '2015-06-27', '02:45:22 AM'),
(908, 0, 1, 1, 238, 875, 5, 71, 23, 9, 0, 9, 2790, 69750, 10, '2015-02-18', 20, 'Active', NULL, '2015-06-27', '02:46:53 AM'),
(909, 0, 1, 1, 434, 876, 5, 71, 23, 4, 0, 4, 1520, 57760, 16, '2015-02-18', 20, 'Active', NULL, '2015-06-27', '02:47:56 AM'),
(910, 0, 1, 1, 434, 877, 5, 71, 23, 5, 0, 5, 1900, 59660, 17, '2015-03-02', 20, 'Active', NULL, '2015-06-27', '02:50:18 AM'),
(911, 0, 1, 1, 434, 878, 5, 71, 23, 5, 0, 5, 1900, 61560, 18, '2015-03-02', 20, 'Active', NULL, '2015-06-27', '02:55:06 AM'),
(912, 0, 1, 1, 434, 879, 5, 71, 23, 12, 0, 12, 4560, 66120, 19, '2015-03-02', 20, 'Active', NULL, '2015-06-27', '02:56:03 AM'),
(913, 0, 1, 1, 434, 880, 5, 71, 23, 2, 0, 2, 760, 66880, 20, '2015-03-02', 20, 'Active', NULL, '2015-06-27', '02:56:53 AM'),
(914, 0, 1, 1, 434, 881, 5, 71, 23, 5, 0, 5, 1900, 68780, 21, '2015-03-02', 20, 'Active', NULL, '2015-06-27', '02:57:41 AM'),
(915, 0, 1, 1, 434, 882, 5, 71, 23, 15, 0, 15, 5700, 74480, 22, '2015-03-02', 20, 'Active', NULL, '2015-06-27', '03:19:43 AM'),
(916, 0, 1, 1, 345, 883, 5, 71, 23, 110, 0, 110, 34100, 1030750, 23, '2015-03-02', 20, 'Active', NULL, '2015-06-27', '03:20:28 AM'),
(917, 0, 1, 1, 345, 884, 5, 71, 23, 220, 0, 220, 68200, 1098950, 24, '2015-03-02', 20, 'Active', NULL, '2015-06-27', '03:21:17 AM'),
(918, 0, 1, 1, 155, 885, 5, 71, 23, 10, 0, 10, 3100, 247690, 27, '2015-03-03', 20, 'Active', NULL, '2015-06-27', '03:21:59 AM'),
(919, 0, 1, 1, 155, 886, 5, 71, 23, 87, 0, 87, 26970, 274660, 28, '2015-03-02', 20, 'Active', NULL, '2015-06-27', '03:22:41 AM'),
(920, 0, 1, 1, 155, 887, 5, 71, 23, 28, 0, 28, 8680, 283340, 29, '2015-03-03', 20, 'Active', NULL, '2015-06-27', '03:23:27 AM'),
(921, 0, 1, 1, 268, 888, 5, 71, 23, 55, 0, 55, 17050, 167400, 5, '2015-03-02', 20, 'Active', NULL, '2015-06-27', '03:24:11 AM'),
(922, 0, 1, 1, 293, 889, 5, 71, 23, 54, 0, 54, 16740, 156240, 7, '2015-03-02', 20, 'Active', NULL, '2015-06-27', '03:25:04 AM'),
(923, 0, 1, 1, 345, 890, 5, 71, 23, 220, 0, 220, 68200, 1167150, 25, '2015-03-04', 20, 'Active', NULL, '2015-06-27', '03:25:53 AM'),
(924, 0, 1, 1, 575, 891, 5, 71, 23, 1, 0, 1, 380, 380, 1, '2015-03-02', 20, 'Active', NULL, '2015-06-27', '03:35:52 AM'),
(925, 0, 1, 1, 576, 892, 5, 71, 23, 1, 0, 1, 380, 380, 1, '2015-03-02', 20, 'Active', NULL, '2015-06-27', '03:36:43 AM'),
(926, 0, 1, 1, 185, 893, 5, 71, 23, 1, 0, 1, 380, 2660, 2, '2015-03-02', 20, 'Active', NULL, '2015-06-27', '03:54:01 AM'),
(927, 0, 1, 1, 129, 894, 5, 71, 23, 11, 0, 11, 3410, 51770, 8, '2015-03-02', 20, 'Active', NULL, '2015-06-27', '03:55:31 AM'),
(928, 0, 1, 1, 71, 895, 5, 71, 23, 10, 0, 10, 3100, 68200, 12, '2015-03-02', 20, 'Active', NULL, '2015-06-27', '03:57:39 AM'),
(929, 0, 1, 1, 71, 896, 5, 71, 23, 7, 0, 7, 2170, 70370, 13, '2015-03-02', 20, 'Active', NULL, '2015-06-27', '03:58:55 AM'),
(930, 0, 1, 1, 71, 897, 5, 71, 23, 50, 0, 50, 15500, 85870, 14, '2015-03-02', 20, 'Active', NULL, '2015-06-27', '03:59:37 AM'),
(931, 0, 1, 1, 577, 898, 5, 71, 23, 3, 0, 3, 1140, 1140, 1, '2015-03-02', 20, 'Active', NULL, '2015-06-27', '04:30:32 AM'),
(932, 0, 1, 1, 578, 899, 5, 71, 23, 2, 0, 2, 760, 760, 1, '2015-03-02', 20, 'Active', NULL, '2015-06-27', '04:31:13 AM'),
(933, 0, 1, 1, 579, 900, 5, 71, 23, 1, 0, 1, 380, 380, 1, '2015-03-02', 20, 'Active', NULL, '2015-06-27', '04:32:07 AM'),
(934, 0, 1, 1, 580, 901, 5, 71, 23, 1, 0, 1, 380, 380, 1, '2015-03-02', 20, 'Active', NULL, '2015-06-27', '04:33:20 AM'),
(935, 0, 1, 1, 581, 902, 5, 71, 23, 5, 0, 5, 1900, 1900, 1, '2015-03-02', 20, 'Active', NULL, '2015-06-27', '04:34:08 AM'),
(936, 0, 1, 1, 582, 903, 5, 71, 23, 3, 0, 3, 1140, 1140, 1, '2015-03-02', 20, 'Active', NULL, '2015-06-27', '04:36:31 AM'),
(937, 0, 1, 1, 583, 904, 5, 71, 23, 2, 0, 2, 760, 760, 1, '2015-03-02', 20, 'Active', NULL, '2015-06-27', '04:37:16 AM'),
(938, 0, 1, 1, 584, 905, 5, 71, 23, 3, 0, 3, 1140, 1140, 1, '2015-03-02', 20, 'Active', NULL, '2015-06-27', '04:37:58 AM'),
(939, 0, 1, 1, 585, 906, 5, 71, 23, 1, 0, 1, 380, 380, 1, '2015-03-02', 20, 'Active', NULL, '2015-06-27', '04:38:45 AM'),
(940, 0, 1, 1, 586, 907, 5, 71, 23, 100, 0, 100, 31000, 31000, 1, '2015-03-02', 20, 'Active', NULL, '2015-06-27', '04:39:31 AM'),
(941, 0, 1, 1, 586, 908, 5, 71, 23, 100, 0, 100, 31000, 62000, 2, '2015-03-02', 20, 'Active', NULL, '2015-06-27', '04:40:30 AM'),
(942, 0, 1, 1, 586, 909, 5, 71, 23, 32, 0, 32, 9920, 71920, 3, '2015-03-02', 20, 'Active', NULL, '2015-06-27', '04:41:54 AM'),
(943, 0, 1, 1, 587, 910, 5, 71, 23, 3, 0, 3, 1140, 1140, 1, '2015-03-02', 20, 'Active', NULL, '2015-06-27', '04:45:37 AM'),
(944, 0, 1, 1, 345, 911, 5, 71, 23, 115, 0, 115, 35650, 1202800, 26, '2015-03-02', 20, 'Active', NULL, '2015-06-27', '04:47:05 AM'),
(945, 0, 1, 1, 488, 912, 5, 71, 23, 6, 0, 6, 2280, 78280, 3, '2015-03-02', 20, 'Active', NULL, '2015-06-27', '04:48:04 AM'),
(946, 0, 1, 1, 82, 913, 5, 71, 23, 20, 0, 20, 6200, 105090, 15, '2015-03-02', 20, 'Active', NULL, '2015-06-27', '04:48:43 AM'),
(947, 0, 1, 1, 82, 914, 5, 71, 23, 16, 0, 16, 4960, 110050, 16, '2015-03-02', 20, 'Active', NULL, '2015-06-27', '04:50:05 AM'),
(948, 0, 1, 1, 488, 915, 5, 71, 23, 51, 0, 51, 19380, 97660, 4, '2015-03-03', 20, 'Active', NULL, '2015-06-27', '04:50:57 AM'),
(949, 0, 1, 1, 488, 916, 5, 71, 23, 30, 0, 30, 11400, 109060, 5, '2015-03-03', 20, 'Active', NULL, '2015-06-27', '04:53:21 AM'),
(950, 0, 1, 1, 588, 917, 5, 71, 23, 1, 0, 1, 380, 380, 1, '2015-03-02', 20, 'Active', NULL, '2015-06-27', '04:57:28 AM'),
(951, 0, 1, 1, 589, 918, 5, 71, 23, 5, 0, 5, 1900, 1900, 1, '2015-03-02', 20, 'Active', NULL, '2015-06-27', '05:18:17 AM'),
(952, 0, 1, 1, 343, 919, 5, 71, 31, 120, 0, 120, 25200, 125790, 4, '2015-03-02', 20, 'Active', NULL, '2015-06-27', '05:20:09 AM'),
(953, 0, 1, 1, 155, 920, 5, 71, 23, 62, 0, 62, 19220, 302560, 30, '2015-03-02', 20, 'Active', NULL, '2015-06-27', '05:23:11 AM'),
(954, 0, 1, 1, 129, 921, 5, 71, 23, 100, 0, 100, 31000, 82770, 9, '2015-03-02', 20, 'Active', NULL, '2015-06-27', '05:26:43 AM'),
(955, 0, 1, 1, 129, 922, 5, 71, 23, 18, 0, 18, 5580, 88350, 10, '2015-03-02', 20, 'Active', NULL, '2015-06-27', '05:27:33 AM'),
(956, 0, 1, 1, 155, 923, 5, 71, 23, 11, 0, 11, 3410, 305970, 31, '2015-03-02', 20, 'Active', NULL, '2015-06-27', '05:29:16 AM'),
(957, 0, 1, 1, 155, 924, 5, 71, 23, 10, 0, 10, 3100, 309070, 32, '2015-03-02', 20, 'Active', NULL, '2015-06-27', '05:30:04 AM'),
(958, 0, 1, 1, 590, 925, 5, 71, 23, 2, 0, 2, 760, 760, 1, '2015-03-02', 20, 'Active', NULL, '2015-06-27', '05:41:28 AM'),
(959, 0, 1, 1, 591, 926, 5, 71, 23, 1, 0, 1, 380, 380, 1, '2015-03-02', 20, 'Active', NULL, '2015-06-27', '05:42:17 AM'),
(960, 0, 1, 1, 592, 927, 5, 71, 23, 2, 0, 2, 760, 760, 1, '2015-03-02', 20, 'Active', NULL, '2015-06-27', '05:43:57 AM'),
(961, 0, 1, 1, 593, 928, 5, 71, 23, 4, 0, 4, 1520, 1520, 1, '2015-03-02', 20, 'Active', NULL, '2015-06-27', '05:45:30 AM'),
(962, 0, 1, 1, 594, 929, 5, 71, 23, 2, 0, 2, 760, 760, 1, '2015-03-02', 20, 'Active', NULL, '2015-06-27', '05:46:20 AM'),
(963, 0, 1, 1, 595, 930, 5, 71, 23, 4, 0, 4, 1520, 1520, 1, '2015-03-02', 20, 'Active', NULL, '2015-06-27', '05:47:07 AM'),
(964, 0, 1, 1, 171, 931, 5, 71, 23, 10, 0, 10, 3100, 70370, 8, '2015-03-02', 20, 'Active', NULL, '2015-06-27', '05:48:59 AM'),
(965, 0, 1, 1, 586, 932, 5, 71, 23, 120, 0, 120, 37200, 109120, 4, '2015-03-02', 20, 'Active', NULL, '2015-06-27', '23:30:18 PM'),
(966, 0, 1, 1, 293, 933, 5, 71, 23, 97, 0, 97, 30070, 186310, 8, '2015-03-02', 20, 'Active', NULL, '2015-06-27', '23:31:56 PM'),
(967, 0, 1, 1, 293, 934, 5, 71, 23, 14, 0, 14, 4340, 190650, 9, '2015-03-03', 20, 'Active', NULL, '2015-06-27', '23:32:44 PM'),
(968, 0, 1, 1, 225, 935, 5, 71, 23, 25, 0, 25, 7750, 44330, 12, '2015-03-02', 20, 'Active', NULL, '2015-06-27', '23:33:50 PM'),
(969, 0, 1, 1, 224, 936, 5, 71, 23, 2, 0, 2, 620, 18290, 10, '2015-03-02', 20, 'Active', NULL, '2015-06-27', '23:37:16 PM'),
(970, 0, 1, 1, 259, 937, 5, 71, 23, 10, 0, 10, 3100, 77190, 19, '2015-03-02', 20, 'Active', NULL, '2015-06-27', '23:38:02 PM'),
(971, 0, 1, 1, 238, 938, 5, 71, 23, 5, 0, 5, 1550, 71300, 11, '2015-03-02', 20, 'Active', NULL, '2015-06-27', '23:39:42 PM'),
(972, 0, 1, 1, 596, 939, 5, 71, 23, 1, 0, 1, 380, 380, 1, '2015-03-02', 20, 'Active', NULL, '2015-06-28', '00:01:03 AM'),
(973, 0, 1, 1, 597, 940, 5, 71, 23, 50, 0, 50, 15500, 15500, 1, '2015-03-02', 20, 'Active', NULL, '2015-06-28', '00:02:00 AM'),
(974, 0, 1, 1, 598, 941, 5, 71, 23, 13, 0, 13, 4940, 4940, 1, '2015-03-02', 20, 'Active', NULL, '2015-06-28', '00:02:48 AM'),
(975, 0, 1, 1, 599, 942, 5, 71, 23, 2, 0, 2, 760, 760, 1, '2015-03-02', 20, 'Active', NULL, '2015-06-28', '00:03:53 AM'),
(976, 0, 1, 1, 600, 943, 5, 71, 23, 6, 0, 6, 2280, 2280, 1, '2015-03-02', 20, 'Active', NULL, '2015-06-28', '00:08:29 AM'),
(977, 0, 1, 1, 601, 944, 5, 71, 23, 1, 0, 1, 380, 380, 1, '2015-03-02', 20, 'Active', NULL, '2015-06-28', '00:09:16 AM'),
(978, 0, 1, 1, 602, 945, 5, 71, 23, 1, 0, 1, 380, 380, 1, '2015-03-02', 20, 'Active', NULL, '2015-06-28', '00:10:03 AM'),
(979, 0, 1, 1, 603, 946, 5, 71, 23, 3, 0, 3, 1140, 1140, 1, '2015-03-02', 20, 'Active', NULL, '2015-06-28', '00:11:00 AM'),
(980, 0, 1, 1, 259, 947, 5, 71, 23, 3, 0, 3, 930, 78120, 20, '2015-03-02', 20, 'Active', NULL, '2015-06-28', '00:18:29 AM'),
(981, 0, 1, 1, 259, 948, 5, 71, 23, 6, 0, 6, 1860, 79980, 21, '2015-03-02', 20, 'Active', NULL, '2015-06-28', '00:19:26 AM'),
(982, 0, 1, 1, 89, 949, 5, 71, 23, 27, 0, 27, 8370, 19840, 3, '2015-03-02', 20, 'Active', NULL, '2015-06-28', '00:20:37 AM'),
(983, 0, 1, 1, 155, 950, 5, 71, 23, 13, 0, 13, 4030, 313100, 33, '2015-03-02', 20, 'Active', NULL, '2015-06-28', '00:21:21 AM'),
(984, 0, 1, 1, 558, 951, 5, 71, 23, 107, 0, 107, 33170, 67270, 2, '2015-03-02', 20, 'Active', NULL, '2015-06-28', '00:23:08 AM'),
(985, 0, 1, 1, 434, 952, 5, 71, 23, 4, 0, 4, 1520, 76000, 23, '2015-03-02', 20, 'Active', NULL, '2015-06-28', '00:24:02 AM'),
(986, 0, 1, 1, 434, 953, 5, 71, 23, 3, 0, 3, 1140, 77140, 24, '2015-03-02', 20, 'Active', NULL, '2015-06-28', '00:24:55 AM'),
(987, 0, 1, 1, 434, 954, 5, 71, 23, 2, 0, 2, 760, 77900, 25, '2015-03-02', 20, 'Active', NULL, '2015-06-28', '00:25:42 AM'),
(988, 0, 1, 1, 488, 955, 5, 71, 23, 34, 0, 34, 12920, 121980, 6, '2015-03-02', 20, 'Active', NULL, '2015-06-28', '00:26:59 AM'),
(989, 0, 1, 1, 558, 956, 5, 71, 23, 109, 0, 109, 33790, 101060, 3, '2015-03-02', 20, 'Active', NULL, '2015-06-28', '00:27:52 AM'),
(990, 0, 1, 1, 155, 957, 5, 71, 23, 179, 0, 179, 55490, 368590, 34, '2015-03-02', 20, 'Active', NULL, '2015-06-28', '00:28:36 AM'),
(991, 0, 1, 1, 313, 958, 5, 71, 23, 4, 0, 4, 1240, 3100, 2, '2015-03-02', 20, 'Active', NULL, '2015-06-28', '00:29:49 AM'),
(992, 0, 1, 1, 260, 959, 5, 71, 23, 9, 0, 9, 2790, 62000, 18, '2015-03-02', 20, 'Active', NULL, '2015-06-28', '00:31:48 AM'),
(993, 0, 1, 1, 604, 960, 5, 71, 23, 2, 0, 2, 760, 760, 1, '2015-03-02', 20, 'Active', NULL, '2015-06-28', '00:58:00 AM'),
(994, 0, 1, 1, 604, 961, 5, 71, 23, 3, 0, 3, 1140, 1900, 2, '2015-03-03', 20, 'Active', NULL, '2015-06-28', '00:58:36 AM'),
(995, 0, 1, 1, 605, 962, 5, 71, 23, 100, 0, 100, 31000, 31000, 1, '2015-03-02', 20, 'Active', NULL, '2015-06-28', '00:59:31 AM'),
(996, 0, 1, 1, 606, 963, 5, 71, 23, 110, 0, 110, 34100, 34100, 1, '2015-03-02', 20, 'Active', NULL, '2015-06-28', '01:00:18 AM'),
(997, 0, 1, 1, 607, 964, 5, 71, 23, 5, 0, 5, 1900, 1900, 1, '2015-03-02', 20, 'Active', NULL, '2015-06-28', '01:01:04 AM'),
(998, 0, 1, 1, 608, 965, 5, 71, 23, 4, 0, 4, 1520, 1520, 1, '2015-03-02', 20, 'Active', NULL, '2015-06-28', '01:22:49 AM'),
(999, 0, 1, 1, 609, 966, 5, 71, 23, 2, 0, 2, 760, 760, 1, '2015-03-02', 20, 'Active', NULL, '2015-06-28', '01:24:57 AM'),
(1000, 0, 1, 1, 610, 967, 5, 71, 23, 12, 0, 12, 4560, 4560, 1, '2015-03-02', 20, 'Active', NULL, '2015-06-28', '01:26:42 AM'),
(1001, 0, 1, 1, 611, 968, 5, 71, 23, 5, 0, 5, 1900, 1900, 1, '2015-03-02', 20, 'Active', NULL, '2015-06-28', '01:30:27 AM'),
(1002, 0, 1, 1, 612, 969, 5, 71, 23, 1, 0, 1, 380, 380, 1, '2015-03-02', 20, 'Active', NULL, '2015-06-28', '01:31:27 AM'),
(1003, 0, 1, 1, 613, 970, 5, 71, 23, 3, 0, 3, 1140, 1140, 1, '2015-03-02', 20, 'Active', NULL, '2015-06-28', '01:57:06 AM'),
(1004, 0, 1, 1, 614, 971, 5, 71, 23, 6, 0, 6, 2280, 2280, 1, '2015-03-02', 20, 'Active', NULL, '2015-06-28', '01:58:04 AM'),
(1005, 0, 1, 1, 615, 972, 5, 71, 23, 2, 0, 2, 760, 760, 1, '2015-03-02', 20, 'Active', NULL, '2015-06-28', '01:59:38 AM'),
(1006, 0, 1, 1, 616, 973, 5, 71, 23, 111, 0, 111, 34410, 34410, 1, '2015-03-02', 20, 'Active', NULL, '2015-06-28', '02:00:32 AM'),
(1007, 0, 1, 1, 616, 974, 5, 71, 23, 110, 0, 110, 34100, 68510, 2, '2015-03-03', 20, 'Active', NULL, '2015-06-28', '02:01:18 AM'),
(1008, 0, 1, 1, 617, 975, 5, 71, 23, 1, 0, 1, 380, 380, 1, '2015-03-02', 20, 'Active', NULL, '2015-06-28', '02:02:27 AM'),
(1009, 0, 1, 1, 618, 976, 5, 71, 23, 13, 0, 13, 4940, 4940, 1, '2015-03-02', 20, 'Active', NULL, '2015-06-28', '02:03:29 AM'),
(1010, 0, 1, 1, 619, 977, 5, 71, 23, 2, 0, 2, 760, 760, 1, '2015-03-02', 20, 'Active', NULL, '2015-06-28', '02:04:25 AM'),
(1011, 0, 1, 1, 620, 978, 5, 71, 23, 2, 0, 2, 760, 760, 1, '2015-03-02', 20, 'Active', NULL, '2015-06-28', '02:05:07 AM'),
(1012, 0, 1, 1, 621, 979, 5, 71, 23, 3, 0, 3, 1140, 1140, 1, '2015-03-02', 20, 'Active', NULL, '2015-06-28', '02:05:50 AM'),
(1013, 0, 1, 1, 622, 980, 5, 71, 23, 1, 0, 1, 380, 380, 1, '2015-03-02', 20, 'Active', NULL, '2015-06-28', '02:06:38 AM'),
(1014, 0, 1, 1, 623, 981, 5, 71, 23, 2, 0, 2, 760, 760, 1, '2015-03-02', 20, 'Active', NULL, '2015-06-28', '02:07:46 AM'),
(1015, 0, 1, 1, 624, 982, 5, 71, 23, 1, 0, 1, 380, 380, 1, '2015-03-02', 20, 'Active', NULL, '2015-06-28', '02:08:45 AM'),
(1016, 0, 1, 1, 625, 983, 5, 71, 23, 5, 0, 5, 1900, 1900, 1, '2015-03-02', 20, 'Active', NULL, '2015-06-28', '02:22:50 AM'),
(1017, 0, 1, 1, 626, 984, 5, 71, 23, 3, 0, 3, 1140, 1140, 1, '2015-03-02', 20, 'Active', NULL, '2015-06-28', '02:28:39 AM'),
(1018, 0, 1, 1, 627, 985, 5, 71, 23, 42, 0, 42, 13020, 13020, 1, '2015-03-02', 20, 'Active', NULL, '2015-06-28', '02:29:55 AM'),
(1019, 0, 1, 1, 627, 986, 5, 71, 23, 188, 0, 188, 58280, 71300, 2, '2015-03-02', 20, 'Active', NULL, '2015-06-28', '02:30:53 AM'),
(1020, 0, 1, 1, 628, 987, 5, 71, 23, 6, 0, 6, 1860, 1860, 1, '2015-03-02', 20, 'Active', NULL, '2015-06-28', '02:31:58 AM'),
(1021, 0, 1, 1, 628, 988, 5, 71, 23, 16, 0, 16, 4960, 6820, 2, '2015-03-02', 20, 'Active', NULL, '2015-06-28', '02:32:56 AM'),
(1022, 0, 1, 1, 155, 989, 5, 71, 23, 1, 0, 1, 310, 368900, 35, '2015-03-03', 20, 'Active', NULL, '2015-06-28', '02:34:40 AM'),
(1023, 0, 1, 1, 616, 990, 5, 71, 23, 70, 0, 70, 21700, 90210, 3, '2015-03-03', 20, 'Active', NULL, '2015-06-28', '02:38:02 AM'),
(1024, 0, 1, 1, 616, 991, 5, 71, 23, 75, 0, 75, 23250, 113460, 4, '2015-03-03', 20, 'Active', NULL, '2015-06-28', '02:39:48 AM'),
(1025, 0, 1, 1, 616, 992, 5, 71, 23, 75, 0, 75, 23250, 136710, 5, '2015-03-03', 20, 'Active', NULL, '2015-06-28', '02:41:13 AM'),
(1026, 0, 1, 1, 129, 993, 5, 71, 23, 3, 0, 3, 930, 89280, 11, '2015-03-03', 20, 'Active', NULL, '2015-06-28', '02:43:12 AM'),
(1027, 0, 1, 1, 235, 994, 5, 71, 23, 4, 0, 4, 1520, 6460, 5, '2015-03-02', 20, 'Active', NULL, '2015-06-28', '02:44:22 AM'),
(1028, 0, 1, 1, 83, 995, 5, 71, 31, 196, 0, 196, 0, 93310, 9, '2015-03-02', 20, 'Active', NULL, '2015-06-28', '02:46:46 AM'),
(1029, 0, 1, 1, 616, 996, 5, 71, 23, 108, 0, 108, 33480, 170190, 6, '2015-03-02', 20, 'Active', NULL, '2015-06-28', '02:48:24 AM'),
(1030, 0, 1, 1, 616, 997, 5, 71, 23, 61, 0, 61, 18910, 189100, 7, '2015-03-02', 20, 'Active', NULL, '2015-06-28', '02:49:14 AM'),
(1031, 0, 1, 1, 616, 998, 5, 71, 23, 61, 0, 61, 18910, 208010, 8, '2015-03-03', 20, 'Active', NULL, '2015-06-28', '02:50:03 AM'),
(1032, 0, 1, 1, 628, 999, 5, 71, 23, 31, 0, 31, 9610, 16430, 3, '2015-03-02', 20, 'Active', NULL, '2015-06-28', '02:51:17 AM'),
(1033, 0, 1, 1, 628, 1000, 5, 71, 23, 19, 0, 19, 5890, 22320, 4, '2015-03-02', 20, 'Active', NULL, '2015-06-28', '02:52:04 AM'),
(1034, 0, 1, 1, 616, 1001, 5, 71, 23, 110, 0, 110, 34100, 242110, 9, '2015-03-03', 20, 'Active', NULL, '2015-06-28', '02:52:56 AM'),
(1035, 0, 1, 1, 629, 1002, 5, 71, 23, 2, 0, 2, 760, 760, 1, '2015-03-02', 20, 'Active', NULL, '2015-06-28', '03:03:10 AM'),
(1036, 0, 1, 1, 630, 1003, 5, 71, 23, 2, 0, 2, 760, 760, 1, '2015-03-02', 20, 'Active', NULL, '2015-06-28', '03:03:57 AM'),
(1037, 0, 1, 1, 631, 1004, 5, 71, 23, 3, 0, 3, 1140, 1140, 1, '2015-03-02', 20, 'Active', NULL, '2015-06-28', '03:04:40 AM'),
(1038, 0, 1, 1, 631, 1005, 5, 71, 23, 4, 0, 4, 1520, 2660, 2, '2015-03-02', 20, 'Active', NULL, '2015-06-28', '03:05:20 AM'),
(1039, 0, 1, 1, 632, 1006, 5, 71, 23, 2, 0, 2, 760, 760, 1, '2015-03-02', 20, 'Active', NULL, '2015-06-28', '03:17:58 AM'),
(1040, 0, 1, 1, 633, 1007, 5, 71, 23, 2, 0, 2, 760, 760, 1, '2015-03-02', 20, 'Active', NULL, '2015-06-28', '03:18:49 AM'),
(1041, 0, 1, 1, 634, 1008, 5, 71, 23, 17, 0, 17, 6460, 6460, 1, '2015-03-03', 20, 'Active', NULL, '2015-06-28', '03:19:31 AM'),
(1042, 0, 1, 1, 635, 1009, 5, 71, 23, 6, 0, 6, 2280, 2280, 1, '2015-03-02', 20, 'Active', NULL, '2015-06-28', '03:20:13 AM'),
(1043, 0, 1, 1, 642, 1010, 5, 71, 23, 2, 0, 2, 760, 760, 1, '2015-03-02', 20, 'Active', NULL, '2015-06-28', '04:14:54 AM'),
(1044, 0, 1, 1, 643, 1011, 5, 71, 23, 1, 0, 1, 380, 380, 1, '2015-03-02', 20, 'Active', NULL, '2015-06-28', '04:15:35 AM'),
(1045, 0, 1, 1, 644, 1012, 5, 71, 23, 1, 0, 1, 380, 380, 1, '2015-03-02', 20, 'Active', NULL, '2015-06-28', '04:16:14 AM'),
(1046, 0, 1, 1, 636, 1013, 5, 71, 23, 1, 0, 1, 380, 380, 1, '2015-03-02', 20, 'Active', NULL, '2015-06-28', '04:17:09 AM'),
(1047, 0, 1, 1, 637, 1014, 5, 71, 23, 13, 0, 13, 4940, 4940, 1, '2015-03-02', 20, 'Active', NULL, '2015-06-28', '04:17:42 AM'),
(1048, 0, 1, 1, 638, 1015, 5, 71, 23, 5, 0, 5, 1900, 1900, 1, '2015-03-02', 20, 'Active', NULL, '2015-06-28', '04:18:33 AM'),
(1049, 0, 1, 1, 639, 1016, 5, 71, 23, 2, 0, 2, 760, 760, 1, '2015-03-02', 20, 'Active', NULL, '2015-06-28', '04:19:23 AM'),
(1050, 0, 1, 1, 640, 1017, 5, 71, 23, 2, 0, 2, 760, 760, 1, '2015-03-02', 20, 'Active', NULL, '2015-06-28', '04:20:17 AM'),
(1051, 0, 1, 1, 641, 1018, 5, 71, 23, 1, 0, 1, 380, 380, 1, '2015-03-02', 20, 'Active', NULL, '2015-06-28', '04:21:04 AM'),
(1052, 0, 1, 1, 616, 1019, 5, 71, 23, 110, 0, 110, 34100, 276210, 10, '2015-03-02', 20, 'Active', NULL, '2015-06-28', '04:30:31 AM'),
(1053, 0, 1, 1, 82, 1020, 5, 71, 23, 20, 0, 20, 6200, 116250, 17, '2015-03-02', 20, 'Active', NULL, '2015-06-28', '04:31:40 AM'),
(1054, 0, 1, 1, 82, 1021, 5, 71, 23, 14, 0, 14, 4340, 120590, 18, '2015-03-02', 20, 'Active', NULL, '2015-06-28', '04:32:27 AM'),
(1055, 0, 1, 1, 628, 1022, 5, 71, 23, 49, 0, 49, 15190, 37510, 5, '2015-03-03', 20, 'Active', NULL, '2015-06-28', '04:33:25 AM'),
(1056, 0, 1, 1, 616, 1023, 5, 71, 23, 110, 0, 110, 34100, 310310, 11, '2015-03-04', 20, 'Active', NULL, '2015-06-28', '04:34:28 AM'),
(1057, 0, 1, 1, 616, 1024, 5, 71, 23, 110, 0, 110, 34100, 344410, 12, '2015-03-04', 20, 'Active', NULL, '2015-06-28', '04:35:14 AM'),
(1058, 0, 1, 1, 628, 1025, 5, 71, 23, 15, 0, 15, 4650, 42160, 6, '2015-03-02', 20, 'Active', NULL, '2015-06-28', '04:57:42 AM'),
(1059, 0, 1, 1, 628, 1026, 5, 71, 23, 35, 0, 35, 10850, 53010, 7, '2015-03-03', 20, 'Active', NULL, '2015-06-28', '05:01:46 AM'),
(1060, 0, 1, 1, 628, 1027, 5, 71, 23, 12, 0, 12, 3720, 56730, 8, '2015-03-04', 20, 'Active', NULL, '2015-06-28', '05:02:30 AM'),
(1061, 0, 1, 1, 628, 1028, 5, 71, 23, 17, 0, 17, 5270, 62000, 9, '2015-03-04', 20, 'Active', NULL, '2015-06-28', '05:03:25 AM'),
(1062, 0, 1, 1, 628, 1029, 5, 71, 23, 10, 0, 10, 3100, 65100, 10, '2015-03-04', 20, 'Active', NULL, '2015-06-28', '05:04:09 AM'),
(1063, 0, 1, 1, 129, 1030, 5, 71, 23, 5, 0, 5, 1550, 90830, 12, '2015-03-02', 20, 'Active', NULL, '2015-06-28', '05:05:33 AM'),
(1064, 0, 1, 1, 645, 1031, 5, 71, 23, 6, 0, 6, 1860, 1860, 1, '2015-03-03', 20, 'Active', NULL, '2015-06-28', '05:08:27 AM'),
(1065, 0, 1, 1, 645, 1032, 5, 71, 23, 28, 0, 28, 8680, 10540, 2, '2015-03-02', 20, 'Active', NULL, '2015-06-28', '05:09:13 AM'),
(1066, 0, 1, 1, 645, 1033, 5, 71, 23, 77, 0, 77, 23870, 34410, 3, '2015-03-02', 20, 'Active', NULL, '2015-06-28', '05:09:57 AM'),
(1067, 0, 1, 1, 238, 1034, 5, 71, 23, 5, 0, 5, 1550, 72850, 12, '2015-03-02', 20, 'Active', NULL, '2015-06-28', '05:12:04 AM'),
(1068, 0, 1, 1, 155, 1035, 5, 71, 23, 8, 0, 8, 2480, 371380, 36, '2015-03-02', 20, 'Active', NULL, '2015-06-28', '05:13:11 AM'),
(1069, 0, 1, 1, 238, 1036, 5, 71, 23, 4, 0, 4, 1240, 74090, 13, '2015-03-03', 20, 'Active', NULL, '2015-06-28', '05:14:07 AM'),
(1070, 0, 1, 1, 200, 1037, 5, 71, 23, 1, 0, 1, 380, 3420, 2, '2015-03-02', 20, 'Active', NULL, '2015-06-28', '05:14:57 AM'),
(1071, 0, 1, 1, 646, 1038, 5, 71, 23, 4, 0, 4, 3876, 3876, 1, '2015-03-02', 20, 'Active', NULL, '2015-06-28', '05:23:22 AM'),
(1072, 0, 1, 1, 647, 1039, 5, 71, 23, 4, 0, 4, 1520, 1520, 1, '2015-03-03', 20, 'Active', NULL, '2015-06-28', '05:24:06 AM'),
(1073, 0, 1, 1, 648, 1040, 5, 71, 23, 3, 0, 3, 930, 930, 1, '2015-03-02', 20, 'Active', NULL, '2015-06-28', '05:32:15 AM'),
(1074, 0, 1, 1, 651, 1041, 5, 71, 23, 2, 0, 2, 760, 760, 1, '2015-03-02', 20, 'Active', NULL, '2015-06-28', '05:33:01 AM'),
(1075, 0, 1, 1, 650, 1042, 5, 71, 23, 6, 0, 6, 2280, 2280, 1, '2015-03-03', 20, 'Active', NULL, '2015-06-28', '05:33:52 AM'),
(1076, 0, 1, 1, 649, 1043, 5, 71, 23, 2, 0, 2, 760, 760, 1, '2015-03-02', 20, 'Active', NULL, '2015-06-28', '05:34:36 AM'),
(1077, 0, 1, 1, 652, 1044, 5, 71, 23, 4, 0, 4, 1520, 1520, 1, '2015-03-02', 20, 'Active', NULL, '2015-06-29', '00:02:29 AM'),
(1078, 0, 1, 1, 653, 1045, 5, 71, 23, 2, 0, 2, 760, 760, 1, '2015-03-03', 20, 'Active', NULL, '2015-06-29', '00:04:13 AM'),
(1079, 0, 1, 1, 654, 1046, 5, 71, 23, 2, 0, 2, 760, 760, 1, '2015-03-02', 20, 'Active', NULL, '2015-06-29', '00:05:00 AM'),
(1080, 0, 1, 1, 655, 1047, 5, 71, 23, 2, 0, 2, 760, 760, 1, '2015-03-02', 20, 'Active', NULL, '2015-06-29', '00:05:48 AM'),
(1081, 0, 1, 1, 656, 1048, 5, 71, 23, 2, 0, 2, 760, 760, 1, '2015-03-02', 20, 'Active', NULL, '2015-06-29', '00:06:47 AM'),
(1082, 0, 1, 1, 657, 1049, 5, 71, 23, 2, 0, 2, 760, 760, 1, '2015-03-02', 20, 'Active', NULL, '2015-06-29', '00:07:29 AM'),
(1083, 0, 1, 1, 658, 1050, 5, 71, 23, 3, 0, 3, 1140, 1140, 1, '2015-03-02', 20, 'Active', NULL, '2015-06-29', '00:08:11 AM'),
(1084, 0, 1, 1, 659, 1051, 5, 71, 23, 3, 0, 3, 1140, 1140, 1, '2015-03-02', 20, 'Active', NULL, '2015-06-29', '00:08:58 AM'),
(1085, 0, 1, 1, 660, 1052, 5, 71, 23, 4, 0, 4, 1520, 1520, 1, '2015-03-02', 20, 'Active', NULL, '2015-06-29', '00:09:43 AM'),
(1086, 0, 1, 1, 661, 1053, 5, 71, 23, 4, 0, 4, 1520, 1520, 1, '2015-03-02', 20, 'Active', NULL, '2015-06-29', '00:10:55 AM'),
(1087, 0, 1, 1, 662, 1054, 5, 71, 23, 14, 0, 14, 5320, 5320, 1, '2015-03-02', 20, 'Active', NULL, '2015-06-29', '00:14:21 AM'),
(1088, 0, 1, 1, 259, 1055, 5, 71, 23, 3, 0, 3, 930, 80910, 22, '2015-03-03', 20, 'Active', NULL, '2015-06-29', '00:15:16 AM'),
(1089, 0, 1, 1, 171, 1056, 5, 71, 23, 26, 0, 26, 8060, 78430, 9, '2015-03-02', 20, 'Active', NULL, '2015-06-29', '00:16:36 AM'),
(1090, 0, 1, 1, 663, 1057, 5, 71, 23, 1, 0, 1, 380, 380, 1, '2015-03-02', 20, 'Active', NULL, '2015-06-29', '01:06:10 AM'),
(1091, 0, 1, 1, 664, 1058, 5, 71, 23, 1, 0, 1, 380, 380, 1, '2015-03-02', 20, 'Active', NULL, '2015-06-29', '01:07:00 AM'),
(1092, 0, 1, 1, 665, 1059, 5, 71, 23, 7, 0, 7, 2660, 2660, 1, '2015-03-02', 20, 'Active', NULL, '2015-06-29', '01:07:55 AM'),
(1093, 0, 1, 1, 666, 1060, 5, 71, 23, 1, 0, 1, 380, 380, 1, '2015-03-02', 20, 'Active', NULL, '2015-06-29', '01:08:41 AM'),
(1094, 0, 1, 1, 667, 1061, 5, 71, 23, 12, 0, 12, 4560, 4560, 1, '2015-03-03', 20, 'Active', NULL, '2015-06-29', '01:09:42 AM'),
(1095, 0, 1, 1, 668, 1062, 5, 71, 23, 1, 0, 1, 380, 380, 1, '2015-03-02', 20, 'Active', NULL, '2015-06-29', '01:10:23 AM'),
(1096, 0, 1, 1, 671, 1063, 5, 71, 23, 11, 0, 11, 4180, 4180, 1, '2015-03-02', 20, 'Active', NULL, '2015-06-29', '01:12:45 AM'),
(1097, 0, 1, 1, 670, 1064, 5, 71, 23, 8, 0, 8, 3040, 3040, 1, '2015-03-02', 20, 'Active', NULL, '2015-06-29', '01:13:29 AM'),
(1098, 0, 1, 1, 670, 1065, 5, 71, 23, 2, 0, 2, 760, 3800, 2, '2015-03-02', 20, 'Active', NULL, '2015-06-29', '01:14:06 AM'),
(1099, 0, 1, 1, 83, 1066, 5, 71, 31, 147, 0, 147, 30870, 124180, 10, '2015-03-24', 20, 'Active', NULL, '2015-06-29', '01:30:54 AM'),
(1100, 0, 1, 1, 83, 1067, 5, 71, 31, 150, 0, 150, 31500, 155680, 11, '2015-03-25', 20, 'Active', NULL, '2015-06-29', '01:33:55 AM'),
(1101, 0, 1, 1, 83, 1068, 5, 71, 31, 151, 0, 151, 31710, 187390, 12, '2015-03-26', 20, 'Active', NULL, '2015-06-29', '01:34:42 AM'),
(1102, 0, 1, 1, 83, 1069, 5, 71, 31, 149, 0, 149, 31290, 218680, 13, '2015-02-26', 20, 'Active', NULL, '2015-06-29', '01:35:46 AM'),
(1103, 0, 1, 1, 672, 1070, 5, 71, 23, 4, 0, 4, 1520, 1520, 1, '2015-03-02', 20, 'Active', NULL, '2015-06-29', '01:43:39 AM'),
(1104, 0, 1, 1, 542, 1071, 5, 71, 23, 2, 0, 2, 0, 0, 1, '2015-03-16', 20, 'Active', NULL, '2015-06-29', '01:53:44 AM'),
(1105, 0, 1, 1, 673, 1072, 5, 71, 23, 3, 0, 3, 1140, 1140, 1, '2015-03-02', 20, 'Active', NULL, '2015-06-29', '01:56:53 AM'),
(1106, 0, 1, 2, 60, 1080, 7, 184, 11, 60, 1800, 1800, 15300, 15054218.164118, 28, '2015-08-02', 20, 'Active', NULL, '2015-10-09', '07:02:34 AM'),
(1107, 0, 1, 4, 61, 1081, 13, 157, 15, 120, 15000, 15000, 60000, 1314700, 5, '2015-08-02', 20, 'Active', NULL, '2015-10-09', '07:18:51 AM'),
(1108, 0, 1, 4, 61, 1082, 13, 157, 15, 60, 7500, 7500, 30000, 1344700, 6, '2015-08-03', 20, 'Active', NULL, '2015-08-03', '10:25:03 AM');

-- --------------------------------------------------------

--
-- Table structure for table `fna_branch`
--

CREATE TABLE IF NOT EXISTS `fna_branch` (
  `BRANCHID` int(11) NOT NULL AUTO_INCREMENT,
  `BANKID` int(11) NOT NULL,
  `BRANCHNAME` varchar(100) NOT NULL,
  `ADDRESS` text NOT NULL,
  `USERID` int(11) NOT NULL,
  `STATUS` varchar(50) NOT NULL,
  `FLAG` int(11) NOT NULL,
  `ENTDATE` date NOT NULL,
  `ENTTIME` varchar(50) NOT NULL,
  PRIMARY KEY (`BRANCHID`)
) ENGINE=InnoDB  DEFAULT CHARSET=latin1 AUTO_INCREMENT=5 ;

--
-- Dumping data for table `fna_branch`
--

INSERT INTO `fna_branch` (`BRANCHID`, `BANKID`, `BRANCHNAME`, `ADDRESS`, `USERID`, `STATUS`, `FLAG`, `ENTDATE`, `ENTTIME`) VALUES
(1, 1, 'NATORE BRANCH', 'NATORE', 20, 'Active', 0, '2015-06-02', '15:18:30 PM'),
(2, 2, 'NATORE BRANCH', 'NATORE', 20, 'Active', 0, '2015-06-02', '15:22:07 PM'),
(3, 3, 'NATORE BRANCH', 'NATORE', 20, 'Active', 0, '2015-06-02', '15:22:25 PM'),
(4, 4, 'Natore Branch', 'Natore', 20, 'Active', 0, '2015-10-03', '12:44:08 PM');

-- --------------------------------------------------------

--
-- Table structure for table `fna_chamber`
--

CREATE TABLE IF NOT EXISTS `fna_chamber` (
  `CHID` int(11) NOT NULL AUTO_INCREMENT,
  `CHNAME` varchar(100) DEFAULT NULL,
  `USERID` int(11) DEFAULT NULL,
  `STATUS` varchar(20) DEFAULT NULL,
  `FLAG` int(11) DEFAULT NULL,
  `ENTDATE` date DEFAULT NULL,
  `ENTTIME` varchar(100) DEFAULT NULL,
  PRIMARY KEY (`CHID`)
) ENGINE=InnoDB  DEFAULT CHARSET=latin1 AUTO_INCREMENT=7 ;

--
-- Dumping data for table `fna_chamber`
--

INSERT INTO `fna_chamber` (`CHID`, `CHNAME`, `USERID`, `STATUS`, `FLAG`, `ENTDATE`, `ENTTIME`) VALUES
(1, 'Chamber-1', 20, 'Active', NULL, '2014-09-21', '18:05:39 PM'),
(2, 'Chamber-2', 20, 'Active', NULL, '2014-09-25', '16:19:41 PM'),
(3, 'Chamber-3', 20, 'Active', NULL, '2014-09-25', '16:19:57 PM'),
(4, 'Chamber-4', 20, 'Active', NULL, '2014-09-25', '16:20:07 PM'),
(5, 'Chamber-5', 20, 'Active', NULL, '2014-09-25', '16:20:18 PM'),
(6, 'Chamber-6', 20, 'Active', NULL, '2014-09-25', '16:20:32 PM');

-- --------------------------------------------------------

--
-- Table structure for table `fna_expanse`
--

CREATE TABLE IF NOT EXISTS `fna_expanse` (
  `EXPID` int(11) NOT NULL AUTO_INCREMENT,
  `EXPHID` int(11) NOT NULL,
  `EXPSUBHID` int(11) NOT NULL,
  `PROJECTID` int(11) NOT NULL,
  `SUBPROJECTID` int(11) NOT NULL,
  `PARTYID` int(11) NOT NULL,
  `AMOUNT` double NOT NULL,
  `EXPDATE` date NOT NULL,
  `VOUCHERNO` varchar(50) NOT NULL,
  `DESCRIPTION` text NOT NULL,
  `USERID` int(11) NOT NULL,
  `STATUS` varchar(20) NOT NULL,
  `FLAG` int(11) NOT NULL,
  `ENTDATE` date NOT NULL,
  `ENTTIME` varchar(50) NOT NULL,
  PRIMARY KEY (`EXPID`)
) ENGINE=InnoDB  DEFAULT CHARSET=latin1 AUTO_INCREMENT=142 ;

--
-- Dumping data for table `fna_expanse`
--

INSERT INTO `fna_expanse` (`EXPID`, `EXPHID`, `EXPSUBHID`, `PROJECTID`, `SUBPROJECTID`, `PARTYID`, `AMOUNT`, `EXPDATE`, `VOUCHERNO`, `DESCRIPTION`, `USERID`, `STATUS`, `FLAG`, `ENTDATE`, `ENTTIME`) VALUES
(59, 39, 0, 1, 1, 0, 1510026, '2015-08-01', '001', 'Software Opening Expanse (In Total)', 20, 'Active', 0, '2015-08-20', '06:10:13 AM'),
(60, 39, 0, 1, 2, 0, 8890551, '2015-08-01', '002', 'Software Opening Expanse (In Total)', 20, 'Active', 0, '2015-08-20', '06:19:54 AM'),
(62, 39, 0, 1, 3, 0, 24830, '2015-08-01', '003', 'Software Opening Expanse (In Total)', 20, 'Active', 0, '2015-08-20', '06:27:23 AM'),
(63, 39, 0, 1, 4, 0, 27699, '2015-08-01', '005', 'Software Opening Expanse (In Total)', 20, 'Active', 0, '2015-08-20', '06:42:23 AM'),
(64, 39, 0, 1, 5, 0, 11815, '2015-08-01', '006', 'Software Opening Expanse (In Total)', 20, 'Active', 0, '2015-08-20', '06:43:07 AM'),
(65, 39, 0, 1, 13, 0, 2062, '2015-08-01', '007', 'Software Opening Expanse (In Total)', 20, 'Active', 0, '2015-08-20', '06:43:44 AM'),
(66, 39, 0, 2, 6, 0, 6133488, '2015-08-01', '008', 'Software Opening Expanse (In Total)', 20, 'Active', 0, '2015-08-20', '06:44:34 AM'),
(67, 39, 0, 4, 9, 0, 9241227, '2015-08-01', '009', 'Software Opening Expanse (In Total)', 20, 'Active', 0, '2015-08-20', '06:45:19 AM'),
(68, 39, 0, 7, 12, 0, 50836831, '2015-08-01', '010', 'Software Opening Expanse (In Total)', 20, 'Active', 0, '2015-08-20', '06:54:58 AM'),
(69, 39, 0, 7, 12, 685, 6358758, '2015-08-01', '011', 'Software Opening Expanse (In Total)', 20, 'Active', 0, '2015-08-20', '07:14:53 AM'),
(70, 39, 0, 9, 15, 696, 9600, '2015-08-01', '113', 'Software Opening Expanse', 20, 'Active', 0, '2015-10-03', '13:08:09 PM'),
(73, 27, 0, 1, 2, 60, 3040, '2015-08-01', '8260', 'M4*320 + L8*220', 20, 'Active', 0, '2015-10-08', '09:30:32 AM'),
(74, 5, 12, 1, 2, 60, 55, '2015-08-01', '8262', 'Check Vulb', 20, 'Active', 0, '2015-10-08', '09:32:03 AM'),
(76, 40, 0, 12, 36, 720, 2030, '2015-08-01', '8258', '', 20, 'Active', 0, '2015-10-08', '10:49:47 AM'),
(77, 41, 0, 9, 15, 721, 100, '2015-08-01', '8255', 'Fish', 20, 'Active', 0, '2015-10-08', '10:53:43 AM'),
(78, 5, 12, 9, 15, 721, 90, '2015-08-01', '8261', '', 20, 'Active', 0, '2015-10-08', '10:54:31 AM'),
(79, 5, 12, 9, 15, 721, 130, '2015-08-01', '8264', 'Tube well Repairing', 20, 'Active', 0, '2015-10-08', '10:55:19 AM'),
(80, 6, 13, 4, 9, 723, 240, '2015-08-01', '8254', '', 20, 'Active', 0, '2015-10-08', '12:38:05 PM'),
(81, 12, 0, 1, 2, 60, 26000, '2015-08-02', '8270', 'Glonide Bulb Purchase', 20, 'Active', 0, '2015-10-09', '06:26:19 AM'),
(82, 21, 0, 1, 2, 60, 220, '2015-08-02', '8271', 'Glonide Bulb Bearing', 20, 'Active', 0, '2015-10-09', '06:27:22 AM'),
(83, 5, 12, 1, 2, 60, 1490, '2015-08-02', '8272', 'Net purch Van Vara', 20, 'Active', 0, '2015-10-09', '06:28:09 AM'),
(84, 19, 0, 1, 2, 60, 11120, '2015-08-02', '8273', 'Fan 3 Pcs+Electricity ', 20, 'Active', 0, '2015-10-09', '06:29:06 AM'),
(85, 21, 0, 1, 2, 60, 50, '2015-08-02', '8286', 'Greel Ana', 20, 'Active', 0, '2015-10-09', '06:30:18 AM'),
(86, 42, 0, 1, 2, 60, 8793, '2015-08-02', '8274', 'Recker Kat', 20, 'Active', 0, '2015-10-09', '06:31:45 AM'),
(87, 9, 0, 1, 2, 60, 280, '2015-08-02', '8291', '', 20, 'Active', 0, '2015-10-09', '06:32:19 AM'),
(88, 36, 0, 4, 9, 724, 200, '2015-08-02', '8275', 'Mr. Reza ', 20, 'Active', 0, '2015-10-09', '07:52:57 AM'),
(89, 44, 0, 4, 9, 724, 100, '2015-08-02', '8276', 'Vupen/ Walia Money Rashid-928', 20, 'Active', 0, '2015-10-09', '07:54:40 AM'),
(90, 6, 13, 4, 9, 723, 600, '2015-08-02', '8289', '', 20, 'Active', 0, '2015-10-09', '07:59:14 AM'),
(91, 45, 0, 1, 2, 60, 800, '2015-08-03', '8312', '2*400/-', 20, 'Active', 0, '2015-10-09', '10:04:33 AM'),
(92, 46, 0, 1, 2, 60, 2625, '2015-08-03', '8322', '', 20, 'Active', 0, '2015-08-03', '10:22:37 AM'),
(93, 47, 15, 4, 9, 724, 250, '2015-08-03', '8306', '', 20, 'Active', 0, '2015-08-03', '10:50:20 AM'),
(94, 6, 16, 2, 6, 728, 160, '2015-08-03', '8308', '', 20, 'Active', 0, '2015-08-03', '11:00:25 AM'),
(95, 6, 16, 2, 6, 728, 300, '2015-08-03', '8309', '150 Basta Vutta', 20, 'Active', 0, '2015-08-03', '11:02:57 AM'),
(96, 6, 13, 9, 16, 730, 750, '2015-08-03', '8313', '5*150/-', 20, 'Active', 0, '2015-08-03', '11:23:40 AM'),
(97, 21, 0, 9, 15, 731, 100, '2015-08-03', '8310', 'Monthly Bazar Bearing', 20, 'Active', 0, '2015-08-03', '11:24:41 AM'),
(98, 3, 8, 2, 6, 728, 100, '2015-08-04', '8333', '', 20, 'Active', 0, '2015-10-10', '06:25:03 AM'),
(99, 27, 0, 2, 6, 728, 760, '2015-08-04', '8342', 'Mistery 1 Pur: Laber:2 ', 20, 'Active', 0, '2015-10-10', '06:28:51 AM'),
(100, 6, 13, 12, 36, 720, 1460, '2015-08-04', '8341', 'mistri 3*320, Labour 2*250', 20, 'Active', 0, '2015-10-10', '08:06:00 AM'),
(101, 6, 16, 12, 36, 720, 750, '2015-08-04', '8345', '300 Bag Cement Unload ', 20, 'Active', 0, '2015-10-10', '08:09:05 AM'),
(102, 6, 13, 12, 23, 735, 1640, '2015-08-04', '8340', 'Mistry 2*320, Labour 4*250', 20, 'Active', 0, '2015-10-10', '08:11:38 AM'),
(103, 41, 0, 9, 15, 721, 11630, '2015-08-04', '8335', 'Manthly Bazar', 20, 'Active', 0, '2015-10-10', '08:13:42 AM'),
(104, 41, 0, 9, 15, 721, 650, '2015-08-04', '8346', 'Fish Purchase ', 20, 'Active', 0, '2015-10-10', '08:14:42 AM'),
(105, 27, 0, 3, 8, 719, 760, '2015-08-05', '8385', '1*320, 2*220', 20, 'Active', 0, '2015-10-11', '01:14:18 AM'),
(106, 6, 13, 4, 9, 723, 1100, '2015-08-05', '8382', '', 20, 'Active', 0, '2015-10-11', '08:56:39 AM'),
(107, 40, 0, 12, 36, 720, 1530, '2015-08-05', '8386', '4*320, 1*250', 20, 'Active', 0, '2015-10-11', '09:22:38 AM'),
(108, 27, 0, 12, 23, 735, 2280, '2015-08-05', '8388', '4*320, 4*250', 20, 'Active', 0, '2015-10-11', '09:24:17 AM'),
(109, 41, 0, 9, 15, 731, 365, '2015-08-05', '8377', 'egg ', 20, 'Active', 0, '2015-10-11', '09:45:39 AM'),
(110, 41, 0, 9, 15, 731, 140, '2015-08-05', '8383', 'Fish Purchase ', 20, 'Active', 0, '2015-10-11', '09:46:49 AM'),
(111, 6, 13, 13, 25, 738, 150, '2015-08-05', '8378', 'Labour Bokshis', 20, 'Active', 0, '2015-10-11', '09:49:10 AM'),
(112, 5, 12, 1, 1, 739, 180, '2015-08-05', '8436', 'Torch Light Purchase  ', 20, 'Active', 0, '2015-10-11', '10:08:22 AM'),
(113, 48, 0, 4, 9, 724, 8000, '2015-08-05', '8418', 'Mony Roshid 929', 20, 'Active', 0, '2015-10-11', '10:14:14 AM'),
(114, 44, 0, 4, 9, 741, 350, '2015-08-06', '8419', 'Many Roshid-931', 20, 'Active', 0, '2015-10-11', '10:17:45 AM'),
(115, 6, 13, 4, 9, 723, 450, '2015-08-06', '8437', '3*150', 20, 'Active', 0, '2015-10-11', '10:19:27 AM'),
(116, 21, 0, 4, 9, 724, 40, '2015-08-06', '8438', 'Gaject Paper ana van vara', 20, 'Active', 0, '2015-10-11', '10:20:45 AM'),
(121, 36, 0, 1, 4, 61, 1, '2015-08-06', '8439//1', 'Check (Petrol)', 20, 'Active', 0, '2015-10-19', '01:50:51 AM'),
(122, 40, 0, 12, 36, 720, 2030, '2015-08-06', '8441', 'Mistry 3 jon. labure 4 jon', 20, 'Active', 0, '2015-10-24', '00:39:09 AM'),
(123, 27, 0, 12, 36, 742, 1690, '2015-08-06', '8440', 'Mistry 3 jon & Luber 4 jon', 20, 'Active', 0, '2015-10-24', '00:42:34 AM'),
(124, 27, 0, 12, 23, 735, 2460, '2015-08-06', '8442', 'Mistry 3 jon Luber 6 jon', 20, 'Active', 0, '2015-10-24', '00:43:54 AM'),
(125, 5, 12, 13, 27, 743, 600, '2015-08-06', '8446', 'Gejet Purchase 20kg', 20, 'Active', 0, '2015-10-24', '00:48:28 AM'),
(126, 18, 0, 1, 1, 745, 270, '2015-08-07', '8478', 'Calculator Purchase 1pcs', 20, 'Active', 0, '2015-10-24', '01:01:27 AM'),
(127, 27, 0, 12, 36, 742, 2280, '2015-08-07', '8483', '', 20, 'Active', 0, '2015-10-26', '05:31:12 AM'),
(128, 27, 0, 12, 23, 735, 3280, '2015-08-07', '8481', '', 20, 'Active', 0, '2015-10-26', '05:33:25 AM'),
(129, 6, 13, 9, 16, 730, 600, '2015-08-07', '8480', '4*150', 20, 'Active', 0, '2015-10-26', '05:42:38 AM'),
(130, 41, 0, 9, 15, 746, 710, '2015-08-07', '8457', 'Fish & Kosu Perches ', 20, 'Active', 0, '2015-10-26', '05:48:03 AM'),
(131, 5, 0, 9, 15, 747, 200, '2015-08-07', '8479', 'Purchasing seeds', 20, 'Active', 0, '2015-10-26', '05:55:34 AM'),
(132, 21, 0, 3, 8, 719, 80, '2015-08-08', '8520', '25 No Batch Natore hote Hardbord and van vara', 20, 'Active', 0, '2015-11-01', '01:28:58 AM'),
(133, 21, 0, 3, 8, 719, 90, '2015-08-08', '8522', 'Van Meramot ', 20, 'Active', 0, '2015-11-01', '01:30:13 AM'),
(134, 5, 12, 3, 8, 719, 250, '2015-08-08', '8523', 'Calculator Purchase  ', 20, 'Active', 0, '2015-11-01', '01:31:50 AM'),
(135, 18, 0, 3, 8, 719, 850, '2015-08-08', '8524', 'Hardbord Purchase ', 20, 'Active', 0, '2015-11-01', '01:33:23 AM'),
(136, 21, 0, 2, 6, 728, 120, '2015-08-08', '8519', '', 20, 'Active', 0, '2015-11-02', '05:06:14 AM'),
(137, 27, 0, 12, 36, 742, 2780, '2015-08-08', '8506', 'Mistery 4 jon Leber 6 jon', 20, 'Active', 0, '2015-11-02', '05:09:25 AM'),
(138, 27, 0, 12, 23, 735, 2280, '2015-08-08', '8507', 'Mistri 4 jon Leber 4 jon', 20, 'Active', 0, '2015-11-02', '05:10:43 AM'),
(139, 5, 12, 9, 15, 731, 100, '2015-08-08', '8504', '', 20, 'Active', 0, '2015-11-02', '05:15:24 AM'),
(140, 50, 0, 9, 15, 749, 400, '2015-08-08', '8521', '', 20, 'Active', 0, '2015-11-02', '05:19:58 AM'),
(141, 41, 0, 9, 15, 746, 2933, '2015-08-08', '8525', '', 20, 'Active', 0, '2015-11-02', '05:20:40 AM');

-- --------------------------------------------------------

--
-- Table structure for table `fna_expense_head`
--

CREATE TABLE IF NOT EXISTS `fna_expense_head` (
  `EXPHID` int(11) NOT NULL AUTO_INCREMENT,
  `PROJECTID` int(11) NOT NULL,
  `SUBPROJECTID` int(11) NOT NULL,
  `EXPHEADNAME` varchar(200) NOT NULL,
  `USERID` int(11) NOT NULL,
  `STATUS` varchar(20) NOT NULL,
  `FLAG` int(11) NOT NULL,
  `ENTDATE` date NOT NULL,
  `ENTTIME` varchar(200) NOT NULL,
  PRIMARY KEY (`EXPHID`)
) ENGINE=InnoDB  DEFAULT CHARSET=latin1 AUTO_INCREMENT=51 ;

--
-- Dumping data for table `fna_expense_head`
--

INSERT INTO `fna_expense_head` (`EXPHID`, `PROJECTID`, `SUBPROJECTID`, `EXPHEADNAME`, `USERID`, `STATUS`, `FLAG`, `ENTDATE`, `ENTTIME`) VALUES
(1, 0, 0, 'Salary', 20, 'Active', 0, '2014-10-27', '16:22:50 PM'),
(2, 0, 0, 'Convayence', 20, 'Active', 0, '2014-10-27', '16:29:18 PM'),
(3, 0, 0, 'Entertainment', 20, 'Active', 0, '2014-10-27', '16:35:38 PM'),
(4, 0, 0, 'Electricity', 20, 'Active', 0, '2014-11-21', '09:51:04 AM'),
(5, 0, 0, 'Others Expanse', 20, 'Active', 0, '2014-11-21', '11:14:59 AM'),
(6, 0, 0, 'Daily Labour', 20, 'Active', 0, '2014-11-21', '11:16:03 AM'),
(7, 0, 0, 'Kat Mistry', 20, 'Active', 0, '2014-11-21', '11:17:07 AM'),
(8, 0, 0, 'Dan Khat', 20, 'Active', 0, '2015-06-01', '01:29:54 AM'),
(9, 0, 0, 'Paper Bill', 20, 'Active', 0, '2015-06-01', '01:30:19 AM'),
(10, 0, 0, 'Meramot', 20, 'Active', 0, '2015-06-01', '01:30:49 AM'),
(11, 0, 0, 'Mobile Bill', 20, 'Active', 0, '2015-06-01', '01:31:18 AM'),
(12, 0, 0, 'Machine Room  ', 20, 'Active', 0, '2015-06-01', '01:31:50 AM'),
(13, 0, 0, 'Honda Exp:', 20, 'Active', 0, '2015-06-01', '01:32:19 AM'),
(14, 0, 0, 'Head Office Exp:', 20, 'Active', 0, '2015-06-01', '01:32:48 AM'),
(15, 0, 0, 'Online Charges ', 20, 'Active', 0, '2015-06-01', '01:33:37 AM'),
(16, 0, 0, 'Internal Exp: ', 20, 'Active', 0, '2015-06-01', '01:34:42 AM'),
(17, 0, 0, 'Dhaka Office Rent', 20, 'Active', 0, '2015-06-01', '01:35:10 AM'),
(18, 0, 0, 'Officeal Materials ', 20, 'Active', 0, '2015-06-01', '01:36:25 AM'),
(19, 0, 0, 'Electrical Materials ', 20, 'Active', 0, '2015-06-01', '01:36:48 AM'),
(20, 0, 0, 'Water Mistery', 20, 'Active', 0, '2015-06-01', '01:37:15 AM'),
(21, 0, 0, 'Van Vara', 20, 'Active', 0, '2015-06-01', '01:37:35 AM'),
(22, 0, 0, 'VAT ', 20, 'Active', 0, '2015-06-01', '01:38:07 AM'),
(23, 0, 0, 'Angel Purchase ', 20, 'Active', 0, '2015-06-01', '01:38:31 AM'),
(24, 0, 0, 'Mobil', 20, 'Active', 0, '2015-06-01', '01:38:49 AM'),
(25, 0, 0, 'Rong Purchase ', 20, 'Active', 0, '2015-06-01', '01:40:10 AM'),
(26, 0, 0, 'Rong Mistery', 20, 'Active', 0, '2015-06-01', '01:40:37 AM'),
(27, 0, 0, 'Raj Mistery', 20, 'Active', 0, '2015-06-01', '01:41:02 AM'),
(28, 0, 0, 'Corksheet Mistery', 20, 'Active', 0, '2015-06-01', '01:41:38 AM'),
(29, 0, 0, 'Computer Exp:', 20, 'Active', 0, '2015-06-01', '01:42:07 AM'),
(30, 0, 0, 'Head Office Car Meramot', 20, 'Active', 0, '2015-06-01', '01:42:43 AM'),
(31, 0, 0, 'Lift ', 20, 'Active', 0, '2015-06-01', '01:43:10 AM'),
(32, 0, 0, 'Medical Exp: ', 20, 'Active', 0, '2015-06-01', '01:43:41 AM'),
(33, 0, 0, 'Diesel ', 20, 'Active', 0, '2015-06-01', '01:44:44 AM'),
(34, 0, 0, 'Dise Line', 20, 'Active', 0, '2015-06-01', '01:45:00 AM'),
(35, 0, 0, 'Cleaning', 20, 'Active', 0, '2015-06-18', '02:08:53 AM'),
(36, 0, 0, 'Petrol', 20, 'Active', 0, '2015-06-24', '01:11:05 AM'),
(37, 0, 0, 'Ojon Kora', 20, 'Active', 0, '2015-06-25', '00:24:55 AM'),
(38, 0, 0, 'Sweater Pur', 20, 'Active', 0, '2015-06-25', '00:26:16 AM'),
(39, 0, 0, 'Software Opening Expanse', 20, 'Active', 0, '2015-08-20', '06:08:38 AM'),
(40, 0, 0, 'Rod Mistry', 20, 'Active', 0, '2015-10-08', '10:42:52 AM'),
(41, 0, 0, 'Daily Bazar', 20, 'Active', 0, '2015-10-08', '10:53:07 AM'),
(42, 0, 0, 'Wood Purchase', 20, 'Active', 0, '2015-10-09', '06:30:55 AM'),
(43, 0, 0, 'Office Expanse- Hacthery', 20, 'Active', 0, '2015-10-09', '07:51:21 AM'),
(44, 0, 0, 'Commission', 20, 'Active', 0, '2015-10-09', '07:53:43 AM'),
(45, 0, 0, 'Welding Mistry', 20, 'Active', 0, '2015-10-09', '10:03:34 AM'),
(46, 0, 0, 'Greel', 20, 'Active', 0, '2015-08-03', '10:21:42 AM'),
(47, 0, 0, 'licences', 20, 'Active', 0, '2015-08-03', '10:48:49 AM'),
(48, 0, 0, 'Buking Adjusment ', 20, 'Active', 0, '2015-10-11', '10:12:39 AM'),
(49, 0, 0, 'Gazette Paper', 20, 'Active', 0, '2015-10-11', '10:23:15 AM'),
(50, 0, 0, 'Egg Purchase ', 20, 'Active', 0, '2015-11-02', '05:19:22 AM');

-- --------------------------------------------------------

--
-- Table structure for table `fna_expsubhead`
--

CREATE TABLE IF NOT EXISTS `fna_expsubhead` (
  `EXPSUBHID` int(11) NOT NULL AUTO_INCREMENT,
  `EXPHID` int(11) NOT NULL,
  `PROJECTID` int(11) NOT NULL,
  `SUBPROJECTID` int(11) NOT NULL,
  `SUBHEADNAME` varchar(200) NOT NULL,
  `USERID` int(11) NOT NULL,
  `STATUS` varchar(20) NOT NULL,
  `FLAG` int(11) NOT NULL,
  `ENTDATE` date NOT NULL,
  `ENTTIME` varchar(200) NOT NULL,
  PRIMARY KEY (`EXPSUBHID`)
) ENGINE=InnoDB  DEFAULT CHARSET=latin1 AUTO_INCREMENT=17 ;

--
-- Dumping data for table `fna_expsubhead`
--

INSERT INTO `fna_expsubhead` (`EXPSUBHID`, `EXPHID`, `PROJECTID`, `SUBPROJECTID`, `SUBHEADNAME`, `USERID`, `STATUS`, `FLAG`, `ENTDATE`, `ENTTIME`) VALUES
(5, 2, 0, 0, 'CNG', 20, 'Active', 0, '2014-11-12', '16:07:41 PM'),
(6, 2, 0, 0, 'Bus', 20, 'Active', 0, '2014-11-12', '16:07:54 PM'),
(7, 3, 0, 0, 'Party Expanse', 20, 'Active', 0, '2014-11-12', '16:08:31 PM'),
(8, 3, 0, 0, 'Staff Expanse', 20, 'Active', 0, '2014-11-12', '16:08:49 PM'),
(9, 1, 0, 0, 'Basic Salary', 20, 'Active', 0, '2014-11-12', '16:09:00 PM'),
(10, 4, 0, 0, 'Electricity Bill', 20, 'Active', 0, '2014-11-21', '09:51:32 AM'),
(11, 2, 0, 0, 'Van Vara', 20, 'Active', 0, '2014-11-21', '11:14:32 AM'),
(12, 5, 0, 0, 'Others Expanse', 20, 'Active', 0, '2014-11-21', '11:15:28 AM'),
(13, 6, 0, 0, 'Cleaning', 20, 'Active', 0, '2014-11-21', '11:16:54 AM'),
(14, 7, 0, 0, 'Mistry', 20, 'Active', 0, '2014-11-21', '11:17:30 AM'),
(15, 47, 0, 0, 'Tred Licences', 20, 'Active', 0, '2015-08-03', '10:49:18 AM'),
(16, 6, 0, 0, 'Unload', 20, 'Active', 0, '2015-08-03', '10:59:36 AM');

-- --------------------------------------------------------

--
-- Table structure for table `fna_labour`
--

CREATE TABLE IF NOT EXISTS `fna_labour` (
  `LABOURID` int(10) NOT NULL AUTO_INCREMENT,
  `PROJECTID` int(11) NOT NULL,
  `SUBPROJECTID` int(11) NOT NULL,
  `LABOURNAME` varchar(100) DEFAULT NULL,
  `FATHERNAME` varchar(100) DEFAULT NULL,
  `ADDRESS` varchar(100) DEFAULT NULL,
  `MOBILE` int(11) DEFAULT NULL,
  `USERID` int(11) DEFAULT NULL,
  `STATUS` varchar(20) DEFAULT NULL,
  `FLAG` int(11) DEFAULT NULL,
  `ENTDATE` date DEFAULT NULL,
  `ENTTIME` varchar(100) DEFAULT NULL,
  PRIMARY KEY (`LABOURID`)
) ENGINE=InnoDB  DEFAULT CHARSET=latin1 AUTO_INCREMENT=9 ;

--
-- Dumping data for table `fna_labour`
--

INSERT INTO `fna_labour` (`LABOURID`, `PROJECTID`, `SUBPROJECTID`, `LABOURNAME`, `FATHERNAME`, `ADDRESS`, `MOBILE`, `USERID`, `STATUS`, `FLAG`, `ENTDATE`, `ENTTIME`) VALUES
(1, 1, 2, 'Askan Sarder', 'Nazir Uddin', ' Bakshor, P.O: Dia Potia, P.S: Natore, Dist: Natore', 2147483647, 20, 'Active', NULL, '2015-05-30', '13:48:53 PM'),
(2, 1, 4, 'Askan Sarder', 'Nazir Uddin', ' Vill: Bakshor, P.O: Diapotia, P.S: Natore, Dist: Natore', 252352352, 20, 'Active', NULL, '2015-05-31', '15:00:37 PM'),
(3, 1, 13, 'Askan Sarder', 'Nazir Uddin', ' Vill: Bakshor, P.O: Diapotia, P.S: Natore, Dist: Natore', 2147483647, 20, 'Active', NULL, '2015-06-01', '12:23:08 PM'),
(4, 1, 5, 'Askan sarder', 'Nazir Uddin', '  Vill: Bakshor, P.O: Diapotia, P.S: Natore, Dist: Natore', 24124124, 20, 'Active', NULL, '2015-06-01', '12:30:18 PM'),
(5, 1, 14, 'Askan Sarder', 'Nazir Uddin', '  Vill: Bakshor, P.O: Diapotia, P.S: Natore, Dist: Natore', 1212121, 20, 'Active', NULL, '2015-06-01', '12:49:18 PM'),
(6, 1, 3, 'Askan Sarder', 'Nazir Uddin', 'ddgdgd ', 121212, 20, 'Active', NULL, '2015-06-01', '14:13:52 PM'),
(7, 1, 1, 'Md. Monirul Sarder', 'Late Raise Uddin', 'Dariapur, ChapaiNababgonj', 121242121, 20, 'Active', NULL, '2015-06-02', '14:30:09 PM'),
(8, 1, 1, 'Abdus Samad', 'Don''t Know', ' Jormollika, Singra', 0, 20, 'Active', NULL, '2015-06-10', '01:40:23 AM');

-- --------------------------------------------------------

--
-- Table structure for table `fna_labourbill`
--

CREATE TABLE IF NOT EXISTS `fna_labourbill` (
  `LABOURBILLID` int(11) NOT NULL AUTO_INCREMENT,
  `PROJECTID` int(11) NOT NULL,
  `SUBPROJECTID` int(11) NOT NULL,
  `LABOURID` int(10) DEFAULT NULL,
  `PARTYID` int(11) NOT NULL,
  `PRODUCTLOADUNLOADID` int(10) DEFAULT NULL,
  `BILLAMOUNT` double DEFAULT NULL,
  `PAYMENTAMOUNT` double DEFAULT NULL,
  `BALANCEAMOUNT` double DEFAULT NULL,
  `LABOURFLAG` int(11) NOT NULL,
  `ENTRYDATE` date NOT NULL,
  `USERID` int(11) DEFAULT NULL,
  `STATUS` varchar(20) DEFAULT NULL,
  `FLAG` int(11) DEFAULT NULL,
  `ENTDATE` date DEFAULT NULL,
  `ENTTIME` varchar(100) DEFAULT NULL,
  PRIMARY KEY (`LABOURBILLID`)
) ENGINE=InnoDB  DEFAULT CHARSET=latin1 AUTO_INCREMENT=1131 ;

--
-- Dumping data for table `fna_labourbill`
--

INSERT INTO `fna_labourbill` (`LABOURBILLID`, `PROJECTID`, `SUBPROJECTID`, `LABOURID`, `PARTYID`, `PRODUCTLOADUNLOADID`, `BILLAMOUNT`, `PAYMENTAMOUNT`, `BALANCEAMOUNT`, `LABOURFLAG`, `ENTRYDATE`, `USERID`, `STATUS`, `FLAG`, `ENTDATE`, `ENTTIME`) VALUES
(69, 1, 1, 7, 68, 69, 10, 0, 10, 1, '2015-01-01', 20, 'Active', NULL, '2015-06-02', '15:12:18 PM'),
(70, 1, 1, 7, 69, 70, 320, 0, 330, 2, '2015-01-01', 20, 'Active', NULL, '2015-06-02', '15:12:55 PM'),
(71, 1, 1, 7, 70, 71, 2000, 0, 2330, 3, '2015-01-01', 20, 'Active', NULL, '2015-06-02', '15:13:23 PM'),
(72, 1, 1, 7, 71, 72, 250, 0, 2580, 4, '2015-01-01', 20, 'Active', NULL, '2015-06-02', '15:13:50 PM'),
(73, 1, 1, 7, 69, 73, 160, 0, 2740, 5, '2015-02-16', 20, 'Active', NULL, '2015-06-04', '02:00:42 AM'),
(74, 1, 1, 7, 72, 74, 50, 0, 2790, 6, '2015-02-16', 20, 'Active', NULL, '2015-06-04', '02:09:44 AM'),
(75, 1, 1, 7, 70, 75, 2100, 0, 4890, 7, '2015-02-16', 20, 'Active', NULL, '2015-06-04', '02:13:09 AM'),
(76, 1, 1, 7, 71, 76, 300, 0, 5190, 8, '2015-02-03', 20, 'Active', NULL, '2015-06-04', '02:14:30 AM'),
(77, 1, 1, 7, 71, 77, 700, 0, 5890, 9, '2015-02-16', 20, 'Active', NULL, '2015-06-04', '02:16:43 AM'),
(78, 1, 1, 7, 69, 78, 50, 0, 5940, 10, '2015-02-16', 20, 'Active', NULL, '2015-06-04', '02:17:45 AM'),
(79, 1, 1, 7, 73, 79, 50, 0, 5990, 11, '2015-02-16', 20, 'Active', NULL, '2015-06-04', '02:21:16 AM'),
(80, 1, 1, 7, 74, 80, 60, 0, 6050, 12, '2015-02-16', 20, 'Active', NULL, '2015-06-04', '03:07:36 AM'),
(81, 1, 1, 7, 75, 81, 20, 0, 6070, 13, '2015-02-16', 20, 'Active', NULL, '2015-06-04', '04:08:33 AM'),
(82, 1, 1, 7, 76, 82, 60, 0, 6130, 14, '2015-02-16', 20, 'Active', NULL, '2015-06-04', '04:11:12 AM'),
(83, 1, 1, 7, 77, 83, 40, 0, 6170, 15, '2015-02-16', 20, 'Active', NULL, '2015-06-04', '04:15:34 AM'),
(84, 1, 1, 7, 78, 84, 20, 0, 6190, 16, '2015-02-16', 20, 'Active', NULL, '2015-06-06', '02:37:00 AM'),
(85, 1, 1, 7, 79, 85, 60, 0, 6250, 17, '2015-02-16', 20, 'Active', NULL, '2015-06-06', '04:40:32 AM'),
(86, 1, 1, 7, 80, 86, 40, 0, 6290, 18, '2015-02-16', 20, 'Active', NULL, '2015-06-06', '04:41:31 AM'),
(87, 1, 1, 7, 70, 87, 2100, 0, 8390, 19, '2015-02-16', 20, 'Active', NULL, '2015-06-06', '04:42:34 AM'),
(88, 1, 1, 7, 81, 88, 40, 0, 8430, 20, '2015-02-16', 20, 'Active', NULL, '2015-06-06', '05:44:51 AM'),
(89, 1, 1, 7, 82, 89, 300, 0, 8730, 21, '2015-02-16', 20, 'Active', NULL, '2015-06-06', '05:48:10 AM'),
(90, 1, 1, 7, 83, 90, 1040, 0, 9770, 22, '2015-02-16', 20, 'Active', NULL, '2015-06-06', '05:54:26 AM'),
(91, 1, 1, 7, 84, 91, 1050, 0, 10820, 23, '2015-02-16', 20, 'Active', NULL, '2015-06-06', '05:59:16 AM'),
(92, 1, 1, 7, 85, 92, 20, 0, 10840, 24, '2015-02-16', 20, 'Active', NULL, '2015-06-06', '06:08:56 AM'),
(93, 1, 1, 7, 86, 93, 130, 0, 10970, 25, '2015-02-16', 20, 'Active', NULL, '2015-06-06', '06:13:25 AM'),
(94, 1, 1, 7, 87, 94, 180, 0, 11150, 26, '2015-02-16', 20, 'Active', NULL, '2015-06-06', '06:28:34 AM'),
(95, 1, 1, 7, 71, 95, 120, 0, 11270, 27, '2015-02-16', 20, 'Active', NULL, '2015-06-06', '06:42:33 AM'),
(96, 1, 1, 7, 88, 96, 130, 0, 11400, 28, '2015-02-16', 20, 'Active', NULL, '2015-06-06', '06:44:31 AM'),
(97, 1, 1, 7, 89, 97, 150, 0, 11550, 29, '2015-02-16', 20, 'Active', NULL, '2015-06-06', '06:46:26 AM'),
(98, 1, 1, 7, 88, 98, 200, 0, 11750, 30, '2015-02-16', 20, 'Active', NULL, '2015-06-06', '06:51:41 AM'),
(99, 1, 1, 7, 82, 99, 200, 0, 11950, 31, '2015-02-17', 20, 'Active', NULL, '2015-06-06', '06:52:44 AM'),
(100, 1, 1, 7, 90, 100, 50, 0, 12000, 32, '2015-02-16', 20, 'Active', NULL, '2015-06-09', '01:48:19 AM'),
(101, 1, 1, 7, 83, 101, 1000, 0, 13000, 33, '2015-02-16', 20, 'Active', NULL, '2015-06-09', '01:49:57 AM'),
(102, 1, 1, 7, 91, 102, 20, 0, 13020, 34, '2015-02-16', 20, 'Active', NULL, '2015-06-09', '01:54:35 AM'),
(103, 1, 1, 7, 92, 103, 10, 0, 13030, 35, '2015-02-16', 20, 'Active', NULL, '2015-06-09', '02:06:51 AM'),
(104, 1, 1, 7, 93, 104, 50, 0, 13080, 36, '2015-02-16', 20, 'Active', NULL, '2015-06-09', '02:13:56 AM'),
(105, 1, 1, 7, 69, 105, 300, 0, 13380, 37, '2015-02-16', 20, 'Active', NULL, '2015-06-09', '02:47:58 AM'),
(106, 1, 1, 7, 69, 106, 100, 0, 13480, 38, '2015-02-16', 20, 'Active', NULL, '2015-06-09', '02:55:32 AM'),
(107, 1, 1, 7, 94, 107, 30, 0, 13510, 39, '2015-02-16', 20, 'Active', NULL, '2015-06-09', '03:00:33 AM'),
(108, 1, 1, 7, 95, 108, 120, 0, 13630, 40, '2015-02-16', 20, 'Active', NULL, '2015-06-09', '03:24:28 AM'),
(109, 1, 1, 7, 96, 109, 20, 0, 13650, 41, '2015-02-16', 20, 'Active', NULL, '2015-06-09', '03:28:54 AM'),
(110, 1, 1, 7, 97, 110, 40, 0, 13690, 42, '2015-02-16', 20, 'Active', NULL, '2015-06-09', '03:32:16 AM'),
(111, 1, 1, 7, 98, 111, 30, 0, 13720, 43, '2015-02-16', 20, 'Active', NULL, '2015-06-09', '03:36:22 AM'),
(112, 1, 1, 7, 99, 112, 20, 0, 13740, 44, '2015-02-16', 20, 'Active', NULL, '2015-06-09', '03:41:08 AM'),
(113, 1, 1, 7, 100, 113, 30, 0, 13770, 45, '2015-02-16', 20, 'Active', NULL, '2015-06-09', '03:48:29 AM'),
(114, 1, 1, 7, 101, 114, 160, 0, 13930, 46, '2015-03-16', 20, 'Active', NULL, '2015-06-09', '03:51:50 AM'),
(115, 1, 1, 7, 102, 115, 30, 0, 13960, 47, '2015-02-16', 20, 'Active', NULL, '2015-06-09', '04:00:10 AM'),
(116, 1, 1, 7, 103, 116, 40, 0, 14000, 48, '2015-02-16', 20, 'Active', NULL, '2015-06-09', '04:48:38 AM'),
(117, 1, 1, 7, 104, 117, 120, 0, 14120, 49, '2015-02-16', 20, 'Active', NULL, '2015-06-09', '05:06:53 AM'),
(118, 1, 1, 7, 69, 118, 120, 0, 14240, 50, '2015-02-16', 20, 'Active', NULL, '2015-06-09', '05:08:21 AM'),
(119, 1, 1, 7, 105, 119, 60, 0, 14300, 51, '2015-02-16', 20, 'Active', NULL, '2015-06-09', '05:13:48 AM'),
(120, 1, 1, 7, 106, 120, 80, 0, 14380, 52, '2015-02-16', 20, 'Active', NULL, '2015-06-09', '05:17:01 AM'),
(121, 1, 1, 7, 82, 121, 300, 0, 14680, 53, '2015-02-16', 20, 'Active', NULL, '2015-06-09', '05:18:17 AM'),
(122, 1, 1, 7, 82, 122, 280, 0, 14960, 54, '2015-02-16', 20, 'Active', NULL, '2015-06-09', '05:19:13 AM'),
(123, 1, 1, 7, 107, 123, 50, 0, 15010, 55, '2015-02-16', 20, 'Active', NULL, '2015-06-09', '05:25:04 AM'),
(124, 1, 1, 7, 108, 124, 20, 0, 15030, 56, '2015-02-16', 20, 'Active', NULL, '2015-06-09', '05:56:37 AM'),
(125, 1, 1, 7, 109, 125, 30, 0, 15060, 57, '2015-02-16', 20, 'Active', NULL, '2015-06-09', '05:59:44 AM'),
(126, 1, 1, 7, 110, 126, 1000, 0, 16060, 58, '2015-02-16', 20, 'Active', NULL, '2015-06-09', '06:02:53 AM'),
(127, 1, 1, 7, 110, 127, 830, 0, 16890, 59, '2015-02-16', 20, 'Active', NULL, '2015-06-09', '06:04:45 AM'),
(128, 1, 1, 7, 83, 128, 720, 0, 17610, 60, '2015-02-16', 20, 'Active', NULL, '2015-06-09', '06:06:06 AM'),
(129, 1, 1, 7, 83, 129, 250, 0, 17860, 61, '2015-02-16', 20, 'Active', NULL, '2015-06-09', '06:07:00 AM'),
(130, 1, 1, 7, 111, 130, 170, 0, 18030, 62, '2015-02-16', 20, 'Active', NULL, '2015-06-09', '23:48:59 PM'),
(131, 1, 1, 7, 112, 131, 40, 0, 18070, 63, '2015-02-16', 20, 'Active', NULL, '2015-06-09', '23:59:14 PM'),
(132, 1, 1, 7, 113, 132, 60, 0, 18130, 64, '2015-02-16', 20, 'Active', NULL, '2015-06-10', '00:02:58 AM'),
(133, 1, 1, 7, 114, 133, 40, 0, 18170, 65, '2015-02-16', 20, 'Active', NULL, '2015-06-10', '00:09:42 AM'),
(134, 1, 1, 7, 115, 134, 30, 0, 18200, 66, '2015-02-16', 20, 'Active', NULL, '2015-06-10', '00:16:20 AM'),
(135, 1, 1, 7, 116, 135, 10, 0, 18210, 67, '2015-02-16', 20, 'Active', NULL, '2015-06-10', '00:20:01 AM'),
(136, 1, 1, 7, 117, 136, 30, 0, 18240, 68, '2015-02-16', 20, 'Active', NULL, '2015-06-10', '00:23:30 AM'),
(137, 1, 1, 7, 118, 137, 60, 0, 18300, 69, '2015-02-16', 20, 'Active', NULL, '2015-06-10', '00:34:28 AM'),
(138, 1, 1, 7, 119, 138, 110, 0, 18410, 70, '2015-02-16', 20, 'Active', NULL, '2015-06-10', '00:36:49 AM'),
(139, 1, 1, 7, 120, 139, 20, 0, 18430, 71, '2015-02-16', 20, 'Active', NULL, '2015-06-10', '00:40:15 AM'),
(140, 1, 1, 7, 121, 140, 20, 0, 18450, 72, '2015-02-16', 20, 'Active', NULL, '2015-06-10', '00:50:37 AM'),
(141, 1, 1, 7, 122, 141, 20, 0, 18470, 73, '2015-02-16', 20, 'Active', NULL, '2015-06-10', '00:56:19 AM'),
(142, 1, 1, 7, 123, 142, 50, 0, 18520, 74, '2015-02-16', 20, 'Active', NULL, '2015-06-10', '01:07:25 AM'),
(143, 1, 1, 7, 123, 143, 240, 0, 18760, 75, '2015-02-16', 20, 'Active', NULL, '2015-06-10', '01:08:22 AM'),
(144, 1, 1, 7, 124, 144, 20, 0, 18780, 76, '2015-02-16', 20, 'Active', NULL, '2015-06-10', '01:12:09 AM'),
(145, 1, 1, 7, 125, 145, 90, 0, 18870, 77, '2015-02-16', 20, 'Active', NULL, '2015-06-10', '01:14:25 AM'),
(146, 1, 1, 7, 126, 146, 50, 0, 18920, 78, '2015-02-16', 20, 'Active', NULL, '2015-06-10', '01:17:05 AM'),
(147, 1, 1, 7, 127, 147, 30, 0, 18950, 79, '2015-02-16', 20, 'Active', NULL, '2015-06-10', '01:24:39 AM'),
(148, 1, 1, 7, 128, 148, 30, 0, 18980, 80, '2015-02-16', 20, 'Active', NULL, '2015-06-10', '01:28:59 AM'),
(149, 1, 1, 7, 129, 149, 180, 0, 19160, 81, '2015-02-16', 20, 'Active', NULL, '2015-06-10', '01:32:20 AM'),
(150, 1, 1, 7, 89, 150, 220, 0, 19380, 82, '2015-02-16', 20, 'Active', NULL, '2015-06-10', '01:33:25 AM'),
(151, 1, 1, 7, 130, 151, 70, 0, 19450, 83, '2015-02-16', 20, 'Active', NULL, '2015-06-10', '01:36:02 AM'),
(152, 1, 1, 7, 83, 152, 1520, 0, 20970, 84, '2015-02-16', 20, 'Active', NULL, '2015-06-10', '01:38:30 AM'),
(153, 1, 1, 7, 132, 153, 50, 0, 21020, 85, '2015-02-16', 20, 'Active', NULL, '2015-06-10', '01:48:54 AM'),
(154, 1, 1, 7, 123, 154, 50, 0, 21070, 86, '2015-02-16', 20, 'Active', NULL, '2015-06-10', '01:50:38 AM'),
(155, 1, 1, 7, 123, 155, 90, 0, 21160, 87, '2015-02-16', 20, 'Active', NULL, '2015-06-10', '01:51:28 AM'),
(156, 1, 1, 7, 123, 156, 20, 0, 21180, 88, '2015-02-16', 20, 'Active', NULL, '2015-06-10', '01:52:15 AM'),
(157, 1, 1, 7, 123, 157, 20, 0, 21200, 89, '2015-02-16', 20, 'Active', NULL, '2015-06-10', '01:53:04 AM'),
(158, 1, 1, 7, 123, 158, 40, 0, 21240, 90, '2015-02-16', 20, 'Active', NULL, '2015-06-10', '01:53:55 AM'),
(159, 1, 1, 7, 123, 159, 30, 0, 21270, 91, '2015-02-16', 20, 'Active', NULL, '2015-06-10', '01:54:56 AM'),
(160, 1, 1, 7, 123, 160, 50, 0, 21320, 92, '2015-02-16', 20, 'Active', NULL, '2015-06-10', '01:55:59 AM'),
(161, 1, 1, 7, 83, 161, 1360, 0, 22680, 93, '2015-02-16', 20, 'Active', NULL, '2015-06-10', '01:57:12 AM'),
(162, 1, 1, 7, 133, 162, 70, 0, 22750, 94, '2015-02-16', 20, 'Active', NULL, '2015-06-10', '02:09:46 AM'),
(163, 1, 1, 7, 132, 163, 50, 0, 22800, 95, '2015-02-16', 20, 'Active', NULL, '2015-06-10', '02:10:37 AM'),
(164, 1, 1, 7, 134, 164, 50, 0, 22850, 96, '2015-02-16', 20, 'Active', NULL, '2015-06-10', '02:16:17 AM'),
(165, 1, 1, 7, 135, 165, 70, 0, 22920, 97, '2015-02-16', 20, 'Active', NULL, '2015-06-10', '02:19:33 AM'),
(166, 1, 1, 7, 136, 166, 50, 0, 22970, 98, '2015-02-16', 20, 'Active', NULL, '2015-06-10', '02:29:41 AM'),
(167, 1, 1, 7, 137, 167, 60, 0, 23030, 99, '2015-02-16', 20, 'Active', NULL, '2015-06-10', '02:32:46 AM'),
(168, 1, 1, 7, 138, 168, 30, 0, 23060, 100, '2015-02-16', 20, 'Active', NULL, '2015-06-10', '02:37:39 AM'),
(169, 1, 1, 7, 138, 169, 20, 0, 23080, 101, '2015-02-16', 20, 'Active', NULL, '2015-06-10', '02:38:33 AM'),
(170, 1, 1, 7, 139, 170, 50, 0, 23130, 102, '2015-02-16', 20, 'Active', NULL, '2015-06-10', '02:42:30 AM'),
(171, 1, 1, 7, 140, 171, 50, 0, 23180, 103, '2015-02-16', 20, 'Active', NULL, '2015-06-10', '02:48:02 AM'),
(172, 1, 1, 7, 141, 172, 40, 0, 23220, 104, '2015-02-16', 20, 'Active', NULL, '2015-06-10', '03:31:42 AM'),
(173, 1, 1, 7, 142, 173, 20, 0, 23240, 105, '2015-02-16', 20, 'Active', NULL, '2015-06-10', '03:35:10 AM'),
(174, 1, 1, 7, 143, 174, 30, 0, 23270, 106, '2015-02-16', 20, 'Active', NULL, '2015-06-10', '03:41:57 AM'),
(175, 1, 1, 7, 144, 175, 30, 0, 23300, 107, '2015-02-16', 20, 'Active', NULL, '2015-06-10', '03:45:46 AM'),
(176, 1, 1, 7, 145, 176, 60, 0, 23360, 108, '2015-02-16', 20, 'Active', NULL, '2015-06-10', '03:49:18 AM'),
(177, 1, 1, 7, 146, 177, 60, 0, 23420, 109, '2015-02-16', 20, 'Active', NULL, '2015-06-10', '03:53:14 AM'),
(178, 1, 1, 7, 147, 178, 50, 0, 23470, 110, '2015-02-16', 20, 'Active', NULL, '2015-06-10', '04:55:39 AM'),
(179, 1, 1, 7, 148, 179, 30, 0, 23500, 111, '2015-02-16', 20, 'Active', NULL, '2015-06-10', '05:00:03 AM'),
(180, 1, 1, 7, 148, 180, 40, 0, 23540, 112, '2015-02-16', 20, 'Active', NULL, '2015-06-10', '05:01:50 AM'),
(181, 1, 1, 7, 71, 181, 100, 0, 23640, 113, '2015-02-16', 20, 'Active', NULL, '2015-06-10', '05:04:07 AM'),
(182, 1, 1, 7, 149, 182, 100, 0, 23740, 114, '2015-02-16', 20, 'Active', NULL, '2015-06-10', '05:11:55 AM'),
(183, 1, 1, 7, 149, 183, 60, 0, 23800, 115, '2015-02-16', 20, 'Active', NULL, '2015-06-10', '05:12:44 AM'),
(184, 1, 1, 7, 150, 184, 50, 0, 23850, 116, '2015-02-16', 20, 'Active', NULL, '2015-06-10', '05:16:06 AM'),
(185, 1, 1, 7, 151, 185, 110, 0, 23960, 117, '2015-02-16', 20, 'Active', NULL, '2015-06-10', '05:19:37 AM'),
(186, 1, 1, 7, 152, 186, 130, 0, 24090, 118, '2015-02-16', 20, 'Active', NULL, '2015-06-10', '05:24:08 AM'),
(187, 1, 1, 7, 153, 187, 50, 0, 24140, 119, '2015-02-16', 20, 'Active', NULL, '2015-06-10', '05:46:55 AM'),
(188, 1, 1, 7, 154, 188, 450, 0, 24590, 120, '2015-02-16', 20, 'Active', NULL, '2015-06-10', '06:38:34 AM'),
(189, 1, 1, 7, 154, 189, 50, 0, 24640, 121, '2015-02-16', 20, 'Active', NULL, '2015-06-10', '06:39:40 AM'),
(190, 1, 1, 7, 155, 190, 120, 0, 24760, 122, '2015-02-16', 20, 'Active', NULL, '2015-06-10', '06:46:57 AM'),
(191, 1, 1, 7, 155, 191, 120, 0, 24880, 123, '2015-02-16', 20, 'Active', NULL, '2015-06-10', '06:48:02 AM'),
(192, 1, 1, 7, 156, 192, 80, 0, 24960, 124, '2015-02-16', 20, 'Active', NULL, '2015-06-10', '06:50:44 AM'),
(193, 1, 1, 7, 156, 193, 60, 0, 25020, 125, '2015-02-16', 20, 'Active', NULL, '2015-06-10', '06:51:40 AM'),
(194, 1, 1, 7, 156, 194, 20, 0, 25040, 126, '2015-02-16', 20, 'Active', NULL, '2015-06-10', '06:52:33 AM'),
(195, 1, 1, 7, 157, 195, 140, 0, 25180, 127, '2015-02-16', 20, 'Active', NULL, '2015-06-10', '07:09:09 AM'),
(196, 1, 1, 7, 158, 196, 40, 0, 25220, 128, '2015-02-16', 20, 'Active', NULL, '2015-06-10', '10:39:43 AM'),
(197, 1, 1, 7, 159, 197, 10, 0, 25230, 129, '2015-02-16', 20, 'Active', NULL, '2015-06-10', '10:43:50 AM'),
(198, 1, 1, 7, 160, 198, 20, 0, 25250, 130, '2015-02-16', 20, 'Active', NULL, '2015-06-10', '10:49:39 AM'),
(199, 1, 1, 7, 161, 199, 20, 0, 25270, 131, '2015-02-16', 20, 'Active', NULL, '2015-06-10', '10:52:40 AM'),
(200, 1, 1, 7, 162, 200, 30, 0, 25300, 132, '2015-02-16', 20, 'Active', NULL, '2015-06-10', '10:55:20 AM'),
(201, 1, 1, 7, 163, 201, 50, 0, 25350, 133, '2015-02-16', 20, 'Active', NULL, '2015-06-10', '10:57:30 AM'),
(202, 1, 1, 7, 164, 202, 50, 0, 25400, 134, '2015-02-16', 20, 'Active', NULL, '2015-06-10', '11:00:33 AM'),
(203, 1, 1, 7, 127, 203, 40, 0, 25440, 135, '2015-02-16', 20, 'Active', NULL, '2015-06-10', '11:03:48 AM'),
(204, 1, 1, 7, 165, 204, 20, 0, 25460, 136, '2015-02-16', 20, 'Active', NULL, '2015-06-10', '11:07:06 AM'),
(205, 1, 1, 7, 166, 205, 30, 0, 25490, 137, '2015-02-16', 20, 'Active', NULL, '2015-06-10', '11:10:35 AM'),
(206, 1, 1, 7, 69, 206, 400, 0, 25890, 138, '2015-02-16', 20, 'Active', NULL, '2015-06-10', '11:11:37 AM'),
(207, 1, 1, 7, 69, 207, 60, 0, 25950, 139, '2015-02-16', 20, 'Active', NULL, '2015-06-10', '11:12:29 AM'),
(208, 1, 1, 7, 123, 208, 40, 0, 25990, 140, '2015-02-09', 20, 'Active', NULL, '2015-06-10', '11:19:27 AM'),
(209, 1, 1, 7, 123, 209, 30, 0, 26020, 141, '2015-02-16', 20, 'Active', NULL, '2015-06-10', '11:20:11 AM'),
(210, 1, 1, 7, 123, 210, 60, 0, 26080, 142, '2015-02-16', 20, 'Active', NULL, '2015-06-10', '11:21:09 AM'),
(211, 1, 1, 7, 123, 211, 40, 0, 26120, 143, '2015-02-16', 20, 'Active', NULL, '2015-06-10', '11:21:59 AM'),
(212, 1, 1, 7, 123, 212, 30, 0, 26150, 144, '2015-02-16', 20, 'Active', NULL, '2015-06-10', '11:22:48 AM'),
(213, 1, 1, 7, 123, 213, 30, 0, 26180, 145, '2015-02-16', 20, 'Active', NULL, '2015-06-10', '11:23:38 AM'),
(214, 1, 1, 7, 123, 214, 20, 0, 26200, 146, '2015-02-16', 20, 'Active', NULL, '2015-06-10', '11:24:22 AM'),
(215, 1, 1, 7, 123, 215, 40, 0, 26240, 147, '2015-02-16', 20, 'Active', NULL, '2015-06-10', '11:25:08 AM'),
(216, 1, 1, 7, 82, 216, 270, 0, 26510, 148, '2015-02-16', 20, 'Active', NULL, '2015-06-10', '11:26:32 AM'),
(217, 1, 1, 7, 70, 217, 2100, 0, 28610, 149, '2015-02-16', 20, 'Active', NULL, '2015-06-10', '11:27:35 AM'),
(218, 1, 1, 7, 167, 218, 250, 0, 28860, 150, '2015-02-16', 20, 'Active', NULL, '2015-06-10', '11:31:16 AM'),
(219, 1, 1, 7, 167, 219, 180, 0, 29040, 151, '2015-02-16', 20, 'Active', NULL, '2015-06-10', '11:32:10 AM'),
(220, 1, 1, 7, 167, 220, 70, 0, 29110, 152, '2015-02-16', 20, 'Active', NULL, '2015-06-10', '11:32:59 AM'),
(221, 1, 1, 7, 168, 221, 20, 0, 29130, 153, '2015-02-16', 20, 'Active', NULL, '2015-06-10', '11:37:23 AM'),
(222, 1, 1, 7, 169, 222, 100, 0, 29230, 154, '2015-02-16', 20, 'Active', NULL, '2015-06-10', '11:44:51 AM'),
(223, 1, 1, 7, 170, 223, 20, 0, 29250, 155, '2015-02-16', 20, 'Active', NULL, '2015-06-10', '11:48:30 AM'),
(224, 1, 1, 7, 171, 224, 100, 0, 29350, 156, '2015-02-16', 20, 'Active', NULL, '2015-06-10', '23:59:07 PM'),
(225, 1, 1, 7, 172, 225, 30, 0, 29380, 157, '2015-02-16', 20, 'Active', NULL, '2015-06-11', '00:06:21 AM'),
(226, 1, 1, 7, 173, 226, 990, 0, 30370, 158, '2015-01-01', 20, 'Active', NULL, '2015-06-11', '00:09:46 AM'),
(227, 1, 1, 7, 175, 227, 10, 0, 30380, 159, '2015-02-16', 20, 'Active', NULL, '2015-06-11', '00:15:01 AM'),
(228, 1, 1, 7, 176, 228, 10, 0, 30390, 160, '2015-02-16', 20, 'Active', NULL, '2015-06-11', '00:18:15 AM'),
(229, 1, 1, 7, 174, 229, 1290, 0, 31680, 161, '2015-02-16', 20, 'Active', NULL, '2015-06-11', '00:31:27 AM'),
(230, 1, 1, 7, 177, 230, 20, 0, 31700, 162, '2015-02-16', 20, 'Active', NULL, '2015-06-11', '00:35:22 AM'),
(231, 1, 1, 7, 178, 231, 20, 0, 31720, 163, '2015-02-16', 20, 'Active', NULL, '2015-06-11', '00:38:37 AM'),
(232, 1, 1, 7, 179, 232, 30, 0, 31750, 164, '2015-02-16', 20, 'Active', NULL, '2015-06-11', '00:42:16 AM'),
(233, 1, 1, 7, 180, 233, 40, 0, 31790, 165, '2015-02-16', 20, 'Active', NULL, '2015-06-11', '00:47:14 AM'),
(234, 1, 1, 7, 132, 234, 40, 0, 31830, 166, '2015-02-17', 20, 'Active', NULL, '2015-06-11', '00:49:19 AM'),
(235, 1, 1, 7, 181, 235, 50, 0, 31880, 167, '2015-02-16', 20, 'Active', NULL, '2015-06-11', '00:51:49 AM'),
(236, 1, 1, 7, 182, 236, 100, 0, 31980, 168, '2015-02-16', 20, 'Active', NULL, '2015-06-11', '00:55:08 AM'),
(237, 1, 1, 7, 183, 237, 40, 0, 32020, 169, '2015-02-16', 20, 'Active', NULL, '2015-06-11', '00:58:42 AM'),
(238, 1, 1, 7, 184, 238, 20, 0, 32040, 170, '2015-02-16', 20, 'Active', NULL, '2015-06-11', '01:03:41 AM'),
(239, 1, 1, 7, 185, 239, 60, 0, 32100, 171, '2015-02-16', 20, 'Active', NULL, '2015-06-11', '01:08:45 AM'),
(240, 1, 1, 7, 154, 240, 220, 0, 32320, 172, '2015-02-17', 20, 'Active', NULL, '2015-06-11', '01:10:37 AM'),
(241, 1, 1, 7, 186, 241, 30, 0, 32350, 173, '2015-02-16', 20, 'Active', NULL, '2015-06-11', '01:13:10 AM'),
(242, 1, 1, 7, 187, 242, 40, 0, 32390, 174, '2015-02-16', 20, 'Active', NULL, '2015-06-11', '01:16:25 AM'),
(243, 1, 1, 7, 188, 243, 50, 0, 32440, 175, '2015-02-16', 20, 'Active', NULL, '2015-06-11', '01:47:02 AM'),
(244, 1, 1, 7, 189, 244, 90, 0, 32530, 176, '2015-02-16', 20, 'Active', NULL, '2015-06-11', '01:50:04 AM'),
(245, 1, 1, 7, 190, 245, 60, 0, 32590, 177, '2015-02-16', 20, 'Active', NULL, '2015-06-11', '01:56:41 AM'),
(246, 1, 1, 7, 191, 246, 80, 0, 32670, 178, '2015-01-01', 20, 'Active', NULL, '2015-06-11', '02:00:23 AM'),
(247, 1, 1, 7, 192, 247, 80, 0, 32750, 179, '2015-02-16', 20, 'Active', NULL, '2015-06-11', '02:03:53 AM'),
(248, 1, 1, 7, 193, 248, 70, 0, 32820, 180, '2015-02-16', 20, 'Active', NULL, '2015-06-11', '02:06:07 AM'),
(249, 1, 1, 7, 147, 249, 20, 0, 32840, 181, '2015-02-17', 20, 'Active', NULL, '2015-06-11', '02:07:18 AM'),
(250, 1, 1, 7, 194, 250, 40, 0, 32880, 182, '2015-02-16', 20, 'Active', NULL, '2015-06-11', '02:11:31 AM'),
(251, 1, 1, 7, 195, 251, 50, 0, 32930, 183, '2015-02-16', 20, 'Active', NULL, '2015-06-11', '02:14:45 AM'),
(252, 1, 1, 7, 196, 252, 70, 0, 33000, 184, '2015-02-16', 20, 'Active', NULL, '2015-06-11', '02:17:32 AM'),
(253, 1, 1, 7, 98, 253, 140, 0, 33140, 185, '2015-02-16', 20, 'Active', NULL, '2015-06-11', '02:21:13 AM'),
(254, 1, 1, 7, 197, 254, 70, 0, 33210, 186, '2015-02-16', 20, 'Active', NULL, '2015-06-11', '02:40:36 AM'),
(255, 1, 1, 7, 198, 255, 20, 0, 33230, 187, '2015-02-16', 20, 'Active', NULL, '2015-06-11', '03:16:25 AM'),
(256, 1, 1, 7, 199, 256, 30, 0, 33260, 188, '2015-02-16', 20, 'Active', NULL, '2015-06-11', '03:19:34 AM'),
(257, 1, 1, 7, 200, 257, 80, 0, 33340, 189, '2015-02-16', 20, 'Active', NULL, '2015-06-11', '03:25:32 AM'),
(258, 1, 1, 7, 123, 258, 40, 0, 33380, 190, '2015-02-16', 20, 'Active', NULL, '2015-06-11', '03:26:35 AM'),
(259, 1, 1, 7, 123, 259, 80, 0, 33460, 191, '2015-02-17', 20, 'Active', NULL, '2015-06-11', '03:27:33 AM'),
(260, 1, 1, 7, 123, 260, 30, 0, 33490, 192, '2015-01-01', 20, 'Active', NULL, '2015-06-11', '03:29:21 AM'),
(261, 1, 1, 7, 123, 261, 40, 0, 33530, 193, '2015-02-18', 20, 'Active', NULL, '2015-06-11', '03:30:18 AM'),
(262, 1, 1, 7, 123, 262, 40, 0, 33570, 194, '2015-02-19', 20, 'Active', NULL, '2015-06-11', '03:35:58 AM'),
(263, 1, 1, 7, 123, 263, 80, 0, 33650, 195, '2015-02-19', 20, 'Active', NULL, '2015-06-11', '03:37:03 AM'),
(264, 1, 1, 7, 201, 264, 50, 0, 33700, 196, '2015-02-16', 20, 'Active', NULL, '2015-06-11', '04:22:52 AM'),
(265, 1, 1, 7, 202, 265, 40, 0, 33740, 197, '2015-02-17', 20, 'Active', NULL, '2015-06-11', '04:27:35 AM'),
(266, 1, 1, 7, 203, 266, 60, 0, 33800, 198, '2015-02-16', 20, 'Active', NULL, '2015-06-11', '04:30:30 AM'),
(267, 1, 1, 7, 204, 267, 20, 0, 33820, 199, '2015-02-16', 20, 'Active', NULL, '2015-06-11', '04:34:19 AM'),
(268, 1, 1, 7, 205, 268, 20, 0, 33840, 200, '2015-02-16', 20, 'Active', NULL, '2015-06-11', '04:38:25 AM'),
(269, 1, 1, 7, 206, 269, 30, 0, 33870, 201, '2015-02-16', 20, 'Active', NULL, '2015-06-11', '04:41:19 AM'),
(270, 1, 1, 7, 207, 270, 260, 0, 34130, 202, '2015-02-16', 20, 'Active', NULL, '2015-06-11', '04:43:52 AM'),
(271, 1, 1, 7, 208, 271, 40, 0, 34170, 203, '2015-02-17', 20, 'Active', NULL, '2015-06-11', '04:52:37 AM'),
(272, 1, 1, 7, 209, 272, 140, 0, 34310, 204, '2015-02-16', 20, 'Active', NULL, '2015-06-11', '04:55:06 AM'),
(273, 1, 1, 7, 210, 273, 60, 0, 34370, 205, '2015-02-16', 20, 'Active', NULL, '2015-06-11', '04:58:31 AM'),
(274, 1, 1, 7, 211, 274, 40, 0, 34410, 206, '2015-02-16', 20, 'Active', NULL, '2015-06-11', '05:02:34 AM'),
(275, 1, 1, 7, 212, 275, 50, 0, 34460, 207, '2015-02-16', 20, 'Active', NULL, '2015-06-14', '05:54:32 AM'),
(276, 1, 1, 7, 212, 276, 20, 0, 34480, 208, '2015-02-16', 20, 'Active', NULL, '2015-06-14', '05:55:36 AM'),
(277, 1, 1, 7, 213, 277, 20, 0, 34500, 209, '2015-02-16', 20, 'Active', NULL, '2015-06-14', '06:01:06 AM'),
(278, 1, 1, 7, 214, 278, 80, 0, 34580, 210, '2015-02-16', 20, 'Active', NULL, '2015-06-14', '06:05:05 AM'),
(279, 1, 1, 7, 159, 279, 40, 0, 34620, 211, '2015-02-17', 20, 'Active', NULL, '2015-06-15', '00:58:30 AM'),
(280, 1, 1, 7, 216, 280, 10, 0, 34630, 212, '2015-02-16', 20, 'Active', NULL, '2015-06-15', '01:07:31 AM'),
(281, 1, 1, 7, 81, 281, 150, 0, 34780, 213, '2015-02-17', 20, 'Active', NULL, '2015-06-15', '01:10:13 AM'),
(282, 1, 1, 7, 155, 282, 180, 0, 34960, 214, '2015-02-18', 20, 'Active', NULL, '2015-06-15', '01:11:37 AM'),
(283, 1, 1, 7, 162, 283, 30, 0, 34990, 215, '2015-02-17', 20, 'Active', NULL, '2015-06-15', '01:12:28 AM'),
(284, 1, 1, 7, 217, 284, 20, 0, 35010, 216, '2015-02-16', 20, 'Active', NULL, '2015-06-15', '01:15:20 AM'),
(285, 1, 1, 7, 218, 285, 30, 0, 35040, 217, '2015-02-16', 20, 'Active', NULL, '2015-06-15', '01:19:01 AM'),
(286, 1, 1, 7, 219, 286, 20, 0, 35060, 218, '2015-02-16', 20, 'Active', NULL, '2015-06-15', '01:26:11 AM'),
(287, 1, 1, 7, 220, 287, 150, 0, 35210, 219, '2015-02-16', 20, 'Active', NULL, '2015-06-15', '01:29:24 AM'),
(288, 1, 1, 7, 221, 288, 40, 0, 35250, 220, '2015-02-16', 20, 'Active', NULL, '2015-06-15', '01:51:50 AM'),
(289, 1, 1, 7, 82, 289, 250, 0, 35500, 221, '2015-02-18', 20, 'Active', NULL, '2015-06-15', '01:53:03 AM'),
(290, 1, 1, 7, 222, 290, 230, 0, 35730, 222, '2015-02-16', 20, 'Active', NULL, '2015-06-15', '01:56:16 AM'),
(291, 1, 1, 7, 123, 291, 90, 0, 35820, 223, '2015-02-18', 20, 'Active', NULL, '2015-06-15', '01:57:55 AM'),
(292, 1, 1, 7, 123, 292, 60, 0, 35880, 224, '2015-01-01', 20, 'Active', NULL, '2015-06-15', '02:10:12 AM'),
(293, 1, 1, 7, 123, 293, 20, 0, 35900, 225, '2015-02-16', 20, 'Active', NULL, '2015-06-15', '02:11:03 AM'),
(294, 1, 1, 7, 155, 294, 60, 0, 35960, 226, '2015-02-19', 20, 'Active', NULL, '2015-06-15', '02:12:30 AM'),
(295, 1, 1, 7, 223, 295, 20, 0, 35980, 227, '2015-02-16', 20, 'Active', NULL, '2015-06-15', '02:15:20 AM'),
(296, 1, 1, 7, 224, 296, 60, 0, 36040, 228, '2015-02-17', 20, 'Active', NULL, '2015-06-15', '02:20:56 AM'),
(297, 1, 1, 7, 86, 297, 300, 0, 36340, 229, '2015-02-17', 20, 'Active', NULL, '2015-06-15', '02:24:25 AM'),
(298, 1, 1, 7, 86, 298, 30, 0, 36370, 230, '2015-02-18', 20, 'Active', NULL, '2015-06-15', '02:25:13 AM'),
(299, 1, 1, 7, 224, 299, 40, 0, 36410, 231, '2015-02-19', 20, 'Active', NULL, '2015-06-15', '02:27:28 AM'),
(300, 1, 1, 7, 162, 300, 50, 0, 36460, 232, '2015-02-17', 20, 'Active', NULL, '2015-06-15', '02:28:48 AM'),
(301, 1, 1, 7, 84, 301, 30, 0, 36490, 233, '2015-02-17', 20, 'Active', NULL, '2015-06-15', '02:29:57 AM'),
(302, 1, 1, 7, 80, 302, 20, 0, 36510, 234, '2015-02-18', 20, 'Active', NULL, '2015-06-15', '02:30:47 AM'),
(303, 1, 1, 7, 225, 303, 120, 0, 36630, 235, '2015-02-16', 20, 'Active', NULL, '2015-06-15', '02:34:20 AM'),
(304, 1, 1, 7, 155, 304, 60, 0, 36690, 236, '2015-02-20', 20, 'Active', NULL, '2015-06-15', '02:40:33 AM'),
(305, 1, 1, 7, 155, 305, 170, 0, 36860, 237, '2015-02-20', 20, 'Active', NULL, '2015-06-15', '02:41:23 AM'),
(306, 1, 1, 7, 155, 306, 940, 0, 37800, 238, '2015-02-20', 20, 'Active', NULL, '2015-06-15', '02:42:12 AM'),
(307, 1, 1, 7, 155, 307, 860, 0, 38660, 239, '2015-02-20', 20, 'Active', NULL, '2015-06-15', '02:43:01 AM'),
(308, 1, 1, 7, 116, 308, 20, 0, 38680, 240, '2015-02-18', 20, 'Active', NULL, '2015-06-15', '02:49:54 AM'),
(309, 1, 1, 7, 226, 309, 20, 0, 38700, 241, '2015-02-18', 20, 'Active', NULL, '2015-06-15', '02:52:34 AM'),
(310, 1, 1, 7, 227, 310, 10, 0, 38710, 242, '2015-02-16', 20, 'Active', NULL, '2015-06-15', '02:59:10 AM'),
(311, 1, 1, 7, 228, 311, 70, 0, 38780, 243, '2015-02-19', 20, 'Active', NULL, '2015-06-15', '06:33:04 AM'),
(312, 1, 1, 7, 229, 312, 100, 0, 38880, 244, '2015-02-16', 20, 'Active', NULL, '2015-06-15', '06:35:59 AM'),
(313, 1, 1, 7, 230, 313, 110, 0, 38990, 245, '2015-02-16', 20, 'Active', NULL, '2015-06-15', '06:38:54 AM'),
(314, 1, 1, 7, 224, 314, 30, 0, 39020, 246, '2015-02-19', 20, 'Active', NULL, '2015-06-15', '06:40:00 AM'),
(315, 1, 1, 7, 231, 315, 10, 0, 39030, 247, '2015-02-16', 20, 'Active', NULL, '2015-06-15', '06:44:07 AM'),
(316, 1, 1, 7, 232, 316, 40, 0, 39070, 248, '2015-02-16', 20, 'Active', NULL, '2015-06-15', '06:58:12 AM'),
(317, 1, 1, 7, 115, 317, 10, 0, 39080, 249, '2015-02-16', 20, 'Active', NULL, '2015-06-16', '02:53:49 AM'),
(318, 1, 1, 7, 233, 318, 10, 0, 39090, 250, '2015-02-16', 20, 'Active', NULL, '2015-06-16', '02:58:31 AM'),
(319, 1, 1, 7, 234, 319, 10, 0, 39100, 251, '2015-02-16', 20, 'Active', NULL, '2015-06-16', '03:00:54 AM'),
(320, 1, 1, 7, 235, 320, 30, 0, 39130, 252, '2015-02-16', 20, 'Active', NULL, '2015-06-16', '03:03:52 AM'),
(321, 1, 1, 7, 235, 321, 30, 0, 39160, 253, '2015-02-17', 20, 'Active', NULL, '2015-06-16', '03:05:19 AM'),
(322, 1, 1, 7, 235, 322, 50, 0, 39210, 254, '2015-02-18', 20, 'Active', NULL, '2015-06-16', '03:06:30 AM'),
(323, 1, 1, 7, 235, 323, 20, 0, 39230, 255, '2015-02-19', 20, 'Active', NULL, '2015-06-16', '03:07:19 AM'),
(324, 1, 1, 7, 155, 324, 120, 0, 39350, 256, '2015-02-19', 20, 'Active', NULL, '2015-06-16', '03:08:05 AM'),
(325, 1, 1, 7, 155, 325, 90, 0, 39440, 257, '2015-02-20', 20, 'Active', NULL, '2015-06-16', '03:08:58 AM'),
(326, 1, 1, 7, 155, 326, 40, 0, 39480, 258, '2015-02-22', 20, 'Active', NULL, '2015-06-16', '04:30:34 AM'),
(327, 1, 1, 7, 236, 327, 40, 0, 39520, 259, '2015-02-16', 20, 'Active', NULL, '2015-06-16', '04:35:44 AM'),
(328, 1, 1, 7, 238, 328, 40, 0, 39560, 260, '2015-02-16', 20, 'Active', NULL, '2015-06-16', '05:03:57 AM'),
(329, 1, 1, 7, 239, 329, 90, 0, 39650, 261, '2015-02-16', 20, 'Active', NULL, '2015-06-16', '05:07:45 AM'),
(330, 1, 1, 7, 240, 330, 30, 0, 39680, 262, '2015-02-16', 20, 'Active', NULL, '2015-06-16', '05:12:51 AM'),
(331, 1, 1, 7, 241, 331, 20, 0, 39700, 263, '2015-03-16', 20, 'Active', NULL, '2015-06-16', '05:20:55 AM'),
(332, 1, 1, 7, 242, 332, 50, 0, 39750, 264, '2015-02-16', 20, 'Active', NULL, '2015-06-16', '05:23:46 AM'),
(333, 1, 1, 7, 243, 333, 60, 0, 39810, 265, '2015-02-16', 20, 'Active', NULL, '2015-06-16', '05:32:37 AM'),
(334, 1, 1, 7, 244, 334, 10, 0, 39820, 266, '2015-02-16', 20, 'Active', NULL, '2015-06-16', '05:35:50 AM'),
(335, 1, 1, 7, 245, 335, 20, 0, 39840, 267, '2015-02-16', 20, 'Active', NULL, '2015-06-16', '05:39:37 AM'),
(336, 1, 1, 7, 155, 336, 90, 0, 39930, 268, '2015-02-18', 20, 'Active', NULL, '2015-06-16', '05:40:37 AM'),
(337, 1, 1, 7, 246, 337, 20, 0, 39950, 269, '2015-02-16', 20, 'Active', NULL, '2015-06-16', '05:43:20 AM'),
(338, 1, 1, 7, 247, 338, 40, 0, 39990, 270, '2015-02-16', 20, 'Active', NULL, '2015-06-16', '05:53:46 AM'),
(339, 1, 1, 7, 248, 339, 20, 0, 40010, 271, '2015-02-16', 20, 'Active', NULL, '2015-06-16', '05:59:18 AM'),
(340, 1, 1, 7, 249, 340, 30, 0, 40040, 272, '2015-02-16', 20, 'Active', NULL, '2015-06-16', '06:03:10 AM'),
(341, 1, 1, 7, 250, 341, 30, 0, 40070, 273, '2015-02-16', 20, 'Active', NULL, '2015-06-16', '06:06:14 AM'),
(342, 1, 1, 7, 251, 342, 20, 0, 40090, 274, '2015-02-16', 20, 'Active', NULL, '2015-06-16', '06:08:22 AM'),
(343, 1, 1, 7, 252, 343, 1500, 0, 41590, 275, '2015-02-16', 20, 'Active', NULL, '2015-06-16', '06:11:34 AM'),
(344, 1, 1, 7, 253, 344, 40, 0, 41630, 276, '2015-02-16', 20, 'Active', NULL, '2015-06-16', '06:14:30 AM'),
(345, 1, 1, 7, 254, 345, 160, 0, 41790, 277, '2015-02-16', 20, 'Active', NULL, '2015-06-16', '06:39:55 AM'),
(346, 1, 1, 7, 255, 346, 60, 0, 41850, 278, '2015-02-16', 20, 'Active', NULL, '2015-06-16', '06:43:27 AM'),
(347, 1, 1, 7, 256, 347, 50, 0, 41900, 279, '2015-02-16', 20, 'Active', NULL, '2015-06-16', '06:48:38 AM'),
(348, 1, 1, 7, 129, 348, 300, 0, 42200, 280, '2015-02-22', 20, 'Active', NULL, '2015-06-16', '07:03:00 AM'),
(349, 1, 1, 7, 257, 349, 130, 0, 42330, 281, '2015-02-16', 20, 'Active', NULL, '2015-06-16', '07:07:15 AM'),
(350, 1, 1, 7, 258, 350, 190, 0, 42520, 282, '2015-02-16', 20, 'Active', NULL, '2015-06-16', '07:12:17 AM'),
(351, 1, 1, 7, 259, 351, 140, 0, 42660, 283, '2015-02-16', 20, 'Active', NULL, '2015-06-16', '07:18:39 AM'),
(352, 1, 1, 7, 260, 352, 90, 0, 42750, 284, '2015-02-16', 20, 'Active', NULL, '2015-06-16', '07:22:05 AM'),
(353, 1, 1, 7, 260, 353, 300, 0, 43050, 285, '2015-02-17', 20, 'Active', NULL, '2015-06-16', '07:23:16 AM'),
(354, 1, 1, 7, 260, 354, 190, 0, 43240, 286, '2015-02-18', 20, 'Active', NULL, '2015-06-16', '07:24:06 AM'),
(355, 1, 1, 7, 260, 355, 120, 0, 43360, 287, '2015-02-19', 20, 'Active', NULL, '2015-06-16', '07:25:01 AM'),
(356, 1, 1, 7, 260, 356, 90, 0, 43450, 288, '2015-02-21', 20, 'Active', NULL, '2015-06-16', '07:26:03 AM'),
(357, 1, 1, 7, 260, 357, 100, 0, 43550, 289, '2015-02-23', 20, 'Active', NULL, '2015-06-16', '07:27:01 AM'),
(358, 1, 1, 7, 260, 358, 100, 0, 43650, 290, '2015-02-24', 20, 'Active', NULL, '2015-06-16', '07:27:52 AM'),
(359, 1, 1, 7, 260, 359, 80, 0, 43730, 291, '2015-02-25', 20, 'Active', NULL, '2015-06-16', '07:29:00 AM'),
(360, 1, 1, 7, 224, 360, 50, 0, 43780, 292, '2015-02-18', 20, 'Active', NULL, '2015-06-16', '07:29:58 AM'),
(361, 1, 1, 7, 252, 361, 1500, 0, 45280, 293, '2015-02-17', 20, 'Active', NULL, '2015-06-16', '07:31:14 AM'),
(362, 1, 1, 7, 261, 362, 40, 0, 45320, 294, '2015-02-16', 20, 'Active', NULL, '2015-06-16', '07:37:31 AM'),
(363, 1, 1, 7, 262, 363, 10, 0, 45330, 295, '2015-02-16', 20, 'Active', NULL, '2015-06-16', '07:39:56 AM'),
(364, 1, 1, 7, 263, 364, 10, 0, 45340, 296, '2015-02-16', 20, 'Active', NULL, '2015-06-17', '04:55:46 AM'),
(365, 1, 1, 7, 264, 365, 50, 0, 45390, 297, '2015-02-16', 20, 'Active', NULL, '2015-06-17', '05:03:24 AM'),
(366, 1, 1, 7, 265, 366, 40, 0, 45430, 298, '2015-02-16', 20, 'Active', NULL, '2015-06-17', '05:05:55 AM'),
(367, 1, 1, 7, 266, 367, 50, 0, 45480, 299, '2015-02-16', 20, 'Active', NULL, '2015-06-17', '05:16:21 AM'),
(368, 1, 1, 7, 82, 368, 100, 0, 45580, 300, '2015-02-22', 20, 'Active', NULL, '2015-06-17', '05:17:23 AM'),
(369, 1, 1, 7, 82, 369, 200, 0, 45780, 301, '2015-02-22', 20, 'Active', NULL, '2015-06-17', '05:18:32 AM'),
(370, 1, 1, 7, 82, 370, 280, 0, 46060, 302, '2015-02-23', 20, 'Active', NULL, '2015-06-17', '05:19:18 AM'),
(371, 1, 1, 7, 174, 371, 1160, 0, 47220, 303, '2015-02-18', 20, 'Active', NULL, '2015-06-17', '05:23:32 AM'),
(372, 1, 1, 7, 267, 372, 890, 0, 48110, 304, '2015-02-17', 20, 'Active', NULL, '2015-06-17', '05:35:21 AM'),
(373, 1, 1, 7, 267, 373, 300, 0, 48410, 305, '2015-02-18', 20, 'Active', NULL, '2015-06-17', '05:36:51 AM'),
(374, 1, 1, 7, 110, 374, 850, 0, 49260, 306, '2015-02-18', 20, 'Active', NULL, '2015-06-17', '05:42:45 AM'),
(375, 1, 1, 7, 110, 375, 1000, 0, 50260, 307, '2015-02-19', 20, 'Active', NULL, '2015-06-17', '05:43:50 AM'),
(376, 1, 1, 7, 167, 376, 500, 0, 50760, 308, '2015-02-22', 20, 'Active', NULL, '2015-06-17', '05:46:54 AM'),
(377, 1, 1, 7, 167, 377, 500, 0, 51260, 309, '2015-02-23', 20, 'Active', NULL, '2015-06-17', '05:47:54 AM'),
(378, 1, 1, 7, 167, 378, 860, 0, 52120, 310, '2015-02-23', 20, 'Active', NULL, '2015-06-17', '05:49:08 AM'),
(379, 1, 1, 7, 252, 379, 1500, 0, 53620, 311, '2015-02-19', 20, 'Active', NULL, '2015-06-17', '06:04:54 AM'),
(380, 1, 1, 7, 268, 380, 1300, 0, 54920, 312, '2015-02-16', 20, 'Active', NULL, '2015-06-17', '06:11:54 AM'),
(381, 1, 1, 7, 268, 381, 500, 0, 55420, 313, '2015-02-17', 20, 'Active', NULL, '2015-06-17', '06:12:45 AM'),
(382, 1, 1, 7, 269, 382, 50, 0, 55470, 314, '2015-02-16', 20, 'Active', NULL, '2015-06-18', '04:48:38 AM'),
(383, 1, 1, 7, 270, 383, 20, 0, 55490, 315, '2015-02-16', 20, 'Active', NULL, '2015-06-18', '04:51:42 AM'),
(384, 1, 1, 7, 271, 384, 80, 0, 55570, 316, '2015-02-16', 20, 'Active', NULL, '2015-06-18', '04:55:34 AM'),
(385, 1, 1, 7, 272, 385, 40, 0, 55610, 317, '2015-02-16', 20, 'Active', NULL, '2015-06-18', '04:58:10 AM'),
(386, 1, 1, 7, 273, 386, 130, 0, 55740, 318, '2015-02-16', 20, 'Active', NULL, '2015-06-18', '05:16:00 AM'),
(387, 1, 1, 7, 274, 387, 80, 0, 55820, 319, '2015-02-16', 20, 'Active', NULL, '2015-06-18', '05:24:10 AM'),
(388, 1, 1, 7, 274, 388, 80, 0, 55900, 320, '2015-02-16', 20, 'Active', NULL, '2015-06-18', '05:25:38 AM'),
(389, 1, 1, 7, 275, 389, 50, 0, 55950, 321, '2015-02-16', 20, 'Active', NULL, '2015-06-18', '05:32:57 AM'),
(390, 1, 1, 7, 194, 390, 20, 0, 55970, 322, '2015-02-19', 20, 'Active', NULL, '2015-06-18', '05:34:27 AM'),
(391, 1, 1, 7, 276, 391, 20, 0, 55990, 323, '2015-02-16', 20, 'Active', NULL, '2015-06-18', '05:37:36 AM'),
(392, 1, 1, 7, 259, 392, 190, 0, 56180, 324, '2015-02-22', 20, 'Active', NULL, '2015-06-18', '05:38:26 AM'),
(393, 1, 1, 7, 277, 393, 50, 0, 56230, 325, '2015-02-17', 20, 'Active', NULL, '2015-06-18', '05:40:38 AM'),
(394, 1, 1, 7, 278, 394, 30, 0, 56260, 326, '2015-02-17', 20, 'Active', NULL, '2015-06-18', '05:43:02 AM'),
(395, 1, 1, 7, 279, 395, 40, 0, 56300, 327, '2015-02-16', 20, 'Active', NULL, '2015-06-18', '05:45:41 AM'),
(396, 1, 1, 7, 280, 396, 60, 0, 56360, 328, '2015-02-18', 20, 'Active', NULL, '2015-06-18', '05:48:46 AM'),
(397, 1, 1, 7, 68, 397, 20, 0, 56380, 329, '2015-02-18', 20, 'Active', NULL, '2015-06-18', '05:51:45 AM'),
(398, 1, 1, 7, 281, 398, 30, 0, 56410, 330, '2015-02-17', 20, 'Active', NULL, '2015-06-18', '05:54:13 AM'),
(399, 1, 1, 7, 282, 399, 40, 0, 56450, 331, '2015-02-18', 20, 'Active', NULL, '2015-06-18', '05:57:07 AM'),
(400, 1, 1, 7, 283, 400, 170, 0, 56620, 332, '2015-02-17', 20, 'Active', NULL, '2015-06-18', '05:59:31 AM'),
(401, 1, 1, 7, 284, 401, 60, 0, 56680, 333, '2015-02-16', 20, 'Active', NULL, '2015-06-18', '06:03:10 AM'),
(402, 1, 1, 7, 285, 402, 40, 0, 56720, 334, '2015-02-17', 20, 'Active', NULL, '2015-06-18', '06:05:59 AM'),
(403, 1, 1, 7, 286, 403, 40, 0, 56760, 335, '2015-02-16', 20, 'Active', NULL, '2015-06-18', '06:08:48 AM'),
(404, 1, 1, 7, 287, 404, 140, 0, 56900, 336, '2015-02-16', 20, 'Active', NULL, '2015-06-18', '06:11:48 AM'),
(405, 1, 1, 7, 155, 405, 70, 0, 56970, 337, '2015-02-23', 20, 'Active', NULL, '2015-06-18', '06:12:38 AM'),
(406, 1, 1, 7, 155, 406, 60, 0, 57030, 338, '2015-02-24', 20, 'Active', NULL, '2015-06-18', '06:13:25 AM'),
(407, 1, 1, 7, 155, 407, 130, 0, 57160, 339, '2015-02-25', 20, 'Active', NULL, '2015-06-18', '06:14:12 AM'),
(408, 1, 1, 7, 90, 408, 20, 0, 57180, 340, '2015-02-17', 20, 'Active', NULL, '2015-06-18', '06:15:27 AM'),
(409, 1, 1, 7, 225, 409, 130, 0, 57310, 341, '2015-02-17', 20, 'Active', NULL, '2015-06-18', '06:16:17 AM'),
(410, 1, 1, 7, 86, 410, 30, 0, 57340, 342, '2015-02-20', 20, 'Active', NULL, '2015-06-18', '06:17:18 AM'),
(411, 1, 1, 7, 129, 411, 110, 0, 57450, 343, '2015-02-20', 20, 'Active', NULL, '2015-06-18', '06:18:58 AM'),
(412, 1, 1, 7, 224, 412, 280, 0, 57730, 344, '2015-02-24', 20, 'Active', NULL, '2015-06-18', '06:21:10 AM'),
(413, 1, 1, 7, 224, 413, 30, 0, 57760, 345, '2015-02-26', 20, 'Active', NULL, '2015-06-18', '06:21:57 AM'),
(414, 1, 1, 7, 288, 414, 80, 0, 57840, 346, '2015-02-17', 20, 'Active', NULL, '2015-06-18', '06:24:31 AM'),
(415, 1, 1, 7, 289, 415, 130, 0, 57970, 347, '2015-02-16', 20, 'Active', NULL, '2015-06-18', '06:31:17 AM'),
(416, 1, 1, 7, 144, 416, 100, 0, 58070, 348, '2015-02-26', 20, 'Active', NULL, '2015-06-18', '06:32:44 AM'),
(417, 1, 1, 7, 172, 417, 230, 0, 58300, 349, '2015-02-24', 20, 'Active', NULL, '2015-06-18', '06:33:53 AM'),
(418, 1, 1, 7, 290, 418, 400, 0, 58700, 350, '2015-02-17', 20, 'Active', NULL, '2015-06-19', '05:05:26 AM'),
(419, 1, 1, 7, 291, 419, 20, 0, 58720, 351, '2015-02-16', 20, 'Active', NULL, '2015-06-19', '05:10:31 AM'),
(420, 1, 1, 7, 292, 420, 30, 0, 58750, 352, '2015-02-16', 20, 'Active', NULL, '2015-06-19', '05:14:30 AM'),
(421, 1, 1, 7, 293, 421, 1000, 0, 59750, 353, '2015-02-16', 20, 'Active', NULL, '2015-06-19', '05:23:35 AM'),
(422, 1, 1, 7, 293, 422, 1000, 0, 60750, 354, '2015-02-17', 20, 'Active', NULL, '2015-06-19', '05:24:40 AM'),
(423, 1, 1, 7, 293, 423, 1280, 0, 62030, 355, '2015-02-18', 20, 'Active', NULL, '2015-06-19', '05:25:33 AM'),
(424, 1, 1, 7, 293, 424, 230, 0, 62260, 356, '2015-02-19', 20, 'Active', NULL, '2015-06-19', '05:26:43 AM'),
(425, 1, 1, 7, 82, 425, 100, 0, 62360, 357, '2015-02-24', 20, 'Active', NULL, '2015-06-19', '05:27:44 AM'),
(426, 1, 1, 7, 82, 426, 260, 0, 62620, 358, '2015-02-26', 20, 'Active', NULL, '2015-06-19', '05:28:57 AM'),
(427, 1, 1, 7, 224, 427, 30, 0, 62650, 359, '2015-02-26', 20, 'Active', NULL, '2015-06-19', '05:29:54 AM'),
(428, 1, 1, 7, 294, 428, 50, 0, 62700, 360, '2015-02-16', 20, 'Active', NULL, '2015-06-19', '05:33:37 AM'),
(429, 1, 1, 7, 155, 429, 120, 0, 62820, 361, '2015-02-26', 20, 'Active', NULL, '2015-06-19', '05:35:22 AM'),
(430, 1, 1, 7, 295, 430, 50, 0, 62870, 362, '2015-02-18', 20, 'Active', NULL, '2015-06-19', '05:39:00 AM'),
(431, 1, 1, 7, 123, 431, 30, 0, 62900, 363, '2015-02-27', 20, 'Active', NULL, '2015-06-19', '05:40:01 AM'),
(432, 1, 1, 7, 296, 432, 10, 0, 62910, 364, '2015-02-17', 20, 'Active', NULL, '2015-06-19', '05:43:12 AM'),
(433, 1, 1, 7, 297, 433, 40, 0, 62950, 365, '2015-02-17', 20, 'Active', NULL, '2015-06-19', '05:46:24 AM'),
(434, 1, 1, 7, 108, 434, 300, 0, 63250, 366, '2015-02-19', 20, 'Active', NULL, '2015-06-19', '05:47:45 AM'),
(435, 1, 1, 7, 83, 435, 1280, 0, 64530, 367, '2015-02-24', 20, 'Active', NULL, '2015-06-19', '05:50:21 AM'),
(436, 1, 1, 7, 298, 436, 2000, 0, 66530, 368, '2015-02-16', 20, 'Active', NULL, '2015-06-19', '05:54:56 AM'),
(437, 1, 1, 7, 110, 437, 1000, 0, 67530, 369, '2015-02-20', 20, 'Active', NULL, '2015-06-19', '05:56:23 AM'),
(438, 1, 1, 7, 110, 438, 850, 0, 68380, 370, '2015-02-26', 20, 'Active', NULL, '2015-06-19', '05:57:24 AM'),
(439, 1, 1, 7, 171, 439, 1100, 0, 69480, 371, '2015-02-25', 20, 'Active', NULL, '2015-06-19', '05:58:21 AM'),
(440, 1, 1, 7, 267, 440, 1320, 0, 70800, 372, '2015-02-26', 20, 'Active', NULL, '2015-06-19', '05:59:25 AM'),
(441, 1, 1, 7, 267, 441, 580, 0, 71380, 373, '2015-02-27', 20, 'Active', NULL, '2015-06-19', '06:00:25 AM'),
(442, 1, 1, 7, 299, 442, 90, 0, 71470, 374, '2015-02-17', 20, 'Active', NULL, '2015-06-19', '06:03:18 AM'),
(443, 1, 1, 7, 300, 443, 90, 0, 71560, 375, '2015-02-25', 20, 'Active', NULL, '2015-06-19', '06:09:12 AM'),
(444, 1, 1, 7, 76, 444, 60, 0, 71620, 376, '2015-02-18', 20, 'Active', NULL, '2015-06-19', '06:12:07 AM'),
(445, 1, 1, 7, 76, 445, 50, 0, 71670, 377, '2015-02-20', 20, 'Active', NULL, '2015-06-19', '06:13:06 AM'),
(446, 1, 1, 7, 301, 446, 50, 0, 71720, 378, '2014-02-17', 20, 'Active', NULL, '2015-06-19', '06:22:37 AM'),
(447, 1, 1, 7, 301, 447, 40, 0, 71760, 379, '2015-02-17', 20, 'Active', NULL, '2015-06-19', '06:23:34 AM'),
(448, 1, 1, 7, 302, 448, 40, 0, 71800, 380, '2015-02-17', 20, 'Active', NULL, '2015-06-19', '06:26:42 AM'),
(449, 1, 1, 7, 69, 449, 20, 0, 71820, 381, '2015-02-20', 20, 'Active', NULL, '2015-06-19', '06:29:14 AM'),
(450, 1, 1, 7, 106, 450, 80, 0, 71900, 382, '2015-02-26', 20, 'Active', NULL, '2015-06-19', '06:30:57 AM'),
(451, 1, 1, 7, 303, 451, 30, 0, 71930, 383, '2015-02-18', 20, 'Active', NULL, '2015-06-19', '06:35:06 AM'),
(452, 1, 1, 7, 304, 452, 40, 0, 71970, 384, '2015-02-26', 20, 'Active', NULL, '2015-06-19', '06:38:51 AM'),
(453, 1, 1, 7, 305, 453, 30, 0, 72000, 385, '2015-02-16', 20, 'Active', NULL, '2015-06-19', '06:41:50 AM'),
(454, 1, 1, 7, 306, 454, 10, 0, 72010, 386, '2015-02-16', 20, 'Active', NULL, '2015-06-20', '00:42:52 AM'),
(455, 1, 1, 7, 149, 455, 40, 0, 72050, 387, '2015-02-18', 20, 'Active', NULL, '2015-06-20', '00:44:04 AM'),
(456, 1, 1, 7, 307, 456, 100, 0, 72150, 388, '2015-02-16', 20, 'Active', NULL, '2015-06-20', '00:46:27 AM'),
(457, 1, 1, 7, 308, 457, 110, 0, 72260, 389, '2015-02-16', 20, 'Active', NULL, '2015-06-20', '00:51:40 AM'),
(458, 1, 1, 7, 309, 458, 60, 0, 72320, 390, '2015-02-17', 20, 'Active', NULL, '2015-06-20', '00:57:18 AM'),
(459, 1, 1, 7, 310, 459, 20, 0, 72340, 391, '2015-02-18', 20, 'Active', NULL, '2015-06-20', '00:59:36 AM'),
(460, 1, 1, 7, 311, 460, 20, 0, 72360, 392, '2015-02-19', 20, 'Active', NULL, '2015-06-20', '01:03:12 AM'),
(461, 1, 1, 7, 312, 461, 20, 0, 72380, 393, '2015-02-18', 20, 'Active', NULL, '2015-06-20', '01:17:38 AM'),
(462, 1, 1, 7, 313, 462, 60, 0, 72440, 394, '2015-02-17', 20, 'Active', NULL, '2015-06-20', '01:20:17 AM'),
(463, 1, 1, 7, 314, 463, 70, 0, 72510, 395, '2015-02-16', 20, 'Active', NULL, '2015-06-20', '01:22:34 AM'),
(464, 1, 1, 7, 315, 464, 40, 0, 72550, 396, '2015-02-19', 20, 'Active', NULL, '2015-06-20', '01:24:56 AM'),
(465, 1, 1, 7, 305, 465, 30, 0, 72580, 397, '2015-02-24', 20, 'Active', NULL, '2015-06-20', '01:25:44 AM'),
(466, 1, 1, 7, 316, 466, 20, 0, 72600, 398, '2015-02-18', 20, 'Active', NULL, '2015-06-20', '01:28:11 AM'),
(467, 1, 1, 7, 317, 467, 70, 0, 72670, 399, '2015-02-26', 20, 'Active', NULL, '2015-06-20', '01:30:41 AM'),
(468, 1, 1, 7, 318, 468, 20, 0, 72690, 400, '2015-02-16', 20, 'Active', NULL, '2015-06-20', '01:33:34 AM'),
(469, 1, 1, 7, 319, 469, 10, 0, 72700, 401, '2015-02-25', 20, 'Active', NULL, '2015-06-20', '01:36:02 AM'),
(470, 1, 1, 7, 320, 470, 30, 0, 72730, 402, '2015-02-16', 20, 'Active', NULL, '2015-06-20', '01:43:38 AM'),
(471, 1, 1, 7, 321, 471, 80, 0, 72810, 403, '2015-02-16', 20, 'Active', NULL, '2015-06-20', '01:45:50 AM'),
(472, 1, 1, 7, 322, 472, 60, 0, 72870, 404, '2015-02-25', 20, 'Active', NULL, '2015-06-20', '01:48:20 AM'),
(473, 1, 1, 7, 323, 473, 50, 0, 72920, 405, '2015-02-25', 20, 'Active', NULL, '2015-06-20', '01:54:58 AM'),
(474, 1, 1, 7, 324, 474, 50, 0, 72970, 406, '2015-02-17', 20, 'Active', NULL, '2015-06-20', '01:57:44 AM'),
(475, 1, 1, 7, 325, 475, 10, 0, 72980, 407, '2015-02-25', 20, 'Active', NULL, '2015-06-20', '02:00:30 AM'),
(476, 1, 1, 7, 129, 476, 130, 0, 73110, 408, '2015-02-20', 20, 'Active', NULL, '2015-06-20', '02:01:27 AM'),
(477, 1, 1, 7, 326, 477, 10, 0, 73120, 409, '2015-02-16', 20, 'Active', NULL, '2015-06-20', '02:04:33 AM'),
(478, 1, 1, 7, 327, 478, 20, 0, 73140, 410, '2015-02-25', 20, 'Active', NULL, '2015-06-20', '02:08:25 AM'),
(479, 1, 1, 7, 328, 479, 50, 0, 73190, 411, '2015-02-17', 20, 'Active', NULL, '2015-06-20', '02:21:47 AM'),
(480, 1, 1, 7, 329, 480, 60, 0, 73250, 412, '2015-02-19', 20, 'Active', NULL, '2015-06-20', '02:26:55 AM'),
(481, 1, 1, 7, 330, 481, 60, 0, 73310, 413, '2015-02-17', 20, 'Active', NULL, '2015-06-20', '02:36:04 AM'),
(482, 1, 1, 7, 144, 482, 100, 0, 73410, 414, '2015-02-18', 20, 'Active', NULL, '2015-06-20', '02:37:25 AM'),
(483, 1, 1, 7, 122, 483, 60, 0, 73470, 415, '2015-02-17', 20, 'Active', NULL, '2015-06-20', '02:38:38 AM'),
(484, 1, 1, 7, 290, 484, 50, 0, 73520, 416, '2015-02-24', 20, 'Active', NULL, '2015-06-20', '02:42:02 AM'),
(485, 1, 1, 7, 290, 485, 50, 0, 73570, 417, '2015-02-25', 20, 'Active', NULL, '2015-06-20', '02:43:05 AM'),
(486, 1, 1, 7, 290, 486, 300, 0, 73870, 418, '2015-02-27', 20, 'Active', NULL, '2015-06-20', '02:43:48 AM'),
(487, 1, 1, 7, 331, 487, 40, 0, 73910, 419, '2015-02-17', 20, 'Active', NULL, '2015-06-20', '02:49:58 AM'),
(488, 1, 1, 7, 332, 488, 30, 0, 73940, 420, '2015-02-16', 20, 'Active', NULL, '2015-06-20', '02:57:04 AM'),
(489, 1, 1, 7, 333, 489, 20, 0, 73960, 421, '2015-02-18', 20, 'Active', NULL, '2015-06-20', '02:59:37 AM'),
(490, 1, 1, 7, 333, 490, 10, 0, 73970, 422, '2015-02-17', 20, 'Active', NULL, '2015-06-20', '03:01:42 AM'),
(491, 1, 1, 7, 334, 491, 30, 0, 74000, 423, '2015-02-16', 20, 'Active', NULL, '2015-06-20', '04:53:39 AM'),
(492, 1, 1, 7, 335, 492, 60, 0, 74060, 424, '2015-02-16', 20, 'Active', NULL, '2015-06-20', '04:55:45 AM'),
(493, 1, 1, 7, 336, 493, 100, 0, 74160, 425, '2015-02-17', 20, 'Active', NULL, '2015-06-20', '04:58:21 AM'),
(494, 1, 1, 7, 123, 494, 90, 0, 74250, 426, '2015-02-27', 20, 'Active', NULL, '2015-06-20', '04:59:06 AM'),
(495, 1, 1, 7, 123, 495, 30, 0, 74280, 427, '2015-03-01', 20, 'Active', NULL, '2015-06-20', '04:59:44 AM'),
(496, 1, 1, 7, 123, 496, 30, 0, 74310, 428, '2015-03-01', 20, 'Active', NULL, '2015-06-20', '05:00:27 AM'),
(497, 1, 1, 7, 123, 497, 20, 0, 74330, 429, '2015-03-01', 20, 'Active', NULL, '2015-06-20', '05:01:07 AM'),
(498, 1, 1, 7, 123, 498, 20, 0, 74350, 430, '2015-03-01', 20, 'Active', NULL, '2015-06-20', '05:02:48 AM'),
(499, 1, 1, 7, 123, 499, 20, 0, 74370, 431, '2015-03-01', 20, 'Active', NULL, '2015-06-20', '05:03:30 AM'),
(500, 1, 1, 7, 337, 500, 50, 0, 74420, 432, '2015-02-16', 20, 'Active', NULL, '2015-06-20', '05:11:33 AM'),
(501, 1, 1, 7, 155, 501, 100, 0, 74520, 433, '2015-03-01', 20, 'Active', NULL, '2015-06-20', '05:12:30 AM'),
(502, 1, 1, 7, 155, 502, 80, 0, 74600, 434, '2015-03-01', 20, 'Active', NULL, '2015-06-20', '05:13:09 AM'),
(503, 1, 1, 7, 155, 503, 90, 0, 74690, 435, '2015-03-01', 20, 'Active', NULL, '2015-06-20', '05:13:50 AM'),
(504, 1, 1, 7, 338, 504, 60, 0, 74750, 436, '2015-02-16', 20, 'Active', NULL, '2015-06-20', '05:18:13 AM'),
(505, 1, 1, 7, 262, 505, 50, 0, 74800, 437, '2015-02-16', 20, 'Active', NULL, '2015-06-20', '05:22:33 AM'),
(506, 1, 1, 7, 340, 506, 20, 0, 74820, 438, '2015-02-16', 20, 'Active', NULL, '2015-06-20', '23:49:30 PM'),
(507, 1, 1, 7, 341, 507, 140, 0, 74960, 439, '2015-02-17', 20, 'Active', NULL, '2015-06-20', '23:55:39 PM'),
(508, 1, 1, 7, 224, 508, 30, 0, 74990, 440, '2015-02-26', 20, 'Active', NULL, '2015-06-20', '23:56:33 PM'),
(509, 1, 1, 7, 167, 509, 300, 0, 75290, 441, '2015-02-18', 20, 'Active', NULL, '2015-06-20', '23:57:28 PM'),
(510, 1, 1, 7, 259, 510, 60, 0, 75350, 442, '2015-02-24', 20, 'Active', NULL, '2015-06-20', '23:58:13 PM'),
(511, 1, 1, 7, 71, 511, 60, 0, 75410, 443, '2015-02-24', 20, 'Active', NULL, '2015-06-20', '23:59:39 PM'),
(512, 1, 1, 7, 225, 512, 70, 0, 75480, 444, '2015-02-24', 20, 'Active', NULL, '2015-06-21', '00:01:06 AM'),
(513, 1, 1, 7, 225, 513, 240, 0, 75720, 445, '2015-02-24', 20, 'Active', NULL, '2015-06-21', '00:02:17 AM'),
(514, 1, 1, 7, 225, 514, 70, 0, 75790, 446, '2015-02-25', 20, 'Active', NULL, '2015-06-21', '00:03:18 AM'),
(515, 1, 1, 7, 342, 515, 410, 0, 76200, 447, '2015-02-16', 20, 'Active', NULL, '2015-06-21', '00:06:10 AM'),
(516, 1, 1, 7, 343, 516, 2000, 0, 78200, 448, '2015-02-16', 20, 'Active', NULL, '2015-06-21', '00:20:08 AM'),
(517, 1, 1, 7, 344, 517, 30, 0, 78230, 449, '2015-02-16', 20, 'Active', NULL, '2015-06-21', '00:26:22 AM'),
(518, 1, 1, 7, 110, 518, 910, 0, 79140, 450, '2015-06-21', 20, 'Active', NULL, '2015-06-21', '00:28:11 AM'),
(519, 1, 1, 7, 110, 519, 1000, 0, 80140, 451, '2015-02-25', 20, 'Active', NULL, '2015-06-21', '00:29:17 AM'),
(520, 1, 1, 7, 343, 520, 2000, 0, 82140, 452, '2015-02-17', 20, 'Active', NULL, '2015-06-21', '00:30:16 AM'),
(521, 1, 1, 7, 345, 521, 2110, 0, 84250, 453, '2015-02-16', 20, 'Active', NULL, '2015-06-21', '00:35:55 AM'),
(522, 1, 1, 7, 345, 522, 2100, 0, 86350, 454, '2015-02-17', 20, 'Active', NULL, '2015-06-21', '00:37:07 AM'),
(523, 1, 1, 7, 345, 523, 1090, 0, 87440, 455, '2015-02-18', 20, 'Active', NULL, '2015-06-21', '00:38:12 AM'),
(524, 1, 1, 7, 346, 524, 210, 0, 87650, 456, '2015-02-18', 20, 'Active', NULL, '2015-06-21', '00:42:24 AM'),
(525, 1, 1, 7, 347, 525, 20, 0, 87670, 457, '2015-02-16', 20, 'Active', NULL, '2015-06-21', '00:45:52 AM'),
(526, 1, 1, 7, 348, 526, 10, 0, 87680, 458, '2015-02-17', 20, 'Active', NULL, '2015-06-21', '01:16:10 AM'),
(527, 1, 1, 7, 349, 527, 20, 0, 87700, 459, '2015-02-16', 20, 'Active', NULL, '2015-06-21', '01:18:01 AM'),
(528, 1, 1, 7, 350, 528, 30, 0, 87730, 460, '2015-02-16', 20, 'Active', NULL, '2015-06-21', '01:20:08 AM'),
(529, 1, 1, 7, 352, 529, 30, 0, 87760, 461, '2015-02-16', 20, 'Active', NULL, '2015-06-21', '01:23:32 AM'),
(530, 1, 1, 7, 352, 530, 20, 0, 87780, 462, '2015-02-17', 20, 'Active', NULL, '2015-06-21', '01:24:15 AM'),
(531, 1, 1, 7, 353, 531, 10, 0, 87790, 463, '2015-02-16', 20, 'Active', NULL, '2015-06-21', '01:53:19 AM'),
(532, 1, 1, 7, 354, 532, 40, 0, 87830, 464, '2015-02-17', 20, 'Active', NULL, '2015-06-21', '01:56:25 AM'),
(533, 1, 1, 7, 355, 533, 30, 0, 87860, 465, '2015-02-16', 20, 'Active', NULL, '2015-06-21', '02:33:26 AM'),
(534, 1, 1, 7, 356, 534, 20, 0, 87880, 466, '2015-02-16', 20, 'Active', NULL, '2015-06-21', '02:35:32 AM'),
(535, 1, 1, 7, 357, 535, 30, 0, 87910, 467, '2015-02-16', 20, 'Active', NULL, '2015-06-21', '02:37:31 AM'),
(536, 1, 1, 7, 358, 536, 50, 0, 87960, 468, '2015-02-16', 20, 'Active', NULL, '2015-06-21', '02:40:54 AM'),
(537, 1, 1, 7, 359, 537, 60, 0, 88020, 469, '2015-02-16', 20, 'Active', NULL, '2015-06-21', '02:43:47 AM'),
(538, 1, 1, 7, 360, 538, 50, 0, 88070, 470, '2015-02-16', 20, 'Active', NULL, '2015-06-21', '02:48:09 AM');
INSERT INTO `fna_labourbill` (`LABOURBILLID`, `PROJECTID`, `SUBPROJECTID`, `LABOURID`, `PARTYID`, `PRODUCTLOADUNLOADID`, `BILLAMOUNT`, `PAYMENTAMOUNT`, `BALANCEAMOUNT`, `LABOURFLAG`, `ENTRYDATE`, `USERID`, `STATUS`, `FLAG`, `ENTDATE`, `ENTTIME`) VALUES
(539, 1, 1, 7, 361, 539, 20, 0, 88090, 471, '2015-02-16', 20, 'Active', NULL, '2015-06-21', '02:58:56 AM'),
(540, 1, 1, 7, 71, 540, 60, 0, 88150, 472, '2015-02-26', 20, 'Active', NULL, '2015-06-21', '03:00:11 AM'),
(541, 1, 1, 7, 362, 541, 40, 0, 88190, 473, '2015-02-16', 20, 'Active', NULL, '2015-06-21', '03:03:41 AM'),
(542, 1, 1, 7, 363, 542, 50, 0, 88240, 474, '2015-02-16', 20, 'Active', NULL, '2015-06-21', '03:06:35 AM'),
(543, 1, 1, 7, 364, 543, 20, 0, 88260, 475, '2015-02-16', 20, 'Active', NULL, '2015-06-21', '03:08:37 AM'),
(544, 1, 1, 7, 365, 544, 40, 0, 88300, 476, '2015-02-16', 20, 'Active', NULL, '2015-06-21', '03:10:26 AM'),
(545, 1, 1, 7, 366, 545, 1650, 0, 89950, 477, '2015-02-17', 20, 'Active', NULL, '2015-06-21', '03:42:57 AM'),
(546, 1, 1, 7, 367, 546, 60, 0, 90010, 478, '2015-02-17', 20, 'Active', NULL, '2015-06-21', '03:58:11 AM'),
(547, 1, 1, 7, 368, 547, 40, 0, 90050, 479, '2015-02-16', 20, 'Active', NULL, '2015-06-21', '05:01:45 AM'),
(548, 1, 1, 7, 369, 548, 80, 0, 90130, 480, '2015-02-17', 20, 'Active', NULL, '2015-06-21', '05:03:59 AM'),
(549, 1, 1, 7, 370, 549, 70, 0, 90200, 481, '2015-02-17', 20, 'Active', NULL, '2015-06-21', '05:06:23 AM'),
(550, 1, 1, 7, 371, 550, 20, 0, 90220, 482, '2015-02-16', 20, 'Active', NULL, '2015-06-21', '05:08:16 AM'),
(551, 1, 1, 7, 372, 551, 20, 0, 90240, 483, '2015-02-16', 20, 'Active', NULL, '2015-06-21', '05:10:26 AM'),
(552, 1, 1, 7, 366, 552, 1890, 0, 92130, 484, '2015-02-17', 20, 'Active', NULL, '2015-06-21', '05:11:30 AM'),
(553, 1, 1, 7, 373, 553, 20, 0, 92150, 485, '2015-02-17', 20, 'Active', NULL, '2015-06-21', '05:13:46 AM'),
(554, 1, 1, 7, 374, 554, 10, 0, 92160, 486, '2015-02-18', 20, 'Active', NULL, '2015-06-21', '05:15:24 AM'),
(555, 1, 1, 7, 375, 555, 30, 0, 92190, 487, '2015-02-18', 20, 'Active', NULL, '2015-06-21', '05:17:13 AM'),
(556, 1, 1, 7, 375, 556, 50, 0, 92240, 488, '2015-02-16', 20, 'Active', NULL, '2015-06-21', '05:19:10 AM'),
(557, 1, 1, 7, 377, 557, 20, 0, 92260, 489, '2015-02-18', 20, 'Active', NULL, '2015-06-21', '05:21:29 AM'),
(558, 1, 1, 7, 129, 558, 160, 0, 92420, 490, '2015-02-25', 20, 'Active', NULL, '2015-06-21', '05:22:22 AM'),
(559, 1, 1, 7, 378, 559, 270, 0, 92690, 491, '2015-02-17', 20, 'Active', NULL, '2015-06-21', '05:28:14 AM'),
(560, 1, 1, 7, 379, 560, 20, 0, 92710, 492, '2015-02-16', 20, 'Active', NULL, '2015-06-21', '05:30:31 AM'),
(561, 1, 1, 7, 380, 561, 60, 0, 92770, 493, '2015-02-16', 20, 'Active', NULL, '2015-06-21', '05:32:17 AM'),
(562, 1, 1, 7, 71, 562, 40, 0, 92810, 494, '2015-02-26', 20, 'Active', NULL, '2015-06-23', '00:00:37 AM'),
(563, 1, 1, 7, 381, 563, 180, 0, 92990, 495, '2015-02-16', 20, 'Active', NULL, '2015-06-23', '00:04:09 AM'),
(564, 1, 1, 7, 382, 564, 20, 0, 93010, 496, '2015-02-16', 20, 'Active', NULL, '2015-06-23', '00:14:19 AM'),
(565, 1, 1, 7, 383, 565, 80, 0, 93090, 497, '2015-02-16', 20, 'Active', NULL, '2015-06-23', '00:17:14 AM'),
(566, 1, 1, 7, 259, 566, 190, 0, 93280, 498, '2015-02-25', 20, 'Active', NULL, '2015-06-23', '00:18:11 AM'),
(567, 1, 1, 7, 259, 567, 120, 0, 93400, 499, '2015-02-25', 20, 'Active', NULL, '2015-06-23', '00:18:56 AM'),
(568, 1, 1, 7, 259, 568, 80, 0, 93480, 500, '2015-02-26', 20, 'Active', NULL, '2015-06-23', '00:20:25 AM'),
(569, 1, 1, 7, 345, 569, 1000, 0, 94480, 501, '2015-02-18', 20, 'Active', NULL, '2015-06-23', '00:21:39 AM'),
(570, 1, 1, 7, 71, 570, 70, 0, 94550, 502, '2015-02-26', 20, 'Active', NULL, '2015-06-23', '00:22:43 AM'),
(571, 1, 1, 7, 384, 571, 20, 0, 94570, 503, '2015-02-16', 20, 'Active', NULL, '2015-06-23', '00:25:25 AM'),
(572, 1, 1, 7, 385, 572, 20, 0, 94590, 504, '2015-02-16', 20, 'Active', NULL, '2015-06-23', '00:28:34 AM'),
(573, 1, 1, 7, 386, 573, 60, 0, 94650, 505, '2015-02-16', 20, 'Active', NULL, '2015-06-23', '00:31:24 AM'),
(574, 1, 1, 7, 387, 574, 10, 0, 94660, 506, '2015-02-16', 20, 'Active', NULL, '2015-06-23', '00:36:47 AM'),
(575, 1, 1, 7, 388, 575, 50, 0, 94710, 507, '2015-02-16', 20, 'Active', NULL, '2015-06-23', '00:39:05 AM'),
(576, 1, 1, 7, 389, 576, 100, 0, 94810, 508, '2015-02-16', 20, 'Active', NULL, '2015-06-23', '00:42:44 AM'),
(577, 1, 1, 7, 390, 577, 50, 0, 94860, 509, '2015-02-16', 20, 'Active', NULL, '2015-06-23', '00:45:11 AM'),
(578, 1, 1, 7, 391, 578, 10, 0, 94870, 510, '2015-02-16', 20, 'Active', NULL, '2015-06-23', '00:47:20 AM'),
(579, 1, 1, 7, 392, 579, 10, 0, 94880, 511, '2015-02-16', 20, 'Active', NULL, '2015-06-23', '00:49:47 AM'),
(580, 1, 1, 7, 393, 580, 10, 0, 94890, 512, '2015-02-16', 20, 'Active', NULL, '2015-06-23', '00:52:03 AM'),
(581, 1, 1, 7, 394, 581, 30, 0, 94920, 513, '2015-02-16', 20, 'Active', NULL, '2015-06-23', '01:04:07 AM'),
(582, 1, 1, 7, 395, 582, 20, 0, 94940, 514, '2015-02-16', 20, 'Active', NULL, '2015-06-23', '01:48:26 AM'),
(583, 1, 1, 7, 396, 583, 20, 0, 94960, 515, '2015-02-16', 20, 'Active', NULL, '2015-06-23', '01:53:37 AM'),
(584, 1, 1, 7, 397, 584, 10, 0, 94970, 516, '2015-02-16', 20, 'Active', NULL, '2015-06-23', '02:19:10 AM'),
(585, 1, 1, 7, 82, 585, 200, 0, 95170, 517, '2015-02-25', 20, 'Active', NULL, '2015-06-23', '02:19:55 AM'),
(586, 1, 1, 7, 82, 586, 140, 0, 95310, 518, '2015-02-26', 20, 'Active', NULL, '2015-06-23', '02:20:40 AM'),
(587, 1, 1, 7, 398, 587, 80, 0, 95390, 519, '2015-02-18', 20, 'Active', NULL, '2015-06-23', '02:23:55 AM'),
(588, 1, 1, 7, 399, 588, 30, 0, 95420, 520, '2015-02-16', 20, 'Active', NULL, '2015-06-23', '02:26:40 AM'),
(589, 1, 1, 7, 260, 589, 110, 0, 95530, 521, '2015-02-17', 20, 'Active', NULL, '2015-06-23', '02:27:35 AM'),
(590, 1, 1, 7, 260, 590, 100, 0, 95630, 522, '2015-02-19', 20, 'Active', NULL, '2015-06-23', '02:28:21 AM'),
(591, 1, 1, 7, 260, 591, 120, 0, 95750, 523, '2015-02-20', 20, 'Active', NULL, '2015-06-23', '02:29:42 AM'),
(592, 1, 1, 7, 260, 592, 80, 0, 95830, 524, '2015-02-18', 20, 'Active', NULL, '2015-06-23', '02:39:17 AM'),
(593, 1, 1, 7, 343, 593, 790, 0, 96620, 525, '2015-02-19', 20, 'Active', NULL, '2015-06-23', '02:40:13 AM'),
(594, 1, 1, 7, 345, 594, 1000, 0, 97620, 526, '2015-02-19', 20, 'Active', NULL, '2015-06-23', '02:42:35 AM'),
(595, 1, 1, 7, 345, 595, 1980, 0, 99600, 527, '2015-02-20', 20, 'Active', NULL, '2015-06-23', '02:43:22 AM'),
(596, 1, 1, 7, 268, 596, 1800, 0, 101400, 528, '2015-02-25', 20, 'Active', NULL, '2015-06-23', '02:44:22 AM'),
(597, 1, 1, 7, 346, 597, 190, 0, 101590, 529, '2015-02-17', 20, 'Active', NULL, '2015-06-23', '03:01:01 AM'),
(598, 1, 1, 7, 400, 598, 600, 0, 102190, 530, '2015-02-16', 20, 'Active', NULL, '2015-06-23', '03:03:29 AM'),
(599, 1, 1, 7, 345, 599, 1100, 0, 103290, 531, '2015-02-18', 20, 'Active', NULL, '2015-06-23', '03:04:40 AM'),
(600, 1, 1, 7, 402, 600, 280, 0, 103570, 532, '2015-02-17', 20, 'Active', NULL, '2015-06-23', '03:14:39 AM'),
(601, 1, 1, 7, 403, 601, 40, 0, 103610, 533, '2015-02-17', 20, 'Active', NULL, '2015-06-23', '03:17:41 AM'),
(602, 1, 1, 7, 305, 602, 70, 0, 103680, 534, '2015-02-17', 20, 'Active', NULL, '2015-06-23', '03:19:06 AM'),
(603, 1, 1, 7, 404, 603, 30, 0, 103710, 535, '2015-02-16', 20, 'Active', NULL, '2015-06-23', '03:21:01 AM'),
(604, 1, 1, 7, 259, 604, 200, 0, 103910, 536, '2015-02-26', 20, 'Active', NULL, '2015-06-23', '03:22:01 AM'),
(605, 1, 1, 7, 259, 605, 70, 0, 103980, 537, '2015-02-27', 20, 'Active', NULL, '2015-06-23', '03:22:46 AM'),
(606, 1, 1, 7, 405, 606, 40, 0, 104020, 538, '2015-02-16', 20, 'Active', NULL, '2015-06-23', '03:25:08 AM'),
(607, 1, 1, 7, 406, 607, 10, 0, 104030, 539, '2015-02-17', 20, 'Active', NULL, '2015-06-23', '03:29:21 AM'),
(608, 1, 1, 7, 407, 608, 40, 0, 104070, 540, '2015-02-17', 20, 'Active', NULL, '2015-06-23', '04:17:03 AM'),
(609, 1, 1, 7, 408, 609, 20, 0, 104090, 541, '2015-02-17', 20, 'Active', NULL, '2015-06-23', '04:20:11 AM'),
(610, 1, 1, 7, 409, 610, 40, 0, 104130, 542, '2015-02-17', 20, 'Active', NULL, '2015-06-23', '04:25:09 AM'),
(611, 1, 1, 7, 410, 611, 10, 0, 104140, 543, '2015-02-17', 20, 'Active', NULL, '2015-06-23', '04:27:49 AM'),
(612, 1, 1, 7, 411, 612, 30, 0, 104170, 544, '2015-02-16', 20, 'Active', NULL, '2015-06-23', '05:55:22 AM'),
(613, 1, 1, 7, 412, 613, 10, 0, 104180, 545, '2015-02-17', 20, 'Active', NULL, '2015-06-23', '05:56:03 AM'),
(614, 1, 1, 7, 413, 614, 20, 0, 104200, 546, '2015-02-16', 20, 'Active', NULL, '2015-06-23', '05:56:56 AM'),
(615, 1, 1, 7, 414, 615, 70, 0, 104270, 547, '2015-02-16', 20, 'Active', NULL, '2015-06-23', '05:57:42 AM'),
(616, 1, 1, 7, 415, 616, 30, 0, 104300, 548, '2015-02-16', 20, 'Active', NULL, '2015-06-23', '05:58:35 AM'),
(617, 1, 1, 7, 416, 617, 40, 0, 104340, 549, '2015-02-16', 20, 'Active', NULL, '2015-06-23', '05:59:34 AM'),
(618, 1, 1, 7, 417, 618, 20, 0, 104360, 550, '2015-02-16', 20, 'Active', NULL, '2015-06-23', '06:00:15 AM'),
(619, 1, 1, 7, 418, 619, 40, 0, 104400, 551, '2015-02-16', 20, 'Active', NULL, '2015-06-23', '06:00:57 AM'),
(620, 1, 1, 7, 419, 620, 10, 0, 104410, 552, '2015-02-17', 20, 'Active', NULL, '2015-06-23', '06:01:46 AM'),
(621, 1, 1, 7, 420, 621, 30, 0, 104440, 553, '2015-02-16', 20, 'Active', NULL, '2015-06-23', '06:02:32 AM'),
(622, 1, 1, 7, 421, 622, 60, 0, 104500, 554, '2015-02-16', 20, 'Active', NULL, '2015-06-23', '06:06:03 AM'),
(623, 1, 1, 7, 422, 623, 30, 0, 104530, 555, '2015-02-16', 20, 'Active', NULL, '2015-06-23', '06:08:33 AM'),
(624, 1, 1, 7, 368, 624, 30, 0, 104560, 556, '2015-02-17', 20, 'Active', NULL, '2015-06-23', '06:11:05 AM'),
(625, 1, 1, 7, 423, 625, 30, 0, 104590, 557, '2015-02-16', 20, 'Active', NULL, '2015-06-23', '06:23:20 AM'),
(626, 1, 1, 7, 424, 626, 60, 0, 104650, 558, '2015-02-16', 20, 'Active', NULL, '2015-06-23', '06:24:03 AM'),
(627, 1, 1, 7, 425, 627, 30, 0, 104680, 559, '2015-02-17', 20, 'Active', NULL, '2015-06-23', '06:24:50 AM'),
(628, 1, 1, 7, 426, 628, 240, 0, 104920, 560, '2015-02-16', 20, 'Active', NULL, '2015-06-23', '06:25:33 AM'),
(629, 1, 1, 7, 427, 629, 40, 0, 104960, 561, '2015-02-16', 20, 'Active', NULL, '2015-06-23', '06:26:19 AM'),
(630, 1, 1, 7, 428, 630, 100, 0, 105060, 562, '2015-02-16', 20, 'Active', NULL, '2015-06-23', '06:27:44 AM'),
(631, 1, 1, 7, 429, 631, 30, 0, 105090, 563, '2015-02-17', 20, 'Active', NULL, '2015-06-23', '06:28:18 AM'),
(632, 1, 1, 7, 430, 632, 40, 0, 105130, 564, '2015-02-16', 20, 'Active', NULL, '2015-06-23', '06:29:02 AM'),
(633, 1, 1, 7, 431, 633, 60, 0, 105190, 565, '2015-02-16', 20, 'Active', NULL, '2015-06-23', '06:29:51 AM'),
(634, 1, 1, 7, 432, 634, 40, 0, 105230, 566, '2015-02-16', 20, 'Active', NULL, '2015-06-23', '23:09:22 PM'),
(635, 1, 1, 7, 433, 635, 40, 0, 105270, 567, '2015-02-16', 20, 'Active', NULL, '2015-06-23', '23:10:21 PM'),
(636, 1, 1, 7, 435, 636, 50, 0, 105320, 568, '2015-02-16', 20, 'Active', NULL, '2015-06-23', '23:16:44 PM'),
(637, 1, 1, 7, 436, 637, 100, 0, 105420, 569, '2015-02-16', 20, 'Active', NULL, '2015-06-23', '23:19:44 PM'),
(638, 1, 1, 7, 434, 638, 300, 0, 105720, 570, '2015-02-16', 20, 'Active', NULL, '2015-06-23', '23:22:05 PM'),
(639, 1, 1, 7, 434, 639, 10, 0, 105730, 571, '2015-02-17', 20, 'Active', NULL, '2015-06-23', '23:22:57 PM'),
(640, 1, 1, 7, 437, 640, 40, 0, 105770, 572, '2015-02-16', 20, 'Active', NULL, '2015-06-24', '00:26:19 AM'),
(641, 1, 1, 7, 438, 641, 410, 0, 106180, 573, '2015-02-17', 20, 'Active', NULL, '2015-06-24', '00:32:47 AM'),
(642, 1, 1, 7, 70, 642, 2200, 0, 108380, 574, '2015-02-19', 20, 'Active', NULL, '2015-06-24', '00:36:31 AM'),
(643, 1, 1, 7, 400, 643, 600, 0, 108980, 575, '2015-02-18', 20, 'Active', NULL, '2015-06-24', '00:37:34 AM'),
(644, 1, 1, 7, 167, 644, 500, 0, 109480, 576, '2015-02-25', 20, 'Active', NULL, '2015-06-24', '00:52:47 AM'),
(645, 1, 1, 7, 167, 645, 600, 0, 110080, 577, '2015-02-19', 20, 'Active', NULL, '2015-06-24', '00:53:40 AM'),
(646, 1, 1, 7, 345, 646, 2040, 0, 112120, 578, '2015-02-18', 20, 'Active', NULL, '2015-06-24', '00:54:51 AM'),
(647, 1, 1, 7, 129, 647, 550, 0, 112670, 579, '2015-02-20', 20, 'Active', NULL, '2015-06-24', '00:55:53 AM'),
(648, 1, 1, 7, 268, 648, 1250, 0, 113920, 580, '2015-02-17', 20, 'Active', NULL, '2015-06-24', '00:57:13 AM'),
(649, 1, 1, 7, 225, 649, 30, 0, 113950, 581, '2015-02-20', 20, 'Active', NULL, '2015-06-24', '01:00:24 AM'),
(650, 1, 1, 7, 225, 650, 50, 0, 114000, 582, '2015-02-20', 20, 'Active', NULL, '2015-06-24', '01:02:02 AM'),
(651, 1, 1, 7, 439, 651, 60, 0, 114060, 583, '2015-02-18', 20, 'Active', NULL, '2015-06-24', '01:53:02 AM'),
(652, 1, 1, 7, 440, 652, 20, 0, 114080, 584, '2015-02-16', 20, 'Active', NULL, '2015-06-24', '01:54:01 AM'),
(653, 1, 1, 7, 441, 653, 10, 0, 114090, 585, '2015-02-17', 20, 'Active', NULL, '2015-06-24', '01:54:51 AM'),
(654, 1, 1, 7, 442, 654, 200, 0, 114290, 586, '2015-02-17', 20, 'Active', NULL, '2015-06-24', '01:55:47 AM'),
(655, 1, 1, 7, 443, 655, 100, 0, 114390, 587, '2015-02-17', 20, 'Active', NULL, '2015-06-24', '02:04:58 AM'),
(656, 1, 1, 7, 444, 656, 110, 0, 114500, 588, '2015-02-24', 20, 'Active', NULL, '2015-06-24', '02:06:00 AM'),
(657, 1, 1, 7, 445, 657, 50, 0, 114550, 589, '2015-02-17', 20, 'Active', NULL, '2015-06-24', '02:06:57 AM'),
(658, 1, 1, 7, 446, 658, 40, 0, 114590, 590, '2015-02-17', 20, 'Active', NULL, '2015-06-24', '02:07:46 AM'),
(659, 1, 1, 7, 447, 659, 30, 0, 114620, 591, '2015-02-16', 20, 'Active', NULL, '2015-06-24', '02:08:39 AM'),
(660, 1, 1, 7, 448, 660, 30, 0, 114650, 592, '2015-02-17', 20, 'Active', NULL, '2015-06-24', '02:09:39 AM'),
(661, 1, 1, 7, 449, 661, 90, 0, 114740, 593, '2015-02-17', 20, 'Active', NULL, '2015-06-24', '02:10:47 AM'),
(662, 1, 1, 7, 450, 662, 70, 0, 114810, 594, '2015-02-16', 20, 'Active', NULL, '2015-06-24', '02:11:47 AM'),
(663, 1, 1, 7, 451, 663, 70, 0, 114880, 595, '2015-02-17', 20, 'Active', NULL, '2015-06-24', '02:12:40 AM'),
(664, 1, 1, 7, 452, 664, 30, 0, 114910, 596, '2015-02-17', 20, 'Active', NULL, '2015-06-24', '02:13:35 AM'),
(665, 1, 1, 7, 453, 665, 30, 0, 114940, 597, '2015-02-24', 20, 'Active', NULL, '2015-06-24', '02:14:39 AM'),
(666, 1, 1, 7, 454, 666, 50, 0, 114990, 598, '2015-02-16', 20, 'Active', NULL, '2015-06-24', '02:15:32 AM'),
(667, 1, 1, 7, 455, 667, 20, 0, 115010, 599, '2015-02-25', 20, 'Active', NULL, '2015-06-24', '02:16:32 AM'),
(668, 1, 1, 7, 456, 668, 20, 0, 115030, 600, '2015-02-17', 20, 'Active', NULL, '2015-06-24', '02:17:21 AM'),
(669, 1, 1, 7, 457, 669, 20, 0, 115050, 601, '2015-02-17', 20, 'Active', NULL, '2015-06-24', '02:18:37 AM'),
(670, 1, 1, 7, 155, 670, 130, 0, 115180, 602, '2015-02-17', 20, 'Active', NULL, '2015-06-24', '02:47:16 AM'),
(671, 1, 1, 7, 348, 671, 30, 0, 115210, 603, '2015-02-17', 20, 'Active', NULL, '2015-06-24', '02:51:26 AM'),
(672, 1, 1, 7, 367, 672, 50, 0, 115260, 604, '2015-02-19', 20, 'Active', NULL, '2015-06-24', '02:52:37 AM'),
(673, 1, 1, 7, 155, 673, 20, 0, 115280, 605, '2015-02-27', 20, 'Active', NULL, '2015-06-24', '02:57:08 AM'),
(674, 1, 1, 7, 225, 674, 60, 0, 115340, 606, '2015-02-18', 20, 'Active', NULL, '2015-06-24', '02:58:25 AM'),
(675, 1, 1, 7, 167, 675, 210, 0, 115550, 607, '2015-02-17', 20, 'Active', NULL, '2015-06-24', '02:59:28 AM'),
(676, 1, 1, 7, 167, 676, 290, 0, 115840, 608, '2015-02-16', 20, 'Active', NULL, '2015-06-24', '03:47:25 AM'),
(677, 1, 1, 7, 82, 677, 310, 0, 116150, 609, '2015-02-25', 20, 'Active', NULL, '2015-06-24', '03:48:19 AM'),
(678, 1, 1, 7, 458, 678, 10, 0, 116160, 610, '2015-02-16', 20, 'Active', NULL, '2015-06-24', '05:53:48 AM'),
(679, 1, 1, 7, 459, 679, 110, 0, 116270, 611, '2015-02-17', 20, 'Active', NULL, '2015-06-24', '05:54:45 AM'),
(680, 1, 1, 7, 460, 680, 20, 0, 116290, 612, '2015-02-18', 20, 'Active', NULL, '2015-06-24', '05:55:25 AM'),
(681, 1, 1, 7, 461, 681, 50, 0, 116340, 613, '2015-02-17', 20, 'Active', NULL, '2015-06-24', '05:56:07 AM'),
(682, 1, 1, 7, 462, 682, 40, 0, 116380, 614, '2015-02-17', 20, 'Active', NULL, '2015-06-24', '05:57:05 AM'),
(683, 1, 1, 7, 463, 683, 40, 0, 116420, 615, '2015-02-17', 20, 'Active', NULL, '2015-06-24', '05:57:54 AM'),
(684, 1, 1, 7, 482, 684, 400, 0, 116820, 616, '2015-02-16', 20, 'Active', NULL, '2015-06-24', '06:02:36 AM'),
(685, 1, 1, 7, 465, 685, 20, 0, 116840, 617, '2015-02-16', 20, 'Active', NULL, '2015-06-24', '06:03:39 AM'),
(686, 1, 1, 7, 466, 686, 10, 0, 116850, 618, '2015-02-16', 20, 'Active', NULL, '2015-06-24', '06:04:32 AM'),
(687, 1, 1, 7, 467, 687, 30, 0, 116880, 619, '2015-02-17', 20, 'Active', NULL, '2015-06-24', '06:05:18 AM'),
(688, 1, 1, 7, 468, 688, 50, 0, 116930, 620, '2015-02-17', 20, 'Active', NULL, '2015-06-24', '06:06:35 AM'),
(689, 1, 1, 7, 469, 689, 330, 0, 117260, 621, '2015-02-16', 20, 'Active', NULL, '2015-06-24', '06:07:24 AM'),
(690, 1, 1, 7, 470, 690, 40, 0, 117300, 622, '2015-02-16', 20, 'Active', NULL, '2015-06-24', '06:08:53 AM'),
(691, 1, 1, 7, 471, 691, 50, 0, 117350, 623, '2015-02-16', 20, 'Active', NULL, '2015-06-24', '06:09:39 AM'),
(692, 1, 1, 7, 472, 692, 40, 0, 117390, 624, '2015-02-17', 20, 'Active', NULL, '2015-06-24', '06:10:26 AM'),
(693, 1, 1, 7, 473, 693, 70, 0, 117460, 625, '2015-02-16', 20, 'Active', NULL, '2015-06-24', '06:11:26 AM'),
(694, 1, 1, 7, 474, 694, 30, 0, 117490, 626, '2015-02-16', 20, 'Active', NULL, '2015-06-24', '06:13:13 AM'),
(695, 1, 1, 7, 475, 695, 40, 0, 117530, 627, '2015-02-17', 20, 'Active', NULL, '2015-06-24', '06:14:06 AM'),
(696, 1, 1, 7, 476, 696, 10, 0, 117540, 628, '2015-02-16', 20, 'Active', NULL, '2015-06-24', '06:16:42 AM'),
(697, 1, 1, 7, 477, 697, 30, 0, 117570, 629, '2015-02-17', 20, 'Active', NULL, '2015-06-24', '06:17:26 AM'),
(698, 1, 1, 7, 478, 698, 40, 0, 117610, 630, '2015-02-17', 20, 'Active', NULL, '2015-06-24', '06:18:20 AM'),
(699, 1, 1, 7, 479, 699, 80, 0, 117690, 631, '2015-02-16', 20, 'Active', NULL, '2015-06-24', '06:19:10 AM'),
(700, 1, 1, 7, 479, 700, 70, 0, 117760, 632, '2015-02-17', 20, 'Active', NULL, '2015-06-24', '06:20:16 AM'),
(701, 1, 1, 7, 480, 701, 40, 0, 117800, 633, '2015-02-16', 20, 'Active', NULL, '2015-06-24', '06:21:10 AM'),
(702, 1, 1, 7, 480, 702, 30, 0, 117830, 634, '2015-02-17', 20, 'Active', NULL, '2015-06-24', '06:21:57 AM'),
(703, 1, 1, 7, 481, 703, 30, 0, 117860, 635, '2015-02-16', 20, 'Active', NULL, '2015-06-24', '06:22:39 AM'),
(704, 1, 1, 7, 482, 704, 360, 0, 118220, 636, '2015-02-17', 20, 'Active', NULL, '2015-06-24', '06:23:20 AM'),
(705, 1, 1, 7, 483, 705, 120, 0, 118340, 637, '2015-02-16', 20, 'Active', NULL, '2015-06-24', '06:24:04 AM'),
(706, 1, 1, 7, 345, 706, 1100, 0, 119440, 638, '2015-02-23', 20, 'Active', NULL, '2015-06-24', '23:39:44 PM'),
(707, 1, 1, 7, 171, 707, 230, 0, 119670, 639, '2015-02-18', 20, 'Active', NULL, '2015-06-24', '23:43:58 PM'),
(708, 1, 1, 7, 434, 708, 10, 0, 119680, 640, '2015-02-18', 20, 'Active', NULL, '2015-06-24', '23:46:09 PM'),
(709, 1, 1, 7, 434, 709, 400, 0, 120080, 641, '2015-02-24', 20, 'Active', NULL, '2015-06-24', '23:47:05 PM'),
(710, 1, 1, 7, 434, 710, 30, 0, 120110, 642, '2015-02-18', 20, 'Active', NULL, '2015-06-24', '23:48:23 PM'),
(711, 1, 1, 7, 434, 711, 120, 0, 120230, 643, '2015-02-17', 20, 'Active', NULL, '2015-06-24', '23:49:27 PM'),
(712, 1, 1, 7, 434, 712, 130, 0, 120360, 644, '2015-02-19', 20, 'Active', NULL, '2015-06-24', '23:50:12 PM'),
(713, 1, 1, 7, 434, 713, 120, 0, 120480, 645, '2015-02-24', 20, 'Active', NULL, '2015-06-24', '23:51:02 PM'),
(714, 1, 1, 7, 400, 714, 300, 0, 120780, 646, '2015-02-24', 20, 'Active', NULL, '2015-06-24', '23:52:06 PM'),
(715, 1, 1, 7, 400, 715, 300, 0, 121080, 647, '2015-02-18', 20, 'Active', NULL, '2015-06-24', '23:53:12 PM'),
(716, 1, 1, 7, 366, 716, 1510, 0, 122590, 648, '2015-02-18', 20, 'Active', NULL, '2015-06-24', '23:54:55 PM'),
(717, 1, 1, 7, 345, 717, 2100, 0, 124690, 649, '2015-02-18', 20, 'Active', NULL, '2015-06-24', '23:58:13 PM'),
(718, 1, 1, 7, 345, 718, 2000, 0, 126690, 650, '2015-02-24', 20, 'Active', NULL, '2015-06-24', '23:59:19 PM'),
(719, 1, 1, 7, 345, 719, 1960, 0, 128650, 651, '2015-02-26', 20, 'Active', NULL, '2015-06-25', '00:00:25 AM'),
(720, 1, 1, 7, 391, 720, 50, 0, 128700, 652, '2015-02-18', 20, 'Active', NULL, '2015-06-25', '00:03:25 AM'),
(721, 1, 1, 7, 400, 721, 690, 0, 129390, 653, '2015-02-26', 20, 'Active', NULL, '2015-06-25', '00:06:43 AM'),
(722, 1, 1, 7, 484, 722, 50, 0, 129440, 654, '2015-02-17', 20, 'Active', NULL, '2015-06-25', '00:53:12 AM'),
(723, 1, 1, 7, 485, 723, 20, 0, 129460, 655, '2015-02-17', 20, 'Active', NULL, '2015-06-25', '00:54:01 AM'),
(724, 1, 1, 7, 486, 724, 20, 0, 129480, 656, '2015-02-18', 20, 'Active', NULL, '2015-06-25', '00:55:10 AM'),
(725, 1, 1, 7, 487, 725, 1950, 0, 131430, 657, '2015-02-16', 20, 'Active', NULL, '2015-06-25', '00:55:59 AM'),
(726, 1, 1, 7, 488, 726, 1100, 0, 132530, 658, '2015-02-16', 20, 'Active', NULL, '2015-06-25', '00:57:09 AM'),
(727, 1, 1, 7, 489, 727, 20, 0, 132550, 659, '2015-02-17', 20, 'Active', NULL, '2015-06-25', '01:03:54 AM'),
(728, 1, 1, 7, 490, 728, 40, 0, 132590, 660, '2015-02-16', 20, 'Active', NULL, '2015-06-25', '01:04:58 AM'),
(729, 1, 1, 7, 491, 729, 20, 0, 132610, 661, '2015-02-18', 20, 'Active', NULL, '2015-06-25', '01:06:04 AM'),
(730, 1, 1, 7, 492, 730, 20, 0, 132630, 662, '2015-02-17', 20, 'Active', NULL, '2015-06-25', '01:06:57 AM'),
(731, 1, 1, 7, 493, 731, 80, 0, 132710, 663, '2015-02-16', 20, 'Active', NULL, '2015-06-25', '01:07:45 AM'),
(732, 1, 1, 7, 494, 732, 50, 0, 132760, 664, '2015-02-17', 20, 'Active', NULL, '2015-06-25', '01:08:41 AM'),
(733, 1, 1, 7, 495, 733, 40, 0, 132800, 665, '2015-02-16', 20, 'Active', NULL, '2015-06-25', '01:10:43 AM'),
(734, 1, 1, 7, 496, 734, 60, 0, 132860, 666, '2015-02-16', 20, 'Active', NULL, '2015-06-25', '01:11:59 AM'),
(735, 1, 1, 7, 504, 735, 60, 0, 132920, 667, '2015-02-17', 20, 'Active', NULL, '2015-06-25', '01:12:50 AM'),
(736, 1, 1, 7, 498, 736, 30, 0, 132950, 668, '2015-02-17', 20, 'Active', NULL, '2015-06-25', '01:13:44 AM'),
(737, 1, 1, 7, 499, 737, 20, 0, 132970, 669, '2015-02-18', 20, 'Active', NULL, '2015-06-25', '01:14:47 AM'),
(738, 1, 1, 7, 500, 738, 20, 0, 132990, 670, '2015-02-18', 20, 'Active', NULL, '2015-06-25', '01:15:48 AM'),
(739, 1, 1, 7, 501, 739, 110, 0, 133100, 671, '2015-02-17', 20, 'Active', NULL, '2015-06-25', '01:17:07 AM'),
(740, 1, 1, 7, 502, 740, 20, 0, 133120, 672, '2015-02-17', 20, 'Active', NULL, '2015-06-25', '01:18:02 AM'),
(741, 1, 1, 7, 503, 741, 40, 0, 133160, 673, '2015-02-16', 20, 'Active', NULL, '2015-06-25', '01:19:07 AM'),
(742, 1, 1, 7, 71, 742, 310, 0, 133470, 674, '2015-02-22', 20, 'Active', NULL, '2015-06-25', '02:10:26 AM'),
(743, 1, 1, 7, 260, 743, 20, 0, 133490, 675, '2015-02-25', 20, 'Active', NULL, '2015-06-25', '02:11:38 AM'),
(744, 1, 1, 7, 260, 744, 100, 0, 133590, 676, '2015-02-25', 20, 'Active', NULL, '2015-06-25', '02:12:40 AM'),
(745, 1, 1, 7, 260, 745, 80, 0, 133670, 677, '2015-02-25', 20, 'Active', NULL, '2015-06-25', '02:13:29 AM'),
(746, 1, 1, 7, 260, 746, 120, 0, 133790, 678, '2015-02-25', 20, 'Active', NULL, '2015-06-25', '02:14:26 AM'),
(747, 1, 1, 7, 260, 747, 110, 0, 133900, 679, '2015-02-25', 20, 'Active', NULL, '2015-06-25', '02:15:16 AM'),
(748, 1, 1, 7, 488, 748, 900, 0, 134800, 680, '2015-02-25', 20, 'Active', NULL, '2015-06-25', '02:18:45 AM'),
(749, 1, 1, 7, 345, 749, 1010, 0, 135810, 681, '2015-02-25', 20, 'Active', NULL, '2015-06-25', '02:20:06 AM'),
(750, 1, 1, 7, 171, 750, 200, 0, 136010, 682, '2015-02-25', 20, 'Active', NULL, '2015-06-25', '02:22:33 AM'),
(751, 1, 1, 7, 155, 751, 40, 0, 136050, 683, '2015-02-25', 20, 'Active', NULL, '2015-06-25', '02:24:16 AM'),
(752, 1, 1, 7, 259, 752, 280, 0, 136330, 684, '2015-02-25', 20, 'Active', NULL, '2015-06-25', '02:26:53 AM'),
(753, 1, 1, 7, 259, 753, 230, 0, 136560, 685, '2015-02-25', 20, 'Active', NULL, '2015-06-25', '02:28:37 AM'),
(754, 1, 1, 7, 259, 754, 100, 0, 136660, 686, '2015-02-25', 20, 'Active', NULL, '2015-06-25', '02:29:48 AM'),
(755, 1, 1, 7, 259, 755, 100, 0, 136760, 687, '2015-02-25', 20, 'Active', NULL, '2015-06-25', '02:30:35 AM'),
(756, 1, 1, 7, 259, 756, 140, 0, 136900, 688, '2015-02-25', 20, 'Active', NULL, '2015-06-25', '02:31:31 AM'),
(757, 1, 1, 7, 345, 757, 1000, 0, 137900, 689, '2015-02-26', 20, 'Active', NULL, '2015-06-25', '02:32:48 AM'),
(758, 1, 1, 7, 505, 758, 30, 0, 137930, 690, '2015-02-16', 20, 'Active', NULL, '2015-06-25', '03:54:08 AM'),
(759, 1, 1, 7, 506, 759, 20, 0, 137950, 691, '2015-02-16', 20, 'Active', NULL, '2015-06-25', '03:54:48 AM'),
(760, 1, 1, 7, 507, 760, 30, 0, 137980, 692, '2015-02-16', 20, 'Active', NULL, '2015-06-25', '03:55:31 AM'),
(761, 1, 1, 7, 508, 761, 70, 0, 138050, 693, '2015-02-16', 20, 'Active', NULL, '2015-06-25', '03:56:26 AM'),
(762, 1, 1, 7, 509, 762, 10, 0, 138060, 694, '2015-02-16', 20, 'Active', NULL, '2015-06-25', '03:57:07 AM'),
(763, 1, 1, 7, 510, 763, 40, 0, 138100, 695, '2015-02-16', 20, 'Active', NULL, '2015-06-25', '03:57:49 AM'),
(764, 1, 1, 7, 511, 764, 10, 0, 138110, 696, '2015-02-16', 20, 'Active', NULL, '2015-06-25', '03:58:30 AM'),
(765, 1, 1, 7, 512, 765, 100, 0, 138210, 697, '2015-02-16', 20, 'Active', NULL, '2015-06-25', '03:59:28 AM'),
(766, 1, 1, 7, 513, 766, 20, 0, 138230, 698, '2015-02-17', 20, 'Active', NULL, '2015-06-25', '04:02:13 AM'),
(767, 1, 1, 7, 514, 767, 30, 0, 138260, 699, '2015-02-16', 20, 'Active', NULL, '2015-06-25', '04:03:01 AM'),
(768, 1, 1, 7, 515, 768, 80, 0, 138340, 700, '2015-02-16', 20, 'Active', NULL, '2015-06-25', '04:04:43 AM'),
(769, 1, 1, 7, 516, 769, 70, 0, 138410, 701, '2015-02-16', 20, 'Active', NULL, '2015-06-25', '04:05:52 AM'),
(770, 1, 1, 7, 525, 770, 20, 0, 138430, 702, '2015-02-16', 20, 'Active', NULL, '2015-06-25', '04:06:55 AM'),
(771, 1, 1, 7, 518, 771, 20, 0, 138450, 703, '2015-02-17', 20, 'Active', NULL, '2015-06-25', '04:07:46 AM'),
(772, 1, 1, 7, 519, 772, 30, 0, 138480, 704, '2015-02-17', 20, 'Active', NULL, '2015-06-25', '04:08:23 AM'),
(773, 1, 1, 7, 520, 773, 30, 0, 138510, 705, '2015-02-16', 20, 'Active', NULL, '2015-06-25', '04:09:22 AM'),
(774, 1, 1, 7, 521, 774, 20, 0, 138530, 706, '2015-02-16', 20, 'Active', NULL, '2015-06-25', '04:10:10 AM'),
(775, 1, 1, 7, 522, 775, 20, 0, 138550, 707, '2015-02-16', 20, 'Active', NULL, '2015-06-25', '04:10:51 AM'),
(776, 1, 1, 7, 523, 776, 20, 0, 138570, 708, '2015-02-17', 20, 'Active', NULL, '2015-06-25', '04:11:33 AM'),
(777, 1, 1, 7, 524, 777, 50, 0, 138620, 709, '2015-02-17', 20, 'Active', NULL, '2015-06-25', '04:12:30 AM'),
(778, 1, 1, 7, 345, 778, 1000, 0, 139620, 710, '2015-02-26', 20, 'Active', NULL, '2015-06-25', '04:57:57 AM'),
(779, 1, 1, 7, 155, 779, 1800, 0, 141420, 711, '2015-02-24', 20, 'Active', NULL, '2015-06-25', '04:59:01 AM'),
(780, 1, 1, 7, 345, 780, 2000, 0, 143420, 712, '2015-02-26', 20, 'Active', NULL, '2015-06-25', '05:00:35 AM'),
(781, 1, 1, 7, 345, 781, 1100, 0, 144520, 713, '2015-02-26', 20, 'Active', NULL, '2015-06-25', '05:03:56 AM'),
(782, 1, 1, 7, 345, 782, 1110, 0, 145630, 714, '2015-02-24', 20, 'Active', NULL, '2015-06-25', '05:09:29 AM'),
(783, 1, 1, 7, 171, 783, 240, 0, 145870, 715, '2015-02-26', 20, 'Active', NULL, '2015-06-25', '05:10:36 AM'),
(784, 1, 1, 7, 171, 784, 50, 0, 145920, 716, '2015-02-26', 20, 'Active', NULL, '2015-06-25', '05:11:25 AM'),
(785, 1, 1, 7, 238, 785, 230, 0, 146150, 717, '2015-02-24', 20, 'Active', NULL, '2015-06-25', '05:12:15 AM'),
(786, 1, 1, 7, 238, 786, 40, 0, 146190, 718, '2015-02-24', 20, 'Active', NULL, '2015-06-25', '05:13:08 AM'),
(787, 1, 1, 7, 434, 787, 40, 0, 146230, 719, '2015-02-24', 20, 'Active', NULL, '2015-06-25', '05:14:53 AM'),
(788, 1, 1, 7, 434, 788, 20, 0, 146250, 720, '2015-02-24', 20, 'Active', NULL, '2015-06-25', '05:16:12 AM'),
(789, 1, 1, 7, 434, 789, 30, 0, 146280, 721, '2015-02-25', 20, 'Active', NULL, '2015-06-25', '05:17:04 AM'),
(790, 1, 1, 7, 434, 790, 30, 0, 146310, 722, '2015-02-25', 20, 'Active', NULL, '2015-06-25', '05:17:50 AM'),
(791, 1, 1, 7, 434, 791, 100, 0, 146410, 723, '2015-02-25', 20, 'Active', NULL, '2015-06-25', '05:18:49 AM'),
(792, 1, 1, 7, 434, 792, 50, 0, 146460, 724, '2015-02-25', 20, 'Active', NULL, '2015-06-25', '05:19:45 AM'),
(793, 1, 1, 7, 434, 793, 90, 0, 146550, 725, '2015-02-25', 20, 'Active', NULL, '2015-06-25', '05:20:40 AM'),
(794, 1, 1, 7, 224, 794, 20, 0, 146570, 726, '2015-02-25', 20, 'Active', NULL, '2015-06-25', '05:21:35 AM'),
(795, 1, 1, 7, 110, 795, 750, 0, 147320, 727, '2015-02-24', 20, 'Active', NULL, '2015-06-25', '05:24:03 AM'),
(796, 1, 1, 7, 259, 796, 30, 0, 147350, 728, '2015-02-25', 20, 'Active', NULL, '2015-06-25', '05:24:56 AM'),
(797, 1, 1, 7, 526, 797, 60, 0, 147410, 729, '2015-02-16', 20, 'Active', NULL, '2015-06-26', '06:01:05 AM'),
(798, 1, 1, 7, 527, 798, 40, 0, 147450, 730, '2015-02-16', 20, 'Active', NULL, '2015-06-26', '06:03:09 AM'),
(799, 1, 1, 7, 528, 799, 30, 0, 147480, 731, '2015-02-16', 20, 'Active', NULL, '2015-06-26', '06:03:57 AM'),
(800, 1, 1, 7, 529, 800, 50, 0, 147530, 732, '2015-02-17', 20, 'Active', NULL, '2015-06-26', '06:05:25 AM'),
(801, 1, 1, 7, 530, 801, 10, 0, 147540, 733, '2015-02-17', 20, 'Active', NULL, '2015-06-26', '06:14:13 AM'),
(802, 1, 1, 7, 531, 802, 20, 0, 147560, 734, '2015-02-17', 20, 'Active', NULL, '2015-06-26', '06:15:20 AM'),
(803, 1, 1, 7, 533, 803, 30, 0, 147590, 735, '2015-02-17', 20, 'Active', NULL, '2015-06-26', '06:18:00 AM'),
(804, 1, 1, 7, 534, 804, 20, 0, 147610, 736, '2015-02-17', 20, 'Active', NULL, '2015-06-26', '06:18:51 AM'),
(805, 1, 1, 7, 532, 805, 20, 0, 147630, 737, '2015-02-17', 20, 'Active', NULL, '2015-06-26', '06:19:45 AM'),
(806, 1, 1, 7, 535, 806, 40, 0, 147670, 738, '2015-02-18', 20, 'Active', NULL, '2015-06-26', '06:20:34 AM'),
(807, 1, 1, 7, 536, 807, 540, 0, 148210, 739, '2015-06-26', 20, 'Active', NULL, '2015-06-26', '06:22:10 AM'),
(808, 1, 1, 7, 537, 808, 30, 0, 148240, 740, '2015-02-18', 20, 'Active', NULL, '2015-06-26', '06:23:16 AM'),
(809, 1, 1, 7, 538, 809, 40, 0, 148280, 741, '2015-02-17', 20, 'Active', NULL, '2015-06-26', '06:24:13 AM'),
(810, 1, 1, 7, 539, 810, 60, 0, 148340, 742, '2015-02-17', 20, 'Active', NULL, '2015-06-26', '06:25:17 AM'),
(811, 1, 1, 7, 540, 811, 50, 0, 148390, 743, '2015-02-17', 20, 'Active', NULL, '2015-06-26', '06:26:45 AM'),
(812, 1, 1, 7, 541, 812, 150, 0, 148540, 744, '2015-02-16', 20, 'Active', NULL, '2015-06-26', '06:27:44 AM'),
(813, 1, 1, 7, 259, 813, 40, 0, 148580, 745, '2015-02-17', 20, 'Active', NULL, '2015-06-26', '06:39:59 AM'),
(814, 1, 1, 7, 259, 814, 300, 0, 148880, 746, '2015-02-19', 20, 'Active', NULL, '2015-06-26', '06:40:52 AM'),
(815, 1, 1, 7, 267, 815, 260, 0, 149140, 747, '2015-02-17', 20, 'Active', NULL, '2015-06-26', '06:42:20 AM'),
(816, 1, 1, 7, 267, 816, 800, 0, 149940, 748, '2015-02-26', 20, 'Active', NULL, '2015-06-26', '06:43:10 AM'),
(817, 1, 1, 7, 543, 817, 830, 0, 150770, 749, '2015-02-17', 20, 'Active', NULL, '2015-06-26', '06:46:09 AM'),
(818, 1, 1, 7, 345, 818, 1110, 0, 151880, 750, '2015-02-25', 20, 'Active', NULL, '2015-06-26', '06:47:12 AM'),
(819, 1, 1, 7, 252, 819, 1520, 0, 153400, 751, '2015-02-18', 20, 'Active', NULL, '2015-06-26', '06:48:42 AM'),
(820, 1, 1, 7, 345, 820, 1100, 0, 154500, 752, '2015-02-26', 20, 'Active', NULL, '2015-06-26', '06:49:46 AM'),
(821, 1, 1, 7, 345, 821, 2020, 0, 156520, 753, '2015-02-20', 20, 'Active', NULL, '2015-06-26', '06:50:46 AM'),
(822, 1, 1, 7, 544, 822, 30, 0, 156550, 754, '2015-02-17', 20, 'Active', NULL, '2015-06-26', '06:55:30 AM'),
(823, 1, 1, 7, 545, 823, 20, 0, 156570, 755, '2015-02-17', 20, 'Active', NULL, '2015-06-26', '07:00:55 AM'),
(824, 1, 1, 7, 546, 824, 30, 0, 156600, 756, '2015-02-16', 20, 'Active', NULL, '2015-06-26', '07:05:00 AM'),
(825, 1, 1, 7, 347, 825, 40, 0, 156640, 757, '2015-02-16', 20, 'Active', NULL, '2015-06-26', '07:07:12 AM'),
(826, 1, 1, 7, 547, 826, 100, 0, 156740, 758, '2015-02-16', 20, 'Active', NULL, '2015-06-26', '07:15:38 AM'),
(827, 1, 1, 7, 548, 827, 30, 0, 156770, 759, '2015-02-16', 20, 'Active', NULL, '2015-06-26', '07:16:33 AM'),
(828, 1, 1, 7, 549, 828, 220, 0, 156990, 760, '2015-02-16', 20, 'Active', NULL, '2015-06-26', '07:17:23 AM'),
(829, 1, 1, 7, 549, 829, 190, 0, 157180, 761, '2015-02-17', 20, 'Active', NULL, '2015-06-26', '07:18:13 AM'),
(830, 1, 1, 7, 167, 830, 500, 0, 157680, 762, '2015-02-25', 20, 'Active', NULL, '2015-06-26', '07:19:20 AM'),
(831, 1, 1, 7, 167, 831, 490, 0, 158170, 763, '2015-02-17', 20, 'Active', NULL, '2015-06-26', '07:21:04 AM'),
(832, 1, 1, 7, 167, 832, 500, 0, 158670, 764, '2015-02-24', 20, 'Active', NULL, '2015-06-26', '07:22:23 AM'),
(833, 1, 1, 7, 129, 833, 130, 0, 158800, 765, '2015-02-25', 20, 'Active', NULL, '2015-06-26', '23:51:38 PM'),
(834, 1, 1, 7, 225, 834, 70, 0, 158870, 766, '2015-02-25', 20, 'Active', NULL, '2015-06-26', '23:54:29 PM'),
(835, 1, 1, 7, 225, 835, 280, 0, 159150, 767, '2015-02-24', 20, 'Active', NULL, '2015-06-26', '23:55:28 PM'),
(836, 1, 1, 7, 171, 836, 250, 0, 159400, 768, '2015-02-24', 20, 'Active', NULL, '2015-06-26', '23:56:18 PM'),
(837, 1, 1, 7, 238, 837, 160, 0, 159560, 769, '2015-02-26', 20, 'Active', NULL, '2015-06-26', '23:57:59 PM'),
(838, 1, 1, 7, 238, 838, 630, 0, 160190, 770, '2015-02-25', 20, 'Active', NULL, '2015-06-26', '23:59:43 PM'),
(839, 1, 1, 7, 238, 839, 610, 0, 160800, 771, '2015-02-25', 20, 'Active', NULL, '2015-06-27', '00:04:51 AM'),
(840, 1, 1, 7, 238, 840, 100, 0, 160900, 772, '2015-02-25', 20, 'Active', NULL, '2015-06-27', '00:05:43 AM'),
(841, 1, 1, 7, 238, 841, 260, 0, 161160, 773, '2015-02-24', 20, 'Active', NULL, '2015-06-27', '00:06:48 AM'),
(842, 1, 1, 7, 238, 842, 90, 0, 161250, 774, '2015-02-25', 20, 'Active', NULL, '2015-06-27', '00:07:44 AM'),
(843, 1, 1, 7, 345, 843, 1120, 0, 162370, 775, '2015-02-25', 20, 'Active', NULL, '2015-06-27', '00:08:52 AM'),
(844, 1, 1, 7, 83, 844, 1000, 0, 163370, 776, '2015-02-25', 20, 'Active', NULL, '2015-06-27', '00:11:34 AM'),
(845, 1, 1, 7, 267, 845, 1000, 0, 164370, 777, '2015-02-25', 20, 'Active', NULL, '2015-06-27', '00:12:59 AM'),
(846, 1, 1, 7, 174, 846, 1050, 0, 165420, 778, '2015-02-25', 20, 'Active', NULL, '2015-06-27', '00:14:16 AM'),
(847, 1, 1, 7, 293, 847, 720, 0, 166140, 779, '2015-02-24', 20, 'Active', NULL, '2015-06-27', '00:16:28 AM'),
(848, 1, 1, 7, 293, 848, 270, 0, 166410, 780, '2015-02-25', 20, 'Active', NULL, '2015-06-27', '00:18:06 AM'),
(849, 1, 1, 7, 155, 849, 330, 0, 166740, 781, '2015-02-25', 20, 'Active', NULL, '2015-06-27', '00:19:27 AM'),
(850, 1, 1, 7, 155, 850, 1800, 0, 168540, 782, '2015-02-25', 20, 'Active', NULL, '2015-06-27', '00:21:00 AM'),
(851, 1, 1, 7, 173, 851, 750, 0, 169290, 783, '2015-02-25', 20, 'Active', NULL, '2015-06-27', '00:27:09 AM'),
(852, 1, 1, 7, 225, 852, 60, 0, 169350, 784, '2015-02-24', 20, 'Active', NULL, '2015-06-27', '00:29:24 AM'),
(853, 1, 1, 7, 71, 853, 90, 0, 169440, 785, '2015-02-25', 20, 'Active', NULL, '2015-06-27', '00:31:42 AM'),
(854, 1, 1, 7, 155, 854, 270, 0, 169710, 786, '2015-02-24', 20, 'Active', NULL, '2015-06-27', '00:34:46 AM'),
(855, 1, 1, 7, 259, 855, 50, 0, 169760, 787, '2015-02-25', 20, 'Active', NULL, '2015-06-27', '00:35:32 AM'),
(856, 1, 1, 7, 259, 856, 70, 0, 169830, 788, '2015-02-25', 20, 'Active', NULL, '2015-06-27', '00:36:16 AM'),
(857, 1, 1, 7, 464, 857, 40, 0, 169870, 789, '2015-02-18', 20, 'Active', NULL, '2015-06-27', '00:37:34 AM'),
(858, 1, 1, 7, 550, 858, 30, 0, 169900, 790, '2015-02-16', 20, 'Active', NULL, '2015-06-27', '00:55:04 AM'),
(859, 1, 1, 7, 551, 859, 10, 0, 169910, 791, '2015-02-16', 20, 'Active', NULL, '2015-06-27', '00:56:34 AM'),
(860, 1, 1, 7, 552, 860, 10, 0, 169920, 792, '2015-02-24', 20, 'Active', NULL, '2015-06-27', '01:10:24 AM'),
(861, 1, 1, 7, 553, 861, 10, 0, 169930, 793, '2015-02-24', 20, 'Active', NULL, '2015-06-27', '01:11:26 AM'),
(862, 1, 1, 7, 554, 862, 10, 0, 169940, 794, '2015-02-25', 20, 'Active', NULL, '2015-06-27', '01:12:32 AM'),
(863, 1, 1, 7, 555, 863, 120, 0, 170060, 795, '2015-02-16', 20, 'Active', NULL, '2015-06-27', '01:13:19 AM'),
(864, 1, 1, 7, 556, 864, 90, 0, 170150, 796, '2015-02-18', 20, 'Active', NULL, '2015-06-27', '01:16:37 AM'),
(865, 1, 1, 7, 557, 865, 60, 0, 170210, 797, '2015-02-24', 20, 'Active', NULL, '2015-06-27', '01:17:32 AM'),
(866, 1, 1, 7, 558, 866, 1100, 0, 171310, 798, '2015-02-25', 20, 'Active', NULL, '2015-06-27', '01:23:48 AM'),
(867, 1, 1, 7, 559, 867, 1050, 0, 172360, 799, '2015-02-25', 20, 'Active', NULL, '2015-06-27', '01:24:42 AM'),
(868, 1, 1, 7, 559, 868, 1150, 0, 173510, 800, '2015-02-18', 20, 'Active', NULL, '2015-06-27', '01:25:35 AM'),
(869, 1, 1, 7, 560, 869, 70, 0, 173580, 801, '2015-02-17', 20, 'Active', NULL, '2015-06-27', '01:38:49 AM'),
(870, 1, 1, 7, 561, 870, 30, 0, 173610, 802, '2015-02-16', 20, 'Active', NULL, '2015-06-27', '01:39:35 AM'),
(871, 1, 1, 7, 562, 871, 20, 0, 173630, 803, '2015-02-17', 20, 'Active', NULL, '2015-06-27', '01:41:48 AM'),
(872, 1, 1, 7, 563, 872, 10, 0, 173640, 804, '2015-02-18', 20, 'Active', NULL, '2015-06-27', '01:43:10 AM'),
(873, 1, 1, 7, 564, 873, 20, 0, 173660, 805, '2015-02-17', 20, 'Active', NULL, '2015-06-27', '01:43:55 AM'),
(874, 1, 1, 7, 565, 874, 30, 0, 173690, 806, '2015-02-18', 20, 'Active', NULL, '2015-06-27', '01:45:02 AM'),
(875, 1, 1, 7, 566, 875, 10, 0, 173700, 807, '2015-02-17', 20, 'Active', NULL, '2015-06-27', '01:45:52 AM'),
(876, 1, 1, 7, 567, 876, 80, 0, 173780, 808, '2015-02-17', 20, 'Active', NULL, '2015-06-27', '02:38:53 AM'),
(877, 1, 1, 7, 568, 877, 30, 0, 173810, 809, '2015-02-17', 20, 'Active', NULL, '2015-06-27', '02:39:53 AM'),
(878, 1, 1, 7, 569, 878, 100, 0, 173910, 810, '2015-02-17', 20, 'Active', NULL, '2015-06-27', '02:40:35 AM'),
(879, 1, 1, 7, 570, 879, 20, 0, 173930, 811, '2015-02-17', 20, 'Active', NULL, '2015-06-27', '02:41:18 AM'),
(880, 1, 1, 7, 571, 880, 40, 0, 173970, 812, '2015-02-17', 20, 'Active', NULL, '2015-06-27', '02:42:02 AM'),
(881, 1, 1, 7, 572, 881, 20, 0, 173990, 813, '2015-02-17', 20, 'Active', NULL, '2015-06-27', '02:43:56 AM'),
(882, 1, 1, 7, 573, 882, 60, 0, 174050, 814, '2015-02-17', 20, 'Active', NULL, '2015-06-27', '02:44:37 AM'),
(883, 1, 1, 7, 574, 883, 80, 0, 174130, 815, '2015-02-17', 20, 'Active', NULL, '2015-06-27', '02:45:22 AM'),
(884, 1, 1, 7, 238, 884, 90, 0, 174220, 816, '2015-02-18', 20, 'Active', NULL, '2015-06-27', '02:46:53 AM'),
(885, 1, 1, 7, 434, 885, 40, 0, 174260, 817, '2015-02-18', 20, 'Active', NULL, '2015-06-27', '02:47:56 AM'),
(886, 1, 1, 7, 434, 886, 50, 0, 174310, 818, '2015-03-02', 20, 'Active', NULL, '2015-06-27', '02:50:18 AM'),
(887, 1, 1, 7, 434, 887, 50, 0, 174360, 819, '2015-03-02', 20, 'Active', NULL, '2015-06-27', '02:55:06 AM'),
(888, 1, 1, 7, 434, 888, 120, 0, 174480, 820, '2015-03-02', 20, 'Active', NULL, '2015-06-27', '02:56:03 AM'),
(889, 1, 1, 7, 434, 889, 20, 0, 174500, 821, '2015-03-02', 20, 'Active', NULL, '2015-06-27', '02:56:53 AM'),
(890, 1, 1, 7, 434, 890, 50, 0, 174550, 822, '2015-03-02', 20, 'Active', NULL, '2015-06-27', '02:57:41 AM'),
(891, 1, 1, 7, 434, 891, 150, 0, 174700, 823, '2015-03-02', 20, 'Active', NULL, '2015-06-27', '03:19:43 AM'),
(892, 1, 1, 7, 345, 892, 1100, 0, 175800, 824, '2015-03-02', 20, 'Active', NULL, '2015-06-27', '03:20:28 AM'),
(893, 1, 1, 7, 345, 893, 2200, 0, 178000, 825, '2015-03-02', 20, 'Active', NULL, '2015-06-27', '03:21:17 AM'),
(894, 1, 1, 7, 155, 894, 100, 0, 178100, 826, '2015-03-03', 20, 'Active', NULL, '2015-06-27', '03:21:59 AM'),
(895, 1, 1, 7, 155, 895, 870, 0, 178970, 827, '2015-03-02', 20, 'Active', NULL, '2015-06-27', '03:22:41 AM'),
(896, 1, 1, 7, 155, 896, 280, 0, 179250, 828, '2015-03-03', 20, 'Active', NULL, '2015-06-27', '03:23:27 AM'),
(897, 1, 1, 7, 268, 897, 550, 0, 179800, 829, '2015-03-02', 20, 'Active', NULL, '2015-06-27', '03:24:11 AM'),
(898, 1, 1, 7, 293, 898, 540, 0, 180340, 830, '2015-03-02', 20, 'Active', NULL, '2015-06-27', '03:25:04 AM'),
(899, 1, 1, 7, 345, 899, 2200, 0, 182540, 831, '2015-03-04', 20, 'Active', NULL, '2015-06-27', '03:25:53 AM'),
(900, 1, 1, 7, 575, 900, 10, 0, 182550, 832, '2015-03-02', 20, 'Active', NULL, '2015-06-27', '03:35:52 AM'),
(901, 1, 1, 7, 576, 901, 10, 0, 182560, 833, '2015-03-02', 20, 'Active', NULL, '2015-06-27', '03:36:43 AM'),
(902, 1, 1, 7, 185, 902, 10, 0, 182570, 834, '2015-03-02', 20, 'Active', NULL, '2015-06-27', '03:54:01 AM'),
(903, 1, 1, 7, 129, 903, 110, 0, 182680, 835, '2015-03-02', 20, 'Active', NULL, '2015-06-27', '03:55:31 AM'),
(904, 1, 1, 7, 71, 904, 100, 0, 182780, 836, '2015-03-02', 20, 'Active', NULL, '2015-06-27', '03:57:39 AM'),
(905, 1, 1, 7, 71, 905, 70, 0, 182850, 837, '2015-03-02', 20, 'Active', NULL, '2015-06-27', '03:58:55 AM'),
(906, 1, 1, 7, 71, 906, 500, 0, 183350, 838, '2015-03-02', 20, 'Active', NULL, '2015-06-27', '03:59:37 AM'),
(907, 1, 1, 7, 577, 907, 30, 0, 183380, 839, '2015-03-02', 20, 'Active', NULL, '2015-06-27', '04:30:32 AM'),
(908, 1, 1, 7, 578, 908, 20, 0, 183400, 840, '2015-03-02', 20, 'Active', NULL, '2015-06-27', '04:31:13 AM'),
(909, 1, 1, 7, 579, 909, 10, 0, 183410, 841, '2015-03-02', 20, 'Active', NULL, '2015-06-27', '04:32:07 AM'),
(910, 1, 1, 7, 580, 910, 10, 0, 183420, 842, '2015-03-02', 20, 'Active', NULL, '2015-06-27', '04:33:20 AM'),
(911, 1, 1, 7, 581, 911, 50, 0, 183470, 843, '2015-03-02', 20, 'Active', NULL, '2015-06-27', '04:34:08 AM'),
(912, 1, 1, 7, 582, 912, 30, 0, 183500, 844, '2015-03-02', 20, 'Active', NULL, '2015-06-27', '04:36:31 AM'),
(913, 1, 1, 7, 583, 913, 20, 0, 183520, 845, '2015-03-02', 20, 'Active', NULL, '2015-06-27', '04:37:16 AM'),
(914, 1, 1, 7, 584, 914, 30, 0, 183550, 846, '2015-03-02', 20, 'Active', NULL, '2015-06-27', '04:37:58 AM'),
(915, 1, 1, 7, 585, 915, 10, 0, 183560, 847, '2015-03-02', 20, 'Active', NULL, '2015-06-27', '04:38:45 AM'),
(916, 1, 1, 7, 586, 916, 1000, 0, 184560, 848, '2015-03-02', 20, 'Active', NULL, '2015-06-27', '04:39:31 AM'),
(917, 1, 1, 7, 586, 917, 1000, 0, 185560, 849, '2015-03-02', 20, 'Active', NULL, '2015-06-27', '04:40:30 AM'),
(918, 1, 1, 7, 586, 918, 320, 0, 185880, 850, '2015-03-02', 20, 'Active', NULL, '2015-06-27', '04:41:54 AM'),
(919, 1, 1, 7, 587, 919, 30, 0, 185910, 851, '2015-03-02', 20, 'Active', NULL, '2015-06-27', '04:45:37 AM'),
(920, 1, 1, 7, 345, 920, 1150, 0, 187060, 852, '2015-03-02', 20, 'Active', NULL, '2015-06-27', '04:47:05 AM'),
(921, 1, 1, 7, 488, 921, 60, 0, 187120, 853, '2015-03-02', 20, 'Active', NULL, '2015-06-27', '04:48:04 AM'),
(922, 1, 1, 7, 82, 922, 200, 0, 187320, 854, '2015-03-02', 20, 'Active', NULL, '2015-06-27', '04:48:43 AM'),
(923, 1, 1, 7, 82, 923, 160, 0, 187480, 855, '2015-03-02', 20, 'Active', NULL, '2015-06-27', '04:50:05 AM'),
(924, 1, 1, 7, 488, 924, 510, 0, 187990, 856, '2015-03-03', 20, 'Active', NULL, '2015-06-27', '04:50:57 AM'),
(925, 1, 1, 7, 488, 925, 300, 0, 188290, 857, '2015-03-03', 20, 'Active', NULL, '2015-06-27', '04:53:21 AM'),
(926, 1, 1, 7, 588, 926, 10, 0, 188300, 858, '2015-03-02', 20, 'Active', NULL, '2015-06-27', '04:57:28 AM'),
(927, 1, 1, 7, 589, 927, 50, 0, 188350, 859, '2015-03-02', 20, 'Active', NULL, '2015-06-27', '05:18:17 AM'),
(928, 1, 1, 7, 343, 928, 1200, 0, 189550, 860, '2015-03-02', 20, 'Active', NULL, '2015-06-27', '05:20:09 AM'),
(929, 1, 1, 7, 155, 929, 620, 0, 190170, 861, '2015-03-02', 20, 'Active', NULL, '2015-06-27', '05:23:11 AM'),
(930, 1, 1, 7, 129, 930, 1000, 0, 191170, 862, '2015-03-02', 20, 'Active', NULL, '2015-06-27', '05:26:43 AM'),
(931, 1, 1, 7, 129, 931, 180, 0, 191350, 863, '2015-03-02', 20, 'Active', NULL, '2015-06-27', '05:27:33 AM'),
(932, 1, 1, 7, 155, 932, 110, 0, 191460, 864, '2015-03-02', 20, 'Active', NULL, '2015-06-27', '05:29:16 AM'),
(933, 1, 1, 7, 155, 933, 100, 0, 191560, 865, '2015-03-02', 20, 'Active', NULL, '2015-06-27', '05:30:04 AM'),
(934, 1, 1, 7, 590, 934, 20, 0, 191580, 866, '2015-03-02', 20, 'Active', NULL, '2015-06-27', '05:41:28 AM'),
(935, 1, 1, 7, 591, 935, 10, 0, 191590, 867, '2015-03-02', 20, 'Active', NULL, '2015-06-27', '05:42:17 AM'),
(936, 1, 1, 7, 592, 936, 20, 0, 191610, 868, '2015-03-02', 20, 'Active', NULL, '2015-06-27', '05:43:57 AM'),
(937, 1, 1, 7, 593, 937, 40, 0, 191650, 869, '2015-03-02', 20, 'Active', NULL, '2015-06-27', '05:45:30 AM'),
(938, 1, 1, 7, 594, 938, 20, 0, 191670, 870, '2015-03-02', 20, 'Active', NULL, '2015-06-27', '05:46:20 AM'),
(939, 1, 1, 7, 595, 939, 40, 0, 191710, 871, '2015-03-02', 20, 'Active', NULL, '2015-06-27', '05:47:07 AM'),
(940, 1, 1, 7, 171, 940, 100, 0, 191810, 872, '2015-03-02', 20, 'Active', NULL, '2015-06-27', '05:48:59 AM'),
(941, 1, 1, 7, 586, 941, 1200, 0, 193010, 873, '2015-03-02', 20, 'Active', NULL, '2015-06-27', '23:30:18 PM'),
(942, 1, 1, 7, 293, 942, 970, 0, 193980, 874, '2015-03-02', 20, 'Active', NULL, '2015-06-27', '23:31:56 PM'),
(943, 1, 1, 7, 293, 943, 140, 0, 194120, 875, '2015-03-03', 20, 'Active', NULL, '2015-06-27', '23:32:44 PM'),
(944, 1, 1, 7, 225, 944, 250, 0, 194370, 876, '2015-03-02', 20, 'Active', NULL, '2015-06-27', '23:33:50 PM'),
(945, 1, 1, 7, 224, 945, 20, 0, 194390, 877, '2015-03-02', 20, 'Active', NULL, '2015-06-27', '23:37:16 PM'),
(946, 1, 1, 7, 259, 946, 100, 0, 194490, 878, '2015-03-02', 20, 'Active', NULL, '2015-06-27', '23:38:02 PM'),
(947, 1, 1, 7, 238, 947, 50, 0, 194540, 879, '2015-03-02', 20, 'Active', NULL, '2015-06-27', '23:39:42 PM'),
(948, 1, 1, 7, 596, 948, 10, 0, 194550, 880, '2015-03-02', 20, 'Active', NULL, '2015-06-28', '00:01:03 AM'),
(949, 1, 1, 7, 597, 949, 500, 0, 195050, 881, '2015-03-02', 20, 'Active', NULL, '2015-06-28', '00:02:00 AM'),
(950, 1, 1, 7, 598, 950, 130, 0, 195180, 882, '2015-03-02', 20, 'Active', NULL, '2015-06-28', '00:02:48 AM'),
(951, 1, 1, 7, 599, 951, 20, 0, 195200, 883, '2015-03-02', 20, 'Active', NULL, '2015-06-28', '00:03:53 AM'),
(952, 1, 1, 7, 600, 952, 60, 0, 195260, 884, '2015-03-02', 20, 'Active', NULL, '2015-06-28', '00:08:29 AM'),
(953, 1, 1, 7, 601, 953, 10, 0, 195270, 885, '2015-03-02', 20, 'Active', NULL, '2015-06-28', '00:09:16 AM'),
(954, 1, 1, 7, 602, 954, 10, 0, 195280, 886, '2015-03-02', 20, 'Active', NULL, '2015-06-28', '00:10:03 AM'),
(955, 1, 1, 7, 603, 955, 30, 0, 195310, 887, '2015-03-02', 20, 'Active', NULL, '2015-06-28', '00:11:00 AM'),
(956, 1, 1, 7, 259, 956, 30, 0, 195340, 888, '2015-03-02', 20, 'Active', NULL, '2015-06-28', '00:18:29 AM'),
(957, 1, 1, 7, 259, 957, 60, 0, 195400, 889, '2015-03-02', 20, 'Active', NULL, '2015-06-28', '00:19:26 AM'),
(958, 1, 1, 7, 89, 958, 270, 0, 195670, 890, '2015-03-02', 20, 'Active', NULL, '2015-06-28', '00:20:37 AM'),
(959, 1, 1, 7, 155, 959, 130, 0, 195800, 891, '2015-03-02', 20, 'Active', NULL, '2015-06-28', '00:21:21 AM'),
(960, 1, 1, 7, 558, 960, 1070, 0, 196870, 892, '2015-03-02', 20, 'Active', NULL, '2015-06-28', '00:23:08 AM'),
(961, 1, 1, 7, 434, 961, 40, 0, 196910, 893, '2015-03-02', 20, 'Active', NULL, '2015-06-28', '00:24:02 AM'),
(962, 1, 1, 7, 434, 962, 30, 0, 196940, 894, '2015-03-02', 20, 'Active', NULL, '2015-06-28', '00:24:55 AM'),
(963, 1, 1, 7, 434, 963, 20, 0, 196960, 895, '2015-03-02', 20, 'Active', NULL, '2015-06-28', '00:25:42 AM'),
(964, 1, 1, 7, 488, 964, 340, 0, 197300, 896, '2015-03-02', 20, 'Active', NULL, '2015-06-28', '00:26:59 AM'),
(965, 1, 1, 7, 558, 965, 1090, 0, 198390, 897, '2015-03-02', 20, 'Active', NULL, '2015-06-28', '00:27:52 AM'),
(966, 1, 1, 7, 155, 966, 1790, 0, 200180, 898, '2015-03-02', 20, 'Active', NULL, '2015-06-28', '00:28:36 AM'),
(967, 1, 1, 7, 313, 967, 40, 0, 200220, 899, '2015-03-02', 20, 'Active', NULL, '2015-06-28', '00:29:49 AM'),
(968, 1, 1, 7, 260, 968, 90, 0, 200310, 900, '2015-03-02', 20, 'Active', NULL, '2015-06-28', '00:31:48 AM'),
(969, 1, 1, 7, 604, 969, 20, 0, 200330, 901, '2015-03-02', 20, 'Active', NULL, '2015-06-28', '00:58:00 AM'),
(970, 1, 1, 7, 604, 970, 30, 0, 200360, 902, '2015-03-03', 20, 'Active', NULL, '2015-06-28', '00:58:36 AM'),
(971, 1, 1, 7, 605, 971, 1000, 0, 201360, 903, '2015-03-02', 20, 'Active', NULL, '2015-06-28', '00:59:31 AM'),
(972, 1, 1, 7, 606, 972, 1100, 0, 202460, 904, '2015-03-02', 20, 'Active', NULL, '2015-06-28', '01:00:18 AM'),
(973, 1, 1, 7, 607, 973, 50, 0, 202510, 905, '2015-03-02', 20, 'Active', NULL, '2015-06-28', '01:01:04 AM'),
(974, 1, 1, 7, 608, 974, 40, 0, 202550, 906, '2015-03-02', 20, 'Active', NULL, '2015-06-28', '01:22:49 AM'),
(975, 1, 1, 7, 609, 975, 20, 0, 202570, 907, '2015-03-02', 20, 'Active', NULL, '2015-06-28', '01:24:57 AM'),
(976, 1, 1, 7, 610, 976, 120, 0, 202690, 908, '2015-03-02', 20, 'Active', NULL, '2015-06-28', '01:26:42 AM'),
(977, 1, 1, 7, 611, 977, 50, 0, 202740, 909, '2015-03-02', 20, 'Active', NULL, '2015-06-28', '01:30:27 AM'),
(978, 1, 1, 7, 612, 978, 10, 0, 202750, 910, '2015-03-02', 20, 'Active', NULL, '2015-06-28', '01:31:27 AM'),
(979, 1, 1, 7, 613, 979, 30, 0, 202780, 911, '2015-03-02', 20, 'Active', NULL, '2015-06-28', '01:57:06 AM'),
(980, 1, 1, 7, 614, 980, 60, 0, 202840, 912, '2015-03-02', 20, 'Active', NULL, '2015-06-28', '01:58:04 AM'),
(981, 1, 1, 7, 615, 981, 20, 0, 202860, 913, '2015-03-02', 20, 'Active', NULL, '2015-06-28', '01:59:38 AM'),
(982, 1, 1, 7, 616, 982, 1110, 0, 203970, 914, '2015-03-02', 20, 'Active', NULL, '2015-06-28', '02:00:32 AM'),
(983, 1, 1, 7, 616, 983, 1100, 0, 205070, 915, '2015-03-03', 20, 'Active', NULL, '2015-06-28', '02:01:18 AM'),
(984, 1, 1, 7, 617, 984, 10, 0, 205080, 916, '2015-03-02', 20, 'Active', NULL, '2015-06-28', '02:02:27 AM'),
(985, 1, 1, 7, 618, 985, 130, 0, 205210, 917, '2015-03-02', 20, 'Active', NULL, '2015-06-28', '02:03:29 AM'),
(986, 1, 1, 7, 619, 986, 20, 0, 205230, 918, '2015-03-02', 20, 'Active', NULL, '2015-06-28', '02:04:25 AM'),
(987, 1, 1, 7, 620, 987, 20, 0, 205250, 919, '2015-03-02', 20, 'Active', NULL, '2015-06-28', '02:05:07 AM'),
(988, 1, 1, 7, 621, 988, 30, 0, 205280, 920, '2015-03-02', 20, 'Active', NULL, '2015-06-28', '02:05:50 AM'),
(989, 1, 1, 7, 622, 989, 10, 0, 205290, 921, '2015-03-02', 20, 'Active', NULL, '2015-06-28', '02:06:38 AM'),
(990, 1, 1, 7, 623, 990, 20, 0, 205310, 922, '2015-03-02', 20, 'Active', NULL, '2015-06-28', '02:07:46 AM'),
(991, 1, 1, 7, 624, 991, 10, 0, 205320, 923, '2015-03-02', 20, 'Active', NULL, '2015-06-28', '02:08:45 AM'),
(992, 1, 1, 7, 625, 992, 50, 0, 205370, 924, '2015-03-02', 20, 'Active', NULL, '2015-06-28', '02:22:50 AM'),
(993, 1, 1, 7, 626, 993, 30, 0, 205400, 925, '2015-03-02', 20, 'Active', NULL, '2015-06-28', '02:28:39 AM'),
(994, 1, 1, 7, 627, 994, 420, 0, 205820, 926, '2015-03-02', 20, 'Active', NULL, '2015-06-28', '02:29:55 AM'),
(995, 1, 1, 7, 627, 995, 1880, 0, 207700, 927, '2015-03-02', 20, 'Active', NULL, '2015-06-28', '02:30:53 AM'),
(996, 1, 1, 7, 628, 996, 60, 0, 207760, 928, '2015-03-02', 20, 'Active', NULL, '2015-06-28', '02:31:58 AM'),
(997, 1, 1, 7, 628, 997, 160, 0, 207920, 929, '2015-03-02', 20, 'Active', NULL, '2015-06-28', '02:32:56 AM'),
(998, 1, 1, 7, 155, 998, 10, 0, 207930, 930, '2015-03-03', 20, 'Active', NULL, '2015-06-28', '02:34:40 AM'),
(999, 1, 1, 7, 616, 999, 700, 0, 208630, 931, '2015-03-03', 20, 'Active', NULL, '2015-06-28', '02:38:02 AM'),
(1000, 1, 1, 7, 616, 1000, 750, 0, 209380, 932, '2015-03-03', 20, 'Active', NULL, '2015-06-28', '02:39:48 AM'),
(1001, 1, 1, 7, 616, 1001, 750, 0, 210130, 933, '2015-03-03', 20, 'Active', NULL, '2015-06-28', '02:41:13 AM');
INSERT INTO `fna_labourbill` (`LABOURBILLID`, `PROJECTID`, `SUBPROJECTID`, `LABOURID`, `PARTYID`, `PRODUCTLOADUNLOADID`, `BILLAMOUNT`, `PAYMENTAMOUNT`, `BALANCEAMOUNT`, `LABOURFLAG`, `ENTRYDATE`, `USERID`, `STATUS`, `FLAG`, `ENTDATE`, `ENTTIME`) VALUES
(1002, 1, 1, 7, 129, 1002, 30, 0, 210160, 934, '2015-03-03', 20, 'Active', NULL, '2015-06-28', '02:43:12 AM'),
(1003, 1, 1, 7, 235, 1003, 40, 0, 210200, 935, '2015-03-02', 20, 'Active', NULL, '2015-06-28', '02:44:22 AM'),
(1004, 1, 1, 7, 83, 1004, 1960, 0, 212160, 936, '2015-03-02', 20, 'Active', NULL, '2015-06-28', '02:46:46 AM'),
(1005, 1, 1, 7, 616, 1005, 1080, 0, 213240, 937, '2015-03-02', 20, 'Active', NULL, '2015-06-28', '02:48:24 AM'),
(1006, 1, 1, 7, 616, 1006, 610, 0, 213850, 938, '2015-03-02', 20, 'Active', NULL, '2015-06-28', '02:49:14 AM'),
(1007, 1, 1, 7, 616, 1007, 610, 0, 214460, 939, '2015-03-03', 20, 'Active', NULL, '2015-06-28', '02:50:03 AM'),
(1008, 1, 1, 7, 628, 1008, 310, 0, 214770, 940, '2015-03-02', 20, 'Active', NULL, '2015-06-28', '02:51:17 AM'),
(1009, 1, 1, 7, 628, 1009, 190, 0, 214960, 941, '2015-03-02', 20, 'Active', NULL, '2015-06-28', '02:52:04 AM'),
(1010, 1, 1, 7, 616, 1010, 1100, 0, 216060, 942, '2015-03-03', 20, 'Active', NULL, '2015-06-28', '02:52:56 AM'),
(1011, 1, 1, 7, 629, 1011, 20, 0, 216080, 943, '2015-03-02', 20, 'Active', NULL, '2015-06-28', '03:03:10 AM'),
(1012, 1, 1, 7, 630, 1012, 20, 0, 216100, 944, '2015-03-02', 20, 'Active', NULL, '2015-06-28', '03:03:57 AM'),
(1013, 1, 1, 7, 631, 1013, 30, 0, 216130, 945, '2015-03-02', 20, 'Active', NULL, '2015-06-28', '03:04:40 AM'),
(1014, 1, 1, 7, 631, 1014, 40, 0, 216170, 946, '2015-03-02', 20, 'Active', NULL, '2015-06-28', '03:05:20 AM'),
(1015, 1, 1, 7, 632, 1015, 20, 0, 216190, 947, '2015-03-02', 20, 'Active', NULL, '2015-06-28', '03:17:58 AM'),
(1016, 1, 1, 7, 633, 1016, 20, 0, 216210, 948, '2015-03-02', 20, 'Active', NULL, '2015-06-28', '03:18:49 AM'),
(1017, 1, 1, 7, 634, 1017, 170, 0, 216380, 949, '2015-03-03', 20, 'Active', NULL, '2015-06-28', '03:19:31 AM'),
(1018, 1, 1, 7, 635, 1018, 60, 0, 216440, 950, '2015-03-02', 20, 'Active', NULL, '2015-06-28', '03:20:13 AM'),
(1019, 1, 1, 7, 642, 1019, 20, 0, 216460, 951, '2015-03-02', 20, 'Active', NULL, '2015-06-28', '04:14:54 AM'),
(1020, 1, 1, 7, 643, 1020, 10, 0, 216470, 952, '2015-03-02', 20, 'Active', NULL, '2015-06-28', '04:15:35 AM'),
(1021, 1, 1, 7, 644, 1021, 10, 0, 216480, 953, '2015-03-02', 20, 'Active', NULL, '2015-06-28', '04:16:14 AM'),
(1022, 1, 1, 7, 636, 1022, 10, 0, 216490, 954, '2015-03-02', 20, 'Active', NULL, '2015-06-28', '04:17:09 AM'),
(1023, 1, 1, 7, 637, 1023, 130, 0, 216620, 955, '2015-03-02', 20, 'Active', NULL, '2015-06-28', '04:17:42 AM'),
(1024, 1, 1, 7, 638, 1024, 50, 0, 216670, 956, '2015-03-02', 20, 'Active', NULL, '2015-06-28', '04:18:33 AM'),
(1025, 1, 1, 7, 639, 1025, 20, 0, 216690, 957, '2015-03-02', 20, 'Active', NULL, '2015-06-28', '04:19:23 AM'),
(1026, 1, 1, 7, 640, 1026, 20, 0, 216710, 958, '2015-03-02', 20, 'Active', NULL, '2015-06-28', '04:20:17 AM'),
(1027, 1, 1, 7, 641, 1027, 10, 0, 216720, 959, '2015-03-02', 20, 'Active', NULL, '2015-06-28', '04:21:04 AM'),
(1028, 1, 1, 7, 616, 1028, 1100, 0, 217820, 960, '2015-03-02', 20, 'Active', NULL, '2015-06-28', '04:30:31 AM'),
(1029, 1, 1, 7, 82, 1029, 200, 0, 218020, 961, '2015-03-02', 20, 'Active', NULL, '2015-06-28', '04:31:40 AM'),
(1030, 1, 1, 7, 82, 1030, 140, 0, 218160, 962, '2015-03-02', 20, 'Active', NULL, '2015-06-28', '04:32:27 AM'),
(1031, 1, 1, 7, 628, 1031, 490, 0, 218650, 963, '2015-03-03', 20, 'Active', NULL, '2015-06-28', '04:33:25 AM'),
(1032, 1, 1, 7, 616, 1032, 1100, 0, 219750, 964, '2015-03-04', 20, 'Active', NULL, '2015-06-28', '04:34:28 AM'),
(1033, 1, 1, 7, 616, 1033, 1100, 0, 220850, 965, '2015-03-04', 20, 'Active', NULL, '2015-06-28', '04:35:14 AM'),
(1034, 1, 1, 7, 628, 1034, 150, 0, 221000, 966, '2015-03-02', 20, 'Active', NULL, '2015-06-28', '04:57:42 AM'),
(1035, 1, 1, 7, 628, 1035, 350, 0, 221350, 967, '2015-03-03', 20, 'Active', NULL, '2015-06-28', '05:01:46 AM'),
(1036, 1, 1, 7, 628, 1036, 120, 0, 221470, 968, '2015-03-04', 20, 'Active', NULL, '2015-06-28', '05:02:30 AM'),
(1037, 1, 1, 7, 628, 1037, 170, 0, 221640, 969, '2015-03-04', 20, 'Active', NULL, '2015-06-28', '05:03:25 AM'),
(1038, 1, 1, 7, 628, 1038, 100, 0, 221740, 970, '2015-03-04', 20, 'Active', NULL, '2015-06-28', '05:04:09 AM'),
(1039, 1, 1, 7, 129, 1039, 50, 0, 221790, 971, '2015-03-02', 20, 'Active', NULL, '2015-06-28', '05:05:33 AM'),
(1040, 1, 1, 7, 645, 1040, 60, 0, 221850, 972, '2015-03-03', 20, 'Active', NULL, '2015-06-28', '05:08:27 AM'),
(1041, 1, 1, 7, 645, 1041, 280, 0, 222130, 973, '2015-03-02', 20, 'Active', NULL, '2015-06-28', '05:09:13 AM'),
(1042, 1, 1, 7, 645, 1042, 770, 0, 222900, 974, '2015-03-02', 20, 'Active', NULL, '2015-06-28', '05:09:57 AM'),
(1043, 1, 1, 7, 238, 1043, 50, 0, 222950, 975, '2015-03-02', 20, 'Active', NULL, '2015-06-28', '05:12:04 AM'),
(1044, 1, 1, 7, 155, 1044, 80, 0, 223030, 976, '2015-03-02', 20, 'Active', NULL, '2015-06-28', '05:13:11 AM'),
(1045, 1, 1, 7, 238, 1045, 40, 0, 223070, 977, '2015-03-03', 20, 'Active', NULL, '2015-06-28', '05:14:07 AM'),
(1046, 1, 1, 7, 200, 1046, 10, 0, 223080, 978, '2015-03-02', 20, 'Active', NULL, '2015-06-28', '05:14:57 AM'),
(1047, 1, 1, 7, 646, 1047, 40, 0, 223120, 979, '2015-03-02', 20, 'Active', NULL, '2015-06-28', '05:23:22 AM'),
(1048, 1, 1, 7, 647, 1048, 40, 0, 223160, 980, '2015-03-03', 20, 'Active', NULL, '2015-06-28', '05:24:06 AM'),
(1049, 1, 1, 7, 648, 1049, 30, 0, 223190, 981, '2015-03-02', 20, 'Active', NULL, '2015-06-28', '05:32:15 AM'),
(1050, 1, 1, 7, 651, 1050, 20, 0, 223210, 982, '2015-03-02', 20, 'Active', NULL, '2015-06-28', '05:33:01 AM'),
(1051, 1, 1, 7, 650, 1051, 60, 0, 223270, 983, '2015-03-03', 20, 'Active', NULL, '2015-06-28', '05:33:52 AM'),
(1052, 1, 1, 7, 649, 1052, 20, 0, 223290, 984, '2015-03-02', 20, 'Active', NULL, '2015-06-28', '05:34:36 AM'),
(1053, 1, 1, 7, 652, 1053, 40, 0, 223330, 985, '2015-03-02', 20, 'Active', NULL, '2015-06-29', '00:02:29 AM'),
(1054, 1, 1, 7, 653, 1054, 20, 0, 223350, 986, '2015-03-03', 20, 'Active', NULL, '2015-06-29', '00:04:13 AM'),
(1055, 1, 1, 7, 654, 1055, 20, 0, 223370, 987, '2015-03-02', 20, 'Active', NULL, '2015-06-29', '00:05:00 AM'),
(1056, 1, 1, 7, 655, 1056, 20, 0, 223390, 988, '2015-03-02', 20, 'Active', NULL, '2015-06-29', '00:05:48 AM'),
(1057, 1, 1, 7, 656, 1057, 20, 0, 223410, 989, '2015-03-02', 20, 'Active', NULL, '2015-06-29', '00:06:47 AM'),
(1058, 1, 1, 7, 657, 1058, 20, 0, 223430, 990, '2015-03-02', 20, 'Active', NULL, '2015-06-29', '00:07:29 AM'),
(1059, 1, 1, 7, 658, 1059, 30, 0, 223460, 991, '2015-03-02', 20, 'Active', NULL, '2015-06-29', '00:08:11 AM'),
(1060, 1, 1, 7, 659, 1060, 30, 0, 223490, 992, '2015-03-02', 20, 'Active', NULL, '2015-06-29', '00:08:58 AM'),
(1061, 1, 1, 7, 660, 1061, 40, 0, 223530, 993, '2015-03-02', 20, 'Active', NULL, '2015-06-29', '00:09:43 AM'),
(1062, 1, 1, 7, 661, 1062, 40, 0, 223570, 994, '2015-03-02', 20, 'Active', NULL, '2015-06-29', '00:10:55 AM'),
(1063, 1, 1, 7, 662, 1063, 140, 0, 223710, 995, '2015-03-02', 20, 'Active', NULL, '2015-06-29', '00:14:21 AM'),
(1064, 1, 1, 7, 259, 1064, 30, 0, 223740, 996, '2015-03-03', 20, 'Active', NULL, '2015-06-29', '00:15:16 AM'),
(1065, 1, 1, 7, 171, 1065, 260, 0, 224000, 997, '2015-03-02', 20, 'Active', NULL, '2015-06-29', '00:16:36 AM'),
(1066, 1, 1, 7, 663, 1066, 10, 0, 224010, 998, '2015-03-02', 20, 'Active', NULL, '2015-06-29', '01:06:10 AM'),
(1067, 1, 1, 7, 664, 1067, 10, 0, 224020, 999, '2015-03-02', 20, 'Active', NULL, '2015-06-29', '01:07:00 AM'),
(1068, 1, 1, 7, 665, 1068, 70, 0, 224090, 1000, '2015-03-02', 20, 'Active', NULL, '2015-06-29', '01:07:55 AM'),
(1069, 1, 1, 7, 666, 1069, 10, 0, 224100, 1001, '2015-03-02', 20, 'Active', NULL, '2015-06-29', '01:08:41 AM'),
(1070, 1, 1, 7, 667, 1070, 120, 0, 224220, 1002, '2015-03-03', 20, 'Active', NULL, '2015-06-29', '01:09:42 AM'),
(1071, 1, 1, 7, 668, 1071, 10, 0, 224230, 1003, '2015-03-02', 20, 'Active', NULL, '2015-06-29', '01:10:23 AM'),
(1072, 1, 1, 7, 671, 1072, 110, 0, 224340, 1004, '2015-03-02', 20, 'Active', NULL, '2015-06-29', '01:12:45 AM'),
(1073, 1, 1, 7, 670, 1073, 80, 0, 224420, 1005, '2015-03-02', 20, 'Active', NULL, '2015-06-29', '01:13:29 AM'),
(1074, 1, 1, 7, 670, 1074, 20, 0, 224440, 1006, '2015-03-02', 20, 'Active', NULL, '2015-06-29', '01:14:06 AM'),
(1075, 1, 1, 7, 83, 1075, 1470, 0, 225910, 1007, '2015-03-24', 20, 'Active', NULL, '2015-06-29', '01:30:54 AM'),
(1076, 1, 1, 7, 83, 1076, 1500, 0, 227410, 1008, '2015-03-25', 20, 'Active', NULL, '2015-06-29', '01:33:55 AM'),
(1077, 1, 1, 7, 83, 1077, 1510, 0, 228920, 1009, '2015-03-26', 20, 'Active', NULL, '2015-06-29', '01:34:42 AM'),
(1078, 1, 1, 7, 83, 1078, 1490, 0, 230410, 1010, '2015-02-26', 20, 'Active', NULL, '2015-06-29', '01:35:46 AM'),
(1079, 1, 1, 7, 672, 1079, 40, 0, 230450, 1011, '2015-03-02', 20, 'Active', NULL, '2015-06-29', '01:43:39 AM'),
(1080, 1, 1, 7, 542, 1080, 20, 0, 230470, 1012, '2015-03-16', 20, 'Active', NULL, '2015-06-29', '01:53:44 AM'),
(1081, 1, 1, 7, 673, 1081, 30, 0, 230500, 1013, '2015-03-02', 20, 'Active', NULL, '2015-06-29', '01:56:53 AM'),
(1085, 1, 1, 7, 0, NULL, 0, 0, 50, 1014, '2015-08-01', 20, 'Active', NULL, '2015-10-07', '08:40:35 AM'),
(1090, 1, 1, 7, 0, NULL, 0, 1000, -950, 1015, '2015-08-01', 20, 'Active', NULL, '2015-10-08', '09:28:55 AM'),
(1091, 1, 2, 1, 0, NULL, 0, 1776, 1776, 1, '2015-08-01', 20, 'Active', NULL, '2015-10-08', '09:35:30 AM'),
(1092, 1, 2, 1, 0, NULL, 0, 192, 1584, 2, '2015-08-01', 20, 'Active', NULL, '2015-10-08', '09:37:08 AM'),
(1093, 1, 4, 2, 0, NULL, 0, 720, 720, 1, '2015-08-01', 20, 'Active', NULL, '2015-10-08', '09:37:34 AM'),
(1094, 1, 1, 7, 0, NULL, 0, 1000, -1950, 1016, '2015-08-02', 20, 'Active', NULL, '2015-10-09', '06:25:02 AM'),
(1095, 1, 2, 1, 0, NULL, 132, 0, 1716, 3, '0000-00-00', 20, 'Active', NULL, '2015-10-09', '06:38:43 AM'),
(1096, 1, 2, 1, 60, 1089, 360, 0, 2076, 4, '2015-08-02', 20, 'Active', NULL, '2015-10-09', '07:02:34 AM'),
(1097, 1, 2, 1, 60, 1090, 604, 0, 2680, 5, '2015-08-02', 20, 'Active', NULL, '2015-10-09', '07:13:43 AM'),
(1098, 1, 4, 2, 61, 1091, 720, 0, 1440, 2, '2015-08-02', 20, 'Active', NULL, '2015-10-09', '07:18:51 AM'),
(1099, 1, 2, 1, 0, NULL, 0, 1065, 1615, 6, '2015-08-02', 20, 'Active', NULL, '2015-10-09', '07:20:49 AM'),
(1100, 1, 4, 2, 0, NULL, 0, 720, 720, 3, '2015-08-02', 20, 'Active', NULL, '2015-10-09', '07:21:52 AM'),
(1101, 1, 1, 7, 0, NULL, 0, 1000, -2950, 1017, '2015-08-03', 20, 'Active', NULL, '2015-10-09', '10:01:07 AM'),
(1102, 1, 2, 1, 60, 1092, 1848.5, 0, 3463.5, 7, '2015-08-03', 20, 'Active', NULL, '2015-08-03', '10:16:23 AM'),
(1103, 1, 2, 1, 0, NULL, 0, 1871, 1592.5, 8, '2015-08-03', 20, 'Active', NULL, '2015-08-03', '10:18:42 AM'),
(1104, 1, 4, 2, 61, 1093, 360, 0, 1080, 4, '2015-08-03', 20, 'Active', NULL, '2015-08-03', '10:25:03 AM'),
(1105, 1, 4, 2, 0, NULL, 0, 360, 720, 5, '2015-08-03', 20, 'Active', NULL, '2015-08-03', '10:26:03 AM'),
(1106, 1, 1, 7, 0, NULL, 0, 1000, -3950, 1018, '2015-08-05', 20, 'Active', NULL, '2015-10-11', '00:56:15 AM'),
(1107, 1, 1, 7, 0, NULL, 0, 1000, -4950, 1019, '2015-08-05', 20, 'Active', NULL, '2015-10-11', '10:09:15 AM'),
(1108, 1, 1, 7, 0, NULL, 0, 1000, -5950, 1020, '2015-08-07', 20, 'Active', NULL, '2015-10-24', '01:06:55 AM'),
(1109, 1, 1, 7, 345, 1094, 27, 0, -5923, 1021, '2015-08-07', 20, 'Active', NULL, '2015-10-24', '01:11:46 AM'),
(1110, 1, 1, 7, 345, 1095, 180, 0, -5743, 1022, '2015-08-07', 20, 'Active', NULL, '2015-10-24', '01:13:28 AM'),
(1111, 1, 1, 7, 366, 1096, 180, 0, -5563, 1023, '2015-08-07', 20, 'Active', NULL, '2015-10-24', '01:14:20 AM'),
(1112, 1, 1, 7, 345, 1097, 90, 0, -5473, 1024, '2015-08-07', 20, 'Active', NULL, '2015-10-24', '01:14:59 AM'),
(1113, 1, 1, 7, 345, 1098, 45, 0, -5428, 1025, '2015-08-07', 20, 'Active', NULL, '2015-10-24', '01:15:54 AM'),
(1114, 1, 1, 7, 345, 1099, 90, 0, -5338, 1026, '2015-08-07', 20, 'Active', NULL, '2015-10-24', '01:16:50 AM'),
(1115, 1, 1, 7, 155, 1100, 9, 0, -5329, 1027, '2015-08-07', 20, 'Active', NULL, '2015-10-24', '01:17:31 AM'),
(1116, 1, 1, 7, 345, 1101, 90, 0, -5239, 1028, '2015-08-06', 20, 'Active', NULL, '2015-10-24', '01:22:12 AM'),
(1117, 1, 1, 7, 366, 1102, 90, 0, -5149, 1029, '2015-08-06', 20, 'Active', NULL, '2015-10-24', '01:27:25 AM'),
(1118, 1, 1, 7, 345, 1103, 90, 0, -5059, 1030, '2015-08-06', 20, 'Active', NULL, '2015-10-24', '01:28:10 AM'),
(1119, 1, 1, 7, 345, 1104, 90, 0, -4969, 1031, '2015-08-06', 20, 'Active', NULL, '2015-10-24', '01:28:53 AM'),
(1120, 1, 1, 7, 345, 1105, 45, 0, -4924, 1032, '2015-08-06', 20, 'Active', NULL, '2015-10-24', '01:29:59 AM'),
(1121, 1, 1, 7, 345, 1106, 90, 0, -4834, 1033, '2015-08-06', 20, 'Active', NULL, '2015-10-24', '01:30:43 AM'),
(1122, 1, 1, 7, 171, 1107, 45, 0, -4789, 1034, '2015-08-06', 20, 'Active', NULL, '2015-10-24', '01:31:27 AM'),
(1123, 1, 1, 7, 345, 1108, 45, 0, -4744, 1035, '2015-08-06', 20, 'Active', NULL, '2015-10-24', '01:32:36 AM'),
(1124, 1, 1, 7, 345, 1109, 27, 0, -4717, 1036, '2015-08-06', 20, 'Active', NULL, '2015-10-24', '01:34:09 AM'),
(1125, 1, 1, 7, 345, 1110, 45, 0, -4672, 1037, '2015-08-06', 20, 'Active', NULL, '2015-10-24', '01:34:48 AM'),
(1126, 1, 1, 7, 293, 1111, 36, 0, -4636, 1038, '2015-08-06', 20, 'Active', NULL, '2015-10-24', '01:35:41 AM'),
(1127, 1, 1, 7, 0, NULL, 0, 1000, -5636, 1039, '2015-08-08', 20, 'Active', NULL, '2015-10-31', '01:39:59 AM'),
(1128, 1, 1, 7, 345, 1112, 180, 0, -5456, 1040, '2015-08-08', 20, 'Active', NULL, '2015-11-02', '05:39:38 AM'),
(1129, 1, 1, 7, 345, 1113, 63, 0, -5393, 1041, '2015-08-08', 20, 'Active', NULL, '2015-11-02', '05:40:35 AM'),
(1130, 1, 1, 7, 366, 1114, 279, 0, -5114, 1042, '2015-08-08', 20, 'Active', NULL, '2015-11-02', '05:41:27 AM');

-- --------------------------------------------------------

--
-- Table structure for table `fna_labourcontact`
--

CREATE TABLE IF NOT EXISTS `fna_labourcontact` (
  `LABCONTACTID` int(11) NOT NULL AUTO_INCREMENT,
  `LABOURID` int(10) DEFAULT NULL,
  `PROJECTID` int(11) NOT NULL,
  `SUBPROJECTID` int(11) NOT NULL,
  `STARTDATE` date DEFAULT NULL,
  `ENDDATE` date DEFAULT NULL,
  `DESCRIPTION` text,
  `USERID` int(11) DEFAULT NULL,
  `STATUS` varchar(20) DEFAULT NULL,
  `FLAG` int(11) DEFAULT NULL,
  `ENTDATE` date DEFAULT NULL,
  `ENTTIME` varchar(100) DEFAULT NULL,
  PRIMARY KEY (`LABCONTACTID`)
) ENGINE=InnoDB  DEFAULT CHARSET=latin1 AUTO_INCREMENT=8 ;

--
-- Dumping data for table `fna_labourcontact`
--

INSERT INTO `fna_labourcontact` (`LABCONTACTID`, `LABOURID`, `PROJECTID`, `SUBPROJECTID`, `STARTDATE`, `ENDDATE`, `DESCRIPTION`, `USERID`, `STATUS`, `FLAG`, `ENTDATE`, `ENTTIME`) VALUES
(1, 1, 1, 2, '2015-01-01', '2015-12-31', 'Load/Unload', 20, 'Active', NULL, '2015-05-30', '14:55:25 PM'),
(2, 2, 1, 4, '2015-01-01', '2015-12-31', '', 20, 'Active', NULL, '2015-05-31', '15:11:17 PM'),
(3, 3, 1, 13, '2015-01-01', '2015-12-31', '', 20, 'Active', NULL, '2015-06-01', '12:27:00 PM'),
(4, 4, 1, 5, '2015-01-01', '2015-12-31', '', 20, 'Active', NULL, '2015-06-01', '12:32:38 PM'),
(5, 5, 1, 14, '2015-01-01', '2015-12-31', '', 20, 'Active', NULL, '2015-06-01', '12:51:04 PM'),
(6, 6, 1, 3, '2015-01-01', '2015-12-31', '', 20, 'Active', NULL, '2015-06-01', '14:14:52 PM'),
(7, 7, 1, 1, '2015-01-01', '2015-12-31', '', 20, 'Active', NULL, '2015-06-02', '14:46:43 PM');

-- --------------------------------------------------------

--
-- Table structure for table `fna_labourcontact_bkdn`
--

CREATE TABLE IF NOT EXISTS `fna_labourcontact_bkdn` (
  `LABCONTACTBKDNID` int(11) NOT NULL AUTO_INCREMENT,
  `LABCONTACTID` int(11) DEFAULT NULL,
  `WORKTYPE` varchar(50) NOT NULL,
  `CHAMBERIDFROM` int(10) DEFAULT NULL,
  `CHAMBERIDTO` int(10) DEFAULT NULL,
  `PACKINGUNITID` int(10) DEFAULT NULL,
  `LOADPRICE` double DEFAULT NULL,
  `UNLOADPRICE` double DEFAULT NULL,
  `TRANSFERPRICE` double DEFAULT NULL,
  `SHADEPRICE` double DEFAULT NULL,
  `PALOTPRICE` double NOT NULL,
  `USERID` int(11) DEFAULT NULL,
  `STATUS` varchar(20) DEFAULT NULL,
  `FLAG` int(11) DEFAULT NULL,
  `ENTDATE` date DEFAULT NULL,
  `ENTTIME` varchar(100) DEFAULT NULL,
  PRIMARY KEY (`LABCONTACTBKDNID`)
) ENGINE=InnoDB  DEFAULT CHARSET=latin1 AUTO_INCREMENT=81 ;

--
-- Dumping data for table `fna_labourcontact_bkdn`
--

INSERT INTO `fna_labourcontact_bkdn` (`LABCONTACTBKDNID`, `LABCONTACTID`, `WORKTYPE`, `CHAMBERIDFROM`, `CHAMBERIDTO`, `PACKINGUNITID`, `LOADPRICE`, `UNLOADPRICE`, `TRANSFERPRICE`, `SHADEPRICE`, `PALOTPRICE`, `USERID`, `STATUS`, `FLAG`, `ENTDATE`, `ENTTIME`) VALUES
(1, 1, '', 0, 1, 15, 6, 6, 0, 0, 0, 20, 'Active', NULL, '2015-05-30', '14:55:25 PM'),
(2, 1, '', 0, 3, 15, 6, 6, 0, 0, 0, 20, 'Active', NULL, '2015-05-30', '14:55:25 PM'),
(3, 1, '', 0, 1, 16, 6, 6, 0, 0, 0, 20, 'Active', NULL, '2015-05-30', '14:55:25 PM'),
(4, 1, '', 0, 3, 16, 6, 6, 0, 0, 0, 20, 'Active', NULL, '2015-05-30', '14:55:25 PM'),
(5, 1, '', 0, 1, 18, 12, 12, 0, 0, 0, 20, 'Active', NULL, '2015-05-30', '14:55:25 PM'),
(6, 1, '', 0, 3, 18, 12, 12, 0, 0, 0, 20, 'Active', NULL, '2015-05-30', '14:55:25 PM'),
(7, 1, '', 0, 4, 15, 8, 8, 0, 0, 0, 20, 'Active', NULL, '2015-05-30', '14:55:25 PM'),
(8, 1, '', 0, 4, 16, 8, 8, 0, 0, 0, 20, 'Active', NULL, '2015-05-30', '14:55:25 PM'),
(9, 1, '', 0, 5, 15, 7, 7, 0, 0, 0, 20, 'Active', NULL, '2015-05-30', '14:55:25 PM'),
(10, 1, '', 0, 5, 16, 7, 7, 0, 0, 0, 20, 'Active', NULL, '2015-05-30', '14:55:25 PM'),
(11, 1, '', 0, 6, 15, 4, 4, 0, 0, 0, 20, 'Active', NULL, '2015-05-30', '14:55:25 PM'),
(12, 1, '', 0, 6, 16, 4, 4, 0, 0, 0, 20, 'Active', NULL, '2015-05-30', '14:55:25 PM'),
(13, 1, '', 0, 1, 19, 1, 1, 0, 0, 0, 20, 'Active', NULL, '2015-05-30', '14:55:25 PM'),
(14, 1, '', 0, 3, 19, 1, 1, 0, 0, 0, 20, 'Active', NULL, '2015-05-30', '14:55:25 PM'),
(15, 1, '', 0, 4, 19, 1, 1, 0, 0, 0, 20, 'Active', NULL, '2015-05-30', '14:55:25 PM'),
(16, 1, '', 0, 5, 19, 1, 1, 0, 0, 0, 20, 'Active', NULL, '2015-05-30', '14:55:25 PM'),
(17, 1, '', 0, 6, 19, 1, 1, 0, 0, 0, 20, 'Active', NULL, '2015-05-30', '14:55:25 PM'),
(18, 1, '', 0, 1, 20, 2.5, 2.5, 0, 0, 0, 20, 'Active', NULL, '2015-05-30', '14:55:25 PM'),
(19, 1, '', 0, 3, 20, 2.5, 2.5, 0, 0, 0, 20, 'Active', NULL, '2015-05-30', '14:55:25 PM'),
(20, 1, '', 0, 4, 20, 2.5, 2.5, 0, 0, 0, 20, 'Active', NULL, '2015-05-30', '14:55:25 PM'),
(21, 1, '', 0, 5, 20, 2.5, 2.5, 0, 0, 0, 20, 'Active', NULL, '2015-05-30', '14:55:25 PM'),
(22, 1, '', 0, 6, 20, 2.5, 2.5, 0, 0, 0, 20, 'Active', NULL, '2015-05-30', '14:55:25 PM'),
(23, 1, '', 0, 1, 11, 6, 5.5, 0, 0, 2, 20, 'Active', NULL, '2015-05-30', '14:55:25 PM'),
(24, 1, '', 0, 3, 11, 6, 5.5, 0, 0, 2, 20, 'Active', NULL, '2015-05-30', '14:55:25 PM'),
(25, 1, '', 0, 4, 11, 6, 5.5, 0, 0, 2, 20, 'Active', NULL, '2015-05-30', '14:55:25 PM'),
(26, 1, '', 0, 5, 11, 6, 5.5, 0, 0, 2, 20, 'Active', NULL, '2015-05-30', '14:55:25 PM'),
(27, 1, '', 0, 6, 11, 6, 5.5, 0, 0, 2, 20, 'Active', NULL, '2015-05-30', '14:55:25 PM'),
(28, 1, '', 0, 1, 24, 5, 5, 0, 0, 0, 20, 'Active', NULL, '2015-05-30', '14:59:49 PM'),
(29, 1, '', 0, 3, 24, 5, 5, 0, 0, 0, 20, 'Active', NULL, '2015-05-30', '14:59:49 PM'),
(30, 1, '', 0, 4, 24, 5, 5, 0, 0, 0, 20, 'Active', NULL, '2015-05-30', '14:59:49 PM'),
(31, 1, '', 0, 5, 24, 5, 5, 0, 0, 0, 20, 'Active', NULL, '2015-05-30', '14:59:49 PM'),
(32, 1, '', 0, 6, 24, 5, 5, 0, 0, 0, 20, 'Active', NULL, '2015-05-30', '14:59:49 PM'),
(33, 1, '', 0, 1, 25, 6.5, 6.5, 0, 0, 0, 20, 'Active', NULL, '2015-05-30', '14:59:49 PM'),
(34, 1, '', 0, 3, 25, 6.5, 6.5, 0, 0, 0, 20, 'Active', NULL, '2015-05-30', '14:59:49 PM'),
(35, 1, '', 0, 4, 25, 6.5, 6.5, 0, 0, 0, 20, 'Active', NULL, '2015-05-30', '14:59:49 PM'),
(36, 1, '', 0, 5, 25, 6.5, 6.5, 0, 0, 0, 20, 'Active', NULL, '2015-05-30', '14:59:49 PM'),
(37, 1, '', 0, 6, 25, 6.5, 6.5, 0, 0, 0, 20, 'Active', NULL, '2015-05-30', '14:59:49 PM'),
(38, 1, '', 0, 1, 12, 4.5, 4.5, 0, 0, 0, 20, 'Active', NULL, '2015-05-30', '15:02:59 PM'),
(39, 1, '', 0, 3, 12, 4.5, 4.5, 0, 0, 0, 20, 'Active', NULL, '2015-05-30', '15:02:59 PM'),
(40, 1, '', 0, 4, 12, 4.5, 4.5, 0, 0, 0, 20, 'Active', NULL, '2015-05-30', '15:02:59 PM'),
(41, 1, '', 0, 5, 12, 4.5, 4.5, 0, 0, 0, 20, 'Active', NULL, '2015-05-30', '15:02:59 PM'),
(42, 1, '', 0, 6, 12, 4.5, 4.5, 0, 0, 0, 20, 'Active', NULL, '2015-05-30', '15:02:59 PM'),
(43, 1, '', 0, 1, 26, 4.5, 4.5, 0, 0, 0, 20, 'Active', NULL, '2015-05-30', '15:08:21 PM'),
(44, 1, '', 0, 3, 26, 4.5, 4.5, 0, 0, 0, 20, 'Active', NULL, '2015-05-30', '15:08:21 PM'),
(45, 1, '', 0, 4, 26, 4.5, 4.5, 0, 0, 0, 20, 'Active', NULL, '2015-05-30', '15:08:21 PM'),
(46, 1, '', 0, 5, 26, 4.5, 4.5, 0, 0, 0, 20, 'Active', NULL, '2015-05-30', '15:08:21 PM'),
(47, 1, '', 0, 6, 26, 4.5, 4.5, 0, 0, 0, 20, 'Active', NULL, '2015-05-30', '15:08:21 PM'),
(48, 1, '', 0, 1, 21, 6, 6, 0, 0, 0, 20, 'Active', NULL, '2015-05-31', '14:27:06 PM'),
(49, 1, '', 0, 3, 21, 6, 6, 0, 0, 0, 20, 'Active', NULL, '2015-05-31', '14:27:06 PM'),
(50, 1, '', 0, 4, 21, 6, 6, 0, 0, 0, 20, 'Active', NULL, '2015-05-31', '14:27:06 PM'),
(51, 1, '', 0, 5, 21, 6, 6, 0, 0, 0, 20, 'Active', NULL, '2015-05-31', '14:27:06 PM'),
(52, 1, '', 0, 6, 21, 6, 6, 0, 0, 0, 20, 'Active', NULL, '2015-05-31', '14:27:06 PM'),
(53, 1, '', 0, 1, 27, 5, 5, 0, 0, 0, 20, 'Active', NULL, '2015-05-31', '14:31:07 PM'),
(54, 1, '', 0, 3, 27, 5, 5, 0, 0, 0, 20, 'Active', NULL, '2015-05-31', '14:31:07 PM'),
(55, 1, '', 0, 4, 27, 5, 5, 0, 0, 0, 20, 'Active', NULL, '2015-05-31', '14:31:07 PM'),
(56, 1, '', 0, 5, 27, 5, 5, 0, 0, 0, 20, 'Active', NULL, '2015-05-31', '14:31:07 PM'),
(57, 1, '', 0, 6, 27, 5, 5, 0, 0, 0, 20, 'Active', NULL, '2015-05-31', '14:31:07 PM'),
(58, 1, '', 0, 1, 28, 6, 6, 0, 0, 0, 20, 'Active', NULL, '2015-05-31', '14:47:27 PM'),
(59, 1, '', 0, 3, 28, 6, 6, 0, 0, 0, 20, 'Active', NULL, '2015-05-31', '14:47:27 PM'),
(60, 2, '', 0, 1, 15, 6, 6, 0, 0, 0, 20, 'Active', NULL, '2015-05-31', '15:11:17 PM'),
(61, 2, '', 0, 3, 15, 6, 6, 0, 0, 0, 20, 'Active', NULL, '2015-05-31', '15:11:17 PM'),
(62, 2, '', 0, 1, 13, 4.5, 4.5, 0, 0, 0, 20, 'Active', NULL, '2015-05-31', '15:11:17 PM'),
(63, 2, '', 0, 3, 13, 4.5, 4.5, 0, 0, 0, 20, 'Active', NULL, '2015-05-31', '15:11:17 PM'),
(64, 3, '', 0, 4, 11, 6, 6, 0, 0, 0, 20, 'Active', NULL, '2015-06-01', '12:27:00 PM'),
(65, 3, '', 0, 5, 11, 6, 6, 0, 0, 0, 20, 'Active', NULL, '2015-06-01', '12:27:00 PM'),
(66, 4, '', 0, 4, 12, 4.5, 4.5, 0, 0, 0, 20, 'Active', NULL, '2015-06-01', '12:32:38 PM'),
(67, 4, '', 0, 5, 12, 4.5, 4.5, 0, 0, 0, 20, 'Active', NULL, '2015-06-01', '12:32:38 PM'),
(68, 5, '', 0, 4, 12, 4.5, 4.5, 0, 0, 0, 20, 'Active', NULL, '2015-06-01', '12:51:04 PM'),
(69, 5, '', 0, 5, 12, 4.5, 4.5, 0, 0, 0, 20, 'Active', NULL, '2015-06-01', '12:51:04 PM'),
(70, 6, '', 0, 6, 24, 5, 5, 0, 0, 0, 20, 'Active', NULL, '2015-06-01', '14:14:52 PM'),
(71, 6, '', 0, 6, 30, 4, 4, 0, 0, 0, 20, 'Active', NULL, '2015-05-29', '15:54:57 PM'),
(72, 6, '', 0, 6, 29, 3, 3, 0, 0, 0, 20, 'Active', NULL, '2015-05-29', '15:54:57 PM'),
(73, 7, '', 0, 2, 23, 10, 9, 0, 2.4, 0, 20, 'Active', NULL, '2015-06-02', '14:46:43 PM'),
(74, 7, '', 0, 2, 31, 10, 9, 0, 2.4, 0, 20, 'Active', NULL, '2015-06-02', '14:46:43 PM'),
(75, 1, '', 0, 1, 32, 5, 5, 0, 0, 0, 20, 'Active', NULL, '2015-10-08', '08:32:36 AM'),
(76, 1, '', 0, 3, 32, 5, 5, 0, 0, 0, 20, 'Active', NULL, '2015-10-08', '08:32:36 AM'),
(77, 1, '', 0, 4, 32, 5, 5, 0, 0, 0, 20, 'Active', NULL, '2015-10-08', '08:32:36 AM'),
(78, 1, '', 0, 5, 32, 5, 5, 0, 0, 0, 20, 'Active', NULL, '2015-10-08', '08:32:36 AM'),
(79, 1, '', 0, 6, 32, 5, 5, 0, 0, 0, 20, 'Active', NULL, '2015-10-08', '08:32:36 AM'),
(80, 1, '', 3, 3, 15, 0, 0, 3, 0, 0, 20, 'Active', NULL, '2015-10-09', '06:35:21 AM');

-- --------------------------------------------------------

--
-- Table structure for table `fna_labourworkhistory`
--

CREATE TABLE IF NOT EXISTS `fna_labourworkhistory` (
  `LABWORKHISTID` int(11) NOT NULL AUTO_INCREMENT,
  `LABOURID` int(10) DEFAULT NULL,
  `PROJECTID` int(11) NOT NULL,
  `SUBPROJECTID` int(11) NOT NULL,
  `PARTYID` int(11) NOT NULL,
  `PRODUCTLOADUNLOADBKDNID` int(10) DEFAULT NULL,
  `PRODCATTYPEID` int(10) DEFAULT NULL,
  `PRODUCTID` int(10) DEFAULT NULL,
  `PACKINGUNITID` int(10) DEFAULT NULL,
  `QUANTITY` double DEFAULT NULL,
  `CHID` int(10) DEFAULT NULL,
  `POCKET` int(10) DEFAULT NULL,
  `BILLAMOUNT` double DEFAULT NULL,
  `TOTBILLAMOUNT` double DEFAULT NULL,
  `RECEIVENUMBER` int(10) DEFAULT NULL,
  `DELIVERYCHALLANNUMBER` int(10) DEFAULT NULL,
  `WORKTYPEFLAG` varchar(20) NOT NULL,
  `USERID` int(11) DEFAULT NULL,
  `STATUS` varchar(20) DEFAULT NULL,
  `FLAG` int(11) DEFAULT NULL,
  `ENTDATE` date DEFAULT NULL,
  `ENTTIME` varchar(100) DEFAULT NULL,
  PRIMARY KEY (`LABWORKHISTID`)
) ENGINE=InnoDB  DEFAULT CHARSET=latin1 AUTO_INCREMENT=1155 ;

--
-- Dumping data for table `fna_labourworkhistory`
--

INSERT INTO `fna_labourworkhistory` (`LABWORKHISTID`, `LABOURID`, `PROJECTID`, `SUBPROJECTID`, `PARTYID`, `PRODUCTLOADUNLOADBKDNID`, `PRODCATTYPEID`, `PRODUCTID`, `PACKINGUNITID`, `QUANTITY`, `CHID`, `POCKET`, `BILLAMOUNT`, `TOTBILLAMOUNT`, `RECEIVENUMBER`, `DELIVERYCHALLANNUMBER`, `WORKTYPEFLAG`, `USERID`, `STATUS`, `FLAG`, `ENTDATE`, `ENTTIME`) VALUES
(93, 7, 1, 1, 68, 93, 5, 71, 23, 1, 2, 23, 10, 10, 60, NULL, 'Load', 20, 'Active', NULL, '2015-06-02', '15:12:18 PM'),
(94, 7, 1, 1, 69, 94, 5, 71, 23, 32, 2, 23, 10, 320, 61, NULL, 'Load', 20, 'Active', NULL, '2015-06-02', '15:12:55 PM'),
(95, 7, 1, 1, 70, 95, 5, 71, 23, 200, 2, 23, 10, 2000, 62, NULL, 'Load', 20, 'Active', NULL, '2015-06-02', '15:13:23 PM'),
(96, 7, 1, 1, 71, 96, 5, 71, 23, 25, 2, 23, 10, 250, 63, NULL, 'Load', 20, 'Active', NULL, '2015-06-02', '15:13:50 PM'),
(97, 7, 1, 1, 69, 97, 5, 71, 23, 16, 2, 3, 10, 160, 64, NULL, 'Load', 20, 'Active', NULL, '2015-06-04', '02:00:42 AM'),
(98, 7, 1, 1, 72, 98, 5, 71, 23, 5, 2, 3, 10, 50, 65, NULL, 'Load', 20, 'Active', NULL, '2015-06-04', '02:09:44 AM'),
(99, 7, 1, 1, 70, 99, 5, 71, 23, 210, 2, 6, 10, 2100, 66, NULL, 'Load', 20, 'Active', NULL, '2015-06-04', '02:13:09 AM'),
(100, 7, 1, 1, 71, 100, 5, 71, 23, 30, 2, 6, 10, 300, 67, NULL, 'Load', 20, 'Active', NULL, '2015-06-04', '02:14:30 AM'),
(101, 7, 1, 1, 71, 101, 5, 71, 23, 70, 2, 6, 10, 700, 68, NULL, 'Load', 20, 'Active', NULL, '2015-06-04', '02:16:43 AM'),
(102, 7, 1, 1, 69, 102, 5, 71, 23, 5, 2, 3, 10, 50, 69, NULL, 'Load', 20, 'Active', NULL, '2015-06-04', '02:17:45 AM'),
(103, 7, 1, 1, 73, 103, 5, 71, 23, 5, 2, 6, 10, 50, 70, NULL, 'Load', 20, 'Active', NULL, '2015-06-04', '02:21:16 AM'),
(104, 7, 1, 1, 74, 104, 5, 71, 23, 6, 2, 5, 10, 60, 71, NULL, 'Load', 20, 'Active', NULL, '2015-06-04', '03:07:36 AM'),
(105, 7, 1, 1, 75, 105, 5, 71, 23, 2, 2, 3, 10, 20, 72, NULL, 'Load', 20, 'Active', NULL, '2015-06-04', '04:08:33 AM'),
(106, 7, 1, 1, 76, 106, 5, 71, 23, 6, 2, 5, 10, 60, 73, NULL, 'Load', 20, 'Active', NULL, '2015-06-04', '04:11:12 AM'),
(107, 7, 1, 1, 77, 107, 5, 71, 23, 4, 2, 3, 10, 40, 74, NULL, 'Load', 20, 'Active', NULL, '2015-06-04', '04:15:34 AM'),
(108, 7, 1, 1, 78, 108, 5, 71, 23, 2, 2, 6, 10, 20, 75, NULL, 'Load', 20, 'Active', NULL, '2015-06-06', '02:37:00 AM'),
(109, 7, 1, 1, 79, 109, 5, 71, 23, 6, 2, 3, 10, 60, 76, NULL, 'Load', 20, 'Active', NULL, '2015-06-06', '04:40:32 AM'),
(110, 7, 1, 1, 80, 110, 5, 71, 23, 4, 2, 3, 10, 40, 77, NULL, 'Load', 20, 'Active', NULL, '2015-06-06', '04:41:31 AM'),
(111, 7, 1, 1, 70, 111, 5, 71, 23, 210, 2, 6, 10, 2100, 78, NULL, 'Load', 20, 'Active', NULL, '2015-06-06', '04:42:34 AM'),
(112, 7, 1, 1, 81, 112, 5, 71, 23, 4, 2, 6, 10, 40, 79, NULL, 'Load', 20, 'Active', NULL, '2015-06-06', '05:44:51 AM'),
(113, 7, 1, 1, 82, 113, 5, 71, 23, 30, 2, 3, 10, 300, 80, NULL, 'Load', 20, 'Active', NULL, '2015-06-06', '05:48:10 AM'),
(114, 7, 1, 1, 83, 114, 5, 71, 23, 104, 2, 6, 10, 1040, 81, NULL, 'Load', 20, 'Active', NULL, '2015-06-06', '05:54:26 AM'),
(115, 7, 1, 1, 84, 115, 5, 71, 23, 105, 2, 6, 10, 1050, 82, NULL, 'Load', 20, 'Active', NULL, '2015-06-06', '05:59:16 AM'),
(116, 7, 1, 1, 85, 116, 5, 71, 23, 2, 2, 6, 10, 20, 83, NULL, 'Load', 20, 'Active', NULL, '2015-06-06', '06:08:56 AM'),
(117, 7, 1, 1, 86, 117, 5, 71, 23, 13, 2, 9, 10, 130, 84, NULL, 'Load', 20, 'Active', NULL, '2015-06-06', '06:13:25 AM'),
(118, 7, 1, 1, 87, 118, 5, 71, 23, 18, 2, 6, 10, 180, 85, NULL, 'Load', 20, 'Active', NULL, '2015-06-06', '06:28:34 AM'),
(119, 7, 1, 1, 71, 119, 5, 71, 23, 12, 2, 9, 10, 120, 86, NULL, 'Load', 20, 'Active', NULL, '2015-06-06', '06:42:33 AM'),
(120, 7, 1, 1, 88, 120, 5, 71, 23, 13, 2, 3, 10, 130, 87, NULL, 'Load', 20, 'Active', NULL, '2015-06-06', '06:44:31 AM'),
(121, 7, 1, 1, 89, 121, 5, 71, 23, 15, 2, 10, 10, 150, 88, NULL, 'Load', 20, 'Active', NULL, '2015-06-06', '06:46:26 AM'),
(122, 7, 1, 1, 88, 122, 5, 71, 23, 20, 2, 6, 10, 200, 89, NULL, 'Load', 20, 'Active', NULL, '2015-06-06', '06:51:41 AM'),
(123, 7, 1, 1, 82, 123, 5, 71, 23, 20, 2, 10, 10, 200, 90, NULL, 'Load', 20, 'Active', NULL, '2015-06-06', '06:52:44 AM'),
(124, 7, 1, 1, 90, 124, 5, 71, 23, 5, 2, 10, 10, 50, 91, NULL, 'Load', 20, 'Active', NULL, '2015-06-09', '01:48:19 AM'),
(125, 7, 1, 1, 83, 125, 5, 71, 23, 100, 2, 10, 10, 1000, 92, NULL, 'Load', 20, 'Active', NULL, '2015-06-09', '01:49:57 AM'),
(126, 7, 1, 1, 91, 126, 5, 71, 23, 2, 2, 3, 10, 20, 93, NULL, 'Load', 20, 'Active', NULL, '2015-06-09', '01:54:35 AM'),
(127, 7, 1, 1, 92, 127, 5, 71, 23, 1, 2, 10, 10, 10, 94, NULL, 'Load', 20, 'Active', NULL, '2015-06-09', '02:06:51 AM'),
(128, 7, 1, 1, 93, 128, 5, 71, 23, 5, 2, 10, 10, 50, 95, NULL, 'Load', 20, 'Active', NULL, '2015-06-09', '02:13:56 AM'),
(129, 7, 1, 1, 69, 129, 5, 71, 23, 30, 2, 10, 10, 300, 96, NULL, 'Load', 20, 'Active', NULL, '2015-06-09', '02:47:58 AM'),
(130, 7, 1, 1, 69, 130, 5, 71, 23, 10, 2, 10, 10, 100, 97, NULL, 'Load', 20, 'Active', NULL, '2015-06-09', '02:55:32 AM'),
(131, 7, 1, 1, 94, 131, 5, 71, 23, 3, 2, 10, 10, 30, 98, NULL, 'Load', 20, 'Active', NULL, '2015-06-09', '03:00:33 AM'),
(132, 7, 1, 1, 95, 132, 5, 71, 23, 12, 2, 10, 10, 120, 99, NULL, 'Load', 20, 'Active', NULL, '2015-06-09', '03:24:28 AM'),
(133, 7, 1, 1, 96, 133, 5, 71, 23, 2, 2, 9, 10, 20, 100, NULL, 'Load', 20, 'Active', NULL, '2015-06-09', '03:28:54 AM'),
(134, 7, 1, 1, 97, 134, 5, 71, 23, 4, 2, 9, 10, 40, 101, NULL, 'Load', 20, 'Active', NULL, '2015-06-09', '03:32:16 AM'),
(135, 7, 1, 1, 98, 135, 5, 71, 23, 3, 2, 9, 10, 30, 102, NULL, 'Load', 20, 'Active', NULL, '2015-06-09', '03:36:22 AM'),
(136, 7, 1, 1, 99, 136, 5, 71, 23, 2, 2, 8, 10, 20, 103, NULL, 'Load', 20, 'Active', NULL, '2015-06-09', '03:41:08 AM'),
(137, 7, 1, 1, 100, 137, 5, 71, 23, 3, 2, 8, 10, 30, 104, NULL, 'Load', 20, 'Active', NULL, '2015-06-09', '03:48:29 AM'),
(138, 7, 1, 1, 101, 138, 5, 71, 23, 16, 2, 7, 10, 160, 105, NULL, 'Load', 20, 'Active', NULL, '2015-06-09', '03:51:50 AM'),
(139, 7, 1, 1, 102, 139, 5, 71, 23, 3, 2, 5, 10, 30, 106, NULL, 'Load', 20, 'Active', NULL, '2015-06-09', '04:00:10 AM'),
(140, 7, 1, 1, 103, 140, 5, 71, 23, 4, 2, 6, 10, 40, 107, NULL, 'Load', 20, 'Active', NULL, '2015-06-09', '04:48:38 AM'),
(141, 7, 1, 1, 104, 141, 5, 71, 23, 12, 2, 1, 10, 120, 108, NULL, 'Load', 20, 'Active', NULL, '2015-06-09', '05:06:53 AM'),
(142, 7, 1, 1, 69, 142, 5, 71, 23, 12, 2, 5, 10, 120, 109, NULL, 'Load', 20, 'Active', NULL, '2015-06-09', '05:08:21 AM'),
(143, 7, 1, 1, 105, 143, 5, 71, 23, 6, 2, 9, 10, 60, 110, NULL, 'Load', 20, 'Active', NULL, '2015-06-09', '05:13:48 AM'),
(144, 7, 1, 1, 106, 144, 5, 71, 23, 8, 2, 9, 10, 80, 111, NULL, 'Load', 20, 'Active', NULL, '2015-06-09', '05:17:01 AM'),
(145, 7, 1, 1, 82, 145, 5, 71, 23, 30, 2, 9, 10, 300, 112, NULL, 'Load', 20, 'Active', NULL, '2015-06-09', '05:18:17 AM'),
(146, 7, 1, 1, 82, 146, 5, 71, 23, 28, 2, 9, 10, 280, 113, NULL, 'Load', 20, 'Active', NULL, '2015-06-09', '05:19:13 AM'),
(147, 7, 1, 1, 107, 147, 5, 71, 23, 5, 2, 7, 10, 50, 114, NULL, 'Load', 20, 'Active', NULL, '2015-06-09', '05:25:04 AM'),
(148, 7, 1, 1, 108, 148, 5, 71, 23, 2, 2, 8, 10, 20, 115, NULL, 'Load', 20, 'Active', NULL, '2015-06-09', '05:56:37 AM'),
(149, 7, 1, 1, 109, 149, 5, 71, 23, 3, 2, 7, 10, 30, 116, NULL, 'Load', 20, 'Active', NULL, '2015-06-09', '05:59:44 AM'),
(150, 7, 1, 1, 110, 150, 5, 71, 23, 100, 2, 8, 10, 1000, 117, NULL, 'Load', 20, 'Active', NULL, '2015-06-09', '06:02:53 AM'),
(151, 7, 1, 1, 110, 151, 5, 71, 23, 83, 2, 9, 10, 830, 118, NULL, 'Load', 20, 'Active', NULL, '2015-06-09', '06:04:45 AM'),
(152, 7, 1, 1, 83, 152, 5, 71, 23, 72, 2, 9, 10, 720, 119, NULL, 'Load', 20, 'Active', NULL, '2015-06-09', '06:06:06 AM'),
(153, 7, 1, 1, 83, 153, 5, 71, 23, 25, 2, 9, 10, 250, 120, NULL, 'Load', 20, 'Active', NULL, '2015-06-09', '06:07:00 AM'),
(154, 7, 1, 1, 111, 154, 5, 71, 23, 17, 2, 6, 10, 170, 121, NULL, 'Load', 20, 'Active', NULL, '2015-06-09', '23:48:59 PM'),
(155, 7, 1, 1, 112, 155, 5, 71, 23, 4, 2, 5, 10, 40, 122, NULL, 'Load', 20, 'Active', NULL, '2015-06-09', '23:59:14 PM'),
(156, 7, 1, 1, 113, 156, 5, 71, 23, 6, 2, 7, 10, 60, 123, NULL, 'Load', 20, 'Active', NULL, '2015-06-10', '00:02:58 AM'),
(157, 7, 1, 1, 114, 157, 5, 71, 23, 4, 2, 9, 10, 40, 124, NULL, 'Load', 20, 'Active', NULL, '2015-06-10', '00:09:42 AM'),
(158, 7, 1, 1, 115, 158, 5, 71, 23, 3, 2, 6, 10, 30, 125, NULL, 'Load', 20, 'Active', NULL, '2015-06-10', '00:16:20 AM'),
(159, 7, 1, 1, 116, 159, 5, 71, 23, 1, 2, 1, 10, 10, 126, NULL, 'Load', 20, 'Active', NULL, '2015-06-10', '00:20:01 AM'),
(160, 7, 1, 1, 117, 160, 5, 71, 23, 3, 2, 7, 10, 30, 127, NULL, 'Load', 20, 'Active', NULL, '2015-06-10', '00:23:30 AM'),
(161, 7, 1, 1, 118, 161, 5, 71, 23, 6, 2, 5, 10, 60, 128, NULL, 'Load', 20, 'Active', NULL, '2015-06-10', '00:34:28 AM'),
(162, 7, 1, 1, 119, 162, 5, 71, 23, 11, 2, 7, 10, 110, 129, NULL, 'Load', 20, 'Active', NULL, '2015-06-10', '00:36:49 AM'),
(163, 7, 1, 1, 120, 163, 5, 71, 23, 2, 2, 1, 10, 20, 130, NULL, 'Load', 20, 'Active', NULL, '2015-06-10', '00:40:15 AM'),
(164, 7, 1, 1, 121, 164, 5, 71, 23, 2, 2, 9, 10, 20, 131, NULL, 'Load', 20, 'Active', NULL, '2015-06-10', '00:50:37 AM'),
(165, 7, 1, 1, 122, 165, 5, 71, 23, 2, 2, 5, 10, 20, 132, NULL, 'Load', 20, 'Active', NULL, '2015-06-10', '00:56:19 AM'),
(166, 7, 1, 1, 123, 166, 5, 71, 23, 5, 2, 9, 10, 50, 133, NULL, 'Load', 20, 'Active', NULL, '2015-06-10', '01:07:25 AM'),
(167, 7, 1, 1, 123, 167, 5, 71, 23, 24, 2, 9, 10, 240, 134, NULL, 'Load', 20, 'Active', NULL, '2015-06-10', '01:08:22 AM'),
(168, 7, 1, 1, 124, 168, 5, 71, 23, 2, 2, 3, 10, 20, 135, NULL, 'Load', 20, 'Active', NULL, '2015-06-10', '01:12:09 AM'),
(169, 7, 1, 1, 125, 169, 5, 71, 23, 9, 2, 3, 10, 90, 136, NULL, 'Load', 20, 'Active', NULL, '2015-06-10', '01:14:25 AM'),
(170, 7, 1, 1, 126, 170, 5, 71, 23, 5, 2, 6, 10, 50, 137, NULL, 'Load', 20, 'Active', NULL, '2015-06-10', '01:17:05 AM'),
(171, 7, 1, 1, 127, 171, 5, 71, 23, 3, 2, 5, 10, 30, 138, NULL, 'Load', 20, 'Active', NULL, '2015-06-10', '01:24:39 AM'),
(172, 7, 1, 1, 128, 172, 5, 71, 23, 3, 2, 9, 10, 30, 139, NULL, 'Load', 20, 'Active', NULL, '2015-06-10', '01:28:59 AM'),
(173, 7, 1, 1, 129, 173, 5, 71, 23, 18, 2, 9, 10, 180, 140, NULL, 'Load', 20, 'Active', NULL, '2015-06-10', '01:32:20 AM'),
(174, 7, 1, 1, 89, 174, 5, 71, 23, 22, 2, 6, 10, 220, 141, NULL, 'Load', 20, 'Active', NULL, '2015-06-10', '01:33:25 AM'),
(175, 7, 1, 1, 130, 175, 5, 71, 23, 7, 2, 3, 10, 70, 142, NULL, 'Load', 20, 'Active', NULL, '2015-06-10', '01:36:02 AM'),
(176, 7, 1, 1, 83, 176, 5, 71, 31, 152, 2, 9, 10, 1520, 143, NULL, 'Load', 20, 'Active', NULL, '2015-06-10', '01:38:30 AM'),
(177, 7, 1, 1, 132, 177, 5, 71, 23, 5, 2, 4, 10, 50, 144, NULL, 'Load', 20, 'Active', NULL, '2015-06-10', '01:48:54 AM'),
(178, 7, 1, 1, 123, 178, 5, 71, 23, 5, 2, 9, 10, 50, 145, NULL, 'Load', 20, 'Active', NULL, '2015-06-10', '01:50:38 AM'),
(179, 7, 1, 1, 123, 179, 5, 71, 23, 9, 2, 5, 10, 90, 146, NULL, 'Load', 20, 'Active', NULL, '2015-06-10', '01:51:28 AM'),
(180, 7, 1, 1, 123, 180, 5, 71, 23, 2, 2, 7, 10, 20, 147, NULL, 'Load', 20, 'Active', NULL, '2015-06-10', '01:52:15 AM'),
(181, 7, 1, 1, 123, 181, 5, 71, 23, 2, 2, 8, 10, 20, 148, NULL, 'Load', 20, 'Active', NULL, '2015-06-10', '01:53:04 AM'),
(182, 7, 1, 1, 123, 182, 5, 71, 23, 4, 2, 8, 10, 40, 149, NULL, 'Load', 20, 'Active', NULL, '2015-06-10', '01:53:55 AM'),
(183, 7, 1, 1, 123, 183, 5, 71, 23, 3, 2, 4, 10, 30, 150, NULL, 'Load', 20, 'Active', NULL, '2015-06-10', '01:54:56 AM'),
(184, 7, 1, 1, 123, 184, 5, 71, 23, 5, 2, 6, 10, 50, 151, NULL, 'Load', 20, 'Active', NULL, '2015-06-10', '01:55:59 AM'),
(185, 7, 1, 1, 83, 185, 5, 71, 31, 136, 2, 7, 10, 1360, 152, NULL, 'Load', 20, 'Active', NULL, '2015-06-10', '01:57:12 AM'),
(186, 7, 1, 1, 133, 186, 5, 71, 23, 7, 2, 7, 10, 70, 153, NULL, 'Load', 20, 'Active', NULL, '2015-06-10', '02:09:46 AM'),
(187, 7, 1, 1, 132, 187, 5, 71, 23, 5, 2, 2, 10, 50, 154, NULL, 'Load', 20, 'Active', NULL, '2015-06-10', '02:10:37 AM'),
(188, 7, 1, 1, 134, 188, 5, 71, 23, 5, 2, 9, 10, 50, 155, NULL, 'Load', 20, 'Active', NULL, '2015-06-10', '02:16:17 AM'),
(189, 7, 1, 1, 135, 189, 5, 71, 23, 7, 2, 8, 10, 70, 156, NULL, 'Load', 20, 'Active', NULL, '2015-06-10', '02:19:33 AM'),
(190, 7, 1, 1, 136, 190, 5, 71, 23, 5, 2, 2, 10, 50, 157, NULL, 'Load', 20, 'Active', NULL, '2015-06-10', '02:29:41 AM'),
(191, 7, 1, 1, 137, 191, 5, 71, 23, 6, 2, 6, 10, 60, 158, NULL, 'Load', 20, 'Active', NULL, '2015-06-10', '02:32:46 AM'),
(192, 7, 1, 1, 138, 192, 5, 71, 23, 3, 2, 1, 10, 30, 159, NULL, 'Load', 20, 'Active', NULL, '2015-06-10', '02:37:39 AM'),
(193, 7, 1, 1, 138, 193, 5, 71, 23, 2, 2, 2, 10, 20, 160, NULL, 'Load', 20, 'Active', NULL, '2015-06-10', '02:38:33 AM'),
(194, 7, 1, 1, 139, 194, 5, 71, 23, 5, 2, 3, 10, 50, 161, NULL, 'Load', 20, 'Active', NULL, '2015-06-10', '02:42:30 AM'),
(195, 7, 1, 1, 140, 195, 5, 71, 23, 5, 2, 6, 10, 50, 162, NULL, 'Load', 20, 'Active', NULL, '2015-06-10', '02:48:02 AM'),
(196, 7, 1, 1, 141, 196, 5, 71, 23, 4, 2, 6, 10, 40, 163, NULL, 'Load', 20, 'Active', NULL, '2015-06-10', '03:31:42 AM'),
(197, 7, 1, 1, 142, 197, 5, 71, 23, 2, 2, 3, 10, 20, 164, NULL, 'Load', 20, 'Active', NULL, '2015-06-10', '03:35:10 AM'),
(198, 7, 1, 1, 143, 198, 5, 71, 23, 3, 2, 5, 10, 30, 165, NULL, 'Load', 20, 'Active', NULL, '2015-06-10', '03:41:57 AM'),
(199, 7, 1, 1, 144, 199, 5, 71, 23, 3, 2, 8, 10, 30, 166, NULL, 'Load', 20, 'Active', NULL, '2015-06-10', '03:45:46 AM'),
(200, 7, 1, 1, 145, 200, 5, 71, 23, 6, 2, 9, 10, 60, 167, NULL, 'Load', 20, 'Active', NULL, '2015-06-10', '03:49:18 AM'),
(201, 7, 1, 1, 146, 201, 5, 71, 23, 6, 2, 6, 10, 60, 168, NULL, 'Load', 20, 'Active', NULL, '2015-06-10', '03:53:14 AM'),
(202, 7, 1, 1, 147, 202, 5, 71, 23, 5, 2, 6, 10, 50, 169, NULL, 'Load', 20, 'Active', NULL, '2015-06-10', '04:55:39 AM'),
(203, 7, 1, 1, 148, 203, 5, 71, 23, 3, 2, 6, 10, 30, 170, NULL, 'Load', 20, 'Active', NULL, '2015-06-10', '05:00:03 AM'),
(204, 7, 1, 1, 148, 204, 5, 71, 23, 4, 2, 6, 10, 40, 171, NULL, 'Load', 20, 'Active', NULL, '2015-06-10', '05:01:50 AM'),
(205, 7, 1, 1, 71, 205, 5, 71, 23, 10, 2, 6, 10, 100, 172, NULL, 'Load', 20, 'Active', NULL, '2015-06-10', '05:04:07 AM'),
(206, 7, 1, 1, 149, 206, 5, 71, 23, 10, 2, 6, 10, 100, 173, NULL, 'Load', 20, 'Active', NULL, '2015-06-10', '05:11:55 AM'),
(207, 7, 1, 1, 149, 207, 5, 71, 23, 6, 2, 5, 10, 60, 174, NULL, 'Load', 20, 'Active', NULL, '2015-06-10', '05:12:44 AM'),
(208, 7, 1, 1, 150, 208, 5, 71, 23, 5, 2, 7, 10, 50, 175, NULL, 'Load', 20, 'Active', NULL, '2015-06-10', '05:16:06 AM'),
(209, 7, 1, 1, 151, 209, 5, 71, 23, 11, 2, 9, 10, 110, 176, NULL, 'Load', 20, 'Active', NULL, '2015-06-10', '05:19:37 AM'),
(210, 7, 1, 1, 152, 210, 5, 71, 23, 13, 2, 6, 10, 130, 177, NULL, 'Load', 20, 'Active', NULL, '2015-06-10', '05:24:08 AM'),
(211, 7, 1, 1, 153, 211, 5, 71, 23, 5, 2, 3, 10, 50, 178, NULL, 'Load', 20, 'Active', NULL, '2015-06-10', '05:46:55 AM'),
(212, 7, 1, 1, 154, 212, 5, 71, 23, 45, 2, 5, 10, 450, 179, NULL, 'Load', 20, 'Active', NULL, '2015-06-10', '06:38:34 AM'),
(213, 7, 1, 1, 154, 213, 5, 71, 23, 5, 2, 6, 10, 50, 180, NULL, 'Load', 20, 'Active', NULL, '2015-06-10', '06:39:40 AM'),
(214, 7, 1, 1, 155, 214, 5, 71, 23, 12, 2, 8, 10, 120, 181, NULL, 'Load', 20, 'Active', NULL, '2015-06-10', '06:46:57 AM'),
(215, 7, 1, 1, 155, 215, 5, 71, 23, 12, 2, 11, 10, 120, 182, NULL, 'Load', 20, 'Active', NULL, '2015-06-10', '06:48:02 AM'),
(216, 7, 1, 1, 156, 216, 5, 71, 23, 8, 2, 11, 10, 80, 183, NULL, 'Load', 20, 'Active', NULL, '2015-06-10', '06:50:44 AM'),
(217, 7, 1, 1, 156, 217, 5, 71, 23, 6, 2, 11, 10, 60, 184, NULL, 'Load', 20, 'Active', NULL, '2015-06-10', '06:51:40 AM'),
(218, 7, 1, 1, 156, 218, 5, 71, 23, 2, 2, 3, 10, 20, 185, NULL, 'Load', 20, 'Active', NULL, '2015-06-10', '06:52:33 AM'),
(219, 7, 1, 1, 157, 219, 5, 71, 23, 14, 2, 3, 10, 140, 186, NULL, 'Load', 20, 'Active', NULL, '2015-06-10', '07:09:09 AM'),
(220, 7, 1, 1, 158, 220, 5, 71, 23, 4, 2, 5, 10, 40, 187, NULL, 'Load', 20, 'Active', NULL, '2015-06-10', '10:39:43 AM'),
(221, 7, 1, 1, 159, 221, 5, 71, 23, 1, 2, 6, 10, 10, 188, NULL, 'Load', 20, 'Active', NULL, '2015-06-10', '10:43:50 AM'),
(222, 7, 1, 1, 160, 222, 5, 71, 23, 2, 2, 4, 10, 20, 189, NULL, 'Load', 20, 'Active', NULL, '2015-06-10', '10:49:39 AM'),
(223, 7, 1, 1, 161, 223, 5, 71, 23, 2, 2, 4, 10, 20, 190, NULL, 'Load', 20, 'Active', NULL, '2015-06-10', '10:52:40 AM'),
(224, 7, 1, 1, 162, 224, 5, 71, 23, 3, 2, 5, 10, 30, 191, NULL, 'Load', 20, 'Active', NULL, '2015-06-10', '10:55:20 AM'),
(225, 7, 1, 1, 163, 225, 5, 71, 23, 5, 2, 5, 10, 50, 192, NULL, 'Load', 20, 'Active', NULL, '2015-06-10', '10:57:30 AM'),
(226, 7, 1, 1, 164, 226, 5, 71, 23, 5, 2, 5, 10, 50, 193, NULL, 'Load', 20, 'Active', NULL, '2015-06-10', '11:00:33 AM'),
(227, 7, 1, 1, 127, 227, 5, 71, 23, 4, 2, 6, 10, 40, 194, NULL, 'Load', 20, 'Active', NULL, '2015-06-10', '11:03:48 AM'),
(228, 7, 1, 1, 165, 228, 5, 71, 23, 2, 2, 6, 10, 20, 195, NULL, 'Load', 20, 'Active', NULL, '2015-06-10', '11:07:06 AM'),
(229, 7, 1, 1, 166, 229, 5, 71, 23, 3, 2, 3, 10, 30, 196, NULL, 'Load', 20, 'Active', NULL, '2015-06-10', '11:10:35 AM'),
(230, 7, 1, 1, 69, 230, 5, 71, 23, 40, 2, 5, 10, 400, 197, NULL, 'Load', 20, 'Active', NULL, '2015-06-10', '11:11:37 AM'),
(231, 7, 1, 1, 69, 231, 5, 71, 23, 6, 2, 9, 10, 60, 198, NULL, 'Load', 20, 'Active', NULL, '2015-06-10', '11:12:29 AM'),
(232, 7, 1, 1, 123, 232, 5, 71, 23, 4, 2, 7, 10, 40, 199, NULL, 'Load', 20, 'Active', NULL, '2015-06-10', '11:19:27 AM'),
(233, 7, 1, 1, 123, 233, 5, 71, 23, 3, 2, 9, 10, 30, 200, NULL, 'Load', 20, 'Active', NULL, '2015-06-10', '11:20:11 AM'),
(234, 7, 1, 1, 123, 234, 5, 71, 23, 6, 2, 9, 10, 60, 201, NULL, 'Load', 20, 'Active', NULL, '2015-06-10', '11:21:09 AM'),
(235, 7, 1, 1, 123, 235, 5, 71, 23, 4, 2, 7, 10, 40, 202, NULL, 'Load', 20, 'Active', NULL, '2015-06-10', '11:21:59 AM'),
(236, 7, 1, 1, 123, 236, 5, 71, 23, 3, 2, 8, 10, 30, 203, NULL, 'Load', 20, 'Active', NULL, '2015-06-10', '11:22:48 AM'),
(237, 7, 1, 1, 123, 237, 5, 71, 23, 3, 2, 7, 10, 30, 204, NULL, 'Load', 20, 'Active', NULL, '2015-06-10', '11:23:38 AM'),
(238, 7, 1, 1, 123, 238, 5, 71, 23, 2, 2, 9, 10, 20, 205, NULL, 'Load', 20, 'Active', NULL, '2015-06-10', '11:24:22 AM'),
(239, 7, 1, 1, 123, 239, 5, 71, 23, 4, 2, 9, 10, 40, 206, NULL, 'Load', 20, 'Active', NULL, '2015-06-10', '11:25:08 AM'),
(240, 7, 1, 1, 82, 240, 5, 71, 23, 27, 2, 9, 10, 270, 207, NULL, 'Load', 20, 'Active', NULL, '2015-06-10', '11:26:32 AM'),
(241, 7, 1, 1, 70, 241, 5, 71, 23, 210, 2, 9, 10, 2100, 208, NULL, 'Load', 20, 'Active', NULL, '2015-06-10', '11:27:35 AM'),
(242, 7, 1, 1, 167, 242, 5, 71, 23, 25, 2, 9, 10, 250, 209, NULL, 'Load', 20, 'Active', NULL, '2015-06-10', '11:31:16 AM'),
(243, 7, 1, 1, 167, 243, 5, 71, 23, 18, 2, 6, 10, 180, 210, NULL, 'Load', 20, 'Active', NULL, '2015-06-10', '11:32:10 AM'),
(244, 7, 1, 1, 167, 244, 5, 71, 23, 7, 2, 6, 10, 70, 211, NULL, 'Load', 20, 'Active', NULL, '2015-06-10', '11:32:59 AM'),
(245, 7, 1, 1, 168, 245, 5, 71, 23, 2, 2, 6, 10, 20, 212, NULL, 'Load', 20, 'Active', NULL, '2015-06-10', '11:37:23 AM'),
(246, 7, 1, 1, 169, 246, 5, 71, 23, 10, 2, 6, 10, 100, 213, NULL, 'Load', 20, 'Active', NULL, '2015-06-10', '11:44:51 AM'),
(247, 7, 1, 1, 170, 247, 5, 71, 23, 2, 2, 6, 10, 20, 214, NULL, 'Load', 20, 'Active', NULL, '2015-06-10', '11:48:30 AM'),
(248, 7, 1, 1, 171, 248, 5, 71, 23, 10, 2, 9, 10, 100, 215, NULL, 'Load', 20, 'Active', NULL, '2015-06-10', '23:59:07 PM'),
(249, 7, 1, 1, 172, 249, 5, 71, 23, 3, 2, 6, 10, 30, 216, NULL, 'Load', 20, 'Active', NULL, '2015-06-11', '00:06:21 AM'),
(250, 7, 1, 1, 173, 250, 5, 71, 23, 99, 2, 5, 10, 990, 217, NULL, 'Load', 20, 'Active', NULL, '2015-06-11', '00:09:46 AM'),
(251, 7, 1, 1, 175, 251, 5, 71, 23, 1, 2, 9, 10, 10, 218, NULL, 'Load', 20, 'Active', NULL, '2015-06-11', '00:15:01 AM'),
(252, 7, 1, 1, 176, 252, 5, 71, 23, 1, 2, 9, 10, 10, 219, NULL, 'Load', 20, 'Active', NULL, '2015-06-11', '00:18:15 AM'),
(253, 7, 1, 1, 174, 253, 5, 71, 31, 129, 2, 9, 10, 1290, 220, NULL, 'Load', 20, 'Active', NULL, '2015-06-11', '00:31:27 AM'),
(254, 7, 1, 1, 177, 254, 5, 71, 23, 2, 2, 9, 10, 20, 221, NULL, 'Load', 20, 'Active', NULL, '2015-06-11', '00:35:22 AM'),
(255, 7, 1, 1, 178, 255, 5, 71, 23, 2, 2, 3, 10, 20, 222, NULL, 'Load', 20, 'Active', NULL, '2015-06-11', '00:38:37 AM'),
(256, 7, 1, 1, 179, 256, 5, 71, 23, 3, 2, 2, 10, 30, 223, NULL, 'Load', 20, 'Active', NULL, '2015-06-11', '00:42:16 AM'),
(257, 7, 1, 1, 180, 257, 5, 71, 23, 4, 2, 6, 10, 40, 224, NULL, 'Load', 20, 'Active', NULL, '2015-06-11', '00:47:14 AM'),
(258, 7, 1, 1, 132, 258, 5, 71, 23, 4, 2, 6, 10, 40, 225, NULL, 'Load', 20, 'Active', NULL, '2015-06-11', '00:49:19 AM'),
(259, 7, 1, 1, 181, 259, 5, 71, 23, 5, 2, 9, 10, 50, 226, NULL, 'Load', 20, 'Active', NULL, '2015-06-11', '00:51:49 AM'),
(260, 7, 1, 1, 182, 260, 5, 71, 23, 10, 2, 9, 10, 100, 227, NULL, 'Load', 20, 'Active', NULL, '2015-06-11', '00:55:08 AM'),
(261, 7, 1, 1, 183, 261, 5, 71, 23, 4, 2, 6, 10, 40, 228, NULL, 'Load', 20, 'Active', NULL, '2015-06-11', '00:58:42 AM'),
(262, 7, 1, 1, 184, 262, 5, 71, 23, 2, 2, 9, 10, 20, 229, NULL, 'Load', 20, 'Active', NULL, '2015-06-11', '01:03:41 AM'),
(263, 7, 1, 1, 185, 263, 5, 71, 23, 6, 2, 9, 10, 60, 230, NULL, 'Load', 20, 'Active', NULL, '2015-06-11', '01:08:45 AM'),
(264, 7, 1, 1, 154, 264, 5, 71, 23, 22, 2, 6, 10, 220, 231, NULL, 'Load', 20, 'Active', NULL, '2015-06-11', '01:10:37 AM'),
(265, 7, 1, 1, 186, 265, 5, 71, 23, 3, 2, 9, 10, 30, 232, NULL, 'Load', 20, 'Active', NULL, '2015-06-11', '01:13:10 AM'),
(266, 7, 1, 1, 187, 266, 5, 71, 23, 4, 2, 7, 10, 40, 233, NULL, 'Load', 20, 'Active', NULL, '2015-06-11', '01:16:25 AM'),
(267, 7, 1, 1, 188, 267, 5, 71, 23, 5, 2, 5, 10, 50, 234, NULL, 'Load', 20, 'Active', NULL, '2015-06-11', '01:47:02 AM'),
(268, 7, 1, 1, 189, 268, 5, 71, 23, 9, 2, 6, 10, 90, 235, NULL, 'Load', 20, 'Active', NULL, '2015-06-11', '01:50:04 AM'),
(269, 7, 1, 1, 190, 269, 5, 71, 23, 6, 2, 6, 10, 60, 236, NULL, 'Load', 20, 'Active', NULL, '2015-06-11', '01:56:41 AM'),
(270, 7, 1, 1, 191, 270, 5, 71, 23, 8, 2, 9, 10, 80, 237, NULL, 'Load', 20, 'Active', NULL, '2015-06-11', '02:00:23 AM'),
(271, 7, 1, 1, 192, 271, 5, 71, 23, 8, 2, 5, 10, 80, 238, NULL, 'Load', 20, 'Active', NULL, '2015-06-11', '02:03:53 AM'),
(272, 7, 1, 1, 193, 272, 5, 71, 23, 7, 2, 6, 10, 70, 239, NULL, 'Load', 20, 'Active', NULL, '2015-06-11', '02:06:07 AM'),
(273, 7, 1, 1, 147, 273, 5, 71, 23, 2, 2, 8, 10, 20, 240, NULL, 'Load', 20, 'Active', NULL, '2015-06-11', '02:07:18 AM'),
(274, 7, 1, 1, 194, 274, 5, 71, 23, 4, 2, 7, 10, 40, 241, NULL, 'Load', 20, 'Active', NULL, '2015-06-11', '02:11:31 AM'),
(275, 7, 1, 1, 195, 275, 5, 71, 23, 5, 2, 6, 10, 50, 242, NULL, 'Load', 20, 'Active', NULL, '2015-06-11', '02:14:45 AM'),
(276, 7, 1, 1, 196, 276, 5, 71, 23, 7, 2, 9, 10, 70, 243, NULL, 'Load', 20, 'Active', NULL, '2015-06-11', '02:17:32 AM'),
(277, 7, 1, 1, 98, 277, 5, 71, 23, 14, 2, 6, 10, 140, 244, NULL, 'Load', 20, 'Active', NULL, '2015-06-11', '02:21:13 AM'),
(278, 7, 1, 1, 197, 278, 5, 71, 23, 7, 2, 4, 10, 70, 245, NULL, 'Load', 20, 'Active', NULL, '2015-06-11', '02:40:36 AM'),
(279, 7, 1, 1, 198, 279, 5, 71, 23, 2, 2, 9, 10, 20, 246, NULL, 'Load', 20, 'Active', NULL, '2015-06-11', '03:16:25 AM'),
(280, 7, 1, 1, 199, 280, 5, 71, 23, 3, 2, 9, 10, 30, 247, NULL, 'Load', 20, 'Active', NULL, '2015-06-11', '03:19:34 AM'),
(281, 7, 1, 1, 200, 281, 5, 71, 23, 8, 2, 6, 10, 80, 248, NULL, 'Load', 20, 'Active', NULL, '2015-06-11', '03:25:32 AM'),
(282, 7, 1, 1, 123, 282, 5, 71, 23, 4, 2, 8, 10, 40, 249, NULL, 'Load', 20, 'Active', NULL, '2015-06-11', '03:26:35 AM'),
(283, 7, 1, 1, 123, 283, 5, 71, 23, 8, 2, 9, 10, 80, 250, NULL, 'Load', 20, 'Active', NULL, '2015-06-11', '03:27:33 AM'),
(284, 7, 1, 1, 123, 284, 5, 71, 23, 3, 2, 6, 10, 30, 251, NULL, 'Load', 20, 'Active', NULL, '2015-06-11', '03:29:21 AM'),
(285, 7, 1, 1, 123, 285, 5, 71, 23, 4, 2, 6, 10, 40, 252, NULL, 'Load', 20, 'Active', NULL, '2015-06-11', '03:30:18 AM'),
(286, 7, 1, 1, 123, 286, 5, 71, 23, 4, 2, 6, 10, 40, 253, NULL, 'Load', 20, 'Active', NULL, '2015-06-11', '03:35:58 AM'),
(287, 7, 1, 1, 123, 287, 5, 71, 23, 8, 2, 8, 10, 80, 254, NULL, 'Load', 20, 'Active', NULL, '2015-06-11', '03:37:03 AM'),
(288, 7, 1, 1, 201, 288, 5, 71, 23, 5, 2, 6, 10, 50, 255, NULL, 'Load', 20, 'Active', NULL, '2015-06-11', '04:22:52 AM'),
(289, 7, 1, 1, 202, 289, 5, 71, 23, 4, 2, 9, 10, 40, 256, NULL, 'Load', 20, 'Active', NULL, '2015-06-11', '04:27:35 AM'),
(290, 7, 1, 1, 203, 290, 5, 71, 23, 6, 2, 6, 10, 60, 257, NULL, 'Load', 20, 'Active', NULL, '2015-06-11', '04:30:30 AM'),
(291, 7, 1, 1, 204, 291, 5, 71, 23, 2, 2, 5, 10, 20, 258, NULL, 'Load', 20, 'Active', NULL, '2015-06-11', '04:34:19 AM'),
(292, 7, 1, 1, 205, 292, 5, 71, 23, 2, 2, 6, 10, 20, 259, NULL, 'Load', 20, 'Active', NULL, '2015-06-11', '04:38:25 AM'),
(293, 7, 1, 1, 206, 293, 5, 71, 23, 3, 2, 6, 10, 30, 260, NULL, 'Load', 20, 'Active', NULL, '2015-06-11', '04:41:19 AM'),
(294, 7, 1, 1, 207, 294, 5, 71, 23, 26, 2, 6, 10, 260, 261, NULL, 'Load', 20, 'Active', NULL, '2015-06-11', '04:43:52 AM'),
(295, 7, 1, 1, 208, 295, 5, 71, 23, 4, 2, 6, 10, 40, 262, NULL, 'Load', 20, 'Active', NULL, '2015-06-11', '04:52:37 AM'),
(296, 7, 1, 1, 209, 296, 5, 71, 23, 14, 2, 6, 10, 140, 263, NULL, 'Load', 20, 'Active', NULL, '2015-06-11', '04:55:06 AM'),
(297, 7, 1, 1, 210, 297, 5, 71, 23, 6, 2, 7, 10, 60, 264, NULL, 'Load', 20, 'Active', NULL, '2015-06-11', '04:58:31 AM'),
(298, 7, 1, 1, 211, 298, 5, 71, 23, 4, 2, 3, 10, 40, 265, NULL, 'Load', 20, 'Active', NULL, '2015-06-11', '05:02:34 AM'),
(299, 7, 1, 1, 212, 299, 5, 71, 23, 5, 2, 6, 10, 50, 266, NULL, 'Load', 20, 'Active', NULL, '2015-06-14', '05:54:32 AM'),
(300, 7, 1, 1, 212, 300, 5, 71, 23, 2, 2, 3, 10, 20, 267, NULL, 'Load', 20, 'Active', NULL, '2015-06-14', '05:55:36 AM'),
(301, 7, 1, 1, 213, 301, 5, 71, 23, 2, 2, 0, 10, 20, 268, NULL, 'Load', 20, 'Active', NULL, '2015-06-14', '06:01:06 AM'),
(302, 7, 1, 1, 214, 302, 5, 71, 23, 8, 2, 5, 10, 80, 269, NULL, 'Load', 20, 'Active', NULL, '2015-06-14', '06:05:05 AM'),
(303, 7, 1, 1, 159, 303, 5, 71, 23, 4, 2, 9, 10, 40, 270, NULL, 'Load', 20, 'Active', NULL, '2015-06-15', '00:58:30 AM'),
(304, 7, 1, 1, 216, 304, 5, 71, 23, 1, 2, 5, 10, 10, 271, NULL, 'Load', 20, 'Active', NULL, '2015-06-15', '01:07:31 AM'),
(305, 7, 1, 1, 81, 305, 5, 71, 23, 15, 2, 2, 10, 150, 272, NULL, 'Load', 20, 'Active', NULL, '2015-06-15', '01:10:13 AM'),
(306, 7, 1, 1, 155, 306, 5, 71, 23, 18, 2, 6, 10, 180, 273, NULL, 'Load', 20, 'Active', NULL, '2015-06-15', '01:11:37 AM'),
(307, 7, 1, 1, 162, 307, 5, 71, 23, 3, 2, 6, 10, 30, 274, NULL, 'Load', 20, 'Active', NULL, '2015-06-15', '01:12:28 AM'),
(308, 7, 1, 1, 217, 308, 5, 71, 23, 2, 2, 9, 10, 20, 275, NULL, 'Load', 20, 'Active', NULL, '2015-06-15', '01:15:20 AM'),
(309, 7, 1, 1, 218, 309, 5, 71, 23, 3, 2, 6, 10, 30, 276, NULL, 'Load', 20, 'Active', NULL, '2015-06-15', '01:19:01 AM'),
(310, 7, 1, 1, 219, 310, 5, 71, 23, 2, 2, 5, 10, 20, 277, NULL, 'Load', 20, 'Active', NULL, '2015-06-15', '01:26:11 AM'),
(311, 7, 1, 1, 220, 311, 5, 71, 23, 15, 2, 6, 10, 150, 278, NULL, 'Load', 20, 'Active', NULL, '2015-06-15', '01:29:24 AM'),
(312, 7, 1, 1, 221, 312, 5, 71, 23, 4, 2, 5, 10, 40, 279, NULL, 'Load', 20, 'Active', NULL, '2015-06-15', '01:51:50 AM'),
(313, 7, 1, 1, 82, 313, 5, 71, 23, 25, 2, 9, 10, 250, 280, NULL, 'Load', 20, 'Active', NULL, '2015-06-15', '01:53:03 AM'),
(314, 7, 1, 1, 222, 314, 5, 71, 23, 23, 2, 5, 10, 230, 281, NULL, 'Load', 20, 'Active', NULL, '2015-06-15', '01:56:16 AM'),
(315, 7, 1, 1, 123, 315, 5, 71, 23, 9, 2, 5, 10, 90, 282, NULL, 'Load', 20, 'Active', NULL, '2015-06-15', '01:57:55 AM'),
(316, 7, 1, 1, 123, 316, 5, 71, 23, 6, 2, 9, 10, 60, 283, NULL, 'Load', 20, 'Active', NULL, '2015-06-15', '02:10:12 AM'),
(317, 7, 1, 1, 123, 317, 5, 71, 23, 2, 2, 6, 10, 20, 284, NULL, 'Load', 20, 'Active', NULL, '2015-06-15', '02:11:03 AM'),
(318, 7, 1, 1, 155, 318, 5, 71, 23, 6, 2, 9, 10, 60, 285, NULL, 'Load', 20, 'Active', NULL, '2015-06-15', '02:12:30 AM'),
(319, 7, 1, 1, 223, 319, 5, 71, 23, 2, 2, 6, 10, 20, 286, NULL, 'Load', 20, 'Active', NULL, '2015-06-15', '02:15:20 AM'),
(320, 7, 1, 1, 224, 320, 5, 71, 23, 6, 2, 9, 10, 60, 287, NULL, 'Load', 20, 'Active', NULL, '2015-06-15', '02:20:56 AM'),
(321, 7, 1, 1, 86, 321, 5, 71, 23, 30, 2, 5, 10, 300, 288, NULL, 'Load', 20, 'Active', NULL, '2015-06-15', '02:24:25 AM'),
(322, 7, 1, 1, 86, 322, 5, 71, 23, 3, 2, 3, 10, 30, 289, NULL, 'Load', 20, 'Active', NULL, '2015-06-15', '02:25:13 AM'),
(323, 7, 1, 1, 224, 323, 5, 71, 23, 4, 2, 6, 10, 40, 290, NULL, 'Load', 20, 'Active', NULL, '2015-06-15', '02:27:28 AM'),
(324, 7, 1, 1, 162, 324, 5, 71, 23, 5, 2, 5, 10, 50, 291, NULL, 'Load', 20, 'Active', NULL, '2015-06-15', '02:28:48 AM'),
(325, 7, 1, 1, 84, 325, 5, 71, 23, 3, 2, 5, 10, 30, 292, NULL, 'Load', 20, 'Active', NULL, '2015-06-15', '02:29:57 AM'),
(326, 7, 1, 1, 80, 326, 5, 71, 23, 2, 2, 9, 10, 20, 293, NULL, 'Load', 20, 'Active', NULL, '2015-06-15', '02:30:47 AM'),
(327, 7, 1, 1, 225, 327, 5, 71, 23, 12, 2, 5, 10, 120, 294, NULL, 'Load', 20, 'Active', NULL, '2015-06-15', '02:34:20 AM'),
(328, 7, 1, 1, 155, 328, 5, 71, 23, 6, 2, 6, 10, 60, 295, NULL, 'Load', 20, 'Active', NULL, '2015-06-15', '02:40:33 AM'),
(329, 7, 1, 1, 155, 329, 5, 71, 23, 17, 2, 5, 10, 170, 296, NULL, 'Load', 20, 'Active', NULL, '2015-06-15', '02:41:23 AM'),
(330, 7, 1, 1, 155, 330, 5, 71, 23, 94, 2, 5, 10, 940, 297, NULL, 'Load', 20, 'Active', NULL, '2015-06-15', '02:42:12 AM'),
(331, 7, 1, 1, 155, 331, 5, 71, 23, 86, 2, 9, 10, 860, 298, NULL, 'Load', 20, 'Active', NULL, '2015-06-15', '02:43:01 AM'),
(332, 7, 1, 1, 116, 332, 5, 71, 23, 2, 2, 3, 10, 20, 299, NULL, 'Load', 20, 'Active', NULL, '2015-06-15', '02:49:54 AM'),
(333, 7, 1, 1, 226, 333, 5, 71, 23, 2, 2, 5, 10, 20, 300, NULL, 'Load', 20, 'Active', NULL, '2015-06-15', '02:52:34 AM'),
(334, 7, 1, 1, 227, 334, 5, 71, 23, 1, 2, 5, 10, 10, 301, NULL, 'Load', 20, 'Active', NULL, '2015-06-15', '02:59:10 AM'),
(335, 7, 1, 1, 228, 335, 5, 71, 23, 7, 2, 5, 10, 70, 302, NULL, 'Load', 20, 'Active', NULL, '2015-06-15', '06:33:04 AM'),
(336, 7, 1, 1, 229, 336, 5, 71, 23, 10, 2, 6, 10, 100, 303, NULL, 'Load', 20, 'Active', NULL, '2015-06-15', '06:35:59 AM'),
(337, 7, 1, 1, 230, 337, 5, 71, 23, 11, 2, 9, 10, 110, 304, NULL, 'Load', 20, 'Active', NULL, '2015-06-15', '06:38:54 AM'),
(338, 7, 1, 1, 224, 338, 5, 71, 23, 3, 2, 6, 10, 30, 305, NULL, 'Load', 20, 'Active', NULL, '2015-06-15', '06:40:00 AM'),
(339, 7, 1, 1, 231, 339, 5, 71, 23, 1, 2, 5, 10, 10, 306, NULL, 'Load', 20, 'Active', NULL, '2015-06-15', '06:44:07 AM'),
(340, 7, 1, 1, 232, 340, 5, 71, 23, 4, 2, 9, 10, 40, 307, NULL, 'Load', 20, 'Active', NULL, '2015-06-15', '06:58:12 AM'),
(341, 7, 1, 1, 115, 341, 5, 71, 23, 1, 2, 9, 10, 10, 308, NULL, 'Load', 20, 'Active', NULL, '2015-06-16', '02:53:49 AM'),
(342, 7, 1, 1, 233, 342, 5, 71, 23, 1, 2, 3, 10, 10, 309, NULL, 'Load', 20, 'Active', NULL, '2015-06-16', '02:58:31 AM'),
(343, 7, 1, 1, 234, 343, 5, 71, 23, 1, 2, 2, 10, 10, 310, NULL, 'Load', 20, 'Active', NULL, '2015-06-16', '03:00:54 AM'),
(344, 7, 1, 1, 235, 344, 5, 71, 23, 3, 2, 3, 10, 30, 311, NULL, 'Load', 20, 'Active', NULL, '2015-06-16', '03:03:52 AM'),
(345, 7, 1, 1, 235, 345, 5, 71, 23, 3, 2, 3, 10, 30, 312, NULL, 'Load', 20, 'Active', NULL, '2015-06-16', '03:05:19 AM'),
(346, 7, 1, 1, 235, 346, 5, 71, 23, 5, 2, 3, 10, 50, 313, NULL, 'Load', 20, 'Active', NULL, '2015-06-16', '03:06:30 AM'),
(347, 7, 1, 1, 235, 347, 5, 71, 23, 2, 2, 3, 10, 20, 314, NULL, 'Load', 20, 'Active', NULL, '2015-06-16', '03:07:19 AM'),
(348, 7, 1, 1, 155, 348, 5, 71, 23, 12, 2, 6, 10, 120, 315, NULL, 'Load', 20, 'Active', NULL, '2015-06-16', '03:08:05 AM'),
(349, 7, 1, 1, 155, 349, 5, 71, 23, 9, 2, 6, 10, 90, 316, NULL, 'Load', 20, 'Active', NULL, '2015-06-16', '03:08:58 AM'),
(350, 7, 1, 1, 155, 350, 5, 71, 23, 4, 2, 5, 10, 40, 317, NULL, 'Load', 20, 'Active', NULL, '2015-06-16', '04:30:34 AM'),
(351, 7, 1, 1, 236, 351, 5, 71, 23, 4, 2, 2, 10, 40, 318, NULL, 'Load', 20, 'Active', NULL, '2015-06-16', '04:35:44 AM'),
(352, 7, 1, 1, 238, 352, 5, 71, 23, 4, 2, 6, 10, 40, 319, NULL, 'Load', 20, 'Active', NULL, '2015-06-16', '05:03:57 AM'),
(353, 7, 1, 1, 239, 353, 5, 71, 23, 9, 2, 9, 10, 90, 320, NULL, 'Load', 20, 'Active', NULL, '2015-06-16', '05:07:45 AM'),
(354, 7, 1, 1, 240, 354, 5, 71, 23, 3, 2, 5, 10, 30, 321, NULL, 'Load', 20, 'Active', NULL, '2015-06-16', '05:12:51 AM'),
(355, 7, 1, 1, 241, 355, 5, 71, 23, 2, 2, 3, 10, 20, 322, NULL, 'Load', 20, 'Active', NULL, '2015-06-16', '05:20:55 AM'),
(356, 7, 1, 1, 242, 356, 5, 71, 23, 5, 2, 5, 10, 50, 323, NULL, 'Load', 20, 'Active', NULL, '2015-06-16', '05:23:46 AM'),
(357, 7, 1, 1, 243, 357, 5, 71, 23, 6, 2, 2, 10, 60, 324, NULL, 'Load', 20, 'Active', NULL, '2015-06-16', '05:32:37 AM'),
(358, 7, 1, 1, 244, 358, 5, 71, 23, 1, 2, 6, 10, 10, 325, NULL, 'Load', 20, 'Active', NULL, '2015-06-16', '05:35:50 AM'),
(359, 7, 1, 1, 245, 359, 5, 71, 23, 2, 2, 6, 10, 20, 326, NULL, 'Load', 20, 'Active', NULL, '2015-06-16', '05:39:37 AM'),
(360, 7, 1, 1, 155, 360, 5, 71, 23, 9, 2, 5, 10, 90, 327, NULL, 'Load', 20, 'Active', NULL, '2015-06-16', '05:40:37 AM'),
(361, 7, 1, 1, 246, 361, 5, 71, 23, 2, 2, 9, 10, 20, 328, NULL, 'Load', 20, 'Active', NULL, '2015-06-16', '05:43:20 AM'),
(362, 7, 1, 1, 247, 362, 5, 71, 23, 4, 2, 6, 10, 40, 329, NULL, 'Load', 20, 'Active', NULL, '2015-06-16', '05:53:46 AM'),
(363, 7, 1, 1, 248, 363, 5, 71, 23, 2, 2, 5, 10, 20, 330, NULL, 'Load', 20, 'Active', NULL, '2015-06-16', '05:59:18 AM'),
(364, 7, 1, 1, 249, 364, 5, 71, 23, 3, 2, 3, 10, 30, 331, NULL, 'Load', 20, 'Active', NULL, '2015-06-16', '06:03:10 AM'),
(365, 7, 1, 1, 250, 365, 5, 71, 23, 3, 2, 3, 10, 30, 332, NULL, 'Load', 20, 'Active', NULL, '2015-06-16', '06:06:14 AM'),
(366, 7, 1, 1, 251, 366, 5, 71, 23, 2, 2, 3, 10, 20, 333, NULL, 'Load', 20, 'Active', NULL, '2015-06-16', '06:08:22 AM'),
(367, 7, 1, 1, 252, 367, 5, 71, 23, 150, 2, 9, 10, 1500, 334, NULL, 'Load', 20, 'Active', NULL, '2015-06-16', '06:11:34 AM'),
(368, 7, 1, 1, 253, 368, 5, 71, 23, 4, 2, 3, 10, 40, 335, NULL, 'Load', 20, 'Active', NULL, '2015-06-16', '06:14:30 AM'),
(369, 7, 1, 1, 254, 369, 5, 71, 23, 16, 2, 6, 10, 160, 336, NULL, 'Load', 20, 'Active', NULL, '2015-06-16', '06:39:55 AM'),
(370, 7, 1, 1, 255, 370, 5, 71, 23, 6, 2, 5, 10, 60, 337, NULL, 'Load', 20, 'Active', NULL, '2015-06-16', '06:43:27 AM'),
(371, 7, 1, 1, 256, 371, 5, 71, 23, 5, 2, 9, 10, 50, 338, NULL, 'Load', 20, 'Active', NULL, '2015-06-16', '06:48:38 AM'),
(372, 7, 1, 1, 129, 372, 5, 71, 23, 30, 2, 9, 10, 300, 339, NULL, 'Load', 20, 'Active', NULL, '2015-06-16', '07:03:00 AM'),
(373, 7, 1, 1, 257, 373, 5, 71, 23, 13, 2, 6, 10, 130, 340, NULL, 'Load', 20, 'Active', NULL, '2015-06-16', '07:07:15 AM'),
(374, 7, 1, 1, 258, 374, 5, 71, 23, 19, 2, 9, 10, 190, 341, NULL, 'Load', 20, 'Active', NULL, '2015-06-16', '07:12:17 AM'),
(375, 7, 1, 1, 259, 375, 5, 71, 23, 14, 2, 6, 10, 140, 342, NULL, 'Load', 20, 'Active', NULL, '2015-06-16', '07:18:39 AM'),
(376, 7, 1, 1, 260, 376, 5, 71, 23, 9, 2, 6, 10, 90, 343, NULL, 'Load', 20, 'Active', NULL, '2015-06-16', '07:22:05 AM'),
(377, 7, 1, 1, 260, 377, 5, 71, 23, 30, 2, 9, 10, 300, 344, NULL, 'Load', 20, 'Active', NULL, '2015-06-16', '07:23:16 AM'),
(378, 7, 1, 1, 260, 378, 5, 71, 23, 19, 2, 9, 10, 190, 345, NULL, 'Load', 20, 'Active', NULL, '2015-06-16', '07:24:06 AM'),
(379, 7, 1, 1, 260, 379, 5, 71, 23, 12, 2, 7, 10, 120, 346, NULL, 'Load', 20, 'Active', NULL, '2015-06-16', '07:25:01 AM'),
(380, 7, 1, 1, 260, 380, 5, 71, 23, 9, 2, 9, 10, 90, 347, NULL, 'Load', 20, 'Active', NULL, '2015-06-16', '07:26:03 AM'),
(381, 7, 1, 1, 260, 381, 5, 71, 23, 10, 2, 9, 10, 100, 348, NULL, 'Load', 20, 'Active', NULL, '2015-06-16', '07:27:01 AM'),
(382, 7, 1, 1, 260, 382, 5, 71, 23, 10, 2, 6, 10, 100, 349, NULL, 'Load', 20, 'Active', NULL, '2015-06-16', '07:27:52 AM'),
(383, 7, 1, 1, 260, 383, 5, 71, 23, 8, 2, 6, 10, 80, 350, NULL, 'Load', 20, 'Active', NULL, '2015-06-16', '07:29:00 AM'),
(384, 7, 1, 1, 224, 384, 5, 71, 23, 5, 2, 6, 10, 50, 351, NULL, 'Load', 20, 'Active', NULL, '2015-06-16', '07:29:58 AM'),
(385, 7, 1, 1, 252, 385, 5, 71, 31, 150, 2, 9, 10, 1500, 352, NULL, 'Load', 20, 'Active', NULL, '2015-06-16', '07:31:14 AM'),
(386, 7, 1, 1, 261, 386, 5, 71, 23, 4, 2, 6, 10, 40, 353, NULL, 'Load', 20, 'Active', NULL, '2015-06-16', '07:37:31 AM'),
(387, 7, 1, 1, 262, 387, 5, 71, 23, 1, 2, 6, 10, 10, 354, NULL, 'Load', 20, 'Active', NULL, '2015-06-16', '07:39:56 AM'),
(388, 7, 1, 1, 263, 388, 5, 71, 23, 1, 2, 3, 10, 10, 355, NULL, 'Load', 20, 'Active', NULL, '2015-06-17', '04:55:46 AM'),
(389, 7, 1, 1, 264, 389, 5, 71, 23, 5, 2, 9, 10, 50, 356, NULL, 'Load', 20, 'Active', NULL, '2015-06-17', '05:03:24 AM'),
(390, 7, 1, 1, 265, 390, 5, 71, 23, 4, 2, 5, 10, 40, 357, NULL, 'Load', 20, 'Active', NULL, '2015-06-17', '05:05:55 AM'),
(391, 7, 1, 1, 266, 391, 5, 71, 23, 5, 2, 5, 10, 50, 358, NULL, 'Load', 20, 'Active', NULL, '2015-06-17', '05:16:21 AM'),
(392, 7, 1, 1, 82, 392, 5, 71, 23, 10, 2, 3, 10, 100, 359, NULL, 'Load', 20, 'Active', NULL, '2015-06-17', '05:17:23 AM'),
(393, 7, 1, 1, 82, 393, 5, 71, 23, 20, 2, 9, 10, 200, 360, NULL, 'Load', 20, 'Active', NULL, '2015-06-17', '05:18:32 AM'),
(394, 7, 1, 1, 82, 394, 5, 71, 23, 28, 2, 9, 10, 280, 361, NULL, 'Load', 20, 'Active', NULL, '2015-06-17', '05:19:18 AM'),
(395, 7, 1, 1, 174, 395, 5, 71, 31, 116, 2, 10, 10, 1160, 362, NULL, 'Load', 20, 'Active', NULL, '2015-06-17', '05:23:32 AM'),
(396, 7, 1, 1, 267, 396, 5, 71, 31, 89, 2, 9, 10, 890, 363, NULL, 'Load', 20, 'Active', NULL, '2015-06-17', '05:35:21 AM'),
(397, 7, 1, 1, 267, 397, 5, 71, 23, 30, 2, 10, 10, 300, 364, NULL, 'Load', 20, 'Active', NULL, '2015-06-17', '05:36:51 AM'),
(398, 7, 1, 1, 110, 398, 5, 71, 23, 85, 2, 9, 10, 850, 365, NULL, 'Load', 20, 'Active', NULL, '2015-06-17', '05:42:45 AM'),
(399, 7, 1, 1, 110, 399, 5, 71, 23, 100, 2, 9, 10, 1000, 366, NULL, 'Load', 20, 'Active', NULL, '2015-06-17', '05:43:50 AM'),
(400, 7, 1, 1, 167, 400, 5, 71, 23, 50, 2, 9, 10, 500, 367, NULL, 'Load', 20, 'Active', NULL, '2015-06-17', '05:46:54 AM'),
(401, 7, 1, 1, 167, 401, 5, 71, 23, 50, 2, 9, 10, 500, 368, NULL, 'Load', 20, 'Active', NULL, '2015-06-17', '05:47:54 AM'),
(402, 7, 1, 1, 167, 402, 5, 71, 23, 86, 2, 8, 10, 860, 369, NULL, 'Load', 20, 'Active', NULL, '2015-06-17', '05:49:08 AM'),
(403, 7, 1, 1, 252, 403, 5, 71, 31, 150, 2, 8, 10, 1500, 370, NULL, 'Load', 20, 'Active', NULL, '2015-06-17', '06:04:54 AM'),
(404, 7, 1, 1, 268, 404, 5, 71, 23, 130, 2, 9, 10, 1300, 371, NULL, 'Load', 20, 'Active', NULL, '2015-06-17', '06:11:54 AM'),
(405, 7, 1, 1, 268, 405, 5, 71, 23, 50, 2, 9, 10, 500, 372, NULL, 'Load', 20, 'Active', NULL, '2015-06-17', '06:12:45 AM'),
(406, 7, 1, 1, 269, 406, 5, 71, 23, 5, 2, 6, 10, 50, 373, NULL, 'Load', 20, 'Active', NULL, '2015-06-18', '04:48:38 AM'),
(407, 7, 1, 1, 270, 407, 5, 71, 23, 2, 2, 6, 10, 20, 374, NULL, 'Load', 20, 'Active', NULL, '2015-06-18', '04:51:42 AM'),
(408, 7, 1, 1, 271, 408, 5, 71, 23, 8, 2, 9, 10, 80, 375, NULL, 'Load', 20, 'Active', NULL, '2015-06-18', '04:55:34 AM'),
(409, 7, 1, 1, 272, 409, 5, 71, 23, 4, 2, 4, 10, 40, 376, NULL, 'Load', 20, 'Active', NULL, '2015-06-18', '04:58:10 AM'),
(410, 7, 1, 1, 273, 410, 5, 71, 23, 13, 2, 9, 10, 130, 377, NULL, 'Load', 20, 'Active', NULL, '2015-06-18', '05:16:00 AM'),
(411, 7, 1, 1, 274, 411, 5, 71, 23, 8, 2, 6, 10, 80, 378, NULL, 'Load', 20, 'Active', NULL, '2015-06-18', '05:24:10 AM'),
(412, 7, 1, 1, 274, 412, 5, 71, 23, 8, 2, 5, 10, 80, 379, NULL, 'Load', 20, 'Active', NULL, '2015-06-18', '05:25:38 AM'),
(413, 7, 1, 1, 275, 413, 5, 71, 23, 5, 2, 5, 10, 50, 380, NULL, 'Load', 20, 'Active', NULL, '2015-06-18', '05:32:57 AM'),
(414, 7, 1, 1, 194, 414, 5, 71, 23, 2, 2, 2, 10, 20, 381, NULL, 'Load', 20, 'Active', NULL, '2015-06-18', '05:34:27 AM'),
(415, 7, 1, 1, 276, 415, 5, 71, 23, 2, 2, 2, 10, 20, 382, NULL, 'Load', 20, 'Active', NULL, '2015-06-18', '05:37:36 AM'),
(416, 7, 1, 1, 259, 416, 5, 71, 23, 19, 2, 6, 10, 190, 383, NULL, 'Load', 20, 'Active', NULL, '2015-06-18', '05:38:26 AM'),
(417, 7, 1, 1, 277, 417, 5, 71, 23, 5, 2, 6, 10, 50, 384, NULL, 'Load', 20, 'Active', NULL, '2015-06-18', '05:40:38 AM'),
(418, 7, 1, 1, 278, 418, 5, 71, 23, 3, 2, 6, 10, 30, 385, NULL, 'Load', 20, 'Active', NULL, '2015-06-18', '05:43:02 AM'),
(419, 7, 1, 1, 279, 419, 5, 71, 23, 4, 2, 6, 10, 40, 386, NULL, 'Load', 20, 'Active', NULL, '2015-06-18', '05:45:41 AM'),
(420, 7, 1, 1, 280, 420, 5, 71, 23, 6, 2, 9, 10, 60, 387, NULL, 'Load', 20, 'Active', NULL, '2015-06-18', '05:48:46 AM'),
(421, 7, 1, 1, 68, 421, 5, 71, 23, 2, 2, 6, 10, 20, 388, NULL, 'Load', 20, 'Active', NULL, '2015-06-18', '05:51:45 AM'),
(422, 7, 1, 1, 281, 422, 5, 71, 23, 3, 2, 9, 10, 30, 389, NULL, 'Load', 20, 'Active', NULL, '2015-06-18', '05:54:13 AM'),
(423, 7, 1, 1, 282, 423, 5, 71, 23, 4, 2, 6, 10, 40, 390, NULL, 'Load', 20, 'Active', NULL, '2015-06-18', '05:57:07 AM'),
(424, 7, 1, 1, 283, 424, 5, 71, 23, 17, 2, 9, 10, 170, 391, NULL, 'Load', 20, 'Active', NULL, '2015-06-18', '05:59:31 AM'),
(425, 7, 1, 1, 284, 425, 5, 71, 23, 6, 2, 6, 10, 60, 392, NULL, 'Load', 20, 'Active', NULL, '2015-06-18', '06:03:10 AM'),
(426, 7, 1, 1, 285, 426, 5, 71, 23, 4, 2, 9, 10, 40, 393, NULL, 'Load', 20, 'Active', NULL, '2015-06-18', '06:05:59 AM'),
(427, 7, 1, 1, 286, 427, 5, 71, 23, 4, 2, 9, 10, 40, 394, NULL, 'Load', 20, 'Active', NULL, '2015-06-18', '06:08:48 AM'),
(428, 7, 1, 1, 287, 428, 5, 71, 23, 14, 2, 6, 10, 140, 395, NULL, 'Load', 20, 'Active', NULL, '2015-06-18', '06:11:48 AM'),
(429, 7, 1, 1, 155, 429, 5, 71, 23, 7, 2, 6, 10, 70, 396, NULL, 'Load', 20, 'Active', NULL, '2015-06-18', '06:12:38 AM'),
(430, 7, 1, 1, 155, 430, 5, 71, 23, 6, 2, 6, 10, 60, 397, NULL, 'Load', 20, 'Active', NULL, '2015-06-18', '06:13:25 AM'),
(431, 7, 1, 1, 155, 431, 5, 71, 23, 13, 2, 9, 10, 130, 398, NULL, 'Load', 20, 'Active', NULL, '2015-06-18', '06:14:12 AM'),
(432, 7, 1, 1, 90, 432, 5, 71, 23, 2, 2, 6, 10, 20, 399, NULL, 'Load', 20, 'Active', NULL, '2015-06-18', '06:15:27 AM'),
(433, 7, 1, 1, 225, 433, 5, 71, 23, 13, 2, 6, 10, 130, 400, NULL, 'Load', 20, 'Active', NULL, '2015-06-18', '06:16:17 AM'),
(434, 7, 1, 1, 86, 434, 5, 71, 23, 3, 2, 9, 10, 30, 401, NULL, 'Load', 20, 'Active', NULL, '2015-06-18', '06:17:18 AM'),
(435, 7, 1, 1, 129, 435, 5, 71, 23, 11, 2, 6, 10, 110, 402, NULL, 'Load', 20, 'Active', NULL, '2015-06-18', '06:18:58 AM'),
(436, 7, 1, 1, 224, 436, 5, 71, 23, 28, 2, 9, 10, 280, 403, NULL, 'Load', 20, 'Active', NULL, '2015-06-18', '06:21:10 AM'),
(437, 7, 1, 1, 224, 437, 5, 71, 23, 3, 2, 3, 10, 30, 404, NULL, 'Load', 20, 'Active', NULL, '2015-06-18', '06:21:57 AM'),
(438, 7, 1, 1, 288, 438, 5, 71, 23, 8, 2, 8, 10, 80, 405, NULL, 'Load', 20, 'Active', NULL, '2015-06-18', '06:24:31 AM'),
(439, 7, 1, 1, 289, 439, 5, 71, 23, 13, 2, 9, 10, 130, 406, NULL, 'Load', 20, 'Active', NULL, '2015-06-18', '06:31:17 AM'),
(440, 7, 1, 1, 144, 440, 5, 71, 23, 10, 2, 6, 10, 100, 407, NULL, 'Load', 20, 'Active', NULL, '2015-06-18', '06:32:44 AM'),
(441, 7, 1, 1, 172, 441, 5, 71, 23, 23, 2, 6, 10, 230, 408, NULL, 'Load', 20, 'Active', NULL, '2015-06-18', '06:33:53 AM'),
(442, 7, 1, 1, 290, 442, 5, 71, 23, 40, 2, 6, 10, 400, 409, NULL, 'Load', 20, 'Active', NULL, '2015-06-19', '05:05:26 AM'),
(443, 7, 1, 1, 291, 443, 5, 71, 23, 2, 2, 2, 10, 20, 410, NULL, 'Load', 20, 'Active', NULL, '2015-06-19', '05:10:31 AM'),
(444, 7, 1, 1, 292, 444, 5, 71, 23, 3, 2, 3, 10, 30, 411, NULL, 'Load', 20, 'Active', NULL, '2015-06-19', '05:14:30 AM'),
(445, 7, 1, 1, 293, 445, 5, 71, 23, 100, 2, 10, 10, 1000, 412, NULL, 'Load', 20, 'Active', NULL, '2015-06-19', '05:23:35 AM'),
(446, 7, 1, 1, 293, 446, 5, 71, 23, 100, 2, 10, 10, 1000, 413, NULL, 'Load', 20, 'Active', NULL, '2015-06-19', '05:24:40 AM'),
(447, 7, 1, 1, 293, 447, 5, 71, 23, 128, 2, 10, 10, 1280, 414, NULL, 'Load', 20, 'Active', NULL, '2015-06-19', '05:25:33 AM'),
(448, 7, 1, 1, 293, 448, 5, 71, 23, 23, 2, 9, 10, 230, 415, NULL, 'Load', 20, 'Active', NULL, '2015-06-19', '05:26:43 AM'),
(449, 7, 1, 1, 82, 449, 5, 71, 23, 10, 2, 9, 10, 100, 416, NULL, 'Load', 20, 'Active', NULL, '2015-06-19', '05:27:44 AM'),
(450, 7, 1, 1, 82, 450, 5, 71, 23, 26, 2, 9, 10, 260, 417, NULL, 'Load', 20, 'Active', NULL, '2015-06-19', '05:28:57 AM'),
(451, 7, 1, 1, 224, 451, 5, 71, 23, 3, 2, 3, 10, 30, 418, NULL, 'Load', 20, 'Active', NULL, '2015-06-19', '05:29:54 AM'),
(452, 7, 1, 1, 294, 452, 5, 71, 23, 5, 2, 5, 10, 50, 419, NULL, 'Load', 20, 'Active', NULL, '2015-06-19', '05:33:37 AM'),
(453, 7, 1, 1, 155, 453, 5, 71, 23, 12, 2, 6, 10, 120, 420, NULL, 'Load', 20, 'Active', NULL, '2015-06-19', '05:35:22 AM'),
(454, 7, 1, 1, 295, 454, 5, 71, 23, 5, 2, 5, 10, 50, 421, NULL, 'Load', 20, 'Active', NULL, '2015-06-19', '05:39:00 AM'),
(455, 7, 1, 1, 123, 455, 5, 71, 23, 3, 2, 3, 10, 30, 422, NULL, 'Load', 20, 'Active', NULL, '2015-06-19', '05:40:01 AM'),
(456, 7, 1, 1, 296, 456, 5, 71, 23, 1, 2, 2, 10, 10, 423, NULL, 'Load', 20, 'Active', NULL, '2015-06-19', '05:43:12 AM'),
(457, 7, 1, 1, 297, 457, 5, 71, 23, 4, 2, 5, 10, 40, 424, NULL, 'Load', 20, 'Active', NULL, '2015-06-19', '05:46:24 AM'),
(458, 7, 1, 1, 108, 458, 5, 71, 23, 30, 2, 5, 10, 300, 425, NULL, 'Load', 20, 'Active', NULL, '2015-06-19', '05:47:45 AM'),
(459, 7, 1, 1, 83, 459, 5, 71, 31, 128, 2, 10, 10, 1280, 426, NULL, 'Load', 20, 'Active', NULL, '2015-06-19', '05:50:21 AM'),
(460, 7, 1, 1, 298, 460, 5, 71, 23, 200, 2, 10, 10, 2000, 427, NULL, 'Load', 20, 'Active', NULL, '2015-06-19', '05:54:56 AM'),
(461, 7, 1, 1, 110, 461, 5, 71, 23, 100, 2, 10, 10, 1000, 428, NULL, 'Load', 20, 'Active', NULL, '2015-06-19', '05:56:23 AM'),
(462, 7, 1, 1, 110, 462, 5, 71, 23, 85, 2, 10, 10, 850, 429, NULL, 'Load', 20, 'Active', NULL, '2015-06-19', '05:57:24 AM'),
(463, 7, 1, 1, 171, 463, 5, 71, 23, 110, 2, 10, 10, 1100, 430, NULL, 'Load', 20, 'Active', NULL, '2015-06-19', '05:58:21 AM'),
(464, 7, 1, 1, 267, 464, 5, 71, 31, 132, 2, 10, 10, 1320, 431, NULL, 'Load', 20, 'Active', NULL, '2015-06-19', '05:59:25 AM'),
(465, 7, 1, 1, 267, 465, 5, 71, 23, 58, 2, 10, 10, 580, 432, NULL, 'Load', 20, 'Active', NULL, '2015-06-19', '06:00:25 AM'),
(466, 7, 1, 1, 299, 466, 5, 71, 23, 9, 2, 3, 10, 90, 433, NULL, 'Load', 20, 'Active', NULL, '2015-06-19', '06:03:18 AM'),
(467, 7, 1, 1, 300, 467, 5, 71, 23, 9, 2, 6, 10, 90, 434, NULL, 'Load', 20, 'Active', NULL, '2015-06-19', '06:09:12 AM'),
(468, 7, 1, 1, 76, 468, 5, 71, 23, 6, 2, 6, 10, 60, 435, NULL, 'Load', 20, 'Active', NULL, '2015-06-19', '06:12:07 AM'),
(469, 7, 1, 1, 76, 469, 5, 71, 23, 5, 2, 2, 10, 50, 436, NULL, 'Load', 20, 'Active', NULL, '2015-06-19', '06:13:06 AM'),
(470, 7, 1, 1, 301, 470, 5, 71, 23, 5, 2, 5, 10, 50, 437, NULL, 'Load', 20, 'Active', NULL, '2015-06-19', '06:22:37 AM'),
(471, 7, 1, 1, 301, 471, 5, 71, 23, 4, 2, 5, 10, 40, 438, NULL, 'Load', 20, 'Active', NULL, '2015-06-19', '06:23:34 AM'),
(472, 7, 1, 1, 302, 472, 5, 71, 23, 4, 2, 4, 10, 40, 439, NULL, 'Load', 20, 'Active', NULL, '2015-06-19', '06:26:42 AM'),
(473, 7, 1, 1, 69, 473, 5, 71, 23, 2, 2, 2, 10, 20, 440, NULL, 'Load', 20, 'Active', NULL, '2015-06-19', '06:29:14 AM'),
(474, 7, 1, 1, 106, 474, 5, 71, 23, 8, 2, 8, 10, 80, 441, NULL, 'Load', 20, 'Active', NULL, '2015-06-19', '06:30:57 AM'),
(475, 7, 1, 1, 303, 475, 5, 71, 23, 3, 2, 3, 10, 30, 442, NULL, 'Load', 20, 'Active', NULL, '2015-06-19', '06:35:06 AM'),
(476, 7, 1, 1, 304, 476, 5, 71, 23, 4, 2, 4, 10, 40, 443, NULL, 'Load', 20, 'Active', NULL, '2015-06-19', '06:38:51 AM'),
(477, 7, 1, 1, 305, 477, 5, 71, 23, 3, 2, 3, 10, 30, 444, NULL, 'Load', 20, 'Active', NULL, '2015-06-19', '06:41:50 AM'),
(478, 7, 1, 1, 306, 478, 5, 71, 23, 1, 2, 9, 10, 10, 445, NULL, 'Load', 20, 'Active', NULL, '2015-06-20', '00:42:52 AM'),
(479, 7, 1, 1, 149, 479, 5, 71, 23, 4, 2, 6, 10, 40, 446, NULL, 'Load', 20, 'Active', NULL, '2015-06-20', '00:44:04 AM'),
(480, 7, 1, 1, 307, 480, 5, 71, 23, 10, 2, 6, 10, 100, 447, NULL, 'Load', 20, 'Active', NULL, '2015-06-20', '00:46:27 AM'),
(481, 7, 1, 1, 308, 481, 5, 71, 23, 11, 2, 9, 10, 110, 448, NULL, 'Load', 20, 'Active', NULL, '2015-06-20', '00:51:40 AM'),
(482, 7, 1, 1, 309, 482, 5, 71, 23, 6, 2, 6, 10, 60, 449, NULL, 'Load', 20, 'Active', NULL, '2015-06-20', '00:57:18 AM'),
(483, 7, 1, 1, 310, 483, 5, 71, 23, 2, 2, 6, 10, 20, 450, NULL, 'Load', 20, 'Active', NULL, '2015-06-20', '00:59:36 AM'),
(484, 7, 1, 1, 311, 484, 5, 71, 23, 2, 2, 5, 10, 20, 451, NULL, 'Load', 20, 'Active', NULL, '2015-06-20', '01:03:12 AM'),
(485, 7, 1, 1, 312, 485, 5, 71, 23, 2, 2, 3, 10, 20, 452, NULL, 'Load', 20, 'Active', NULL, '2015-06-20', '01:17:38 AM'),
(486, 7, 1, 1, 313, 486, 5, 71, 23, 6, 2, 6, 10, 60, 453, NULL, 'Load', 20, 'Active', NULL, '2015-06-20', '01:20:17 AM'),
(487, 7, 1, 1, 314, 487, 5, 71, 23, 7, 2, 9, 10, 70, 454, NULL, 'Load', 20, 'Active', NULL, '2015-06-20', '01:22:34 AM'),
(488, 7, 1, 1, 315, 488, 5, 71, 23, 4, 2, 6, 10, 40, 455, NULL, 'Load', 20, 'Active', NULL, '2015-06-20', '01:24:56 AM'),
(489, 7, 1, 1, 305, 489, 5, 71, 23, 3, 2, 3, 10, 30, 456, NULL, 'Load', 20, 'Active', NULL, '2015-06-20', '01:25:44 AM'),
(490, 7, 1, 1, 316, 490, 5, 71, 23, 2, 2, 6, 10, 20, 457, NULL, 'Load', 20, 'Active', NULL, '2015-06-20', '01:28:11 AM'),
(491, 7, 1, 1, 317, 491, 5, 71, 23, 7, 2, 3, 10, 70, 458, NULL, 'Load', 20, 'Active', NULL, '2015-06-20', '01:30:41 AM'),
(492, 7, 1, 1, 318, 492, 5, 71, 23, 2, 2, 9, 10, 20, 459, NULL, 'Load', 20, 'Active', NULL, '2015-06-20', '01:33:34 AM'),
(493, 7, 1, 1, 319, 493, 5, 71, 23, 1, 2, 9, 10, 10, 460, NULL, 'Load', 20, 'Active', NULL, '2015-06-20', '01:36:02 AM'),
(494, 7, 1, 1, 320, 494, 5, 71, 23, 3, 2, 2, 10, 30, 461, NULL, 'Load', 20, 'Active', NULL, '2015-06-20', '01:43:38 AM'),
(495, 7, 1, 1, 321, 495, 5, 71, 23, 8, 2, 9, 10, 80, 462, NULL, 'Load', 20, 'Active', NULL, '2015-06-20', '01:45:50 AM'),
(496, 7, 1, 1, 322, 496, 5, 71, 23, 6, 2, 6, 10, 60, 463, NULL, 'Load', 20, 'Active', NULL, '2015-06-20', '01:48:20 AM'),
(497, 7, 1, 1, 323, 497, 5, 71, 23, 5, 2, 9, 10, 50, 464, NULL, 'Load', 20, 'Active', NULL, '2015-06-20', '01:54:58 AM'),
(498, 7, 1, 1, 324, 498, 5, 71, 23, 5, 2, 5, 10, 50, 465, NULL, 'Load', 20, 'Active', NULL, '2015-06-20', '01:57:44 AM'),
(499, 7, 1, 1, 325, 499, 5, 71, 23, 1, 2, 3, 10, 10, 466, NULL, 'Load', 20, 'Active', NULL, '2015-06-20', '02:00:30 AM'),
(500, 7, 1, 1, 129, 500, 5, 71, 23, 13, 2, 9, 10, 130, 467, NULL, 'Load', 20, 'Active', NULL, '2015-06-20', '02:01:27 AM'),
(501, 7, 1, 1, 326, 501, 5, 71, 23, 1, 2, 9, 10, 10, 468, NULL, 'Load', 20, 'Active', NULL, '2015-06-20', '02:04:33 AM'),
(502, 7, 1, 1, 327, 502, 5, 71, 23, 2, 2, 2, 10, 20, 469, NULL, 'Load', 20, 'Active', NULL, '2015-06-20', '02:08:25 AM'),
(503, 7, 1, 1, 328, 503, 5, 71, 23, 5, 2, 6, 10, 50, 470, NULL, 'Load', 20, 'Active', NULL, '2015-06-20', '02:21:47 AM');
INSERT INTO `fna_labourworkhistory` (`LABWORKHISTID`, `LABOURID`, `PROJECTID`, `SUBPROJECTID`, `PARTYID`, `PRODUCTLOADUNLOADBKDNID`, `PRODCATTYPEID`, `PRODUCTID`, `PACKINGUNITID`, `QUANTITY`, `CHID`, `POCKET`, `BILLAMOUNT`, `TOTBILLAMOUNT`, `RECEIVENUMBER`, `DELIVERYCHALLANNUMBER`, `WORKTYPEFLAG`, `USERID`, `STATUS`, `FLAG`, `ENTDATE`, `ENTTIME`) VALUES
(504, 7, 1, 1, 329, 504, 5, 71, 23, 6, 2, 6, 10, 60, 471, NULL, 'Load', 20, 'Active', NULL, '2015-06-20', '02:26:55 AM'),
(505, 7, 1, 1, 330, 505, 5, 71, 23, 6, 2, 6, 10, 60, 472, NULL, 'Load', 20, 'Active', NULL, '2015-06-20', '02:36:04 AM'),
(506, 7, 1, 1, 144, 506, 5, 71, 23, 10, 2, 9, 10, 100, 473, NULL, 'Load', 20, 'Active', NULL, '2015-06-20', '02:37:25 AM'),
(507, 7, 1, 1, 122, 507, 5, 71, 23, 6, 2, 5, 10, 60, 474, NULL, 'Load', 20, 'Active', NULL, '2015-06-20', '02:38:38 AM'),
(508, 7, 1, 1, 290, 508, 5, 71, 23, 5, 2, 5, 10, 50, 475, NULL, 'Load', 20, 'Active', NULL, '2015-06-20', '02:42:02 AM'),
(509, 7, 1, 1, 290, 509, 5, 71, 23, 5, 2, 9, 10, 50, 476, NULL, 'Load', 20, 'Active', NULL, '2015-06-20', '02:43:05 AM'),
(510, 7, 1, 1, 290, 510, 5, 71, 23, 30, 2, 6, 10, 300, 477, NULL, 'Load', 20, 'Active', NULL, '2015-06-20', '02:43:48 AM'),
(511, 7, 1, 1, 331, 511, 5, 71, 23, 4, 2, 9, 10, 40, 478, NULL, 'Load', 20, 'Active', NULL, '2015-06-20', '02:49:58 AM'),
(512, 7, 1, 1, 332, 512, 5, 71, 23, 3, 2, 6, 10, 30, 479, NULL, 'Load', 20, 'Active', NULL, '2015-06-20', '02:57:04 AM'),
(513, 7, 1, 1, 333, 513, 5, 71, 23, 2, 2, 9, 10, 20, 480, NULL, 'Load', 20, 'Active', NULL, '2015-06-20', '02:59:37 AM'),
(514, 7, 1, 1, 333, 514, 5, 71, 23, 1, 2, 6, 10, 10, 481, NULL, 'Load', 20, 'Active', NULL, '2015-06-20', '03:01:42 AM'),
(515, 7, 1, 1, 334, 515, 5, 71, 23, 3, 2, 3, 10, 30, 482, NULL, 'Load', 20, 'Active', NULL, '2015-06-20', '04:53:39 AM'),
(516, 7, 1, 1, 335, 516, 5, 71, 23, 6, 2, 6, 10, 60, 483, NULL, 'Load', 20, 'Active', NULL, '2015-06-20', '04:55:45 AM'),
(517, 7, 1, 1, 336, 517, 5, 71, 23, 10, 2, 6, 10, 100, 484, NULL, 'Load', 20, 'Active', NULL, '2015-06-20', '04:58:21 AM'),
(518, 7, 1, 1, 123, 518, 5, 71, 23, 9, 2, 9, 10, 90, 485, NULL, 'Load', 20, 'Active', NULL, '2015-06-20', '04:59:06 AM'),
(519, 7, 1, 1, 123, 519, 5, 71, 23, 3, 2, 6, 10, 30, 486, NULL, 'Load', 20, 'Active', NULL, '2015-06-20', '04:59:44 AM'),
(520, 7, 1, 1, 123, 520, 5, 71, 23, 3, 2, 3, 10, 30, 487, NULL, 'Load', 20, 'Active', NULL, '2015-06-20', '05:00:27 AM'),
(521, 7, 1, 1, 123, 521, 5, 71, 23, 2, 2, 2, 10, 20, 488, NULL, 'Load', 20, 'Active', NULL, '2015-06-20', '05:01:07 AM'),
(522, 7, 1, 1, 123, 522, 5, 71, 23, 2, 2, 2, 10, 20, 489, NULL, 'Load', 20, 'Active', NULL, '2015-06-20', '05:02:48 AM'),
(523, 7, 1, 1, 123, 523, 5, 71, 23, 2, 2, 2, 10, 20, 490, NULL, 'Load', 20, 'Active', NULL, '2015-06-20', '05:03:30 AM'),
(524, 7, 1, 1, 337, 524, 5, 71, 23, 5, 2, 9, 10, 50, 491, NULL, 'Load', 20, 'Active', NULL, '2015-06-20', '05:11:33 AM'),
(525, 7, 1, 1, 155, 525, 5, 71, 23, 10, 2, 6, 10, 100, 492, NULL, 'Load', 20, 'Active', NULL, '2015-06-20', '05:12:30 AM'),
(526, 7, 1, 1, 155, 526, 5, 71, 23, 8, 2, 6, 10, 80, 493, NULL, 'Load', 20, 'Active', NULL, '2015-06-20', '05:13:09 AM'),
(527, 7, 1, 1, 155, 527, 5, 71, 23, 9, 2, 6, 10, 90, 494, NULL, 'Load', 20, 'Active', NULL, '2015-06-20', '05:13:50 AM'),
(528, 7, 1, 1, 338, 528, 5, 71, 23, 6, 2, 6, 10, 60, 495, NULL, 'Load', 20, 'Active', NULL, '2015-06-20', '05:18:13 AM'),
(529, 7, 1, 1, 262, 529, 5, 71, 23, 5, 2, 5, 10, 50, 496, NULL, 'Load', 20, 'Active', NULL, '2015-06-20', '05:22:33 AM'),
(530, 7, 1, 1, 340, 530, 5, 71, 23, 2, 2, 9, 10, 20, 497, NULL, 'Load', 20, 'Active', NULL, '2015-06-20', '23:49:30 PM'),
(531, 7, 1, 1, 341, 531, 5, 71, 23, 14, 2, 9, 10, 140, 498, NULL, 'Load', 20, 'Active', NULL, '2015-06-20', '23:55:39 PM'),
(532, 7, 1, 1, 224, 532, 5, 71, 23, 3, 2, 5, 10, 30, 499, NULL, 'Load', 20, 'Active', NULL, '2015-06-20', '23:56:33 PM'),
(533, 7, 1, 1, 167, 533, 5, 71, 23, 30, 2, 5, 10, 300, 500, NULL, 'Load', 20, 'Active', NULL, '2015-06-20', '23:57:28 PM'),
(534, 7, 1, 1, 259, 534, 5, 71, 23, 6, 2, 9, 10, 60, 501, NULL, 'Load', 20, 'Active', NULL, '2015-06-20', '23:58:13 PM'),
(535, 7, 1, 1, 71, 535, 5, 71, 23, 6, 2, 5, 10, 60, 502, NULL, 'Load', 20, 'Active', NULL, '2015-06-20', '23:59:39 PM'),
(536, 7, 1, 1, 225, 536, 5, 71, 23, 7, 2, 9, 10, 70, 503, NULL, 'Load', 20, 'Active', NULL, '2015-06-21', '00:01:06 AM'),
(537, 7, 1, 1, 225, 537, 5, 71, 23, 24, 2, 3, 10, 240, 504, NULL, 'Load', 20, 'Active', NULL, '2015-06-21', '00:02:17 AM'),
(538, 7, 1, 1, 225, 538, 5, 71, 23, 7, 2, 5, 10, 70, 505, NULL, 'Load', 20, 'Active', NULL, '2015-06-21', '00:03:18 AM'),
(539, 7, 1, 1, 342, 539, 5, 71, 23, 41, 2, 5, 10, 410, 506, NULL, 'Load', 20, 'Active', NULL, '2015-06-21', '00:06:10 AM'),
(540, 7, 1, 1, 343, 540, 5, 71, 31, 200, 2, 5, 10, 2000, 507, NULL, 'Load', 20, 'Active', NULL, '2015-06-21', '00:20:08 AM'),
(541, 7, 1, 1, 344, 541, 5, 71, 23, 3, 2, 9, 10, 30, 508, NULL, 'Load', 20, 'Active', NULL, '2015-06-21', '00:26:22 AM'),
(542, 7, 1, 1, 110, 542, 5, 71, 23, 91, 2, 2, 10, 910, 509, NULL, 'Load', 20, 'Active', NULL, '2015-06-21', '00:28:11 AM'),
(543, 7, 1, 1, 110, 543, 5, 71, 23, 100, 2, 5, 10, 1000, 510, NULL, 'Load', 20, 'Active', NULL, '2015-06-21', '00:29:17 AM'),
(544, 7, 1, 1, 343, 544, 5, 71, 31, 200, 2, 6, 10, 2000, 511, NULL, 'Load', 20, 'Active', NULL, '2015-06-21', '00:30:16 AM'),
(545, 7, 1, 1, 345, 545, 5, 71, 23, 211, 2, 5, 10, 2110, 512, NULL, 'Load', 20, 'Active', NULL, '2015-06-21', '00:35:55 AM'),
(546, 7, 1, 1, 345, 546, 5, 71, 23, 210, 2, 910, 10, 2100, 513, NULL, 'Load', 20, 'Active', NULL, '2015-06-21', '00:37:07 AM'),
(547, 7, 1, 1, 345, 547, 5, 71, 23, 109, 2, 56, 10, 1090, 514, NULL, 'Load', 20, 'Active', NULL, '2015-06-21', '00:38:12 AM'),
(548, 7, 1, 1, 346, 548, 5, 71, 23, 21, 2, 9, 10, 210, 515, NULL, 'Load', 20, 'Active', NULL, '2015-06-21', '00:42:24 AM'),
(549, 7, 1, 1, 347, 549, 5, 71, 23, 2, 2, 3, 10, 20, 516, NULL, 'Load', 20, 'Active', NULL, '2015-06-21', '00:45:52 AM'),
(550, 7, 1, 1, 348, 550, 5, 71, 23, 1, 2, 2, 10, 10, 517, NULL, 'Load', 20, 'Active', NULL, '2015-06-21', '01:16:10 AM'),
(551, 7, 1, 1, 349, 551, 5, 71, 23, 2, 2, 9, 10, 20, 518, NULL, 'Load', 20, 'Active', NULL, '2015-06-21', '01:18:01 AM'),
(552, 7, 1, 1, 350, 552, 5, 71, 23, 3, 2, 3, 10, 30, 519, NULL, 'Load', 20, 'Active', NULL, '2015-06-21', '01:20:08 AM'),
(553, 7, 1, 1, 352, 553, 5, 71, 23, 3, 2, 3, 10, 30, 520, NULL, 'Load', 20, 'Active', NULL, '2015-06-21', '01:23:32 AM'),
(554, 7, 1, 1, 352, 554, 5, 71, 23, 2, 2, 9, 10, 20, 521, NULL, 'Load', 20, 'Active', NULL, '2015-06-21', '01:24:15 AM'),
(555, 7, 1, 1, 353, 555, 5, 71, 23, 1, 2, 6, 10, 10, 522, NULL, 'Load', 20, 'Active', NULL, '2015-06-21', '01:53:19 AM'),
(556, 7, 1, 1, 354, 556, 5, 71, 23, 4, 2, 4, 10, 40, 523, NULL, 'Load', 20, 'Active', NULL, '2015-06-21', '01:56:25 AM'),
(557, 7, 1, 1, 355, 557, 5, 71, 23, 3, 2, 3, 10, 30, 524, NULL, 'Load', 20, 'Active', NULL, '2015-06-21', '02:33:26 AM'),
(558, 7, 1, 1, 356, 558, 5, 71, 23, 2, 2, 3, 10, 20, 525, NULL, 'Load', 20, 'Active', NULL, '2015-06-21', '02:35:32 AM'),
(559, 7, 1, 1, 357, 559, 5, 71, 23, 3, 2, 3, 10, 30, 526, NULL, 'Load', 20, 'Active', NULL, '2015-06-21', '02:37:31 AM'),
(560, 7, 1, 1, 358, 560, 5, 71, 23, 5, 2, 5, 10, 50, 527, NULL, 'Load', 20, 'Active', NULL, '2015-06-21', '02:40:54 AM'),
(561, 7, 1, 1, 359, 561, 5, 71, 23, 6, 2, 6, 10, 60, 528, NULL, 'Load', 20, 'Active', NULL, '2015-06-21', '02:43:47 AM'),
(562, 7, 1, 1, 360, 562, 5, 71, 23, 5, 2, 9, 10, 50, 529, NULL, 'Load', 20, 'Active', NULL, '2015-06-21', '02:48:09 AM'),
(563, 7, 1, 1, 361, 563, 5, 71, 23, 2, 2, 3, 10, 20, 530, NULL, 'Load', 20, 'Active', NULL, '2015-06-21', '02:58:56 AM'),
(564, 7, 1, 1, 71, 564, 5, 71, 23, 6, 2, 6, 10, 60, 531, NULL, 'Load', 20, 'Active', NULL, '2015-06-21', '03:00:11 AM'),
(565, 7, 1, 1, 362, 565, 5, 71, 23, 4, 2, 6, 10, 40, 532, NULL, 'Load', 20, 'Active', NULL, '2015-06-21', '03:03:41 AM'),
(566, 7, 1, 1, 363, 566, 5, 71, 23, 5, 2, 9, 10, 50, 533, NULL, 'Load', 20, 'Active', NULL, '2015-06-21', '03:06:35 AM'),
(567, 7, 1, 1, 364, 567, 5, 71, 23, 2, 2, 2, 10, 20, 534, NULL, 'Load', 20, 'Active', NULL, '2015-06-21', '03:08:37 AM'),
(568, 7, 1, 1, 365, 568, 5, 71, 23, 4, 2, 9, 10, 40, 535, NULL, 'Load', 20, 'Active', NULL, '2015-06-21', '03:10:26 AM'),
(569, 7, 1, 1, 366, 569, 5, 71, 23, 165, 2, 9, 10, 1650, 536, NULL, 'Load', 20, 'Active', NULL, '2015-06-21', '03:42:57 AM'),
(570, 7, 1, 1, 367, 570, 5, 71, 23, 6, 2, 6, 10, 60, 537, NULL, 'Load', 20, 'Active', NULL, '2015-06-21', '03:58:11 AM'),
(571, 7, 1, 1, 368, 571, 5, 71, 23, 4, 2, 9, 10, 40, 538, NULL, 'Load', 20, 'Active', NULL, '2015-06-21', '05:01:45 AM'),
(572, 7, 1, 1, 369, 572, 5, 71, 23, 8, 2, 9, 10, 80, 539, NULL, 'Load', 20, 'Active', NULL, '2015-06-21', '05:03:59 AM'),
(573, 7, 1, 1, 370, 573, 5, 71, 23, 7, 2, 9, 10, 70, 540, NULL, 'Load', 20, 'Active', NULL, '2015-06-21', '05:06:23 AM'),
(574, 7, 1, 1, 371, 574, 5, 71, 23, 2, 2, 6, 10, 20, 541, NULL, 'Load', 20, 'Active', NULL, '2015-06-21', '05:08:16 AM'),
(575, 7, 1, 1, 372, 575, 5, 71, 23, 2, 2, 3, 10, 20, 542, NULL, 'Load', 20, 'Active', NULL, '2015-06-21', '05:10:26 AM'),
(576, 7, 1, 1, 366, 576, 5, 71, 23, 189, 2, 9, 10, 1890, 543, NULL, 'Load', 20, 'Active', NULL, '2015-06-21', '05:11:30 AM'),
(577, 7, 1, 1, 373, 577, 5, 71, 23, 2, 2, 6, 10, 20, 544, NULL, 'Load', 20, 'Active', NULL, '2015-06-21', '05:13:46 AM'),
(578, 7, 1, 1, 374, 578, 5, 71, 23, 1, 2, 9, 10, 10, 545, NULL, 'Load', 20, 'Active', NULL, '2015-06-21', '05:15:24 AM'),
(579, 7, 1, 1, 375, 579, 5, 71, 23, 3, 2, 3, 10, 30, 546, NULL, 'Load', 20, 'Active', NULL, '2015-06-21', '05:17:13 AM'),
(580, 7, 1, 1, 375, 580, 5, 71, 23, 5, 2, 3, 10, 50, 547, NULL, 'Load', 20, 'Active', NULL, '2015-06-21', '05:19:10 AM'),
(581, 7, 1, 1, 377, 581, 5, 71, 23, 2, 2, 3, 10, 20, 548, NULL, 'Load', 20, 'Active', NULL, '2015-06-21', '05:21:29 AM'),
(582, 7, 1, 1, 129, 582, 5, 71, 23, 16, 2, 6, 10, 160, 549, NULL, 'Load', 20, 'Active', NULL, '2015-06-21', '05:22:22 AM'),
(583, 7, 1, 1, 378, 583, 5, 71, 23, 27, 2, 9, 10, 270, 550, NULL, 'Load', 20, 'Active', NULL, '2015-06-21', '05:28:14 AM'),
(584, 7, 1, 1, 379, 584, 5, 71, 23, 2, 2, 6, 10, 20, 551, NULL, 'Load', 20, 'Active', NULL, '2015-06-21', '05:30:31 AM'),
(585, 7, 1, 1, 380, 585, 5, 71, 23, 6, 2, 6, 10, 60, 552, NULL, 'Load', 20, 'Active', NULL, '2015-06-21', '05:32:17 AM'),
(586, 7, 1, 1, 71, 586, 5, 71, 23, 4, 2, 9, 10, 40, 553, NULL, 'Load', 20, 'Active', NULL, '2015-06-23', '00:00:37 AM'),
(587, 7, 1, 1, 381, 587, 5, 71, 23, 18, 2, 9, 10, 180, 554, NULL, 'Load', 20, 'Active', NULL, '2015-06-23', '00:04:09 AM'),
(588, 7, 1, 1, 382, 588, 5, 71, 23, 2, 2, 6, 10, 20, 555, NULL, 'Load', 20, 'Active', NULL, '2015-06-23', '00:14:19 AM'),
(589, 7, 1, 1, 383, 589, 5, 71, 23, 8, 2, 6, 10, 80, 556, NULL, 'Load', 20, 'Active', NULL, '2015-06-23', '00:17:14 AM'),
(590, 7, 1, 1, 259, 590, 5, 71, 23, 19, 2, 9, 10, 190, 557, NULL, 'Load', 20, 'Active', NULL, '2015-06-23', '00:18:11 AM'),
(591, 7, 1, 1, 259, 591, 5, 71, 23, 12, 2, 9, 10, 120, 558, NULL, 'Load', 20, 'Active', NULL, '2015-06-23', '00:18:56 AM'),
(592, 7, 1, 1, 259, 592, 5, 71, 23, 8, 2, 6, 10, 80, 559, NULL, 'Load', 20, 'Active', NULL, '2015-06-23', '00:20:25 AM'),
(593, 7, 1, 1, 345, 593, 5, 71, 23, 100, 2, 6, 10, 1000, 560, NULL, 'Load', 20, 'Active', NULL, '2015-06-23', '00:21:39 AM'),
(594, 7, 1, 1, 71, 594, 5, 71, 23, 7, 2, 9, 10, 70, 561, NULL, 'Load', 20, 'Active', NULL, '2015-06-23', '00:22:43 AM'),
(595, 7, 1, 1, 384, 595, 5, 71, 23, 2, 2, 6, 10, 20, 562, NULL, 'Load', 20, 'Active', NULL, '2015-06-23', '00:25:25 AM'),
(596, 7, 1, 1, 385, 596, 5, 71, 23, 2, 2, 3, 10, 20, 563, NULL, 'Load', 20, 'Active', NULL, '2015-06-23', '00:28:34 AM'),
(597, 7, 1, 1, 386, 597, 5, 71, 23, 6, 2, 6, 10, 60, 564, NULL, 'Load', 20, 'Active', NULL, '2015-06-23', '00:31:24 AM'),
(598, 7, 1, 1, 387, 598, 5, 71, 23, 1, 2, 5, 10, 10, 565, NULL, 'Load', 20, 'Active', NULL, '2015-06-23', '00:36:47 AM'),
(599, 7, 1, 1, 388, 599, 5, 71, 23, 5, 2, 9, 10, 50, 566, NULL, 'Load', 20, 'Active', NULL, '2015-06-23', '00:39:05 AM'),
(600, 7, 1, 1, 389, 600, 5, 71, 23, 10, 2, 9, 10, 100, 567, NULL, 'Load', 20, 'Active', NULL, '2015-06-23', '00:42:44 AM'),
(601, 7, 1, 1, 390, 601, 5, 71, 23, 5, 2, 9, 10, 50, 568, NULL, 'Load', 20, 'Active', NULL, '2015-06-23', '00:45:11 AM'),
(602, 7, 1, 1, 391, 602, 5, 71, 23, 1, 2, 6, 10, 10, 569, NULL, 'Load', 20, 'Active', NULL, '2015-06-23', '00:47:20 AM'),
(603, 7, 1, 1, 392, 603, 5, 71, 23, 1, 2, 6, 10, 10, 570, NULL, 'Load', 20, 'Active', NULL, '2015-06-23', '00:49:47 AM'),
(604, 7, 1, 1, 393, 604, 5, 71, 23, 1, 2, 9, 10, 10, 571, NULL, 'Load', 20, 'Active', NULL, '2015-06-23', '00:52:03 AM'),
(605, 7, 1, 1, 394, 605, 5, 71, 23, 3, 2, 6, 10, 30, 572, NULL, 'Load', 20, 'Active', NULL, '2015-06-23', '01:04:07 AM'),
(606, 7, 1, 1, 395, 606, 5, 71, 23, 2, 2, 6, 10, 20, 573, NULL, 'Load', 20, 'Active', NULL, '2015-06-23', '01:48:26 AM'),
(607, 7, 1, 1, 396, 607, 5, 71, 23, 2, 2, 6, 10, 20, 574, NULL, 'Load', 20, 'Active', NULL, '2015-06-23', '01:53:37 AM'),
(608, 7, 1, 1, 397, 608, 5, 71, 23, 1, 2, 1, 10, 10, 575, NULL, 'Load', 20, 'Active', NULL, '2015-06-23', '02:19:10 AM'),
(609, 7, 1, 1, 82, 609, 5, 71, 23, 20, 2, 3, 10, 200, 576, NULL, 'Load', 20, 'Active', NULL, '2015-06-23', '02:19:55 AM'),
(610, 7, 1, 1, 82, 610, 5, 71, 23, 14, 2, 5, 10, 140, 577, NULL, 'Load', 20, 'Active', NULL, '2015-06-23', '02:20:40 AM'),
(611, 7, 1, 1, 398, 611, 5, 71, 23, 8, 2, 9, 10, 80, 578, NULL, 'Load', 20, 'Active', NULL, '2015-06-23', '02:23:55 AM'),
(612, 7, 1, 1, 399, 612, 5, 71, 23, 3, 2, 3, 10, 30, 579, NULL, 'Load', 20, 'Active', NULL, '2015-06-23', '02:26:40 AM'),
(613, 7, 1, 1, 260, 613, 5, 71, 23, 11, 2, 9, 10, 110, 580, NULL, 'Load', 20, 'Active', NULL, '2015-06-23', '02:27:35 AM'),
(614, 7, 1, 1, 260, 614, 5, 71, 23, 10, 2, 9, 10, 100, 581, NULL, 'Load', 20, 'Active', NULL, '2015-06-23', '02:28:21 AM'),
(615, 7, 1, 1, 260, 615, 5, 71, 23, 12, 2, 9, 10, 120, 582, NULL, 'Load', 20, 'Active', NULL, '2015-06-23', '02:29:42 AM'),
(616, 7, 1, 1, 260, 616, 5, 71, 23, 8, 2, 6, 10, 80, 583, NULL, 'Load', 20, 'Active', NULL, '2015-06-23', '02:39:17 AM'),
(617, 7, 1, 1, 343, 617, 5, 71, 31, 79, 2, 6, 10, 790, 584, NULL, 'Load', 20, 'Active', NULL, '2015-06-23', '02:40:13 AM'),
(618, 7, 1, 1, 345, 618, 5, 71, 23, 100, 2, 5, 10, 1000, 585, NULL, 'Load', 20, 'Active', NULL, '2015-06-23', '02:42:35 AM'),
(619, 7, 1, 1, 345, 619, 5, 71, 23, 198, 2, 9, 10, 1980, 586, NULL, 'Load', 20, 'Active', NULL, '2015-06-23', '02:43:22 AM'),
(620, 7, 1, 1, 268, 620, 5, 71, 23, 180, 2, 6, 10, 1800, 587, NULL, 'Load', 20, 'Active', NULL, '2015-06-23', '02:44:22 AM'),
(621, 7, 1, 1, 346, 621, 5, 71, 23, 19, 2, 9, 10, 190, 588, NULL, 'Load', 20, 'Active', NULL, '2015-06-23', '03:01:01 AM'),
(622, 7, 1, 1, 400, 622, 5, 71, 23, 60, 2, 6, 10, 600, 589, NULL, 'Load', 20, 'Active', NULL, '2015-06-23', '03:03:29 AM'),
(623, 7, 1, 1, 345, 623, 5, 71, 23, 110, 2, 5, 10, 1100, 590, NULL, 'Load', 20, 'Active', NULL, '2015-06-23', '03:04:40 AM'),
(624, 7, 1, 1, 402, 624, 5, 71, 23, 28, 2, 9, 10, 280, 591, NULL, 'Load', 20, 'Active', NULL, '2015-06-23', '03:14:39 AM'),
(625, 7, 1, 1, 403, 625, 5, 71, 23, 4, 2, 6, 10, 40, 592, NULL, 'Load', 20, 'Active', NULL, '2015-06-23', '03:17:41 AM'),
(626, 7, 1, 1, 305, 626, 5, 71, 23, 7, 2, 9, 10, 70, 593, NULL, 'Load', 20, 'Active', NULL, '2015-06-23', '03:19:06 AM'),
(627, 7, 1, 1, 404, 627, 5, 71, 23, 3, 2, 6, 10, 30, 594, NULL, 'Load', 20, 'Active', NULL, '2015-06-23', '03:21:01 AM'),
(628, 7, 1, 1, 259, 628, 5, 71, 23, 20, 2, 9, 10, 200, 595, NULL, 'Load', 20, 'Active', NULL, '2015-06-23', '03:22:01 AM'),
(629, 7, 1, 1, 259, 629, 5, 71, 23, 7, 2, 6, 10, 70, 596, NULL, 'Load', 20, 'Active', NULL, '2015-06-23', '03:22:46 AM'),
(630, 7, 1, 1, 405, 630, 5, 71, 23, 4, 2, 9, 10, 40, 597, NULL, 'Load', 20, 'Active', NULL, '2015-06-23', '03:25:08 AM'),
(631, 7, 1, 1, 406, 631, 5, 71, 23, 1, 2, 2, 10, 10, 598, NULL, 'Load', 20, 'Active', NULL, '2015-06-23', '03:29:21 AM'),
(632, 7, 1, 1, 407, 632, 5, 71, 23, 4, 2, 2, 10, 40, 599, NULL, 'Load', 20, 'Active', NULL, '2015-06-23', '04:17:03 AM'),
(633, 7, 1, 1, 408, 633, 5, 71, 23, 2, 2, 2, 10, 20, 600, NULL, 'Load', 20, 'Active', NULL, '2015-06-23', '04:20:11 AM'),
(634, 7, 1, 1, 409, 634, 5, 71, 23, 4, 2, 6, 10, 40, 601, NULL, 'Load', 20, 'Active', NULL, '2015-06-23', '04:25:09 AM'),
(635, 7, 1, 1, 410, 635, 5, 71, 23, 1, 2, 1, 10, 10, 602, NULL, 'Load', 20, 'Active', NULL, '2015-06-23', '04:27:49 AM'),
(636, 7, 1, 1, 411, 636, 5, 71, 23, 3, 2, 3, 10, 30, 603, NULL, 'Load', 20, 'Active', NULL, '2015-06-23', '05:55:22 AM'),
(637, 7, 1, 1, 412, 637, 5, 71, 23, 1, 2, 6, 10, 10, 604, NULL, 'Load', 20, 'Active', NULL, '2015-06-23', '05:56:03 AM'),
(638, 7, 1, 1, 413, 638, 5, 71, 23, 2, 2, 3, 10, 20, 605, NULL, 'Load', 20, 'Active', NULL, '2015-06-23', '05:56:56 AM'),
(639, 7, 1, 1, 414, 639, 5, 71, 23, 7, 2, 7, 10, 70, 606, NULL, 'Load', 20, 'Active', NULL, '2015-06-23', '05:57:42 AM'),
(640, 7, 1, 1, 415, 640, 5, 71, 23, 3, 2, 3, 10, 30, 607, NULL, 'Load', 20, 'Active', NULL, '2015-06-23', '05:58:35 AM'),
(641, 7, 1, 1, 416, 641, 5, 71, 23, 4, 2, 3, 10, 40, 608, NULL, 'Load', 20, 'Active', NULL, '2015-06-23', '05:59:34 AM'),
(642, 7, 1, 1, 417, 642, 5, 71, 23, 2, 2, 3, 10, 20, 609, NULL, 'Load', 20, 'Active', NULL, '2015-06-23', '06:00:15 AM'),
(643, 7, 1, 1, 418, 643, 5, 71, 23, 4, 2, 9, 10, 40, 610, NULL, 'Load', 20, 'Active', NULL, '2015-06-23', '06:00:57 AM'),
(644, 7, 1, 1, 419, 644, 5, 71, 23, 1, 2, 2, 10, 10, 611, NULL, 'Load', 20, 'Active', NULL, '2015-06-23', '06:01:46 AM'),
(645, 7, 1, 1, 420, 645, 5, 71, 23, 3, 2, 9, 10, 30, 612, NULL, 'Load', 20, 'Active', NULL, '2015-06-23', '06:02:32 AM'),
(646, 7, 1, 1, 421, 646, 5, 71, 23, 6, 2, 6, 10, 60, 613, NULL, 'Load', 20, 'Active', NULL, '2015-06-23', '06:06:03 AM'),
(647, 7, 1, 1, 422, 647, 5, 71, 23, 3, 2, 9, 10, 30, 614, NULL, 'Load', 20, 'Active', NULL, '2015-06-23', '06:08:33 AM'),
(648, 7, 1, 1, 368, 648, 5, 71, 23, 3, 2, 3, 10, 30, 615, NULL, 'Load', 20, 'Active', NULL, '2015-06-23', '06:11:05 AM'),
(649, 7, 1, 1, 423, 649, 5, 71, 23, 3, 2, 6, 10, 30, 616, NULL, 'Load', 20, 'Active', NULL, '2015-06-23', '06:23:20 AM'),
(650, 7, 1, 1, 424, 650, 5, 71, 23, 6, 2, 9, 10, 60, 617, NULL, 'Load', 20, 'Active', NULL, '2015-06-23', '06:24:03 AM'),
(651, 7, 1, 1, 425, 651, 5, 71, 23, 3, 2, 3, 10, 30, 618, NULL, 'Load', 20, 'Active', NULL, '2015-06-23', '06:24:50 AM'),
(652, 7, 1, 1, 426, 652, 5, 71, 23, 24, 2, 9, 10, 240, 619, NULL, 'Load', 20, 'Active', NULL, '2015-06-23', '06:25:33 AM'),
(653, 7, 1, 1, 427, 653, 5, 71, 23, 4, 2, 6, 10, 40, 620, NULL, 'Load', 20, 'Active', NULL, '2015-06-23', '06:26:19 AM'),
(654, 7, 1, 1, 428, 654, 5, 71, 23, 10, 2, 9, 10, 100, 621, NULL, 'Load', 20, 'Active', NULL, '2015-06-23', '06:27:44 AM'),
(655, 7, 1, 1, 429, 655, 5, 71, 23, 3, 2, 6, 10, 30, 622, NULL, 'Load', 20, 'Active', NULL, '2015-06-23', '06:28:18 AM'),
(656, 7, 1, 1, 430, 656, 5, 71, 23, 4, 2, 6, 10, 40, 623, NULL, 'Load', 20, 'Active', NULL, '2015-06-23', '06:29:02 AM'),
(657, 7, 1, 1, 431, 657, 5, 71, 23, 6, 2, 9, 10, 60, 624, NULL, 'Load', 20, 'Active', NULL, '2015-06-23', '06:29:51 AM'),
(658, 7, 1, 1, 432, 658, 5, 71, 23, 4, 2, 6, 10, 40, 625, NULL, 'Load', 20, 'Active', NULL, '2015-06-23', '23:09:22 PM'),
(659, 7, 1, 1, 433, 659, 5, 71, 23, 4, 2, 6, 10, 40, 626, NULL, 'Load', 20, 'Active', NULL, '2015-06-23', '23:10:21 PM'),
(660, 7, 1, 1, 435, 660, 5, 71, 23, 5, 2, 9, 10, 50, 627, NULL, 'Load', 20, 'Active', NULL, '2015-06-23', '23:16:44 PM'),
(661, 7, 1, 1, 436, 661, 5, 71, 23, 10, 2, 9, 10, 100, 628, NULL, 'Load', 20, 'Active', NULL, '2015-06-23', '23:19:44 PM'),
(662, 7, 1, 1, 434, 662, 5, 71, 23, 30, 2, 6, 10, 300, 629, NULL, 'Load', 20, 'Active', NULL, '2015-06-23', '23:22:05 PM'),
(663, 7, 1, 1, 434, 663, 5, 71, 23, 1, 2, 6, 10, 10, 630, NULL, 'Load', 20, 'Active', NULL, '2015-06-23', '23:22:57 PM'),
(664, 7, 1, 1, 437, 664, 5, 71, 23, 4, 2, 4, 10, 40, 631, NULL, 'Load', 20, 'Active', NULL, '2015-06-24', '00:26:19 AM'),
(665, 7, 1, 1, 438, 665, 5, 71, 23, 41, 2, 6, 10, 410, 632, NULL, 'Load', 20, 'Active', NULL, '2015-06-24', '00:32:47 AM'),
(666, 7, 1, 1, 70, 666, 5, 71, 23, 220, 2, 5, 10, 2200, 633, NULL, 'Load', 20, 'Active', NULL, '2015-06-24', '00:36:31 AM'),
(667, 7, 1, 1, 400, 667, 5, 71, 23, 60, 2, 56, 10, 600, 634, NULL, 'Load', 20, 'Active', NULL, '2015-06-24', '00:37:34 AM'),
(668, 7, 1, 1, 167, 668, 5, 71, 23, 50, 2, 9, 10, 500, 635, NULL, 'Load', 20, 'Active', NULL, '2015-06-24', '00:52:47 AM'),
(669, 7, 1, 1, 167, 669, 5, 71, 23, 60, 2, 9, 10, 600, 636, NULL, 'Load', 20, 'Active', NULL, '2015-06-24', '00:53:40 AM'),
(670, 7, 1, 1, 345, 670, 5, 71, 23, 204, 2, 5, 10, 2040, 637, NULL, 'Load', 20, 'Active', NULL, '2015-06-24', '00:54:51 AM'),
(671, 7, 1, 1, 129, 671, 5, 71, 23, 55, 2, 56, 10, 550, 638, NULL, 'Load', 20, 'Active', NULL, '2015-06-24', '00:55:53 AM'),
(672, 7, 1, 1, 268, 672, 5, 71, 23, 125, 2, 5, 10, 1250, 639, NULL, 'Load', 20, 'Active', NULL, '2015-06-24', '00:57:13 AM'),
(673, 7, 1, 1, 225, 673, 5, 71, 23, 3, 2, 9, 10, 30, 640, NULL, 'Load', 20, 'Active', NULL, '2015-06-24', '01:00:24 AM'),
(674, 7, 1, 1, 225, 674, 5, 71, 23, 5, 2, 6, 10, 50, 641, NULL, 'Load', 20, 'Active', NULL, '2015-06-24', '01:02:02 AM'),
(675, 7, 1, 1, 439, 675, 5, 71, 23, 6, 2, 6, 10, 60, 642, NULL, 'Load', 20, 'Active', NULL, '2015-06-24', '01:53:02 AM'),
(676, 7, 1, 1, 440, 676, 5, 71, 23, 2, 2, 6, 10, 20, 643, NULL, 'Load', 20, 'Active', NULL, '2015-06-24', '01:54:01 AM'),
(677, 7, 1, 1, 441, 677, 5, 71, 23, 1, 2, 6, 10, 10, 644, NULL, 'Load', 20, 'Active', NULL, '2015-06-24', '01:54:51 AM'),
(678, 7, 1, 1, 442, 678, 5, 71, 23, 20, 2, 9, 10, 200, 645, NULL, 'Load', 20, 'Active', NULL, '2015-06-24', '01:55:47 AM'),
(679, 7, 1, 1, 443, 679, 5, 71, 23, 10, 2, 9, 10, 100, 646, NULL, 'Load', 20, 'Active', NULL, '2015-06-24', '02:04:58 AM'),
(680, 7, 1, 1, 444, 680, 5, 71, 23, 11, 2, 9, 10, 110, 647, NULL, 'Load', 20, 'Active', NULL, '2015-06-24', '02:06:00 AM'),
(681, 7, 1, 1, 445, 681, 5, 71, 23, 5, 2, 9, 10, 50, 648, NULL, 'Load', 20, 'Active', NULL, '2015-06-24', '02:06:57 AM'),
(682, 7, 1, 1, 446, 682, 5, 71, 23, 4, 2, 6, 10, 40, 649, NULL, 'Load', 20, 'Active', NULL, '2015-06-24', '02:07:46 AM'),
(683, 7, 1, 1, 447, 683, 5, 71, 23, 3, 2, 9, 10, 30, 650, NULL, 'Load', 20, 'Active', NULL, '2015-06-24', '02:08:39 AM'),
(684, 7, 1, 1, 448, 684, 5, 71, 23, 3, 2, 6, 10, 30, 651, NULL, 'Load', 20, 'Active', NULL, '2015-06-24', '02:09:39 AM'),
(685, 7, 1, 1, 449, 685, 5, 71, 23, 9, 2, 9, 10, 90, 652, NULL, 'Load', 20, 'Active', NULL, '2015-06-24', '02:10:47 AM'),
(686, 7, 1, 1, 450, 686, 5, 71, 23, 7, 2, 6, 10, 70, 653, NULL, 'Load', 20, 'Active', NULL, '2015-06-24', '02:11:47 AM'),
(687, 7, 1, 1, 451, 687, 5, 71, 23, 7, 2, 9, 10, 70, 654, NULL, 'Load', 20, 'Active', NULL, '2015-06-24', '02:12:40 AM'),
(688, 7, 1, 1, 452, 688, 5, 71, 23, 3, 2, 6, 10, 30, 655, NULL, 'Load', 20, 'Active', NULL, '2015-06-24', '02:13:35 AM'),
(689, 7, 1, 1, 453, 689, 5, 71, 23, 3, 2, 6, 10, 30, 656, NULL, 'Load', 20, 'Active', NULL, '2015-06-24', '02:14:39 AM'),
(690, 7, 1, 1, 454, 690, 5, 71, 23, 5, 2, 6, 10, 50, 657, NULL, 'Load', 20, 'Active', NULL, '2015-06-24', '02:15:32 AM'),
(691, 7, 1, 1, 455, 691, 5, 71, 23, 2, 2, 9, 10, 20, 658, NULL, 'Load', 20, 'Active', NULL, '2015-06-24', '02:16:32 AM'),
(692, 7, 1, 1, 456, 692, 5, 71, 23, 2, 2, 9, 10, 20, 659, NULL, 'Load', 20, 'Active', NULL, '2015-06-24', '02:17:21 AM'),
(693, 7, 1, 1, 457, 693, 5, 71, 23, 2, 2, 2, 10, 20, 660, NULL, 'Load', 20, 'Active', NULL, '2015-06-24', '02:18:37 AM'),
(694, 7, 1, 1, 155, 694, 5, 71, 23, 13, 2, 6, 10, 130, 661, NULL, 'Load', 20, 'Active', NULL, '2015-06-24', '02:47:16 AM'),
(695, 7, 1, 1, 348, 695, 5, 71, 23, 3, 2, 9, 10, 30, 662, NULL, 'Load', 20, 'Active', NULL, '2015-06-24', '02:51:26 AM'),
(696, 7, 1, 1, 367, 696, 5, 71, 23, 5, 2, 9, 10, 50, 663, NULL, 'Load', 20, 'Active', NULL, '2015-06-24', '02:52:37 AM'),
(697, 7, 1, 1, 155, 697, 5, 71, 23, 2, 2, 6, 10, 20, 664, NULL, 'Load', 20, 'Active', NULL, '2015-06-24', '02:57:08 AM'),
(698, 7, 1, 1, 225, 698, 5, 71, 23, 6, 2, 6, 10, 60, 665, NULL, 'Load', 20, 'Active', NULL, '2015-06-24', '02:58:25 AM'),
(699, 7, 1, 1, 167, 699, 5, 71, 23, 21, 2, 9, 10, 210, 666, NULL, 'Load', 20, 'Active', NULL, '2015-06-24', '02:59:28 AM'),
(700, 7, 1, 1, 167, 700, 5, 71, 23, 29, 2, 6, 10, 290, 667, NULL, 'Load', 20, 'Active', NULL, '2015-06-24', '03:47:25 AM'),
(701, 7, 1, 1, 82, 701, 5, 71, 23, 31, 2, 9, 10, 310, 668, NULL, 'Load', 20, 'Active', NULL, '2015-06-24', '03:48:19 AM'),
(702, 7, 1, 1, 458, 702, 5, 71, 23, 1, 2, 9, 10, 10, 669, NULL, 'Load', 20, 'Active', NULL, '2015-06-24', '05:53:48 AM'),
(703, 7, 1, 1, 459, 703, 5, 71, 23, 11, 2, 6, 10, 110, 670, NULL, 'Load', 20, 'Active', NULL, '2015-06-24', '05:54:45 AM'),
(704, 7, 1, 1, 460, 704, 5, 71, 23, 2, 2, 6, 10, 20, 671, NULL, 'Load', 20, 'Active', NULL, '2015-06-24', '05:55:25 AM'),
(705, 7, 1, 1, 461, 705, 5, 71, 23, 5, 2, 6, 10, 50, 672, NULL, 'Load', 20, 'Active', NULL, '2015-06-24', '05:56:07 AM'),
(706, 7, 1, 1, 462, 706, 5, 71, 23, 4, 2, 6, 10, 40, 673, NULL, 'Load', 20, 'Active', NULL, '2015-06-24', '05:57:05 AM'),
(707, 7, 1, 1, 463, 707, 5, 71, 23, 4, 2, 9, 10, 40, 674, NULL, 'Load', 20, 'Active', NULL, '2015-06-24', '05:57:54 AM'),
(708, 7, 1, 1, 482, 708, 5, 71, 23, 40, 2, 9, 10, 400, 675, NULL, 'Load', 20, 'Active', NULL, '2015-06-24', '06:02:36 AM'),
(709, 7, 1, 1, 465, 709, 5, 71, 23, 2, 2, 2, 10, 20, 676, NULL, 'Load', 20, 'Active', NULL, '2015-06-24', '06:03:39 AM'),
(710, 7, 1, 1, 466, 710, 5, 71, 23, 1, 2, 1, 10, 10, 677, NULL, 'Load', 20, 'Active', NULL, '2015-06-24', '06:04:32 AM'),
(711, 7, 1, 1, 467, 711, 5, 71, 23, 3, 2, 3, 10, 30, 678, NULL, 'Load', 20, 'Active', NULL, '2015-06-24', '06:05:18 AM'),
(712, 7, 1, 1, 468, 712, 5, 71, 23, 5, 2, 6, 10, 50, 679, NULL, 'Load', 20, 'Active', NULL, '2015-06-24', '06:06:35 AM'),
(713, 7, 1, 1, 469, 713, 5, 71, 23, 33, 2, 6, 10, 330, 680, NULL, 'Load', 20, 'Active', NULL, '2015-06-24', '06:07:24 AM'),
(714, 7, 1, 1, 470, 714, 5, 71, 23, 4, 2, 6, 10, 40, 681, NULL, 'Load', 20, 'Active', NULL, '2015-06-24', '06:08:53 AM'),
(715, 7, 1, 1, 471, 715, 5, 71, 23, 5, 2, 6, 10, 50, 682, NULL, 'Load', 20, 'Active', NULL, '2015-06-24', '06:09:39 AM'),
(716, 7, 1, 1, 472, 716, 5, 71, 23, 4, 2, 9, 10, 40, 683, NULL, 'Load', 20, 'Active', NULL, '2015-06-24', '06:10:26 AM'),
(717, 7, 1, 1, 473, 717, 5, 71, 23, 7, 2, 9, 10, 70, 684, NULL, 'Load', 20, 'Active', NULL, '2015-06-24', '06:11:26 AM'),
(718, 7, 1, 1, 474, 718, 5, 71, 23, 3, 2, 3, 10, 30, 685, NULL, 'Load', 20, 'Active', NULL, '2015-06-24', '06:13:13 AM'),
(719, 7, 1, 1, 475, 719, 5, 71, 23, 4, 2, 5, 10, 40, 686, NULL, 'Load', 20, 'Active', NULL, '2015-06-24', '06:14:06 AM'),
(720, 7, 1, 1, 476, 720, 5, 71, 23, 1, 2, 6, 10, 10, 687, NULL, 'Load', 20, 'Active', NULL, '2015-06-24', '06:16:42 AM'),
(721, 7, 1, 1, 477, 721, 5, 71, 23, 3, 2, 3, 10, 30, 688, NULL, 'Load', 20, 'Active', NULL, '2015-06-24', '06:17:26 AM'),
(722, 7, 1, 1, 478, 722, 5, 71, 23, 4, 2, 6, 10, 40, 689, NULL, 'Load', 20, 'Active', NULL, '2015-06-24', '06:18:20 AM'),
(723, 7, 1, 1, 479, 723, 5, 71, 23, 8, 2, 9, 10, 80, 690, NULL, 'Load', 20, 'Active', NULL, '2015-06-24', '06:19:10 AM'),
(724, 7, 1, 1, 479, 724, 5, 71, 23, 7, 2, 5, 10, 70, 691, NULL, 'Load', 20, 'Active', NULL, '2015-06-24', '06:20:16 AM'),
(725, 7, 1, 1, 480, 725, 5, 71, 23, 4, 2, 9, 10, 40, 692, NULL, 'Load', 20, 'Active', NULL, '2015-06-24', '06:21:10 AM'),
(726, 7, 1, 1, 480, 726, 5, 71, 23, 3, 2, 3, 10, 30, 693, NULL, 'Load', 20, 'Active', NULL, '2015-06-24', '06:21:57 AM'),
(727, 7, 1, 1, 481, 727, 5, 71, 23, 3, 2, 6, 10, 30, 694, NULL, 'Load', 20, 'Active', NULL, '2015-06-24', '06:22:39 AM'),
(728, 7, 1, 1, 482, 728, 5, 71, 23, 36, 2, 9, 10, 360, 695, NULL, 'Load', 20, 'Active', NULL, '2015-06-24', '06:23:20 AM'),
(729, 7, 1, 1, 483, 729, 5, 71, 23, 12, 2, 6, 10, 120, 696, NULL, 'Load', 20, 'Active', NULL, '2015-06-24', '06:24:04 AM'),
(730, 7, 1, 1, 345, 730, 5, 71, 23, 110, 2, 6, 10, 1100, 697, NULL, 'Load', 20, 'Active', NULL, '2015-06-24', '23:39:44 PM'),
(731, 7, 1, 1, 171, 731, 5, 71, 23, 23, 2, 9, 10, 230, 698, NULL, 'Load', 20, 'Active', NULL, '2015-06-24', '23:43:58 PM'),
(732, 7, 1, 1, 434, 732, 5, 71, 23, 1, 2, 9, 10, 10, 699, NULL, 'Load', 20, 'Active', NULL, '2015-06-24', '23:46:09 PM'),
(733, 7, 1, 1, 434, 733, 5, 71, 23, 40, 2, 6, 10, 400, 700, NULL, 'Load', 20, 'Active', NULL, '2015-06-24', '23:47:05 PM'),
(734, 7, 1, 1, 434, 734, 5, 71, 23, 3, 2, 6, 10, 30, 701, NULL, 'Load', 20, 'Active', NULL, '2015-06-24', '23:48:23 PM'),
(735, 7, 1, 1, 434, 735, 5, 71, 23, 12, 2, 6, 10, 120, 702, NULL, 'Load', 20, 'Active', NULL, '2015-06-24', '23:49:27 PM'),
(736, 7, 1, 1, 434, 736, 5, 71, 23, 13, 2, 9, 10, 130, 703, NULL, 'Load', 20, 'Active', NULL, '2015-06-24', '23:50:12 PM'),
(737, 7, 1, 1, 434, 737, 5, 71, 23, 12, 2, 6, 10, 120, 704, NULL, 'Load', 20, 'Active', NULL, '2015-06-24', '23:51:02 PM'),
(738, 7, 1, 1, 400, 738, 5, 71, 23, 30, 2, 9, 10, 300, 705, NULL, 'Load', 20, 'Active', NULL, '2015-06-24', '23:52:06 PM'),
(739, 7, 1, 1, 400, 739, 5, 71, 23, 30, 2, 6, 10, 300, 706, NULL, 'Load', 20, 'Active', NULL, '2015-06-24', '23:53:12 PM'),
(740, 7, 1, 1, 366, 740, 5, 71, 23, 151, 2, 5, 10, 1510, 707, NULL, 'Load', 20, 'Active', NULL, '2015-06-24', '23:54:55 PM'),
(741, 7, 1, 1, 345, 741, 5, 71, 23, 210, 2, 5, 10, 2100, 708, NULL, 'Load', 20, 'Active', NULL, '2015-06-24', '23:58:13 PM'),
(742, 7, 1, 1, 345, 742, 5, 71, 23, 200, 2, 5, 10, 2000, 709, NULL, 'Load', 20, 'Active', NULL, '2015-06-24', '23:59:19 PM'),
(743, 7, 1, 1, 345, 743, 5, 71, 23, 196, 2, 56, 10, 1960, 710, NULL, 'Load', 20, 'Active', NULL, '2015-06-25', '00:00:25 AM'),
(744, 7, 1, 1, 391, 744, 5, 71, 23, 5, 2, 6, 10, 50, 711, NULL, 'Load', 20, 'Active', NULL, '2015-06-25', '00:03:25 AM'),
(745, 7, 1, 1, 400, 745, 5, 71, 23, 69, 2, 9, 10, 690, 712, NULL, 'Load', 20, 'Active', NULL, '2015-06-25', '00:06:43 AM'),
(746, 7, 1, 1, 484, 746, 5, 71, 23, 5, 2, 6, 10, 50, 713, NULL, 'Load', 20, 'Active', NULL, '2015-06-25', '00:53:12 AM'),
(747, 7, 1, 1, 485, 747, 5, 71, 23, 2, 2, 9, 10, 20, 714, NULL, 'Load', 20, 'Active', NULL, '2015-06-25', '00:54:01 AM'),
(748, 7, 1, 1, 486, 748, 5, 71, 23, 2, 2, 2, 10, 20, 715, NULL, 'Load', 20, 'Active', NULL, '2015-06-25', '00:55:10 AM'),
(749, 7, 1, 1, 487, 749, 5, 71, 23, 195, 2, 6, 10, 1950, 716, NULL, 'Load', 20, 'Active', NULL, '2015-06-25', '00:55:59 AM'),
(750, 7, 1, 1, 488, 750, 5, 71, 23, 110, 2, 6, 10, 1100, 717, NULL, 'Load', 20, 'Active', NULL, '2015-06-25', '00:57:09 AM'),
(751, 7, 1, 1, 489, 751, 5, 71, 23, 2, 2, 9, 10, 20, 718, NULL, 'Load', 20, 'Active', NULL, '2015-06-25', '01:03:54 AM'),
(752, 7, 1, 1, 490, 752, 5, 71, 23, 4, 2, 6, 10, 40, 719, NULL, 'Load', 20, 'Active', NULL, '2015-06-25', '01:04:58 AM'),
(753, 7, 1, 1, 491, 753, 5, 71, 23, 2, 2, 6, 10, 20, 720, NULL, 'Load', 20, 'Active', NULL, '2015-06-25', '01:06:04 AM'),
(754, 7, 1, 1, 492, 754, 5, 71, 23, 2, 2, 9, 10, 20, 721, NULL, 'Load', 20, 'Active', NULL, '2015-06-25', '01:06:57 AM'),
(755, 7, 1, 1, 493, 755, 5, 71, 23, 8, 2, 6, 10, 80, 722, NULL, 'Load', 20, 'Active', NULL, '2015-06-25', '01:07:45 AM'),
(756, 7, 1, 1, 494, 756, 5, 71, 23, 5, 2, 6, 10, 50, 723, NULL, 'Load', 20, 'Active', NULL, '2015-06-25', '01:08:41 AM'),
(757, 7, 1, 1, 495, 757, 5, 71, 23, 4, 2, 6, 10, 40, 724, NULL, 'Load', 20, 'Active', NULL, '2015-06-25', '01:10:43 AM'),
(758, 7, 1, 1, 496, 758, 5, 71, 23, 6, 2, 6, 10, 60, 725, NULL, 'Load', 20, 'Active', NULL, '2015-06-25', '01:11:59 AM'),
(759, 7, 1, 1, 504, 759, 5, 71, 23, 6, 2, 6, 10, 60, 726, NULL, 'Load', 20, 'Active', NULL, '2015-06-25', '01:12:50 AM'),
(760, 7, 1, 1, 498, 760, 5, 71, 23, 3, 2, 3, 10, 30, 727, NULL, 'Load', 20, 'Active', NULL, '2015-06-25', '01:13:44 AM'),
(761, 7, 1, 1, 499, 761, 5, 71, 23, 2, 2, 2, 10, 20, 728, NULL, 'Load', 20, 'Active', NULL, '2015-06-25', '01:14:47 AM'),
(762, 7, 1, 1, 500, 762, 5, 71, 23, 2, 2, 2, 10, 20, 729, NULL, 'Load', 20, 'Active', NULL, '2015-06-25', '01:15:48 AM'),
(763, 7, 1, 1, 501, 763, 5, 71, 23, 11, 2, 3, 10, 110, 730, NULL, 'Load', 20, 'Active', NULL, '2015-06-25', '01:17:07 AM'),
(764, 7, 1, 1, 502, 764, 5, 71, 23, 2, 2, 2, 10, 20, 731, NULL, 'Load', 20, 'Active', NULL, '2015-06-25', '01:18:02 AM'),
(765, 7, 1, 1, 503, 765, 5, 71, 23, 4, 2, 5, 10, 40, 732, NULL, 'Load', 20, 'Active', NULL, '2015-06-25', '01:19:07 AM'),
(766, 7, 1, 1, 71, 766, 5, 71, 23, 31, 2, 6, 10, 310, 733, NULL, 'Load', 20, 'Active', NULL, '2015-06-25', '02:10:26 AM'),
(767, 7, 1, 1, 260, 767, 5, 71, 23, 2, 2, 6, 10, 20, 734, NULL, 'Load', 20, 'Active', NULL, '2015-06-25', '02:11:38 AM'),
(768, 7, 1, 1, 260, 768, 5, 71, 23, 10, 2, 6, 10, 100, 735, NULL, 'Load', 20, 'Active', NULL, '2015-06-25', '02:12:40 AM'),
(769, 7, 1, 1, 260, 769, 5, 71, 23, 8, 2, 8, 10, 80, 736, NULL, 'Load', 20, 'Active', NULL, '2015-06-25', '02:13:29 AM'),
(770, 7, 1, 1, 260, 770, 5, 71, 23, 12, 2, 6, 10, 120, 737, NULL, 'Load', 20, 'Active', NULL, '2015-06-25', '02:14:26 AM'),
(771, 7, 1, 1, 260, 771, 5, 71, 23, 11, 2, 6, 10, 110, 738, NULL, 'Load', 20, 'Active', NULL, '2015-06-25', '02:15:16 AM'),
(772, 7, 1, 1, 488, 772, 5, 71, 23, 90, 2, 310, 10, 900, 739, NULL, 'Load', 20, 'Active', NULL, '2015-06-25', '02:18:45 AM'),
(773, 7, 1, 1, 345, 773, 5, 71, 23, 101, 2, 5, 10, 1010, 740, NULL, 'Load', 20, 'Active', NULL, '2015-06-25', '02:20:06 AM'),
(774, 7, 1, 1, 171, 774, 5, 71, 23, 20, 2, 6, 10, 200, 741, NULL, 'Load', 20, 'Active', NULL, '2015-06-25', '02:22:33 AM'),
(775, 7, 1, 1, 155, 775, 5, 71, 23, 4, 2, 6, 10, 40, 742, NULL, 'Load', 20, 'Active', NULL, '2015-06-25', '02:24:16 AM'),
(776, 7, 1, 1, 259, 776, 5, 71, 23, 28, 2, 5, 10, 280, 743, NULL, 'Load', 20, 'Active', NULL, '2015-06-25', '02:26:53 AM'),
(777, 7, 1, 1, 259, 777, 5, 71, 23, 23, 2, 56, 10, 230, 744, NULL, 'Load', 20, 'Active', NULL, '2015-06-25', '02:28:37 AM'),
(778, 7, 1, 1, 259, 778, 5, 71, 23, 10, 2, 9, 10, 100, 745, NULL, 'Load', 20, 'Active', NULL, '2015-06-25', '02:29:48 AM'),
(779, 7, 1, 1, 259, 779, 5, 71, 23, 10, 2, 9, 10, 100, 746, NULL, 'Load', 20, 'Active', NULL, '2015-06-25', '02:30:35 AM'),
(780, 7, 1, 1, 259, 780, 5, 71, 23, 14, 2, 6, 10, 140, 747, NULL, 'Load', 20, 'Active', NULL, '2015-06-25', '02:31:31 AM'),
(781, 7, 1, 1, 345, 781, 5, 71, 23, 100, 2, 6, 10, 1000, 748, NULL, 'Load', 20, 'Active', NULL, '2015-06-25', '02:32:48 AM'),
(782, 7, 1, 1, 505, 782, 5, 71, 23, 3, 2, 3, 10, 30, 749, NULL, 'Load', 20, 'Active', NULL, '2015-06-25', '03:54:08 AM'),
(783, 7, 1, 1, 506, 783, 5, 71, 23, 2, 2, 2, 10, 20, 750, NULL, 'Load', 20, 'Active', NULL, '2015-06-25', '03:54:48 AM'),
(784, 7, 1, 1, 507, 784, 5, 71, 23, 3, 2, 9, 10, 30, 751, NULL, 'Load', 20, 'Active', NULL, '2015-06-25', '03:55:31 AM'),
(785, 7, 1, 1, 508, 785, 5, 71, 23, 7, 2, 6, 10, 70, 752, NULL, 'Load', 20, 'Active', NULL, '2015-06-25', '03:56:26 AM'),
(786, 7, 1, 1, 509, 786, 5, 71, 23, 1, 2, 9, 10, 10, 753, NULL, 'Load', 20, 'Active', NULL, '2015-06-25', '03:57:07 AM'),
(787, 7, 1, 1, 510, 787, 5, 71, 23, 4, 2, 9, 10, 40, 754, NULL, 'Load', 20, 'Active', NULL, '2015-06-25', '03:57:49 AM'),
(788, 7, 1, 1, 511, 788, 5, 71, 23, 1, 2, 6, 10, 10, 755, NULL, 'Load', 20, 'Active', NULL, '2015-06-25', '03:58:30 AM'),
(789, 7, 1, 1, 512, 789, 5, 71, 23, 10, 2, 6, 10, 100, 756, NULL, 'Load', 20, 'Active', NULL, '2015-06-25', '03:59:28 AM'),
(790, 7, 1, 1, 513, 790, 5, 71, 23, 2, 2, 2, 10, 20, 757, NULL, 'Load', 20, 'Active', NULL, '2015-06-25', '04:02:13 AM'),
(791, 7, 1, 1, 514, 791, 5, 71, 23, 3, 2, 3, 10, 30, 758, NULL, 'Load', 20, 'Active', NULL, '2015-06-25', '04:03:01 AM'),
(792, 7, 1, 1, 515, 792, 5, 71, 23, 8, 2, 9, 10, 80, 759, NULL, 'Load', 20, 'Active', NULL, '2015-06-25', '04:04:43 AM'),
(793, 7, 1, 1, 516, 793, 5, 71, 23, 7, 2, 7, 10, 70, 760, NULL, 'Load', 20, 'Active', NULL, '2015-06-25', '04:05:52 AM'),
(794, 7, 1, 1, 525, 794, 5, 71, 23, 2, 2, 3, 10, 20, 761, NULL, 'Load', 20, 'Active', NULL, '2015-06-25', '04:06:55 AM'),
(795, 7, 1, 1, 518, 795, 5, 71, 23, 2, 2, 2, 10, 20, 762, NULL, 'Load', 20, 'Active', NULL, '2015-06-25', '04:07:46 AM'),
(796, 7, 1, 1, 519, 796, 5, 71, 23, 3, 2, 3, 10, 30, 763, NULL, 'Load', 20, 'Active', NULL, '2015-06-25', '04:08:23 AM'),
(797, 7, 1, 1, 520, 797, 5, 71, 23, 3, 2, 6, 10, 30, 764, NULL, 'Load', 20, 'Active', NULL, '2015-06-25', '04:09:22 AM'),
(798, 7, 1, 1, 521, 798, 5, 71, 23, 2, 2, 2, 10, 20, 765, NULL, 'Load', 20, 'Active', NULL, '2015-06-25', '04:10:10 AM'),
(799, 7, 1, 1, 522, 799, 5, 71, 23, 2, 2, 6, 10, 20, 766, NULL, 'Load', 20, 'Active', NULL, '2015-06-25', '04:10:51 AM'),
(800, 7, 1, 1, 523, 800, 5, 71, 23, 2, 2, 9, 10, 20, 767, NULL, 'Load', 20, 'Active', NULL, '2015-06-25', '04:11:33 AM'),
(801, 7, 1, 1, 524, 801, 5, 71, 23, 5, 2, 6, 10, 50, 768, NULL, 'Load', 20, 'Active', NULL, '2015-06-25', '04:12:30 AM'),
(802, 7, 1, 1, 345, 802, 5, 71, 23, 100, 2, 56, 10, 1000, 769, NULL, 'Load', 20, 'Active', NULL, '2015-06-25', '04:57:57 AM'),
(803, 7, 1, 1, 155, 803, 5, 71, 23, 180, 2, 5, 10, 1800, 770, NULL, 'Load', 20, 'Active', NULL, '2015-06-25', '04:59:01 AM'),
(804, 7, 1, 1, 345, 804, 5, 71, 23, 200, 2, 6, 10, 2000, 771, NULL, 'Load', 20, 'Active', NULL, '2015-06-25', '05:00:35 AM'),
(805, 7, 1, 1, 345, 805, 5, 71, 23, 110, 2, 6, 10, 1100, 772, NULL, 'Load', 20, 'Active', NULL, '2015-06-25', '05:03:56 AM'),
(806, 7, 1, 1, 345, 806, 5, 71, 23, 111, 2, 6, 10, 1110, 773, NULL, 'Load', 20, 'Active', NULL, '2015-06-25', '05:09:29 AM'),
(807, 7, 1, 1, 171, 807, 5, 71, 23, 24, 2, 9, 10, 240, 774, NULL, 'Load', 20, 'Active', NULL, '2015-06-25', '05:10:36 AM'),
(808, 7, 1, 1, 171, 808, 5, 71, 23, 5, 2, 6, 10, 50, 775, NULL, 'Load', 20, 'Active', NULL, '2015-06-25', '05:11:25 AM'),
(809, 7, 1, 1, 238, 809, 5, 71, 23, 23, 2, 6, 10, 230, 776, NULL, 'Load', 20, 'Active', NULL, '2015-06-25', '05:12:15 AM'),
(810, 7, 1, 1, 238, 810, 5, 71, 23, 4, 2, 9, 10, 40, 777, NULL, 'Load', 20, 'Active', NULL, '2015-06-25', '05:13:08 AM'),
(811, 7, 1, 1, 434, 811, 5, 71, 23, 4, 2, 6, 10, 40, 778, NULL, 'Load', 20, 'Active', NULL, '2015-06-25', '05:14:53 AM'),
(812, 7, 1, 1, 434, 812, 5, 71, 23, 2, 2, 9, 10, 20, 779, NULL, 'Load', 20, 'Active', NULL, '2015-06-25', '05:16:12 AM'),
(813, 7, 1, 1, 434, 813, 5, 71, 23, 3, 2, 3, 10, 30, 780, NULL, 'Load', 20, 'Active', NULL, '2015-06-25', '05:17:04 AM'),
(814, 7, 1, 1, 434, 814, 5, 71, 23, 3, 2, 3, 10, 30, 781, NULL, 'Load', 20, 'Active', NULL, '2015-06-25', '05:17:50 AM'),
(815, 7, 1, 1, 434, 815, 5, 71, 23, 10, 2, 6, 10, 100, 782, NULL, 'Load', 20, 'Active', NULL, '2015-06-25', '05:18:49 AM'),
(816, 7, 1, 1, 434, 816, 5, 71, 23, 5, 2, 3, 10, 50, 783, NULL, 'Load', 20, 'Active', NULL, '2015-06-25', '05:19:45 AM'),
(817, 7, 1, 1, 434, 817, 5, 71, 23, 9, 2, 6, 10, 90, 784, NULL, 'Load', 20, 'Active', NULL, '2015-06-25', '05:20:40 AM'),
(818, 7, 1, 1, 224, 818, 5, 71, 23, 2, 2, 6, 10, 20, 785, NULL, 'Load', 20, 'Active', NULL, '2015-06-25', '05:21:35 AM'),
(819, 7, 1, 1, 110, 819, 5, 71, 23, 75, 2, 9, 10, 750, 786, NULL, 'Load', 20, 'Active', NULL, '2015-06-25', '05:24:03 AM'),
(820, 7, 1, 1, 259, 820, 5, 71, 23, 3, 2, 3, 10, 30, 787, NULL, 'Load', 20, 'Active', NULL, '2015-06-25', '05:24:56 AM'),
(821, 7, 1, 1, 526, 821, 5, 71, 23, 6, 2, 5, 10, 60, 788, NULL, 'Load', 20, 'Active', NULL, '2015-06-26', '06:01:05 AM'),
(822, 7, 1, 1, 527, 822, 5, 71, 23, 4, 2, 2, 10, 40, 789, NULL, 'Load', 20, 'Active', NULL, '2015-06-26', '06:03:09 AM'),
(823, 7, 1, 1, 528, 823, 5, 71, 23, 3, 2, 4, 10, 30, 790, NULL, 'Load', 20, 'Active', NULL, '2015-06-26', '06:03:57 AM'),
(824, 7, 1, 1, 529, 824, 5, 71, 23, 5, 2, 2, 10, 50, 791, NULL, 'Load', 20, 'Active', NULL, '2015-06-26', '06:05:25 AM'),
(825, 7, 1, 1, 530, 825, 5, 71, 23, 1, 2, 1, 10, 10, 792, NULL, 'Load', 20, 'Active', NULL, '2015-06-26', '06:14:13 AM'),
(826, 7, 1, 1, 531, 826, 5, 71, 23, 2, 2, 2, 10, 20, 793, NULL, 'Load', 20, 'Active', NULL, '2015-06-26', '06:15:20 AM'),
(827, 7, 1, 1, 533, 827, 5, 71, 23, 3, 2, 5, 10, 30, 794, NULL, 'Load', 20, 'Active', NULL, '2015-06-26', '06:18:00 AM'),
(828, 7, 1, 1, 534, 828, 5, 71, 23, 2, 2, 4, 10, 20, 795, NULL, 'Load', 20, 'Active', NULL, '2015-06-26', '06:18:51 AM'),
(829, 7, 1, 1, 532, 829, 5, 71, 23, 2, 2, 2, 10, 20, 796, NULL, 'Load', 20, 'Active', NULL, '2015-06-26', '06:19:45 AM'),
(830, 7, 1, 1, 535, 830, 5, 71, 23, 4, 2, 4, 10, 40, 797, NULL, 'Load', 20, 'Active', NULL, '2015-06-26', '06:20:34 AM'),
(831, 7, 1, 1, 536, 831, 5, 71, 23, 54, 2, 1, 10, 540, 798, NULL, 'Load', 20, 'Active', NULL, '2015-06-26', '06:22:10 AM'),
(832, 7, 1, 1, 537, 832, 5, 71, 23, 3, 2, 3, 10, 30, 799, NULL, 'Load', 20, 'Active', NULL, '2015-06-26', '06:23:16 AM'),
(833, 7, 1, 1, 538, 833, 5, 71, 23, 4, 2, 3, 10, 40, 800, NULL, 'Load', 20, 'Active', NULL, '2015-06-26', '06:24:13 AM'),
(834, 7, 1, 1, 539, 834, 5, 71, 23, 6, 2, 6, 10, 60, 801, NULL, 'Load', 20, 'Active', NULL, '2015-06-26', '06:25:17 AM'),
(835, 7, 1, 1, 540, 835, 5, 71, 23, 5, 2, 6, 10, 50, 802, NULL, 'Load', 20, 'Active', NULL, '2015-06-26', '06:26:45 AM'),
(836, 7, 1, 1, 541, 836, 5, 71, 23, 15, 2, 8, 10, 150, 803, NULL, 'Load', 20, 'Active', NULL, '2015-06-26', '06:27:44 AM'),
(837, 7, 1, 1, 259, 837, 5, 71, 23, 4, 2, 4, 10, 40, 804, NULL, 'Load', 20, 'Active', NULL, '2015-06-26', '06:39:59 AM'),
(838, 7, 1, 1, 259, 838, 5, 71, 23, 30, 2, 6, 10, 300, 805, NULL, 'Load', 20, 'Active', NULL, '2015-06-26', '06:40:52 AM'),
(839, 7, 1, 1, 267, 839, 5, 71, 31, 26, 2, 6, 10, 260, 806, NULL, 'Load', 20, 'Active', NULL, '2015-06-26', '06:42:20 AM'),
(840, 7, 1, 1, 267, 840, 5, 71, 31, 80, 2, 6, 10, 800, 807, NULL, 'Load', 20, 'Active', NULL, '2015-06-26', '06:43:10 AM'),
(841, 7, 1, 1, 543, 841, 5, 71, 23, 83, 2, 6, 10, 830, 808, NULL, 'Load', 20, 'Active', NULL, '2015-06-26', '06:46:09 AM'),
(842, 7, 1, 1, 345, 842, 5, 71, 23, 111, 2, 1, 10, 1110, 809, NULL, 'Load', 20, 'Active', NULL, '2015-06-26', '06:47:12 AM'),
(843, 7, 1, 1, 252, 843, 5, 71, 31, 152, 2, 1, 10, 1520, 810, NULL, 'Load', 20, 'Active', NULL, '2015-06-26', '06:48:42 AM'),
(844, 7, 1, 1, 345, 844, 5, 71, 23, 110, 2, 1, 10, 1100, 811, NULL, 'Load', 20, 'Active', NULL, '2015-06-26', '06:49:46 AM'),
(845, 7, 1, 1, 345, 845, 5, 71, 23, 202, 2, 10, 10, 2020, 812, NULL, 'Load', 20, 'Active', NULL, '2015-06-26', '06:50:46 AM'),
(846, 7, 1, 1, 544, 846, 5, 71, 23, 3, 2, 6, 10, 30, 813, NULL, 'Load', 20, 'Active', NULL, '2015-06-26', '06:55:30 AM'),
(847, 7, 1, 1, 545, 847, 5, 71, 23, 2, 2, 2, 10, 20, 814, NULL, 'Load', 20, 'Active', NULL, '2015-06-26', '07:00:55 AM'),
(848, 7, 1, 1, 546, 848, 5, 71, 23, 3, 2, 6, 10, 30, 815, NULL, 'Load', 20, 'Active', NULL, '2015-06-26', '07:05:00 AM'),
(849, 7, 1, 1, 347, 849, 5, 71, 23, 4, 2, 2, 10, 40, 816, NULL, 'Load', 20, 'Active', NULL, '2015-06-26', '07:07:12 AM'),
(850, 7, 1, 1, 547, 850, 5, 71, 23, 10, 2, 6, 10, 100, 817, NULL, 'Load', 20, 'Active', NULL, '2015-06-26', '07:15:38 AM'),
(851, 7, 1, 1, 548, 851, 5, 71, 23, 3, 2, 3, 10, 30, 818, NULL, 'Load', 20, 'Active', NULL, '2015-06-26', '07:16:33 AM'),
(852, 7, 1, 1, 549, 852, 5, 71, 23, 22, 2, 6, 10, 220, 819, NULL, 'Load', 20, 'Active', NULL, '2015-06-26', '07:17:23 AM'),
(853, 7, 1, 1, 549, 853, 5, 71, 23, 19, 2, 4, 10, 190, 820, NULL, 'Load', 20, 'Active', NULL, '2015-06-26', '07:18:13 AM'),
(854, 7, 1, 1, 167, 854, 5, 71, 23, 50, 2, 8, 10, 500, 821, NULL, 'Load', 20, 'Active', NULL, '2015-06-26', '07:19:20 AM'),
(855, 7, 1, 1, 167, 855, 5, 71, 23, 49, 2, 8, 10, 490, 822, NULL, 'Load', 20, 'Active', NULL, '2015-06-26', '07:21:04 AM'),
(856, 7, 1, 1, 167, 856, 5, 71, 23, 50, 2, 8, 10, 500, 823, NULL, 'Load', 20, 'Active', NULL, '2015-06-26', '07:22:23 AM'),
(857, 7, 1, 1, 129, 857, 5, 71, 23, 13, 2, 9, 10, 130, 824, NULL, 'Load', 20, 'Active', NULL, '2015-06-26', '23:51:38 PM'),
(858, 7, 1, 1, 225, 858, 5, 71, 23, 7, 2, 7, 10, 70, 825, NULL, 'Load', 20, 'Active', NULL, '2015-06-26', '23:54:29 PM'),
(859, 7, 1, 1, 225, 859, 5, 71, 23, 28, 2, 5, 10, 280, 826, NULL, 'Load', 20, 'Active', NULL, '2015-06-26', '23:55:28 PM'),
(860, 7, 1, 1, 171, 860, 5, 71, 23, 25, 2, 9, 10, 250, 827, NULL, 'Load', 20, 'Active', NULL, '2015-06-26', '23:56:18 PM'),
(861, 7, 1, 1, 238, 861, 5, 71, 23, 16, 2, 3, 10, 160, 828, NULL, 'Load', 20, 'Active', NULL, '2015-06-26', '23:57:59 PM'),
(862, 7, 1, 1, 238, 862, 5, 71, 23, 63, 2, 56, 10, 630, 829, NULL, 'Load', 20, 'Active', NULL, '2015-06-26', '23:59:43 PM'),
(863, 7, 1, 1, 238, 863, 5, 71, 23, 61, 2, 6, 10, 610, 830, NULL, 'Load', 20, 'Active', NULL, '2015-06-27', '00:04:51 AM'),
(864, 7, 1, 1, 238, 864, 5, 71, 23, 10, 2, 6, 10, 100, 831, NULL, 'Load', 20, 'Active', NULL, '2015-06-27', '00:05:43 AM'),
(865, 7, 1, 1, 238, 865, 5, 71, 23, 26, 2, 6, 10, 260, 832, NULL, 'Load', 20, 'Active', NULL, '2015-06-27', '00:06:48 AM'),
(866, 7, 1, 1, 238, 866, 5, 71, 23, 9, 2, 6, 10, 90, 833, NULL, 'Load', 20, 'Active', NULL, '2015-06-27', '00:07:44 AM'),
(867, 7, 1, 1, 345, 867, 5, 71, 23, 112, 2, 56, 10, 1120, 834, NULL, 'Load', 20, 'Active', NULL, '2015-06-27', '00:08:52 AM'),
(868, 7, 1, 1, 83, 868, 5, 71, 31, 100, 2, 5, 10, 1000, 835, NULL, 'Load', 20, 'Active', NULL, '2015-06-27', '00:11:34 AM'),
(869, 7, 1, 1, 267, 869, 5, 71, 23, 100, 2, 9, 10, 1000, 836, NULL, 'Load', 20, 'Active', NULL, '2015-06-27', '00:12:59 AM'),
(870, 7, 1, 1, 174, 870, 5, 71, 31, 105, 2, 5, 10, 1050, 837, NULL, 'Load', 20, 'Active', NULL, '2015-06-27', '00:14:16 AM'),
(871, 7, 1, 1, 293, 871, 5, 71, 23, 72, 2, 3, 10, 720, 838, NULL, 'Load', 20, 'Active', NULL, '2015-06-27', '00:16:28 AM'),
(872, 7, 1, 1, 293, 872, 5, 71, 23, 27, 2, 6, 10, 270, 839, NULL, 'Load', 20, 'Active', NULL, '2015-06-27', '00:18:06 AM'),
(873, 7, 1, 1, 155, 873, 5, 71, 23, 33, 2, 6, 10, 330, 840, NULL, 'Load', 20, 'Active', NULL, '2015-06-27', '00:19:27 AM'),
(874, 7, 1, 1, 155, 874, 5, 71, 23, 180, 2, 5, 10, 1800, 841, NULL, 'Load', 20, 'Active', NULL, '2015-06-27', '00:21:00 AM'),
(875, 7, 1, 1, 173, 875, 5, 71, 23, 75, 2, 4, 10, 750, 842, NULL, 'Load', 20, 'Active', NULL, '2015-06-27', '00:27:09 AM'),
(876, 7, 1, 1, 225, 876, 5, 71, 23, 6, 2, 6, 10, 60, 843, NULL, 'Load', 20, 'Active', NULL, '2015-06-27', '00:29:24 AM'),
(877, 7, 1, 1, 71, 877, 5, 71, 23, 9, 2, 6, 10, 90, 844, NULL, 'Load', 20, 'Active', NULL, '2015-06-27', '00:31:42 AM'),
(878, 7, 1, 1, 155, 878, 5, 71, 23, 27, 2, 6, 10, 270, 845, NULL, 'Load', 20, 'Active', NULL, '2015-06-27', '00:34:46 AM'),
(879, 7, 1, 1, 259, 879, 5, 71, 23, 5, 2, 9, 10, 50, 846, NULL, 'Load', 20, 'Active', NULL, '2015-06-27', '00:35:32 AM'),
(880, 7, 1, 1, 259, 880, 5, 71, 23, 7, 2, 6, 10, 70, 847, NULL, 'Load', 20, 'Active', NULL, '2015-06-27', '00:36:16 AM'),
(881, 7, 1, 1, 464, 881, 5, 71, 23, 4, 2, 9, 10, 40, 848, NULL, 'Load', 20, 'Active', NULL, '2015-06-27', '00:37:34 AM'),
(882, 7, 1, 1, 550, 882, 5, 71, 23, 3, 2, 3, 10, 30, 849, NULL, 'Load', 20, 'Active', NULL, '2015-06-27', '00:55:04 AM'),
(883, 7, 1, 1, 551, 883, 5, 71, 23, 1, 2, 6, 10, 10, 850, NULL, 'Load', 20, 'Active', NULL, '2015-06-27', '00:56:34 AM'),
(884, 7, 1, 1, 552, 884, 5, 71, 23, 1, 2, 9, 10, 10, 851, NULL, 'Load', 20, 'Active', NULL, '2015-06-27', '01:10:24 AM'),
(885, 7, 1, 1, 553, 885, 5, 71, 23, 1, 2, 2, 10, 10, 852, NULL, 'Load', 20, 'Active', NULL, '2015-06-27', '01:11:26 AM'),
(886, 7, 1, 1, 554, 886, 5, 71, 23, 1, 2, 9, 10, 10, 853, NULL, 'Load', 20, 'Active', NULL, '2015-06-27', '01:12:32 AM'),
(887, 7, 1, 1, 555, 887, 5, 71, 23, 12, 2, 6, 10, 120, 854, NULL, 'Load', 20, 'Active', NULL, '2015-06-27', '01:13:19 AM'),
(888, 7, 1, 1, 556, 888, 5, 71, 23, 9, 2, 6, 10, 90, 855, NULL, 'Load', 20, 'Active', NULL, '2015-06-27', '01:16:37 AM'),
(889, 7, 1, 1, 557, 889, 5, 71, 23, 6, 2, 6, 10, 60, 856, NULL, 'Load', 20, 'Active', NULL, '2015-06-27', '01:17:32 AM'),
(890, 7, 1, 1, 558, 890, 5, 71, 23, 110, 2, 4, 10, 1100, 857, NULL, 'Load', 20, 'Active', NULL, '2015-06-27', '01:23:48 AM'),
(891, 7, 1, 1, 559, 891, 5, 71, 23, 105, 2, 5, 10, 1050, 858, NULL, 'Load', 20, 'Active', NULL, '2015-06-27', '01:24:42 AM'),
(892, 7, 1, 1, 559, 892, 5, 71, 23, 115, 2, 4, 10, 1150, 859, NULL, 'Load', 20, 'Active', NULL, '2015-06-27', '01:25:35 AM'),
(893, 7, 1, 1, 560, 893, 5, 71, 23, 7, 2, 6, 10, 70, 860, NULL, 'Load', 20, 'Active', NULL, '2015-06-27', '01:38:49 AM'),
(894, 7, 1, 1, 561, 894, 5, 71, 23, 3, 2, 9, 10, 30, 861, NULL, 'Load', 20, 'Active', NULL, '2015-06-27', '01:39:35 AM'),
(895, 7, 1, 1, 562, 895, 5, 71, 23, 2, 2, 6, 10, 20, 862, NULL, 'Load', 20, 'Active', NULL, '2015-06-27', '01:41:48 AM'),
(896, 7, 1, 1, 563, 896, 5, 71, 23, 1, 2, 6, 10, 10, 863, NULL, 'Load', 20, 'Active', NULL, '2015-06-27', '01:43:10 AM'),
(897, 7, 1, 1, 564, 897, 5, 71, 23, 2, 2, 6, 10, 20, 864, NULL, 'Load', 20, 'Active', NULL, '2015-06-27', '01:43:55 AM'),
(898, 7, 1, 1, 565, 898, 5, 71, 23, 3, 2, 9, 10, 30, 865, NULL, 'Load', 20, 'Active', NULL, '2015-06-27', '01:45:02 AM'),
(899, 7, 1, 1, 566, 899, 5, 71, 23, 1, 2, 1, 10, 10, 866, NULL, 'Load', 20, 'Active', NULL, '2015-06-27', '01:45:52 AM'),
(900, 7, 1, 1, 567, 900, 5, 71, 23, 8, 2, 6, 10, 80, 867, NULL, 'Load', 20, 'Active', NULL, '2015-06-27', '02:38:53 AM'),
(901, 7, 1, 1, 568, 901, 5, 71, 23, 3, 2, 6, 10, 30, 868, NULL, 'Load', 20, 'Active', NULL, '2015-06-27', '02:39:53 AM'),
(902, 7, 1, 1, 569, 902, 5, 71, 23, 10, 2, 6, 10, 100, 869, NULL, 'Load', 20, 'Active', NULL, '2015-06-27', '02:40:35 AM'),
(903, 7, 1, 1, 570, 903, 5, 71, 23, 2, 2, 6, 10, 20, 870, NULL, 'Load', 20, 'Active', NULL, '2015-06-27', '02:41:18 AM'),
(904, 7, 1, 1, 571, 904, 5, 71, 23, 4, 2, 6, 10, 40, 871, NULL, 'Load', 20, 'Active', NULL, '2015-06-27', '02:42:02 AM'),
(905, 7, 1, 1, 572, 905, 5, 71, 23, 2, 2, 6, 10, 20, 872, NULL, 'Load', 20, 'Active', NULL, '2015-06-27', '02:43:56 AM'),
(906, 7, 1, 1, 573, 906, 5, 71, 23, 6, 2, 6, 10, 60, 873, NULL, 'Load', 20, 'Active', NULL, '2015-06-27', '02:44:37 AM'),
(907, 7, 1, 1, 574, 907, 5, 71, 23, 8, 2, 9, 10, 80, 874, NULL, 'Load', 20, 'Active', NULL, '2015-06-27', '02:45:22 AM'),
(908, 7, 1, 1, 238, 908, 5, 71, 23, 9, 2, 6, 10, 90, 875, NULL, 'Load', 20, 'Active', NULL, '2015-06-27', '02:46:53 AM'),
(909, 7, 1, 1, 434, 909, 5, 71, 23, 4, 2, 6, 10, 40, 876, NULL, 'Load', 20, 'Active', NULL, '2015-06-27', '02:47:56 AM'),
(910, 7, 1, 1, 434, 910, 5, 71, 23, 5, 2, 6, 10, 50, 877, NULL, 'Load', 20, 'Active', NULL, '2015-06-27', '02:50:18 AM'),
(911, 7, 1, 1, 434, 911, 5, 71, 23, 5, 2, 6, 10, 50, 878, NULL, 'Load', 20, 'Active', NULL, '2015-06-27', '02:55:06 AM'),
(912, 7, 1, 1, 434, 912, 5, 71, 23, 12, 2, 6, 10, 120, 879, NULL, 'Load', 20, 'Active', NULL, '2015-06-27', '02:56:03 AM'),
(913, 7, 1, 1, 434, 913, 5, 71, 23, 2, 2, 6, 10, 20, 880, NULL, 'Load', 20, 'Active', NULL, '2015-06-27', '02:56:53 AM');
INSERT INTO `fna_labourworkhistory` (`LABWORKHISTID`, `LABOURID`, `PROJECTID`, `SUBPROJECTID`, `PARTYID`, `PRODUCTLOADUNLOADBKDNID`, `PRODCATTYPEID`, `PRODUCTID`, `PACKINGUNITID`, `QUANTITY`, `CHID`, `POCKET`, `BILLAMOUNT`, `TOTBILLAMOUNT`, `RECEIVENUMBER`, `DELIVERYCHALLANNUMBER`, `WORKTYPEFLAG`, `USERID`, `STATUS`, `FLAG`, `ENTDATE`, `ENTTIME`) VALUES
(914, 7, 1, 1, 434, 914, 5, 71, 23, 5, 2, 6, 10, 50, 881, NULL, 'Load', 20, 'Active', NULL, '2015-06-27', '02:57:41 AM'),
(915, 7, 1, 1, 434, 915, 5, 71, 23, 15, 2, 9, 10, 150, 882, NULL, 'Load', 20, 'Active', NULL, '2015-06-27', '03:19:43 AM'),
(916, 7, 1, 1, 345, 916, 5, 71, 23, 110, 2, 5, 10, 1100, 883, NULL, 'Load', 20, 'Active', NULL, '2015-06-27', '03:20:28 AM'),
(917, 7, 1, 1, 345, 917, 5, 71, 23, 220, 2, 5, 10, 2200, 884, NULL, 'Load', 20, 'Active', NULL, '2015-06-27', '03:21:17 AM'),
(918, 7, 1, 1, 155, 918, 5, 71, 23, 10, 2, 9, 10, 100, 885, NULL, 'Load', 20, 'Active', NULL, '2015-06-27', '03:21:59 AM'),
(919, 7, 1, 1, 155, 919, 5, 71, 23, 87, 2, 6, 10, 870, 886, NULL, 'Load', 20, 'Active', NULL, '2015-06-27', '03:22:41 AM'),
(920, 7, 1, 1, 155, 920, 5, 71, 23, 28, 2, 6, 10, 280, 887, NULL, 'Load', 20, 'Active', NULL, '2015-06-27', '03:23:27 AM'),
(921, 7, 1, 1, 268, 921, 5, 71, 23, 55, 2, 6, 10, 550, 888, NULL, 'Load', 20, 'Active', NULL, '2015-06-27', '03:24:11 AM'),
(922, 7, 1, 1, 293, 922, 5, 71, 23, 54, 2, 6, 10, 540, 889, NULL, 'Load', 20, 'Active', NULL, '2015-06-27', '03:25:04 AM'),
(923, 7, 1, 1, 345, 923, 5, 71, 23, 220, 2, 5, 10, 2200, 890, NULL, 'Load', 20, 'Active', NULL, '2015-06-27', '03:25:53 AM'),
(924, 7, 1, 1, 575, 924, 5, 71, 23, 1, 2, 6, 10, 10, 891, NULL, 'Load', 20, 'Active', NULL, '2015-06-27', '03:35:52 AM'),
(925, 7, 1, 1, 576, 925, 5, 71, 23, 1, 2, 6, 10, 10, 892, NULL, 'Load', 20, 'Active', NULL, '2015-06-27', '03:36:43 AM'),
(926, 7, 1, 1, 185, 926, 5, 71, 23, 1, 2, 6, 10, 10, 893, NULL, 'Load', 20, 'Active', NULL, '2015-06-27', '03:54:01 AM'),
(927, 7, 1, 1, 129, 927, 5, 71, 23, 11, 2, 6, 10, 110, 894, NULL, 'Load', 20, 'Active', NULL, '2015-06-27', '03:55:31 AM'),
(928, 7, 1, 1, 71, 928, 5, 71, 23, 10, 2, 6, 10, 100, 895, NULL, 'Load', 20, 'Active', NULL, '2015-06-27', '03:57:39 AM'),
(929, 7, 1, 1, 71, 929, 5, 71, 23, 7, 2, 6, 10, 70, 896, NULL, 'Load', 20, 'Active', NULL, '2015-06-27', '03:58:55 AM'),
(930, 7, 1, 1, 71, 930, 5, 71, 23, 50, 2, 6, 10, 500, 897, NULL, 'Load', 20, 'Active', NULL, '2015-06-27', '03:59:37 AM'),
(931, 7, 1, 1, 577, 931, 5, 71, 23, 3, 2, 9, 10, 30, 898, NULL, 'Load', 20, 'Active', NULL, '2015-06-27', '04:30:32 AM'),
(932, 7, 1, 1, 578, 932, 5, 71, 23, 2, 2, 6, 10, 20, 899, NULL, 'Load', 20, 'Active', NULL, '2015-06-27', '04:31:13 AM'),
(933, 7, 1, 1, 579, 933, 5, 71, 23, 1, 2, 6, 10, 10, 900, NULL, 'Load', 20, 'Active', NULL, '2015-06-27', '04:32:07 AM'),
(934, 7, 1, 1, 580, 934, 5, 71, 23, 1, 2, 6, 10, 10, 901, NULL, 'Load', 20, 'Active', NULL, '2015-06-27', '04:33:20 AM'),
(935, 7, 1, 1, 581, 935, 5, 71, 23, 5, 2, 6, 10, 50, 902, NULL, 'Load', 20, 'Active', NULL, '2015-06-27', '04:34:08 AM'),
(936, 7, 1, 1, 582, 936, 5, 71, 23, 3, 2, 9, 10, 30, 903, NULL, 'Load', 20, 'Active', NULL, '2015-06-27', '04:36:31 AM'),
(937, 7, 1, 1, 583, 937, 5, 71, 23, 2, 2, 6, 10, 20, 904, NULL, 'Load', 20, 'Active', NULL, '2015-06-27', '04:37:16 AM'),
(938, 7, 1, 1, 584, 938, 5, 71, 23, 3, 2, 6, 10, 30, 905, NULL, 'Load', 20, 'Active', NULL, '2015-06-27', '04:37:58 AM'),
(939, 7, 1, 1, 585, 939, 5, 71, 23, 1, 2, 6, 10, 10, 906, NULL, 'Load', 20, 'Active', NULL, '2015-06-27', '04:38:45 AM'),
(940, 7, 1, 1, 586, 940, 5, 71, 23, 100, 2, 12, 10, 1000, 907, NULL, 'Load', 20, 'Active', NULL, '2015-06-27', '04:39:31 AM'),
(941, 7, 1, 1, 586, 941, 5, 71, 23, 100, 2, 12, 10, 1000, 908, NULL, 'Load', 20, 'Active', NULL, '2015-06-27', '04:40:30 AM'),
(942, 7, 1, 1, 586, 942, 5, 71, 23, 32, 2, 6, 10, 320, 909, NULL, 'Load', 20, 'Active', NULL, '2015-06-27', '04:41:54 AM'),
(943, 7, 1, 1, 587, 943, 5, 71, 23, 3, 2, 6, 10, 30, 910, NULL, 'Load', 20, 'Active', NULL, '2015-06-27', '04:45:37 AM'),
(944, 7, 1, 1, 345, 944, 5, 71, 23, 115, 2, 12, 10, 1150, 911, NULL, 'Load', 20, 'Active', NULL, '2015-06-27', '04:47:05 AM'),
(945, 7, 1, 1, 488, 945, 5, 71, 23, 6, 2, 6, 10, 60, 912, NULL, 'Load', 20, 'Active', NULL, '2015-06-27', '04:48:04 AM'),
(946, 7, 1, 1, 82, 946, 5, 71, 23, 20, 2, 6, 10, 200, 913, NULL, 'Load', 20, 'Active', NULL, '2015-06-27', '04:48:43 AM'),
(947, 7, 1, 1, 82, 947, 5, 71, 23, 16, 2, 6, 10, 160, 914, NULL, 'Load', 20, 'Active', NULL, '2015-06-27', '04:50:05 AM'),
(948, 7, 1, 1, 488, 948, 5, 71, 23, 51, 2, 9, 10, 510, 915, NULL, 'Load', 20, 'Active', NULL, '2015-06-27', '04:50:57 AM'),
(949, 7, 1, 1, 488, 949, 5, 71, 23, 30, 2, 6, 10, 300, 916, NULL, 'Load', 20, 'Active', NULL, '2015-06-27', '04:53:21 AM'),
(950, 7, 1, 1, 588, 950, 5, 71, 23, 1, 2, 6, 10, 10, 917, NULL, 'Load', 20, 'Active', NULL, '2015-06-27', '04:57:28 AM'),
(951, 7, 1, 1, 589, 951, 5, 71, 23, 5, 2, 6, 10, 50, 918, NULL, 'Load', 20, 'Active', NULL, '2015-06-27', '05:18:17 AM'),
(952, 7, 1, 1, 343, 952, 5, 71, 31, 120, 2, 12, 10, 1200, 919, NULL, 'Load', 20, 'Active', NULL, '2015-06-27', '05:20:09 AM'),
(953, 7, 1, 1, 155, 953, 5, 71, 23, 62, 2, 9, 10, 620, 920, NULL, 'Load', 20, 'Active', NULL, '2015-06-27', '05:23:11 AM'),
(954, 7, 1, 1, 129, 954, 5, 71, 23, 100, 2, 12, 10, 1000, 921, NULL, 'Load', 20, 'Active', NULL, '2015-06-27', '05:26:43 AM'),
(955, 7, 1, 1, 129, 955, 5, 71, 23, 18, 2, 6, 10, 180, 922, NULL, 'Load', 20, 'Active', NULL, '2015-06-27', '05:27:33 AM'),
(956, 7, 1, 1, 155, 956, 5, 71, 23, 11, 2, 6, 10, 110, 923, NULL, 'Load', 20, 'Active', NULL, '2015-06-27', '05:29:16 AM'),
(957, 7, 1, 1, 155, 957, 5, 71, 23, 10, 2, 3, 10, 100, 924, NULL, 'Load', 20, 'Active', NULL, '2015-06-27', '05:30:04 AM'),
(958, 7, 1, 1, 590, 958, 5, 71, 23, 2, 2, 6, 10, 20, 925, NULL, 'Load', 20, 'Active', NULL, '2015-06-27', '05:41:28 AM'),
(959, 7, 1, 1, 591, 959, 5, 71, 23, 1, 2, 1, 10, 10, 926, NULL, 'Load', 20, 'Active', NULL, '2015-06-27', '05:42:17 AM'),
(960, 7, 1, 1, 592, 960, 5, 71, 23, 2, 2, 6, 10, 20, 927, NULL, 'Load', 20, 'Active', NULL, '2015-06-27', '05:43:57 AM'),
(961, 7, 1, 1, 593, 961, 5, 71, 23, 4, 2, 6, 10, 40, 928, NULL, 'Load', 20, 'Active', NULL, '2015-06-27', '05:45:30 AM'),
(962, 7, 1, 1, 594, 962, 5, 71, 23, 2, 2, 6, 10, 20, 929, NULL, 'Load', 20, 'Active', NULL, '2015-06-27', '05:46:20 AM'),
(963, 7, 1, 1, 595, 963, 5, 71, 23, 4, 2, 6, 10, 40, 930, NULL, 'Load', 20, 'Active', NULL, '2015-06-27', '05:47:07 AM'),
(964, 7, 1, 1, 171, 964, 5, 71, 23, 10, 2, 6, 10, 100, 931, NULL, 'Load', 20, 'Active', NULL, '2015-06-27', '05:48:59 AM'),
(965, 7, 1, 1, 586, 965, 5, 71, 23, 120, 2, 12, 10, 1200, 932, NULL, 'Load', 20, 'Active', NULL, '2015-06-27', '23:30:18 PM'),
(966, 7, 1, 1, 293, 966, 5, 71, 23, 97, 2, 12, 10, 970, 933, NULL, 'Load', 20, 'Active', NULL, '2015-06-27', '23:31:56 PM'),
(967, 7, 1, 1, 293, 967, 5, 71, 23, 14, 2, 6, 10, 140, 934, NULL, 'Load', 20, 'Active', NULL, '2015-06-27', '23:32:44 PM'),
(968, 7, 1, 1, 225, 968, 5, 71, 23, 25, 2, 5, 10, 250, 935, NULL, 'Load', 20, 'Active', NULL, '2015-06-27', '23:33:50 PM'),
(969, 7, 1, 1, 224, 969, 5, 71, 23, 2, 2, 6, 10, 20, 936, NULL, 'Load', 20, 'Active', NULL, '2015-06-27', '23:37:16 PM'),
(970, 7, 1, 1, 259, 970, 5, 71, 23, 10, 2, 6, 10, 100, 937, NULL, 'Load', 20, 'Active', NULL, '2015-06-27', '23:38:02 PM'),
(971, 7, 1, 1, 238, 971, 5, 71, 23, 5, 2, 6, 10, 50, 938, NULL, 'Load', 20, 'Active', NULL, '2015-06-27', '23:39:42 PM'),
(972, 7, 1, 1, 596, 972, 5, 71, 23, 1, 2, 6, 10, 10, 939, NULL, 'Load', 20, 'Active', NULL, '2015-06-28', '00:01:03 AM'),
(973, 7, 1, 1, 597, 973, 5, 71, 23, 50, 2, 12, 10, 500, 940, NULL, 'Load', 20, 'Active', NULL, '2015-06-28', '00:02:00 AM'),
(974, 7, 1, 1, 598, 974, 5, 71, 23, 13, 2, 6, 10, 130, 941, NULL, 'Load', 20, 'Active', NULL, '2015-06-28', '00:02:48 AM'),
(975, 7, 1, 1, 599, 975, 5, 71, 23, 2, 2, 6, 10, 20, 942, NULL, 'Load', 20, 'Active', NULL, '2015-06-28', '00:03:53 AM'),
(976, 7, 1, 1, 600, 976, 5, 71, 23, 6, 2, 6, 10, 60, 943, NULL, 'Load', 20, 'Active', NULL, '2015-06-28', '00:08:29 AM'),
(977, 7, 1, 1, 601, 977, 5, 71, 23, 1, 2, 1, 10, 10, 944, NULL, 'Load', 20, 'Active', NULL, '2015-06-28', '00:09:16 AM'),
(978, 7, 1, 1, 602, 978, 5, 71, 23, 1, 2, 6, 10, 10, 945, NULL, 'Load', 20, 'Active', NULL, '2015-06-28', '00:10:03 AM'),
(979, 7, 1, 1, 603, 979, 5, 71, 23, 3, 2, 3, 10, 30, 946, NULL, 'Load', 20, 'Active', NULL, '2015-06-28', '00:11:00 AM'),
(980, 7, 1, 1, 259, 980, 5, 71, 23, 3, 2, 3, 10, 30, 947, NULL, 'Load', 20, 'Active', NULL, '2015-06-28', '00:18:29 AM'),
(981, 7, 1, 1, 259, 981, 5, 71, 23, 6, 2, 6, 10, 60, 948, NULL, 'Load', 20, 'Active', NULL, '2015-06-28', '00:19:26 AM'),
(982, 7, 1, 1, 89, 982, 5, 71, 23, 27, 2, 6, 10, 270, 949, NULL, 'Load', 20, 'Active', NULL, '2015-06-28', '00:20:37 AM'),
(983, 7, 1, 1, 155, 983, 5, 71, 23, 13, 2, 6, 10, 130, 950, NULL, 'Load', 20, 'Active', NULL, '2015-06-28', '00:21:21 AM'),
(984, 7, 1, 1, 558, 984, 5, 71, 23, 107, 2, 12, 10, 1070, 951, NULL, 'Load', 20, 'Active', NULL, '2015-06-28', '00:23:08 AM'),
(985, 7, 1, 1, 434, 985, 5, 71, 23, 4, 2, 6, 10, 40, 952, NULL, 'Load', 20, 'Active', NULL, '2015-06-28', '00:24:02 AM'),
(986, 7, 1, 1, 434, 986, 5, 71, 23, 3, 2, 6, 10, 30, 953, NULL, 'Load', 20, 'Active', NULL, '2015-06-28', '00:24:55 AM'),
(987, 7, 1, 1, 434, 987, 5, 71, 23, 2, 2, 2, 10, 20, 954, NULL, 'Load', 20, 'Active', NULL, '2015-06-28', '00:25:42 AM'),
(988, 7, 1, 1, 488, 988, 5, 71, 23, 34, 2, 9, 10, 340, 955, NULL, 'Load', 20, 'Active', NULL, '2015-06-28', '00:26:59 AM'),
(989, 7, 1, 1, 558, 989, 5, 71, 23, 109, 2, 6, 10, 1090, 956, NULL, 'Load', 20, 'Active', NULL, '2015-06-28', '00:27:52 AM'),
(990, 7, 1, 1, 155, 990, 5, 71, 23, 179, 2, 5, 10, 1790, 957, NULL, 'Load', 20, 'Active', NULL, '2015-06-28', '00:28:36 AM'),
(991, 7, 1, 1, 313, 991, 5, 71, 23, 4, 2, 4, 10, 40, 958, NULL, 'Load', 20, 'Active', NULL, '2015-06-28', '00:29:49 AM'),
(992, 7, 1, 1, 260, 992, 5, 71, 23, 9, 2, 6, 10, 90, 959, NULL, 'Load', 20, 'Active', NULL, '2015-06-28', '00:31:48 AM'),
(993, 7, 1, 1, 604, 993, 5, 71, 23, 2, 2, 2, 10, 20, 960, NULL, 'Load', 20, 'Active', NULL, '2015-06-28', '00:58:00 AM'),
(994, 7, 1, 1, 604, 994, 5, 71, 23, 3, 2, 6, 10, 30, 961, NULL, 'Load', 20, 'Active', NULL, '2015-06-28', '00:58:36 AM'),
(995, 7, 1, 1, 605, 995, 5, 71, 23, 100, 2, 6, 10, 1000, 962, NULL, 'Load', 20, 'Active', NULL, '2015-06-28', '00:59:31 AM'),
(996, 7, 1, 1, 606, 996, 5, 71, 23, 110, 2, 7, 10, 1100, 963, NULL, 'Load', 20, 'Active', NULL, '2015-06-28', '01:00:18 AM'),
(997, 7, 1, 1, 607, 997, 5, 71, 23, 5, 2, 6, 10, 50, 964, NULL, 'Load', 20, 'Active', NULL, '2015-06-28', '01:01:04 AM'),
(998, 7, 1, 1, 608, 998, 5, 71, 23, 4, 2, 6, 10, 40, 965, NULL, 'Load', 20, 'Active', NULL, '2015-06-28', '01:22:49 AM'),
(999, 7, 1, 1, 609, 999, 5, 71, 23, 2, 2, 9, 10, 20, 966, NULL, 'Load', 20, 'Active', NULL, '2015-06-28', '01:24:57 AM'),
(1000, 7, 1, 1, 610, 1000, 5, 71, 23, 12, 2, 6, 10, 120, 967, NULL, 'Load', 20, 'Active', NULL, '2015-06-28', '01:26:42 AM'),
(1001, 7, 1, 1, 611, 1001, 5, 71, 23, 5, 2, 6, 10, 50, 968, NULL, 'Load', 20, 'Active', NULL, '2015-06-28', '01:30:27 AM'),
(1002, 7, 1, 1, 612, 1002, 5, 71, 23, 1, 2, 6, 10, 10, 969, NULL, 'Load', 20, 'Active', NULL, '2015-06-28', '01:31:27 AM'),
(1003, 7, 1, 1, 613, 1003, 5, 71, 23, 3, 2, 6, 10, 30, 970, NULL, 'Load', 20, 'Active', NULL, '2015-06-28', '01:57:06 AM'),
(1004, 7, 1, 1, 614, 1004, 5, 71, 23, 6, 2, 6, 10, 60, 971, NULL, 'Load', 20, 'Active', NULL, '2015-06-28', '01:58:04 AM'),
(1005, 7, 1, 1, 615, 1005, 5, 71, 23, 2, 2, 9, 10, 20, 972, NULL, 'Load', 20, 'Active', NULL, '2015-06-28', '01:59:38 AM'),
(1006, 7, 1, 1, 616, 1006, 5, 71, 23, 111, 2, 5, 10, 1110, 973, NULL, 'Load', 20, 'Active', NULL, '2015-06-28', '02:00:32 AM'),
(1007, 7, 1, 1, 616, 1007, 5, 71, 23, 110, 2, 9, 10, 1100, 974, NULL, 'Load', 20, 'Active', NULL, '2015-06-28', '02:01:18 AM'),
(1008, 7, 1, 1, 617, 1008, 5, 71, 23, 1, 2, 1, 10, 10, 975, NULL, 'Load', 20, 'Active', NULL, '2015-06-28', '02:02:27 AM'),
(1009, 7, 1, 1, 618, 1009, 5, 71, 23, 13, 2, 6, 10, 130, 976, NULL, 'Load', 20, 'Active', NULL, '2015-06-28', '02:03:29 AM'),
(1010, 7, 1, 1, 619, 1010, 5, 71, 23, 2, 2, 5, 10, 20, 977, NULL, 'Load', 20, 'Active', NULL, '2015-06-28', '02:04:25 AM'),
(1011, 7, 1, 1, 620, 1011, 5, 71, 23, 2, 2, 3, 10, 20, 978, NULL, 'Load', 20, 'Active', NULL, '2015-06-28', '02:05:07 AM'),
(1012, 7, 1, 1, 621, 1012, 5, 71, 23, 3, 2, 3, 10, 30, 979, NULL, 'Load', 20, 'Active', NULL, '2015-06-28', '02:05:50 AM'),
(1013, 7, 1, 1, 622, 1013, 5, 71, 23, 1, 2, 3, 10, 10, 980, NULL, 'Load', 20, 'Active', NULL, '2015-06-28', '02:06:38 AM'),
(1014, 7, 1, 1, 623, 1014, 5, 71, 23, 2, 2, 9, 10, 20, 981, NULL, 'Load', 20, 'Active', NULL, '2015-06-28', '02:07:46 AM'),
(1015, 7, 1, 1, 624, 1015, 5, 71, 23, 1, 2, 3, 10, 10, 982, NULL, 'Load', 20, 'Active', NULL, '2015-06-28', '02:08:45 AM'),
(1016, 7, 1, 1, 625, 1016, 5, 71, 23, 5, 2, 6, 10, 50, 983, NULL, 'Load', 20, 'Active', NULL, '2015-06-28', '02:22:50 AM'),
(1017, 7, 1, 1, 626, 1017, 5, 71, 23, 3, 2, 6, 10, 30, 984, NULL, 'Load', 20, 'Active', NULL, '2015-06-28', '02:28:39 AM'),
(1018, 7, 1, 1, 627, 1018, 5, 71, 23, 42, 2, 6, 10, 420, 985, NULL, 'Load', 20, 'Active', NULL, '2015-06-28', '02:29:55 AM'),
(1019, 7, 1, 1, 627, 1019, 5, 71, 23, 188, 2, 5, 10, 1880, 986, NULL, 'Load', 20, 'Active', NULL, '2015-06-28', '02:30:53 AM'),
(1020, 7, 1, 1, 628, 1020, 5, 71, 23, 6, 2, 6, 10, 60, 987, NULL, 'Load', 20, 'Active', NULL, '2015-06-28', '02:31:58 AM'),
(1021, 7, 1, 1, 628, 1021, 5, 71, 23, 16, 2, 6, 10, 160, 988, NULL, 'Load', 20, 'Active', NULL, '2015-06-28', '02:32:56 AM'),
(1022, 7, 1, 1, 155, 1022, 5, 71, 23, 1, 2, 6, 10, 10, 989, NULL, 'Load', 20, 'Active', NULL, '2015-06-28', '02:34:40 AM'),
(1023, 7, 1, 1, 616, 1023, 5, 71, 23, 70, 2, 6, 10, 700, 990, NULL, 'Load', 20, 'Active', NULL, '2015-06-28', '02:38:02 AM'),
(1024, 7, 1, 1, 616, 1024, 5, 71, 23, 75, 2, 12, 10, 750, 991, NULL, 'Load', 20, 'Active', NULL, '2015-06-28', '02:39:48 AM'),
(1025, 7, 1, 1, 616, 1025, 5, 71, 23, 75, 2, 12, 10, 750, 992, NULL, 'Load', 20, 'Active', NULL, '2015-06-28', '02:41:13 AM'),
(1026, 7, 1, 1, 129, 1026, 5, 71, 23, 3, 2, 6, 10, 30, 993, NULL, 'Load', 20, 'Active', NULL, '2015-06-28', '02:43:12 AM'),
(1027, 7, 1, 1, 235, 1027, 5, 71, 23, 4, 2, 6, 10, 40, 994, NULL, 'Load', 20, 'Active', NULL, '2015-06-28', '02:44:22 AM'),
(1028, 7, 1, 1, 83, 1028, 5, 71, 31, 196, 2, 5, 10, 1960, 995, NULL, 'Load', 20, 'Active', NULL, '2015-06-28', '02:46:46 AM'),
(1029, 7, 1, 1, 616, 1029, 5, 71, 23, 108, 2, 5, 10, 1080, 996, NULL, 'Load', 20, 'Active', NULL, '2015-06-28', '02:48:24 AM'),
(1030, 7, 1, 1, 616, 1030, 5, 71, 23, 61, 2, 12, 10, 610, 997, NULL, 'Load', 20, 'Active', NULL, '2015-06-28', '02:49:14 AM'),
(1031, 7, 1, 1, 616, 1031, 5, 71, 23, 61, 2, 5, 10, 610, 998, NULL, 'Load', 20, 'Active', NULL, '2015-06-28', '02:50:03 AM'),
(1032, 7, 1, 1, 628, 1032, 5, 71, 23, 31, 2, 6, 10, 310, 999, NULL, 'Load', 20, 'Active', NULL, '2015-06-28', '02:51:17 AM'),
(1033, 7, 1, 1, 628, 1033, 5, 71, 23, 19, 2, 6, 10, 190, 1000, NULL, 'Load', 20, 'Active', NULL, '2015-06-28', '02:52:04 AM'),
(1034, 7, 1, 1, 616, 1034, 5, 71, 23, 110, 2, 12, 10, 1100, 1001, NULL, 'Load', 20, 'Active', NULL, '2015-06-28', '02:52:56 AM'),
(1035, 7, 1, 1, 629, 1035, 5, 71, 23, 2, 2, 6, 10, 20, 1002, NULL, 'Load', 20, 'Active', NULL, '2015-06-28', '03:03:10 AM'),
(1036, 7, 1, 1, 630, 1036, 5, 71, 23, 2, 2, 6, 10, 20, 1003, NULL, 'Load', 20, 'Active', NULL, '2015-06-28', '03:03:57 AM'),
(1037, 7, 1, 1, 631, 1037, 5, 71, 23, 3, 2, 6, 10, 30, 1004, NULL, 'Load', 20, 'Active', NULL, '2015-06-28', '03:04:40 AM'),
(1038, 7, 1, 1, 631, 1038, 5, 71, 23, 4, 2, 6, 10, 40, 1005, NULL, 'Load', 20, 'Active', NULL, '2015-06-28', '03:05:20 AM'),
(1039, 7, 1, 1, 632, 1039, 5, 71, 23, 2, 2, 6, 10, 20, 1006, NULL, 'Load', 20, 'Active', NULL, '2015-06-28', '03:17:58 AM'),
(1040, 7, 1, 1, 633, 1040, 5, 71, 23, 2, 2, 6, 10, 20, 1007, NULL, 'Load', 20, 'Active', NULL, '2015-06-28', '03:18:49 AM'),
(1041, 7, 1, 1, 634, 1041, 5, 71, 23, 17, 2, 6, 10, 170, 1008, NULL, 'Load', 20, 'Active', NULL, '2015-06-28', '03:19:31 AM'),
(1042, 7, 1, 1, 635, 1042, 5, 71, 23, 6, 2, 6, 10, 60, 1009, NULL, 'Load', 20, 'Active', NULL, '2015-06-28', '03:20:13 AM'),
(1043, 7, 1, 1, 642, 1043, 5, 71, 23, 2, 2, 6, 10, 20, 1010, NULL, 'Load', 20, 'Active', NULL, '2015-06-28', '04:14:54 AM'),
(1044, 7, 1, 1, 643, 1044, 5, 71, 23, 1, 2, 2, 10, 10, 1011, NULL, 'Load', 20, 'Active', NULL, '2015-06-28', '04:15:35 AM'),
(1045, 7, 1, 1, 644, 1045, 5, 71, 23, 1, 2, 2, 10, 10, 1012, NULL, 'Load', 20, 'Active', NULL, '2015-06-28', '04:16:14 AM'),
(1046, 7, 1, 1, 636, 1046, 5, 71, 23, 1, 2, 2, 10, 10, 1013, NULL, 'Load', 20, 'Active', NULL, '2015-06-28', '04:17:09 AM'),
(1047, 7, 1, 1, 637, 1047, 5, 71, 23, 13, 2, 6, 10, 130, 1014, NULL, 'Load', 20, 'Active', NULL, '2015-06-28', '04:17:42 AM'),
(1048, 7, 1, 1, 638, 1048, 5, 71, 23, 5, 2, 5, 10, 50, 1015, NULL, 'Load', 20, 'Active', NULL, '2015-06-28', '04:18:33 AM'),
(1049, 7, 1, 1, 639, 1049, 5, 71, 23, 2, 2, 6, 10, 20, 1016, NULL, 'Load', 20, 'Active', NULL, '2015-06-28', '04:19:23 AM'),
(1050, 7, 1, 1, 640, 1050, 5, 71, 23, 2, 2, 2, 10, 20, 1017, NULL, 'Load', 20, 'Active', NULL, '2015-06-28', '04:20:17 AM'),
(1051, 7, 1, 1, 641, 1051, 5, 71, 23, 1, 2, 6, 10, 10, 1018, NULL, 'Load', 20, 'Active', NULL, '2015-06-28', '04:21:04 AM'),
(1052, 7, 1, 1, 616, 1052, 5, 71, 23, 110, 2, 5, 10, 1100, 1019, NULL, 'Load', 20, 'Active', NULL, '2015-06-28', '04:30:31 AM'),
(1053, 7, 1, 1, 82, 1053, 5, 71, 23, 20, 2, 6, 10, 200, 1020, NULL, 'Load', 20, 'Active', NULL, '2015-06-28', '04:31:40 AM'),
(1054, 7, 1, 1, 82, 1054, 5, 71, 23, 14, 2, 6, 10, 140, 1021, NULL, 'Load', 20, 'Active', NULL, '2015-06-28', '04:32:27 AM'),
(1055, 7, 1, 1, 628, 1055, 5, 71, 23, 49, 2, 6, 10, 490, 1022, NULL, 'Load', 20, 'Active', NULL, '2015-06-28', '04:33:25 AM'),
(1056, 7, 1, 1, 616, 1056, 5, 71, 23, 110, 2, 12, 10, 1100, 1023, NULL, 'Load', 20, 'Active', NULL, '2015-06-28', '04:34:28 AM'),
(1057, 7, 1, 1, 616, 1057, 5, 71, 23, 110, 2, 34, 10, 1100, 1024, NULL, 'Load', 20, 'Active', NULL, '2015-06-28', '04:35:14 AM'),
(1058, 7, 1, 1, 628, 1058, 5, 71, 23, 15, 2, 6, 10, 150, 1025, NULL, 'Load', 20, 'Active', NULL, '2015-06-28', '04:57:42 AM'),
(1059, 7, 1, 1, 628, 1059, 5, 71, 23, 35, 2, 6, 10, 350, 1026, NULL, 'Load', 20, 'Active', NULL, '2015-06-28', '05:01:46 AM'),
(1060, 7, 1, 1, 628, 1060, 5, 71, 23, 12, 2, 12, 10, 120, 1027, NULL, 'Load', 20, 'Active', NULL, '2015-06-28', '05:02:30 AM'),
(1061, 7, 1, 1, 628, 1061, 5, 71, 23, 17, 2, 9, 10, 170, 1028, NULL, 'Load', 20, 'Active', NULL, '2015-06-28', '05:03:25 AM'),
(1062, 7, 1, 1, 628, 1062, 5, 71, 23, 10, 2, 3, 10, 100, 1029, NULL, 'Load', 20, 'Active', NULL, '2015-06-28', '05:04:09 AM'),
(1063, 7, 1, 1, 129, 1063, 5, 71, 23, 5, 2, 5, 10, 50, 1030, NULL, 'Load', 20, 'Active', NULL, '2015-06-28', '05:05:33 AM'),
(1064, 7, 1, 1, 645, 1064, 5, 71, 23, 6, 2, 6, 10, 60, 1031, NULL, 'Load', 20, 'Active', NULL, '2015-06-28', '05:08:27 AM'),
(1065, 7, 1, 1, 645, 1065, 5, 71, 23, 28, 2, 6, 10, 280, 1032, NULL, 'Load', 20, 'Active', NULL, '2015-06-28', '05:09:13 AM'),
(1066, 7, 1, 1, 645, 1066, 5, 71, 23, 77, 2, 12, 10, 770, 1033, NULL, 'Load', 20, 'Active', NULL, '2015-06-28', '05:09:57 AM'),
(1067, 7, 1, 1, 238, 1067, 5, 71, 23, 5, 2, 6, 10, 50, 1034, NULL, 'Load', 20, 'Active', NULL, '2015-06-28', '05:12:04 AM'),
(1068, 7, 1, 1, 155, 1068, 5, 71, 23, 8, 2, 6, 10, 80, 1035, NULL, 'Load', 20, 'Active', NULL, '2015-06-28', '05:13:11 AM'),
(1069, 7, 1, 1, 238, 1069, 5, 71, 23, 4, 2, 6, 10, 40, 1036, NULL, 'Load', 20, 'Active', NULL, '2015-06-28', '05:14:07 AM'),
(1070, 7, 1, 1, 200, 1070, 5, 71, 23, 1, 2, 6, 10, 10, 1037, NULL, 'Load', 20, 'Active', NULL, '2015-06-28', '05:14:57 AM'),
(1071, 7, 1, 1, 646, 1071, 5, 71, 23, 4, 2, 6, 10, 40, 1038, NULL, 'Load', 20, 'Active', NULL, '2015-06-28', '05:23:22 AM'),
(1072, 7, 1, 1, 647, 1072, 5, 71, 23, 4, 2, 6, 10, 40, 1039, NULL, 'Load', 20, 'Active', NULL, '2015-06-28', '05:24:06 AM'),
(1073, 7, 1, 1, 648, 1073, 5, 71, 23, 3, 2, 3, 10, 30, 1040, NULL, 'Load', 20, 'Active', NULL, '2015-06-28', '05:32:15 AM'),
(1074, 7, 1, 1, 651, 1074, 5, 71, 23, 2, 2, 2, 10, 20, 1041, NULL, 'Load', 20, 'Active', NULL, '2015-06-28', '05:33:01 AM'),
(1075, 7, 1, 1, 650, 1075, 5, 71, 23, 6, 2, 6, 10, 60, 1042, NULL, 'Load', 20, 'Active', NULL, '2015-06-28', '05:33:52 AM'),
(1076, 7, 1, 1, 649, 1076, 5, 71, 23, 2, 2, 6, 10, 20, 1043, NULL, 'Load', 20, 'Active', NULL, '2015-06-28', '05:34:36 AM'),
(1077, 7, 1, 1, 652, 1077, 5, 71, 23, 4, 2, 3, 10, 40, 1044, NULL, 'Load', 20, 'Active', NULL, '2015-06-29', '00:02:29 AM'),
(1078, 7, 1, 1, 653, 1078, 5, 71, 23, 2, 2, 2, 10, 20, 1045, NULL, 'Load', 20, 'Active', NULL, '2015-06-29', '00:04:13 AM'),
(1079, 7, 1, 1, 654, 1079, 5, 71, 23, 2, 2, 2, 10, 20, 1046, NULL, 'Load', 20, 'Active', NULL, '2015-06-29', '00:05:00 AM'),
(1080, 7, 1, 1, 655, 1080, 5, 71, 23, 2, 2, 6, 10, 20, 1047, NULL, 'Load', 20, 'Active', NULL, '2015-06-29', '00:05:48 AM'),
(1081, 7, 1, 1, 656, 1081, 5, 71, 23, 2, 2, 2, 10, 20, 1048, NULL, 'Load', 20, 'Active', NULL, '2015-06-29', '00:06:47 AM'),
(1082, 7, 1, 1, 657, 1082, 5, 71, 23, 2, 2, 2, 10, 20, 1049, NULL, 'Load', 20, 'Active', NULL, '2015-06-29', '00:07:29 AM'),
(1083, 7, 1, 1, 658, 1083, 5, 71, 23, 3, 2, 3, 10, 30, 1050, NULL, 'Load', 20, 'Active', NULL, '2015-06-29', '00:08:11 AM'),
(1084, 7, 1, 1, 659, 1084, 5, 71, 23, 3, 2, 2, 10, 30, 1051, NULL, 'Load', 20, 'Active', NULL, '2015-06-29', '00:08:58 AM'),
(1085, 7, 1, 1, 660, 1085, 5, 71, 23, 4, 2, 2, 10, 40, 1052, NULL, 'Load', 20, 'Active', NULL, '2015-06-29', '00:09:43 AM'),
(1086, 7, 1, 1, 661, 1086, 5, 71, 23, 4, 2, 6, 10, 40, 1053, NULL, 'Load', 20, 'Active', NULL, '2015-06-29', '00:10:55 AM'),
(1087, 7, 1, 1, 662, 1087, 5, 71, 23, 14, 2, 6, 10, 140, 1054, NULL, 'Load', 20, 'Active', NULL, '2015-06-29', '00:14:21 AM'),
(1088, 7, 1, 1, 259, 1088, 5, 71, 23, 3, 2, 3, 10, 30, 1055, NULL, 'Load', 20, 'Active', NULL, '2015-06-29', '00:15:16 AM'),
(1089, 7, 1, 1, 171, 1089, 5, 71, 23, 26, 2, 6, 10, 260, 1056, NULL, 'Load', 20, 'Active', NULL, '2015-06-29', '00:16:36 AM'),
(1090, 7, 1, 1, 663, 1090, 5, 71, 23, 1, 2, 6, 10, 10, 1057, NULL, 'Load', 20, 'Active', NULL, '2015-06-29', '01:06:10 AM'),
(1091, 7, 1, 1, 664, 1091, 5, 71, 23, 1, 2, 6, 10, 10, 1058, NULL, 'Load', 20, 'Active', NULL, '2015-06-29', '01:07:00 AM'),
(1092, 7, 1, 1, 665, 1092, 5, 71, 23, 7, 2, 6, 10, 70, 1059, NULL, 'Load', 20, 'Active', NULL, '2015-06-29', '01:07:55 AM'),
(1093, 7, 1, 1, 666, 1093, 5, 71, 23, 1, 2, 1, 10, 10, 1060, NULL, 'Load', 20, 'Active', NULL, '2015-06-29', '01:08:41 AM'),
(1094, 7, 1, 1, 667, 1094, 5, 71, 23, 12, 2, 2, 10, 120, 1061, NULL, 'Load', 20, 'Active', NULL, '2015-06-29', '01:09:42 AM'),
(1095, 7, 1, 1, 668, 1095, 5, 71, 23, 1, 2, 6, 10, 10, 1062, NULL, 'Load', 20, 'Active', NULL, '2015-06-29', '01:10:23 AM'),
(1096, 7, 1, 1, 671, 1096, 5, 71, 23, 11, 2, 6, 10, 110, 1063, NULL, 'Load', 20, 'Active', NULL, '2015-06-29', '01:12:45 AM'),
(1097, 7, 1, 1, 670, 1097, 5, 71, 23, 8, 2, 6, 10, 80, 1064, NULL, 'Load', 20, 'Active', NULL, '2015-06-29', '01:13:29 AM'),
(1098, 7, 1, 1, 670, 1098, 5, 71, 23, 2, 2, 6, 10, 20, 1065, NULL, 'Load', 20, 'Active', NULL, '2015-06-29', '01:14:06 AM'),
(1099, 7, 1, 1, 83, 1099, 5, 71, 31, 147, 2, 5, 10, 1470, 1066, NULL, 'Load', 20, 'Active', NULL, '2015-06-29', '01:30:54 AM'),
(1100, 7, 1, 1, 83, 1100, 5, 71, 31, 150, 2, 5, 10, 1500, 1067, NULL, 'Load', 20, 'Active', NULL, '2015-06-29', '01:33:55 AM'),
(1101, 7, 1, 1, 83, 1101, 5, 71, 31, 151, 2, 5, 10, 1510, 1068, NULL, 'Load', 20, 'Active', NULL, '2015-06-29', '01:34:42 AM'),
(1102, 7, 1, 1, 83, 1102, 5, 71, 31, 149, 2, 6, 10, 1490, 1069, NULL, 'Load', 20, 'Active', NULL, '2015-06-29', '01:35:46 AM'),
(1103, 7, 1, 1, 672, 1103, 5, 71, 23, 4, 2, 6, 10, 40, 1070, NULL, 'Load', 20, 'Active', NULL, '2015-06-29', '01:43:39 AM'),
(1104, 7, 1, 1, 542, 1104, 5, 71, 23, 2, 2, 6, 10, 20, 1071, NULL, 'Load', 20, 'Active', NULL, '2015-06-29', '01:53:44 AM'),
(1105, 7, 1, 1, 673, 1105, 5, 71, 23, 3, 2, 6, 10, 30, 1072, NULL, 'Load', 20, 'Active', NULL, '2015-06-29', '01:56:53 AM'),
(1106, 1, 1, 2, 60, 1108, 6, 175, 28, 52, 3, 12, 6, 312, 1077, NULL, 'Load', 20, 'Active', NULL, '2015-10-08', '08:29:51 AM'),
(1107, 1, 1, 2, 60, 1109, 6, 177, 15, 190, 3, 12, 6, 1140, 1077, NULL, 'Load', 20, 'Active', NULL, '2015-10-08', '08:29:51 AM'),
(1108, 1, 1, 2, 60, 1110, 6, 178, 15, 1601, 3, 12, 6, 9606, 1077, NULL, 'Load', 20, 'Active', NULL, '2015-10-08', '08:29:51 AM'),
(1109, 1, 1, 2, 60, 1111, 6, 179, 15, 108, 3, 12, 6, 648, 1077, NULL, 'Load', 20, 'Active', NULL, '2015-10-08', '08:29:51 AM'),
(1110, 1, 1, 2, 60, 1112, 6, 180, 15, 26, 3, 12, 6, 156, 1077, NULL, 'Load', 20, 'Active', NULL, '2015-10-08', '08:29:51 AM'),
(1111, 1, 1, 2, 60, 1113, 6, 181, 15, 15102, 3, 12, 6, 90612, 1077, NULL, 'Load', 20, 'Active', NULL, '2015-10-08', '08:29:51 AM'),
(1112, 1, 1, 2, 60, 1114, 6, 182, 15, 291, 3, 12, 6, 1746, 1077, NULL, 'Load', 20, 'Active', NULL, '2015-10-08', '08:29:51 AM'),
(1113, 1, 1, 2, 60, 1115, 6, 176, 32, 2194, 3, 12, 5, 10970, 1078, NULL, 'Load', 20, 'Active', NULL, '2015-10-08', '08:33:33 AM'),
(1114, 2, 1, 4, 61, 1116, 14, 183, 13, 430, 3, 12, 4.5, 1935, 1079, NULL, 'Load', 20, 'Active', NULL, '2015-10-08', '08:36:39 AM'),
(1115, 1, 1, 2, 0, 0, 6, 51, 15, 44, 3, NULL, 3, 132, NULL, NULL, 'Transfer', 20, 'Active', NULL, '2015-10-09', '06:38:43 AM'),
(1116, 1, 1, 2, 60, 1117, 7, 184, 11, 60, 1, 15, 6, 360, 1080, NULL, 'Load', 20, 'Active', NULL, '2015-10-09', '07:02:34 AM'),
(1117, 1, 1, 2, 60, 1118, 6, 176, 32, 20, 3, 15, 5, 100, NULL, 1, 'Unload', 20, 'Active', NULL, '2015-10-09', '07:13:43 AM'),
(1118, 1, 1, 2, 60, 1119, 6, 32, 18, 10, 3, 15, 12, 120, NULL, 1, 'Unload', 20, 'Active', NULL, '2015-10-09', '07:13:43 AM'),
(1119, 1, 1, 2, 60, 1120, 6, 178, 15, 10, 3, 15, 6, 60, NULL, 1, 'Unload', 20, 'Active', NULL, '2015-10-09', '07:13:43 AM'),
(1120, 1, 1, 2, 60, 1121, 6, 40, 12, 10, 3, 15, 4.5, 45, NULL, 1, 'Unload', 20, 'Active', NULL, '2015-10-09', '07:13:43 AM'),
(1121, 1, 1, 2, 60, 1122, 6, 43, 15, 4, 3, 15, 6, 24, NULL, 1, 'Unload', 20, 'Active', NULL, '2015-10-09', '07:13:43 AM'),
(1122, 1, 1, 2, 60, 1123, 7, 67, 25, 30, 3, 15, 6.5, 195, NULL, 1, 'Unload', 20, 'Active', NULL, '2015-10-09', '07:13:43 AM'),
(1123, 1, 1, 2, 60, 1124, 6, 177, 15, 10, 3, 15, 6, 60, NULL, 1, 'Unload', 20, 'Active', NULL, '2015-10-09', '07:13:43 AM'),
(1124, 2, 1, 4, 61, 1125, 13, 157, 15, 120, 1, 12, 6, 720, 1081, NULL, 'Load', 20, 'Active', NULL, '2015-10-09', '07:18:51 AM'),
(1125, 1, 1, 2, 60, 1126, 6, 33, 19, 150, 3, 63, 1, 150, NULL, 1, 'Unload', 20, 'Active', NULL, '2015-08-03', '10:16:23 AM'),
(1126, 1, 1, 2, 60, 1127, 7, 64, 11, 238, 3, 63, 5.5, 1309, NULL, 1, 'Unload', 20, 'Active', NULL, '2015-08-03', '10:16:23 AM'),
(1127, 1, 1, 2, 60, 1128, 7, 67, 25, 1, 3, 65, 6.5, 6.5, NULL, 1, 'Unload', 20, 'Active', NULL, '2015-08-03', '10:16:23 AM'),
(1128, 1, 1, 2, 60, 1129, 6, 43, 15, 6, 3, 45, 6, 36, NULL, 1, 'Unload', 20, 'Active', NULL, '2015-08-03', '10:16:23 AM'),
(1129, 1, 1, 2, 60, 1130, 6, 32, 18, 8, 3, 56, 12, 96, NULL, 1, 'Unload', 20, 'Active', NULL, '2015-08-03', '10:16:23 AM'),
(1130, 1, 1, 2, 60, 1131, 6, 178, 15, 6, 3, 65, 6, 36, NULL, 1, 'Unload', 20, 'Active', NULL, '2015-08-03', '10:16:23 AM'),
(1131, 1, 1, 2, 60, 1132, 6, 177, 15, 15, 3, 63, 6, 90, NULL, 1, 'Unload', 20, 'Active', NULL, '2015-08-03', '10:16:23 AM'),
(1132, 1, 1, 2, 60, 1133, 6, 34, 20, 50, 3, 41, 2.5, 125, NULL, 1, 'Unload', 20, 'Active', NULL, '2015-08-03', '10:16:23 AM'),
(1133, 2, 1, 4, 61, 1134, 13, 157, 15, 60, 3, 96, 6, 360, 1082, NULL, 'Load', 20, 'Active', NULL, '2015-08-03', '10:25:03 AM'),
(1134, 7, 1, 1, 345, 1135, 5, 71, 23, 3, 2, 910, 9, 27, NULL, 1, 'Unload', 20, 'Active', NULL, '2015-10-24', '01:11:46 AM'),
(1135, 7, 1, 1, 345, 1136, 5, 71, 23, 20, 2, 9, 9, 180, NULL, 1, 'Unload', 20, 'Active', NULL, '2015-10-24', '01:13:28 AM'),
(1136, 7, 1, 1, 366, 1137, 5, 71, 23, 20, 2, 9, 9, 180, NULL, 1, 'Unload', 20, 'Active', NULL, '2015-10-24', '01:14:20 AM'),
(1137, 7, 1, 1, 345, 1138, 5, 71, 23, 10, 2, 5, 9, 90, NULL, 1, 'Unload', 20, 'Active', NULL, '2015-10-24', '01:14:59 AM'),
(1138, 7, 1, 1, 345, 1139, 5, 71, 23, 5, 2, 910, 9, 45, NULL, 1, 'Unload', 20, 'Active', NULL, '2015-10-24', '01:15:54 AM'),
(1139, 7, 1, 1, 345, 1140, 5, 71, 23, 10, 2, 9, 9, 90, NULL, 1, 'Unload', 20, 'Active', NULL, '2015-10-24', '01:16:50 AM'),
(1140, 7, 1, 1, 155, 1141, 5, 71, 23, 1, 2, 9, 9, 9, NULL, 1, 'Unload', 20, 'Active', NULL, '2015-10-24', '01:17:31 AM'),
(1141, 7, 1, 1, 345, 1142, 5, 71, 23, 10, 2, 910, 9, 90, NULL, 1, 'Unload', 20, 'Active', NULL, '2015-10-24', '01:22:12 AM'),
(1142, 7, 1, 1, 366, 1143, 5, 71, 23, 10, 2, 9, 9, 90, NULL, 1, 'Unload', 20, 'Active', NULL, '2015-10-24', '01:27:25 AM'),
(1143, 7, 1, 1, 345, 1144, 5, 71, 23, 10, 2, 5, 9, 90, NULL, 1, 'Unload', 20, 'Active', NULL, '2015-10-24', '01:28:10 AM'),
(1144, 7, 1, 1, 345, 1145, 5, 71, 23, 10, 2, 5, 9, 90, NULL, 1, 'Unload', 20, 'Active', NULL, '2015-10-24', '01:28:53 AM'),
(1145, 7, 1, 1, 345, 1146, 5, 71, 23, 5, 2, 910, 9, 45, NULL, 1, 'Unload', 20, 'Active', NULL, '2015-10-24', '01:29:59 AM'),
(1146, 7, 1, 1, 345, 1147, 5, 71, 23, 10, 2, 5, 9, 90, NULL, 1, 'Unload', 20, 'Active', NULL, '2015-10-24', '01:30:43 AM'),
(1147, 7, 1, 1, 171, 1148, 5, 71, 23, 5, 2, 10, 9, 45, NULL, 1, 'Unload', 20, 'Active', NULL, '2015-10-24', '01:31:27 AM'),
(1148, 7, 1, 1, 345, 1149, 5, 71, 23, 5, 2, 5, 9, 45, NULL, 1, 'Unload', 20, 'Active', NULL, '2015-10-24', '01:32:36 AM'),
(1149, 7, 1, 1, 345, 1150, 5, 71, 23, 3, 2, 910, 9, 27, NULL, 1, 'Unload', 20, 'Active', NULL, '2015-10-24', '01:34:09 AM'),
(1150, 7, 1, 1, 345, 1151, 5, 71, 23, 5, 2, 56, 9, 45, NULL, 1, 'Unload', 20, 'Active', NULL, '2015-10-24', '01:34:48 AM'),
(1151, 7, 1, 1, 293, 1152, 5, 71, 23, 4, 2, 3, 9, 36, NULL, 1, 'Unload', 20, 'Active', NULL, '2015-10-24', '01:35:41 AM'),
(1152, 7, 1, 1, 345, 1153, 5, 71, 23, 20, 2, 9, 9, 180, NULL, 1, 'Unload', 20, 'Active', NULL, '2015-11-02', '05:39:38 AM'),
(1153, 7, 1, 1, 345, 1154, 5, 71, 23, 7, 2, 910, 9, 63, NULL, 1, 'Unload', 20, 'Active', NULL, '2015-11-02', '05:40:35 AM'),
(1154, 7, 1, 1, 366, 1155, 5, 71, 23, 31, 2, 9, 9, 279, NULL, 1, 'Unload', 20, 'Active', NULL, '2015-11-02', '05:41:27 AM');

-- --------------------------------------------------------

--
-- Table structure for table `fna_loan`
--

CREATE TABLE IF NOT EXISTS `fna_loan` (
  `LOANID` int(11) NOT NULL AUTO_INCREMENT,
  `LOANTYPEID` int(11) NOT NULL,
  `PROJECTID` int(11) NOT NULL,
  `SUBPROJECTID` int(11) NOT NULL,
  `PARTYID` int(11) NOT NULL,
  `LOANAMOUNT` double NOT NULL,
  `INTERESTRATE` double NOT NULL,
  `INTERESTAMOUNT` double NOT NULL,
  `TOTLOANAMOUNT` double NOT NULL,
  `LOANPAYMENT` double NOT NULL,
  `TOTLOANPAYMENT` double NOT NULL,
  `BALANCE` double NOT NULL,
  `ENTRYDATE` date NOT NULL,
  `LOANPURPOSE` varchar(100) NOT NULL,
  `PARTYFLAG` int(11) NOT NULL,
  `LOANFLAG` int(11) NOT NULL,
  `USERID` int(11) NOT NULL,
  `STATUS` varchar(40) NOT NULL,
  `FLAG` int(11) NOT NULL,
  `ENTDATE` date NOT NULL,
  `ENTTIME` varchar(100) NOT NULL,
  PRIMARY KEY (`LOANID`)
) ENGINE=InnoDB DEFAULT CHARSET=latin1 AUTO_INCREMENT=1 ;

-- --------------------------------------------------------

--
-- Table structure for table `fna_loantype`
--

CREATE TABLE IF NOT EXISTS `fna_loantype` (
  `LOANTYPEID` int(11) NOT NULL AUTO_INCREMENT,
  `LOANTYPENAME` varchar(100) NOT NULL,
  `USERID` int(11) NOT NULL,
  `STATUS` varchar(30) NOT NULL,
  `FLAG` int(11) NOT NULL,
  `ENTDATE` date NOT NULL,
  `ENTTIME` varchar(120) NOT NULL,
  PRIMARY KEY (`LOANTYPEID`)
) ENGINE=InnoDB  DEFAULT CHARSET=latin1 AUTO_INCREMENT=4 ;

--
-- Dumping data for table `fna_loantype`
--

INSERT INTO `fna_loantype` (`LOANTYPEID`, `LOANTYPENAME`, `USERID`, `STATUS`, `FLAG`, `ENTDATE`, `ENTTIME`) VALUES
(1, 'Car Loan', 20, 'Active', 0, '2014-11-05', '18:18:09 PM'),
(2, 'Basta Loan', 20, 'Active', 0, '2014-11-05', '18:18:26 PM'),
(3, 'Normal Loan', 20, 'Active', 0, '2014-11-05', '18:18:37 PM');

-- --------------------------------------------------------

--
-- Table structure for table `fna_packingname`
--

CREATE TABLE IF NOT EXISTS `fna_packingname` (
  `PACKINGNAMEID` int(11) NOT NULL AUTO_INCREMENT,
  `PACKINGNAME` varchar(100) DEFAULT NULL,
  `USERID` int(11) DEFAULT NULL,
  `STATUS` varchar(20) DEFAULT NULL,
  `FLAG` int(11) DEFAULT NULL,
  `ENTDATE` date DEFAULT NULL,
  `ENTTIME` varchar(100) DEFAULT NULL,
  PRIMARY KEY (`PACKINGNAMEID`),
  UNIQUE KEY `PACKINGNAMEID` (`PACKINGNAMEID`)
) ENGINE=InnoDB  DEFAULT CHARSET=latin1 AUTO_INCREMENT=6 ;

--
-- Dumping data for table `fna_packingname`
--

INSERT INTO `fna_packingname` (`PACKINGNAMEID`, `PACKINGNAME`, `USERID`, `STATUS`, `FLAG`, `ENTDATE`, `ENTTIME`) VALUES
(1, 'Basta', 20, 'Active', NULL, '2014-09-20', '17:10:22 PM'),
(3, 'Drum', 20, 'Active', NULL, '2014-09-25', '15:17:20 PM'),
(4, 'Cartoon', 20, 'Active', NULL, '2014-10-24', '10:29:02 AM'),
(5, 'Jhuri', 20, 'Active', NULL, '2014-11-21', '06:23:44 AM');

-- --------------------------------------------------------

--
-- Table structure for table `fna_packingunit`
--

CREATE TABLE IF NOT EXISTS `fna_packingunit` (
  `PACKINGUNITID` int(11) NOT NULL AUTO_INCREMENT,
  `PACKINGNAMEID` int(11) NOT NULL,
  `QID` int(11) NOT NULL,
  `WTID` int(11) NOT NULL,
  `USERID` int(11) DEFAULT NULL,
  `STATUS` varchar(20) DEFAULT NULL,
  `FLAG` int(11) DEFAULT NULL,
  `ENTDATE` date DEFAULT NULL,
  `ENTTIME` varchar(100) DEFAULT NULL,
  PRIMARY KEY (`PACKINGUNITID`)
) ENGINE=InnoDB  DEFAULT CHARSET=latin1 AUTO_INCREMENT=33 ;

--
-- Dumping data for table `fna_packingunit`
--

INSERT INTO `fna_packingunit` (`PACKINGUNITID`, `PACKINGNAMEID`, `QID`, `WTID`, `USERID`, `STATUS`, `FLAG`, `ENTDATE`, `ENTTIME`) VALUES
(11, 1, 10, 1, 20, 'Active', NULL, '2014-11-26', '12:56:05 PM'),
(12, 1, 12, 1, 20, 'Active', NULL, '2014-11-26', '12:56:15 PM'),
(13, 1, 11, 1, 20, 'Active', NULL, '2014-11-26', '12:56:26 PM'),
(14, 1, 4, 1, 20, 'Active', NULL, '2014-11-26', '12:56:39 PM'),
(15, 3, 13, 1, 20, 'Active', NULL, '2014-11-26', '12:56:51 PM'),
(16, 3, 6, 1, 20, 'Active', NULL, '2014-11-26', '12:57:02 PM'),
(17, 3, 14, 1, 20, 'Active', NULL, '2014-11-26', '12:57:20 PM'),
(18, 3, 15, 1, 20, 'Active', NULL, '2014-11-26', '12:57:34 PM'),
(19, 4, 16, 1, 20, 'Active', NULL, '2014-11-28', '06:06:15 AM'),
(20, 4, 17, 1, 20, 'Active', NULL, '2014-11-28', '06:06:25 AM'),
(21, 1, 18, 1, 20, 'Active', NULL, '2014-11-29', '17:16:27 PM'),
(23, 1, 19, 1, 20, 'Active', NULL, '2014-12-07', '12:42:14 PM'),
(24, 1, 20, 1, 20, 'Active', NULL, '2015-05-30', '14:54:37 PM'),
(25, 1, 21, 1, 20, 'Active', NULL, '2015-05-30', '14:54:47 PM'),
(26, 1, 22, 1, 20, 'Active', NULL, '2015-05-30', '15:06:47 PM'),
(27, 3, 23, 1, 20, 'Active', NULL, '2015-05-31', '14:27:53 PM'),
(28, 3, 18, 1, 20, 'Active', NULL, '2015-05-31', '14:46:20 PM'),
(29, 1, 16, 1, 20, 'Active', NULL, '2015-06-01', '14:37:34 PM'),
(30, 1, 17, 1, 20, 'Active', NULL, '2015-06-01', '14:38:25 PM'),
(31, 1, 23, 1, 20, 'Active', NULL, '2015-06-02', '14:35:57 PM'),
(32, 4, 24, 1, 20, 'Active', NULL, '2015-10-08', '08:21:51 AM');

-- --------------------------------------------------------

--
-- Table structure for table `fna_party`
--

CREATE TABLE IF NOT EXISTS `fna_party` (
  `PARTYID` int(11) NOT NULL AUTO_INCREMENT,
  `PROJECTID` int(11) NOT NULL,
  `SUBPROJECTID` int(11) NOT NULL,
  `PARTYNAME` varchar(100) DEFAULT NULL,
  `FATHERNAME` varchar(100) DEFAULT NULL,
  `ADDRESS` varchar(100) DEFAULT NULL,
  `MOBILE` int(11) DEFAULT NULL,
  `USERID` int(11) DEFAULT NULL,
  `STATUS` varchar(20) DEFAULT NULL,
  `FLAG` int(11) DEFAULT NULL,
  `ENTDATE` date DEFAULT NULL,
  `ENTTIME` varchar(100) DEFAULT NULL,
  PRIMARY KEY (`PARTYID`)
) ENGINE=InnoDB  DEFAULT CHARSET=latin1 AUTO_INCREMENT=750 ;

--
-- Dumping data for table `fna_party`
--

INSERT INTO `fna_party` (`PARTYID`, `PROJECTID`, `SUBPROJECTID`, `PARTYNAME`, `FATHERNAME`, `ADDRESS`, `MOBILE`, `USERID`, `STATUS`, `FLAG`, `ENTDATE`, `ENTTIME`) VALUES
(1, 2, 6, 'Feed.Poultry Firms', 'Poultry Firms', ' Natore', 1971696274, 20, 'Active', NULL, '2015-03-02', '17:31:09 PM'),
(2, 3, 8, 'Pal.Feed Mill', 'Feed Mill', ' Natore', 1971696274, 20, 'Active', NULL, '2015-03-02', '17:31:47 PM'),
(3, 3, 8, 'Pal.Hatchery', 'Hatchery', ' Natore', 1971696274, 20, 'Active', NULL, '2015-03-02', '17:32:26 PM'),
(4, 4, 9, 'Hatch. Poultry Firm', 'Poultry Firm', ' Natore', 1971696274, 20, 'Active', NULL, '2015-03-02', '17:41:43 PM'),
(5, 3, 8, 'Pal.Medicine', 'Medicine', ' Natore', 2147483647, 20, 'Active', NULL, '2015-03-05', '19:43:40 PM'),
(6, 5, 7, 'Med.Poultry Firm ', 'Poultry Firm ', ' Natore', 12321312, 20, 'Active', NULL, '2015-03-05', '19:44:35 PM'),
(27, 2, 6, 'Bilkis Enterprise', 'bbbb', ' ', 0, 20, 'Active', NULL, '2015-02-22', '11:39:49 AM'),
(28, 2, 6, 'Advance Company', 'aaaa', ' ', 0, 20, 'Active', NULL, '2015-02-22', '11:40:18 AM'),
(29, 2, 6, 'Nimai Traders', 'nnn', ' ', 0, 20, 'Active', NULL, '2015-02-22', '11:40:45 AM'),
(30, 2, 6, 'Modina Enterprise', 'Modina ', ' ', 0, 20, 'Active', NULL, '2015-02-22', '11:41:09 AM'),
(31, 2, 6, 'National Animal Health', 'wefwefwef', ' ', 0, 20, 'Active', NULL, '2015-02-22', '11:41:39 AM'),
(32, 6, 10, 'Opening Balance', 'Opening', ' ', 0, 20, 'Active', NULL, '2015-02-22', '11:51:38 AM'),
(33, 5, 7, 'Advance Company', 'Advance', ' ', 0, 20, 'Active', NULL, '2015-02-22', '14:27:49 PM'),
(34, 5, 7, 'Bridge Company', 'Bridge ', ' ', 0, 20, 'Active', NULL, '2015-02-22', '14:28:13 PM'),
(35, 5, 7, 'Novartis', 'Novartis', ' ', 0, 20, 'Active', NULL, '2015-02-22', '14:28:31 PM'),
(38, 3, 8, 'Opening Sale Party', 'Dhaka ', ' Dhaka', 1971696274, 20, 'Active', NULL, '2015-03-15', '04:53:27 AM'),
(39, 4, 9, 'Piarul', 'Unknown', ' Rajshahi', 1718874323, 20, 'Active', NULL, '2015-03-15', '08:11:18 AM'),
(40, 4, 9, 'Hashem', 'Unknown', ' Walia', 1512351, 20, 'Active', NULL, '2015-03-15', '08:12:01 AM'),
(41, 4, 9, 'Tania', 'Unknown', ' Kolom', 2147483647, 20, 'Active', NULL, '2015-03-15', '08:12:34 AM'),
(42, 4, 9, 'Nimai', 'Unknown', ' Natore', 2147483647, 20, 'Active', NULL, '2015-03-15', '08:12:56 AM'),
(43, 3, 8, 'Scrub Party', 'Scrab', ' dfbadbadf', 1971696274, 20, 'Active', NULL, '2015-05-06', '20:17:40 PM'),
(44, 4, 9, 'Shariful ', 'Shariful Hasan', ' Rajshahi', 1971696274, 20, 'Active', NULL, '2015-01-01', '15:32:21 PM'),
(45, 4, 9, 'Rahmat', 'Zabbar', ' Dal sarak', 532525235, 20, 'Active', NULL, '2015-01-01', '15:32:49 PM'),
(46, 4, 9, 'Zahid', 'Kamal', ' Rajshahi', 2424242, 20, 'Active', NULL, '2015-01-01', '15:33:12 PM'),
(47, 4, 9, 'Rowshon', 'Altaf', ' Pabna', 24242525, 20, 'Active', NULL, '2015-01-01', '15:34:57 PM'),
(48, 4, 9, 'Bhai Bhai', 'Baba Baba', ' Rajshahi', 235235235, 20, 'Active', NULL, '2015-01-01', '15:36:26 PM'),
(49, 4, 9, 'Sohel', 'Sagor', ' Pabna', 14124214, 20, 'Active', NULL, '2015-01-01', '15:36:47 PM'),
(50, 4, 9, 'Monjur', 'JHGjhgj', ' Rajshahi', 242114, 20, 'Active', NULL, '2015-01-01', '15:37:08 PM'),
(51, 4, 9, 'Nurul', 'Alamin', 'Sirajgonj ', 2147483647, 20, 'Active', NULL, '2015-01-01', '15:37:40 PM'),
(52, 4, 9, 'Enamul', 'Karimul', 'Bogra ', 131412421, 20, 'Active', NULL, '2015-01-01', '15:38:00 PM'),
(53, 4, 9, 'Mahbub', 'Zahid', ' Natore', 45835383, 20, 'Active', NULL, '2015-01-01', '15:38:21 PM'),
(54, 4, 9, 'Mayer Doya', 'Mayer Doya', ' Mazgram', 23252525, 20, 'Active', NULL, '2015-05-21', '11:51:49 AM'),
(55, 4, 9, 'Ripon', 'Ripon', ' Mazgram', 12412412, 20, 'Active', NULL, '2015-05-21', '11:52:18 AM'),
(56, 4, 9, 'Dui Bhai Poultry', 'Bhai ', ' Hatia', 1241241, 20, 'Active', NULL, '2015-05-21', '11:52:51 AM'),
(57, 4, 9, 'Raju', 'Raju', ' adsgasasd', 1241234213, 20, 'Active', NULL, '2015-05-21', '11:53:10 AM'),
(58, 4, 9, 'Mamun', 'Mamun', ' Dhaka', 1414124124, 20, 'Active', NULL, '2015-05-21', '11:53:29 AM'),
(59, 4, 9, 'Siraj Uddin', 'Siraj Uddin', ' Ishardi', 124124124, 20, 'Active', NULL, '2015-05-21', '11:54:03 AM'),
(60, 1, 2, 'Party Pran-1', 'Party Father Pran-1', ' Natore', 2147483647, 20, 'Active', NULL, '2015-05-30', '13:42:18 PM'),
(61, 1, 4, 'Kisuan', 'Kiuan', ' Natore', 1412421421, 20, 'Active', NULL, '2015-05-31', '15:12:08 PM'),
(62, 1, 13, 'Bashar Traders', 'Bashar', ' Natore', 121124124, 20, 'Active', NULL, '2015-06-01', '12:20:13 PM'),
(63, 1, 5, 'Nantoo Mia', 'Jhantoo Mia', ' Natore', 1311231212, 20, 'Active', NULL, '2015-06-01', '12:29:56 PM'),
(64, 1, 14, 'Satota ', 'Satota', ' Natore', 2424112, 20, 'Active', NULL, '2015-06-01', '12:48:57 PM'),
(65, 1, 3, 'Prodip', 'Sandip', ' Natore', 14124124, 20, 'Active', NULL, '2015-06-01', '13:54:33 PM'),
(66, 1, 3, 'Sohel', 'Sohel', ' Natore', 23242342, 20, 'Active', NULL, '2015-06-01', '14:12:05 PM'),
(67, 9, 15, 'Eaktiar Shaheb', 'Late Fokrul Islam', ' Natore', 0, 20, 'Active', NULL, '2015-06-02', '05:39:46 AM'),
(68, 1, 1, 'Abdur Rashid', 'Abdur Rashid', ' Tajpur, Natore', 24242421, 20, 'Active', NULL, '2015-06-02', '14:31:10 PM'),
(69, 1, 1, 'Md. Abul Kalam', 'Md. Abul Kalam', ' Singra Bazar, Natore', 232532523, 20, 'Active', NULL, '2015-06-02', '14:31:50 PM'),
(70, 1, 1, 'Sree Gopal Datta', 'Datta', ' Natore', 141241241, 20, 'Active', NULL, '2015-06-02', '14:32:16 PM'),
(71, 1, 1, 'Md. Altaf Hossain', 'Hossain Mia', ' Cold Storage', 121242141, 20, 'Active', NULL, '2015-06-02', '14:33:06 PM'),
(72, 1, 1, 'johurul Islam', 'Don''t Know ', ' Don''t Know ', 0, 20, 'Active', NULL, '2015-06-04', '02:07:44 AM'),
(73, 1, 1, 'Md.Towfis Uddin', 'Don''t Know ', 'Gopendronath', 0, 20, 'Active', NULL, '2015-06-04', '02:19:12 AM'),
(74, 1, 1, 'Md.Shamsul Islam', 'Don''t Know', ' Gopendhonath', 0, 20, 'Active', NULL, '2015-06-04', '03:06:03 AM'),
(75, 1, 1, 'Piar Ali', 'Don''t Know', ' Teaill Gram', 0, 20, 'Active', NULL, '2015-06-04', '04:06:50 AM'),
(76, 1, 1, 'Afser Ali', 'Don''t Know', ' Teaill Gram', 0, 20, 'Active', NULL, '2015-06-04', '04:09:31 AM'),
(77, 1, 1, 'Md.Amir Molla', 'Don''t Know', ' Tealli Gram', 0, 20, 'Active', NULL, '2015-06-04', '04:13:53 AM'),
(78, 1, 1, 'Md. Shadat Hossain', 'Don''t Know', ' Goalbathan', 0, 20, 'Active', NULL, '2015-06-06', '02:34:59 AM'),
(79, 1, 1, 'Hasrat Ali', 'Don''t Know', ' Teaile Gram', 0, 20, 'Active', NULL, '2015-06-06', '04:07:34 AM'),
(80, 1, 1, 'Abdul Alim', 'Don''t Know', ' Teaile Gram', 0, 20, 'Active', NULL, '2015-06-06', '04:08:40 AM'),
(81, 1, 1, 'Sajahan', 'Don''t Know', ' Goalbathan', 0, 20, 'Active', NULL, '2015-06-06', '04:09:40 AM'),
(82, 1, 1, 'Altab "Kundarhat"', 'Don''t Know', ' Kundarhat', 0, 20, 'Active', NULL, '2015-06-06', '04:11:09 AM'),
(83, 1, 1, 'Abdul Motaleb', 'Don''t Know', ' Ahammed Pur', 0, 20, 'Active', NULL, '2015-06-06', '04:12:39 AM'),
(84, 1, 1, 'Abdul Mannan', 'Don''t Know', ' Ahammed Pur', 0, 20, 'Active', NULL, '2015-06-06', '04:14:55 AM'),
(85, 1, 1, 'Mobarak Hossain', 'Don''t Know', ' Baruhati', 0, 20, 'Active', NULL, '2015-06-06', '04:16:03 AM'),
(86, 1, 1, 'Mahabub', 'Don''t Know', ' Teaile Gram', 0, 20, 'Active', NULL, '2015-06-06', '04:17:50 AM'),
(87, 1, 1, 'Ataur Rahman', 'Don''t Know', ' Nondi Gram', 0, 20, 'Active', NULL, '2015-06-06', '04:25:12 AM'),
(88, 1, 1, 'Rohit Prang', 'Don''t Know', ' Teaii Gram', 0, 20, 'Active', NULL, '2015-06-06', '04:26:13 AM'),
(89, 1, 1, 'Chumki Enterprize', 'Don''t Know', ' FNA', 0, 20, 'Active', NULL, '2015-06-06', '04:29:49 AM'),
(90, 1, 1, 'Rofiqul Islam', 'Don''t Know', ' Ningoing', 0, 20, 'Active', NULL, '2015-06-09', '01:45:02 AM'),
(91, 1, 1, 'Abul Kalam Ningoing', 'Don''t Know', ' Ningoing, Singra', 0, 20, 'Active', NULL, '2015-06-09', '01:52:06 AM'),
(92, 1, 1, 'Soleman', 'Don''t Know', ' Sherkol', 0, 20, 'Active', NULL, '2015-06-09', '02:04:22 AM'),
(93, 1, 1, 'Khaja', 'Don''t Know', 'Sudrana', 0, 20, 'Active', NULL, '2015-06-09', '02:11:06 AM'),
(94, 1, 1, 'Riday', 'Don''t Know', ' Bilvorot', 0, 20, 'Active', NULL, '2015-06-09', '02:58:36 AM'),
(95, 1, 1, 'Hanif Ali', 'Don''t Know', ' Teligram', 0, 20, 'Active', NULL, '2015-06-09', '03:22:40 AM'),
(96, 1, 1, 'Sultan', 'Don''t Know', 'Moheschandropur ', 0, 20, 'Active', NULL, '2015-06-09', '03:26:09 AM'),
(97, 1, 1, 'Abad Ali', 'Don''t Know', 'Bilvorot ', 0, 20, 'Active', NULL, '2015-06-09', '03:30:29 AM'),
(98, 1, 1, 'Jahidul Islam', 'Don''t Know', ' Vogongor Kandi', 0, 20, 'Active', NULL, '2015-06-09', '03:33:45 AM'),
(99, 1, 1, 'Hasem Ali', 'Don''t Know', ' Vogongorkandi, Shingra', 0, 20, 'Active', NULL, '2015-06-09', '03:39:18 AM'),
(100, 1, 1, 'Norsed', 'Don''t Know', ' Bilvorot', 0, 20, 'Active', NULL, '2015-06-09', '03:42:58 AM'),
(101, 1, 1, 'Jahidul Islam, Dakmundob', 'Don''t Know', ' Dakmundob', 0, 20, 'Active', NULL, '2015-06-09', '03:50:05 AM'),
(102, 1, 1, 'Absus Sattar', 'Don''t Know', ' Bilvorot', 0, 20, 'Active', NULL, '2015-06-09', '03:57:43 AM'),
(103, 1, 1, 'Sultan Ali, Ningain', 'Don''t Know', ' Ningain', 0, 20, 'Active', NULL, '2015-06-09', '04:46:15 AM'),
(104, 1, 1, 'Hasan Ali, Khorsuti', 'Don''t Know', ' Khorsuti, Atrai', 0, 20, 'Active', NULL, '2015-06-09', '05:05:04 AM'),
(105, 1, 1, 'Sohel Rana', 'Don''t Know', ' Teligram', 0, 20, 'Active', NULL, '2015-06-09', '05:09:45 AM'),
(106, 1, 1, 'Akram', 'Don''t Know', ' Teligram', 0, 20, 'Active', NULL, '2015-06-09', '05:15:26 AM'),
(107, 1, 1, 'Sakib', 'Don''t Know', 'Jormollika, Singra ', 0, 20, 'Active', NULL, '2015-06-09', '05:23:17 AM'),
(108, 1, 1, 'Sobuj Ali', 'Don''t Know', ' Vagongorkandi', 0, 20, 'Active', NULL, '2015-06-09', '05:53:07 AM'),
(109, 1, 1, 'Sahin, Vagorkandi', 'Don''t Know', 'Vagorkandi', 0, 20, 'Active', NULL, '2015-06-09', '05:58:00 AM'),
(110, 1, 1, 'Anower Hossain', 'Don''t Know', ' Chaskoir Bazar', 0, 20, 'Active', NULL, '2015-06-09', '06:01:02 AM'),
(111, 1, 1, 'Alauddin', 'Don''t Know', ' Dhonkora', 0, 20, 'Active', NULL, '2015-06-09', '23:47:08 PM'),
(112, 1, 1, 'Sirajul Islam', 'Don''t Know', ' Vagorkandi', 0, 20, 'Active', NULL, '2015-06-09', '23:56:01 PM'),
(113, 1, 1, 'Julu', 'Don''t Know', ' Boro Baruihati', 0, 20, 'Active', NULL, '2015-06-10', '00:01:02 AM'),
(114, 1, 1, 'Lalchand', 'Don''t Know', ' Teligram', 0, 20, 'Active', NULL, '2015-06-10', '00:07:43 AM'),
(115, 1, 1, 'Abdul Motin', 'Don''t Know', ' Teligram', 0, 20, 'Active', NULL, '2015-06-10', '00:13:12 AM'),
(116, 1, 1, 'Ashraf Ali', 'Don''t Know', ' Bilvorat', 0, 20, 'Active', NULL, '2015-06-10', '00:17:50 AM'),
(117, 1, 1, 'Jalal Uddin', 'Don''t Know', ' Bilvorat', 0, 20, 'Active', NULL, '2015-06-10', '00:21:58 AM'),
(118, 1, 1, 'Babul Hossain', 'Don''t Know', ' Atrai', 0, 20, 'Active', NULL, '2015-06-10', '00:32:23 AM'),
(119, 1, 1, 'Nantu', 'Don''t Know', ' Sidhakhali', 0, 20, 'Active', NULL, '2015-06-10', '00:35:21 AM'),
(120, 1, 1, 'Masud Ali', 'Don''t Know', ' Teligram', 0, 20, 'Active', NULL, '2015-06-10', '00:38:48 AM'),
(121, 1, 1, 'Sahadot', 'Don''t Know', ' Teligram', 0, 20, 'Active', NULL, '2015-06-10', '00:41:28 AM'),
(122, 1, 1, 'Mojibur Rahman', 'Don''t Know', ' Teligram', 0, 20, 'Active', NULL, '2015-06-10', '00:54:49 AM'),
(123, 1, 1, 'Delower Hossain', 'Don''t Know', ' Vagorkandi', 0, 20, 'Active', NULL, '2015-06-10', '01:04:09 AM'),
(124, 1, 1, 'Khalek', 'Don''t Know', ' Sonaidanga', 0, 20, 'Active', NULL, '2015-06-10', '01:10:41 AM'),
(125, 1, 1, 'Kazi Afsar Ali', 'Don''t Know', ' Nondigram', 0, 20, 'Active', NULL, '2015-06-10', '01:12:52 AM'),
(126, 1, 1, 'Abdul Motin Member', 'Don''t Know', ' Sidhakali, Singra', 0, 20, 'Active', NULL, '2015-06-10', '01:15:45 AM'),
(127, 1, 1, 'Kamrul Islam', 'Don''t Know', ' Sidhakali', 0, 20, 'Active', NULL, '2015-06-10', '01:21:51 AM'),
(128, 1, 1, 'Helal Uddin', 'Don''t Know', ' Sidhakhali', 0, 20, 'Active', NULL, '2015-06-10', '01:26:10 AM'),
(129, 1, 1, 'Jahidul Islam. FNA', 'Don''t Know', ' FNA Cold Storeg ', 0, 20, 'Active', NULL, '2015-06-10', '01:30:44 AM'),
(130, 1, 1, 'Ronju, Singra', 'Don''t Know', ' Singra', 0, 20, 'Active', NULL, '2015-06-10', '01:34:26 AM'),
(131, 1, 1, 'Abdus Salad', 'Don''t Know', ' Jormollika, Singra', 0, 20, 'Active', NULL, '2015-06-10', '01:43:50 AM'),
(132, 1, 1, 'Abdus Samad', 'Don''t Know', ' Jormollika, Singra.', 0, 20, 'Active', NULL, '2015-06-10', '01:47:00 AM'),
(133, 1, 1, 'Rezaul Karim', 'Don''t Know', ' Jiourmollika', 0, 20, 'Active', NULL, '2015-06-10', '02:07:35 AM'),
(134, 1, 1, 'Jalal Sah', 'Don''t Know', ' Jormollika', 0, 20, 'Active', NULL, '2015-06-10', '02:14:34 AM'),
(135, 1, 1, 'Sree Gopal, Sidhakhli', 'Don''t Know', ' Sidhakhali', 0, 20, 'Active', NULL, '2015-06-10', '02:17:41 AM'),
(136, 1, 1, 'Jolil', 'Don''t Know', ' Sidhakhali', 0, 20, 'Active', NULL, '2015-06-10', '02:26:31 AM'),
(137, 1, 1, 'Mintu Rahman', 'Don''t Know', ' Jormollika', 0, 20, 'Active', NULL, '2015-06-10', '02:30:53 AM'),
(138, 1, 1, 'Ferdaun Hossain', 'Don''t Know', ' Vagongarkandi', 0, 20, 'Active', NULL, '2015-06-10', '02:35:45 AM'),
(139, 1, 1, 'Intaj Molla', 'Don''t Know', ' Teligram', 0, 20, 'Active', NULL, '2015-06-10', '02:40:15 AM'),
(140, 1, 1, 'Forid Hossain', 'Don''t Know', ' Vagorkandi', 0, 20, 'Active', NULL, '2015-06-10', '02:45:08 AM'),
(141, 1, 1, 'Lutfar Rahman', 'Don''t Know', 'Sidhakhali, Sakpur, Singra ', 0, 20, 'Active', NULL, '2015-06-10', '03:29:40 AM'),
(142, 1, 1, 'Tulu Master', 'Don''t Know', ' Sidhakhali', 0, 20, 'Active', NULL, '2015-06-10', '03:33:14 AM'),
(143, 1, 1, 'Ashraful ', 'Don''t Know', 'Borobaruihati ', 0, 20, 'Active', NULL, '2015-06-10', '03:37:06 AM'),
(144, 1, 1, 'Moklesur Rahman', 'Don''t Know', ' Islampur', 0, 20, 'Active', NULL, '2015-06-10', '03:43:01 AM'),
(145, 1, 1, 'Sattar, Islampur', 'Don''t Know', ' Islampur', 0, 20, 'Active', NULL, '2015-06-10', '03:47:19 AM'),
(146, 1, 1, 'Amirul Islam', 'Don''t Know', ' Don''t Know', 0, 20, 'Active', NULL, '2015-06-10', '03:49:52 AM'),
(147, 1, 1, 'Amzad Ali', 'Don''t Know', 'Sidhakhali ', 0, 20, 'Active', NULL, '2015-06-10', '04:53:17 AM'),
(148, 1, 1, 'Joynal, Khoromkuri', 'Don''t Know', ' Don''t Know', 0, 20, 'Active', NULL, '2015-06-10', '04:57:16 AM'),
(149, 1, 1, 'Younus Ali', 'Don''t Know', 'Sidhakhali', 0, 20, 'Active', NULL, '2015-06-10', '05:10:13 AM'),
(150, 1, 1, 'Sofir, Sundorana', 'Don''t Know', ' Sundorana', 0, 20, 'Active', NULL, '2015-06-10', '05:14:19 AM'),
(151, 1, 1, 'Abdur Rahman', 'Don''t Know', ' Brobaruihati, Koregram. ', 0, 20, 'Active', NULL, '2015-06-10', '05:17:38 AM'),
(152, 1, 1, 'Sree Sudep, Dorsongram.', 'Don''t Know', ' Dorsongram', 0, 20, 'Active', NULL, '2015-06-10', '05:21:22 AM'),
(153, 1, 1, 'Sree Sukumar, Dorsongram', 'Don''t Know', ' Dorsongram', 0, 20, 'Active', NULL, '2015-06-10', '05:29:09 AM'),
(154, 1, 1, 'Ali Hasan', 'Don''t Know', ' Boilondogram, Nondigram', 0, 20, 'Active', NULL, '2015-06-10', '06:35:25 AM'),
(155, 1, 1, 'Sathi Enterprise ', 'Don''t Know', ' Brobari, Singra, Natoe', 0, 20, 'Active', NULL, '2015-06-10', '06:42:18 AM'),
(156, 1, 1, 'Arfan Ali', 'Don''t Know', ' Jormollika', 0, 20, 'Active', NULL, '2015-06-10', '06:49:01 AM'),
(157, 1, 1, 'Rubel, Jormollika', 'Don''t Know', ' Jormollika', 0, 20, 'Active', NULL, '2015-06-10', '07:06:56 AM'),
(158, 1, 1, 'Fuad Ali', 'Don''t Konw', 'Jormollika ', 0, 20, 'Active', NULL, '2015-06-10', '10:37:59 AM'),
(159, 1, 1, 'Abdul Motin, Jormollika', 'Don''t Konw', ' Jormollika', 0, 20, 'Active', NULL, '2015-06-10', '10:41:56 AM'),
(160, 1, 1, 'Asaduzzaman', 'Don''t Konw', ' Jormollika, Singra', 0, 20, 'Active', NULL, '2015-06-10', '10:48:16 AM'),
(161, 1, 1, 'Mokim, Jormollika', 'Don''t Konw', ' Jormollika, Singra', 0, 20, 'Active', NULL, '2015-06-10', '10:50:49 AM'),
(162, 1, 1, 'Sree Bijoy', 'Don''t Konw', ' Sidhakhali', 0, 20, 'Active', NULL, '2015-06-10', '10:53:38 AM'),
(163, 1, 1, 'Sree Manik', 'Don''t Konw', ' Sidhakhali', 0, 20, 'Active', NULL, '2015-06-10', '10:56:03 AM'),
(164, 1, 1, 'Rajendronath', 'Don''t Konw', ' Sidhakhali', 0, 20, 'Active', NULL, '2015-06-10', '10:58:45 AM'),
(165, 1, 1, 'Jalal, Sidhakhali', 'Don''t Konw', ' Sidhakhali', 0, 20, 'Active', NULL, '2015-06-10', '11:05:27 AM'),
(166, 1, 1, 'Soleman, Joramollika', 'Don''t Konw', ' Joramollika', 0, 20, 'Active', NULL, '2015-06-10', '11:08:57 AM'),
(167, 1, 1, 'Pronoy Kumar', 'Don''t Konw', ' Dighapotiya', 0, 20, 'Active', NULL, '2015-06-10', '11:28:46 AM'),
(168, 1, 1, 'Sumon ''''Vogorkandi''''', 'Don''t Konw', ' Vogorkandi', 0, 20, 'Active', NULL, '2015-06-10', '11:34:50 AM'),
(169, 1, 1, 'Alhaz Hasan ''''Bongram''''', 'Don''t Konw', 'Bongram ', 0, 20, 'Active', NULL, '2015-06-10', '11:42:39 AM'),
(170, 1, 1, 'Ataur ''''Teligram''''', 'Don''t Konw', ' Teligram', 0, 20, 'Active', NULL, '2015-06-10', '11:46:50 AM'),
(171, 1, 1, 'Hafizul Islam, Serkol', 'Don''t Know', 'Serkol, Singra ', 0, 20, 'Active', NULL, '2015-06-10', '23:52:18 PM'),
(172, 1, 1, 'Habibur Rahman', 'Don''t Know', ' Goyalbathan, Sockpur, Singra', 0, 20, 'Active', NULL, '2015-06-11', '00:03:42 AM'),
(173, 1, 1, 'Dlip, Chougram', 'Don''t Know', ' Chougram, Shingra', 0, 20, 'Active', NULL, '2015-06-11', '00:07:40 AM'),
(174, 1, 1, 'Polan Dada, Bonpara', 'Don''t Know', ' Bonpara', 0, 20, 'Active', NULL, '2015-06-11', '00:10:44 AM'),
(175, 1, 1, 'Abu Bokkar, Bilvrot', 'Don''t Know', ' Bilvrot', 0, 20, 'Active', NULL, '2015-06-11', '00:13:22 AM'),
(176, 1, 1, 'Khadem ''''Bilvorat''''', 'Don''t Know', ' Bilvorat', 0, 20, 'Active', NULL, '2015-06-11', '00:16:28 AM'),
(177, 1, 1, 'Sattar, Koromkuri', 'Don''t Know', ' Koromkuri', 0, 20, 'Active', NULL, '2015-06-11', '00:33:21 AM'),
(178, 1, 1, 'Jonab Ali, Jormollika', 'Don''t Know', ' Jormollika', 0, 20, 'Active', NULL, '2015-06-11', '00:36:39 AM'),
(179, 1, 1, 'Ratul ''''Mazhgram''''', 'Don''t Know', ' Mazhgram', 0, 20, 'Active', NULL, '2015-06-11', '00:39:55 AM'),
(180, 1, 1, 'Abdul Korim ''''Jormollika''''', 'Don''t Know', ' Jormollika', 0, 20, 'Active', NULL, '2015-06-11', '00:44:54 AM'),
(181, 1, 1, 'Omar Ali ''''Kharomkuri''''', 'Don''t Know', ' Don''t Know', 0, 20, 'Active', NULL, '2015-06-11', '00:50:24 AM'),
(182, 1, 1, 'Azad Ali ''''Madhongor''''', 'Don''t Know', ' Don''t Know', 0, 20, 'Active', NULL, '2015-06-11', '00:53:00 AM'),
(183, 1, 1, 'Samsher Ali ''''Gowalbathab''''', 'Don''t Know', ' Don''t Know', 0, 20, 'Active', NULL, '2015-06-11', '00:57:02 AM'),
(184, 1, 1, 'Sultan Tiya', 'Don''t Know', ' Nionguin', 0, 20, 'Active', NULL, '2015-06-11', '00:59:43 AM'),
(185, 1, 1, 'Sohidul Islam ''''Jormollika''''', 'Don''t Know', ' Jormollika', 0, 20, 'Active', NULL, '2015-06-11', '01:06:26 AM'),
(186, 1, 1, 'Sadhon Kumar ''''Sidhakhali''''', 'Don''t Know', ' Don''t Know', 0, 20, 'Active', NULL, '2015-06-11', '01:11:33 AM'),
(187, 1, 1, 'Moyazzem Hossain ''''Vagongorkandi''''', 'Don''t Know', ' Don''t Know', 0, 20, 'Active', NULL, '2015-06-11', '01:14:25 AM'),
(188, 1, 1, 'Jalal Uddin ''''Sudrana''''', 'Don''t Know', ' Don''t Know', 0, 20, 'Active', NULL, '2015-06-11', '01:45:37 AM'),
(189, 1, 1, 'Dudu Miya ''''Sudrana''''', 'Don''t Know', ' Don''t Know', 0, 20, 'Active', NULL, '2015-06-11', '01:47:48 AM'),
(190, 1, 1, 'Akkas Ali ''''Koromkuri''''', 'Don''t Know', ' Don''t Know', 0, 20, 'Active', NULL, '2015-06-11', '01:54:48 AM'),
(191, 1, 1, 'Rofiqul Islam ''''Mohonpur''''', 'Don''t Know', ' Don''t Know', 0, 20, 'Active', NULL, '2015-06-11', '01:57:31 AM'),
(192, 1, 1, 'Ayuob Ali ''''Kharomkuri''''', 'Don''t Know', ' Don''t Know', 0, 20, 'Active', NULL, '2015-06-11', '02:01:56 AM'),
(193, 1, 1, 'Mamun Hossain ''''Hazli''''', 'Don''t Know', ' Don''t Know', 0, 20, 'Active', NULL, '2015-06-11', '02:04:33 AM'),
(194, 1, 1, 'Idrish Ali ''''Khorsuti,Atrai''''', 'Don''t Know', ' Don''t Know', 0, 20, 'Active', NULL, '2015-06-11', '02:09:15 AM'),
(195, 1, 1, 'Sujon ''''Chackhoripur''''', 'Don''t Know', ' Don''t Know', 0, 20, 'Active', NULL, '2015-06-11', '02:12:50 AM'),
(196, 1, 1, 'Rohidul Islam ''''Dakmundu''''', 'Don''t Know', ' Don''t Know', 0, 20, 'Active', NULL, '2015-06-11', '02:15:24 AM'),
(197, 1, 1, 'Sree Soros Pramanik', 'Don''t Know', 'Sidakhali ', 0, 20, 'Active', NULL, '2015-06-11', '02:38:44 AM'),
(198, 1, 1, 'Sree Sonjid Da ''''Sidakhli''''', 'Don''t Know', ' Don''t Know', 0, 20, 'Active', NULL, '2015-06-11', '03:14:40 AM'),
(199, 1, 1, 'Sree Dulal ''''Sidakhali''''', 'Don''t Know', ' Don''t Know', 0, 20, 'Active', NULL, '2015-06-11', '03:17:34 AM'),
(200, 1, 1, 'Ayoub Ali ''''Goyalbathan''''', 'Don''t Know', ' Don''t Know', 0, 20, 'Active', NULL, '2015-06-11', '03:23:43 AM'),
(201, 1, 1, 'Sakrul Islam (Khoromkuri)', 'Don''t Know', 'Khoromkuri ', 0, 20, 'Active', NULL, '2015-06-11', '04:18:03 AM'),
(202, 1, 1, 'Abdul Aziz ''''Koromkuri''''', 'Don''t Know', ' Koromkuri', 0, 20, 'Active', NULL, '2015-06-11', '04:25:29 AM'),
(203, 1, 1, 'Shopon ''''Vagongorkandi''''', 'Don''t Know', ' Vagongorkandi', 0, 20, 'Active', NULL, '2015-06-11', '04:28:35 AM'),
(204, 1, 1, 'Wajed Ali ''''Vagongorkandi''''', 'Don''t Know', 'Vagongorkandi ', 0, 20, 'Active', NULL, '2015-06-11', '04:32:54 AM'),
(205, 1, 1, 'Anower Hossain ''''Koromkuri''''', 'Don''t Know', ' Koromkuri, Singra', 0, 20, 'Active', NULL, '2015-06-11', '04:36:44 AM'),
(206, 1, 1, 'Mojel ''''Koromkuri''''', 'Don''t Know', ' Koromkuri', 0, 20, 'Active', NULL, '2015-06-11', '04:39:31 AM'),
(207, 1, 1, 'Najmul Haque ''''Sudrana''''', 'Don''t Know', ' Don''t Know', 0, 20, 'Active', NULL, '2015-06-11', '04:42:12 AM'),
(208, 1, 1, 'Fojlur Rahman ''''Modhurabati''''', 'Don''t Know', ' Modhurabati', 0, 20, 'Active', NULL, '2015-06-11', '04:51:04 AM'),
(209, 1, 1, 'Razu Ahmmed ''''Dhonkora''''', 'Don''t Know', ' Dhonkora', 0, 20, 'Active', NULL, '2015-06-11', '04:53:35 AM'),
(210, 1, 1, 'Saidur ''''Raninagar''''', 'Don''t Know', ' Raninagor', 0, 20, 'Active', NULL, '2015-06-11', '04:56:22 AM'),
(211, 1, 1, 'Arzullah ''''Jormollika''''', 'Don''t Know', ' Jormollika', 0, 20, 'Active', NULL, '2015-06-11', '04:59:35 AM'),
(212, 1, 1, 'Jalal Uddin Joramollika', 'Don''t Know', ' Joramollika', 0, 20, 'Active', NULL, '2015-06-14', '05:52:12 AM'),
(213, 1, 1, 'Mohamad', 'Don''t Know', ' Joramollika', 0, 20, 'Active', NULL, '2015-06-14', '05:58:40 AM'),
(214, 1, 1, 'Alauddain', 'Don''t Know', ' Dhonkora', 0, 20, 'Active', NULL, '2015-06-14', '06:03:04 AM'),
(215, 1, 1, 'Abdul Motin ''''Jormollika''''', 'Don''t Know', ' Don''t Know', 0, 20, 'Active', NULL, '2015-06-15', '00:55:43 AM'),
(216, 1, 1, 'Aza ''''Jormollika''''', 'Don''t Know', ' Don''t Know', 0, 20, 'Active', NULL, '2015-06-15', '01:05:55 AM'),
(217, 1, 1, 'Sree Bidut ''''Sidhakhali''''', 'Don''t Know', ' Don''t Know', 0, 20, 'Active', NULL, '2015-06-15', '01:13:34 AM'),
(218, 1, 1, 'Sree Susil ''''Sidhakhali''''', 'Don''t Know', ' Don''t Know', 0, 20, 'Active', NULL, '2015-06-15', '01:16:30 AM'),
(219, 1, 1, 'Sree Nayon ''''Sidhakhali''''', 'Don''t Know', ' Don''t Know', 0, 20, 'Active', NULL, '2015-06-15', '01:24:27 AM'),
(220, 1, 1, 'Momtaz ''''Madhongor''''', 'Don''t Know', 'Don''t Know ', 0, 20, 'Active', NULL, '2015-06-15', '01:27:36 AM'),
(221, 1, 1, 'Moyen Uddin ''''Parbisha''''', 'Don''t Know', ' Parbisha', 0, 20, 'Active', NULL, '2015-06-15', '01:46:21 AM'),
(222, 1, 1, 'Abul Hasanat Hirok', 'Don''t Know', ' Singra, Hospital get ', 0, 20, 'Active', NULL, '2015-06-15', '01:54:35 AM'),
(223, 1, 1, 'Kamal ''''Dakmundu''''', 'Don''t Know', ' Dakmundu', 0, 20, 'Active', NULL, '2015-06-15', '02:13:38 AM'),
(224, 1, 1, 'Jakir Hossain ''''Lalor''''', 'Don''t Know', ' Lalor', 0, 20, 'Active', NULL, '2015-06-15', '02:17:09 AM'),
(225, 1, 1, 'Abul Kalam ''''Singra Bazar''''', 'Don''t Know', ' Don''t Know', 0, 20, 'Active', NULL, '2015-06-15', '02:32:18 AM'),
(226, 1, 1, 'Arshad Ali ''''Vagorkandi''''', 'Don''t Know', ' Don''t Know', 0, 20, 'Active', NULL, '2015-06-15', '02:51:07 AM'),
(227, 1, 1, 'Khayrul Islam ''''Vagorkandi''''', 'Don''t Know', ' Vagorkandi', 0, 20, 'Active', NULL, '2015-06-15', '02:53:45 AM'),
(228, 1, 1, 'Sobuj Pramanik ''''Dangapara''''', 'Don''t Know', 'Dangapara ', 0, 20, 'Active', NULL, '2015-06-15', '06:31:23 AM'),
(229, 1, 1, 'Azadul Islam ''''Horipur''''', 'Don''t Know', ' Don''t Know', 0, 20, 'Active', NULL, '2015-06-15', '06:34:19 AM'),
(230, 1, 1, 'Asman Ali ''''Horipur''''', 'Don''t Know', ' Horipur', 0, 20, 'Active', NULL, '2015-06-15', '06:37:09 AM'),
(231, 1, 1, 'Kalam Hossain ''''Goyalbathan''''', 'Don''t Know', ' Goyalbathan', 0, 20, 'Active', NULL, '2015-06-15', '06:42:17 AM'),
(232, 1, 1, 'Kader Hossain ''''Goyalbathan''''', 'Don''t Know', 'Goyalbathan ', 0, 20, 'Active', NULL, '2015-06-15', '06:45:43 AM'),
(233, 1, 1, 'Lokman Hossain ''''Raninagor''''', 'Don''t Know', ' Raninagor', 0, 20, 'Active', NULL, '2015-06-16', '02:57:01 AM'),
(234, 1, 1, 'Hosen Ali ''''Sidhakhali''''', 'Don''t Know', ' Sidhakhali', 0, 20, 'Active', NULL, '2015-06-16', '02:59:28 AM'),
(235, 1, 1, 'Sotinath Sarkar ''''Sidakhali''''', 'Don''t Know', ' Sidakhali', 0, 20, 'Active', NULL, '2015-06-16', '03:02:13 AM'),
(236, 1, 1, 'Yakub Ali ''''Serkol''''', 'Don''t Know', ' Don''t Know', 0, 20, 'Active', NULL, '2015-06-16', '04:32:08 AM'),
(237, 1, 0, 'Jeher Ali ''''Bisha''''', 'Don''t Know', ' Don''t Know', 0, 20, 'Active', NULL, '2015-06-16', '04:50:00 AM'),
(238, 1, 1, 'Abdus Samad ''''Kaligonj''''', 'Don''t Know', ' Kaligonj', 0, 20, 'Active', NULL, '2015-06-16', '05:02:21 AM'),
(239, 1, 1, 'Belal Hossain ''''Goyalbathan''''', 'Don''t Know', ' Goyalbathan', 0, 20, 'Active', NULL, '2015-06-16', '05:06:13 AM'),
(240, 1, 1, 'Ayrin ''''Ninguin''''', 'Don''t Know', ' Ninguin', 0, 20, 'Active', NULL, '2015-06-16', '05:08:44 AM'),
(241, 1, 1, 'Saiful Islam ''''Ninguin''''', 'Don''t Know', ' Ninguin', 0, 20, 'Active', NULL, '2015-06-16', '05:17:55 AM'),
(242, 1, 1, 'Lokman Hossain ''''Ninguin''''', 'Don''t Know', 'Ninguin ', 0, 20, 'Active', NULL, '2015-06-16', '05:22:11 AM'),
(243, 1, 1, 'Ronjon ''''Sidakhali''''', 'Don''t Know', ' Sidakhali', 0, 20, 'Active', NULL, '2015-06-16', '05:31:01 AM'),
(244, 1, 1, 'Sujon ''''Singra''''', 'Don''t Know', ' Singra', 0, 20, 'Active', NULL, '2015-06-16', '05:33:57 AM'),
(245, 1, 1, 'Azad Ali ''''Nondigram''''', 'Don''t Know', ' Nondigram', 0, 20, 'Active', NULL, '2015-06-16', '05:36:53 AM'),
(246, 1, 1, 'Modon ''''Sidhakhali''''', 'Don''t Know', ' Sidhakhali', 0, 20, 'Active', NULL, '2015-06-16', '05:41:48 AM'),
(247, 1, 1, 'Samol ''''Sidhakhali''''', 'Don''t Know', ' Sidhakhali', 0, 20, 'Active', NULL, '2015-06-16', '05:49:24 AM'),
(248, 1, 1, 'Sahadot ''''Sidhakhali''''', 'Don''t Know', ' Sidhakhali', 0, 20, 'Active', NULL, '2015-06-16', '05:57:47 AM'),
(249, 1, 1, 'Sobuj Ali ''''Sidhakhali''''', 'Don''t Know', ' Sidhakhali', 0, 20, 'Active', NULL, '2015-06-16', '06:01:07 AM'),
(250, 1, 1, 'Dilip ''''Sidhakhali''''', 'Don''t Know', ' Sidhakhali', 0, 20, 'Active', NULL, '2015-06-16', '06:04:36 AM'),
(251, 1, 1, 'Bizu ''''Sidhakhali''''', 'Don''t Know', ' Sidhakhali', 0, 20, 'Active', NULL, '2015-06-16', '06:06:57 AM'),
(252, 1, 1, 'Mozahar ''''Bonpara''''', 'Don''t Know', ' Bonpara', 0, 20, 'Active', NULL, '2015-06-16', '06:09:14 AM'),
(253, 1, 1, 'Munsur Ali ''''Karomkuri''''', 'Don''t Know', ' Karomkuri', 0, 20, 'Active', NULL, '2015-06-16', '06:12:39 AM'),
(254, 1, 1, 'Ahammad Ali ''''Vushongasa''''', 'Don''t Know', ' Vusongasa', 0, 20, 'Active', NULL, '2015-06-16', '06:34:45 AM'),
(255, 1, 1, 'Monser Ali ''''Kharomkuri''''', 'Don''t Know', ' Kharomkuri', 0, 20, 'Active', NULL, '2015-06-16', '06:41:27 AM'),
(256, 1, 1, 'Mukles Ali ''''Kharomkuri''''', 'Don''t Know', ' Kharomkuri', 0, 20, 'Active', NULL, '2015-06-16', '06:44:47 AM'),
(257, 1, 1, 'Ibrahim Khalil ''''Dighapotiya''''', 'Don''t Know', ' Dighapotiya', 0, 20, 'Active', NULL, '2015-06-16', '07:04:47 AM'),
(258, 1, 1, 'Akram Hossain ''''Bisavatopara''''', 'Don''t Know', ' Bisavatopara', 0, 20, 'Active', NULL, '2015-06-16', '07:08:57 AM'),
(259, 1, 1, 'Idrish Ali ''''Khajura''''', 'Don''t Know', ' Khajura', 0, 20, 'Active', NULL, '2015-06-16', '07:17:05 AM'),
(260, 1, 1, 'Sohidul Islam ''''Khajura, Jnardhonbati''''', 'Don''t Know', ' Khajura, Jnardhonbati', 0, 20, 'Active', NULL, '2015-06-16', '07:20:14 AM'),
(261, 1, 1, 'Sekander ''''Hiyatpur''''', 'Don''t Know', ' Hiyatpur', 0, 20, 'Active', NULL, '2015-06-16', '07:36:01 AM'),
(262, 1, 1, 'Babu ''''Hiyatpur''''', 'Don''t Know', ' Hiyatpur', 0, 20, 'Active', NULL, '2015-06-16', '07:38:16 AM'),
(263, 1, 1, 'Sazzad ''''Mazgram''''', 'Don''t Know', ' Mazgram', 0, 20, 'Active', NULL, '2015-06-17', '04:52:35 AM'),
(264, 1, 1, 'Ashraf Ali ''''Jormollika''''', 'Don''t Know', ' Jormollika', 0, 20, 'Active', NULL, '2015-06-17', '04:57:14 AM'),
(265, 1, 1, 'Bidut ''''Jormollika''''', 'Don''t Know', ' Jormollika', 0, 20, 'Active', NULL, '2015-06-17', '05:04:32 AM'),
(266, 1, 1, 'Kawsar Ali ''''Jormollika''''', 'Don''t Know', ' Jormollika', 0, 20, 'Active', NULL, '2015-06-17', '05:14:43 AM'),
(267, 1, 1, 'Akram ''''Bonpara''''', 'Don''t Know', ' Bonpara', 0, 20, 'Active', NULL, '2015-06-17', '05:31:49 AM'),
(268, 1, 1, 'Nur Ali ''''Dighapotiya''''', 'Don''t Know', ' Dighapotiya', 0, 20, 'Active', NULL, '2015-06-17', '06:09:30 AM'),
(269, 1, 1, 'Sree Nikhil ''''Sidhakhali''''', 'Don''t Know', ' Sidhakhali, Shokpur, Singra', 0, 20, 'Active', NULL, '2015-06-18', '04:47:00 AM'),
(270, 1, 1, 'Abdus Salam ''''Sidhakhali''''', 'Don''t Know', ' Sidhakhali, Sachakpur, Singra', 0, 20, 'Active', NULL, '2015-06-18', '04:50:14 AM'),
(271, 1, 1, 'Samsul ''''Jormollika''''', 'Don''t Know', ' Jormollika', 0, 20, 'Active', NULL, '2015-06-18', '04:53:35 AM'),
(272, 1, 1, 'Sree Indro ''''Sidhakhali''''', 'Don''t Know', ' Sidhakhali', 0, 20, 'Active', NULL, '2015-06-18', '04:56:11 AM'),
(273, 1, 1, 'Milon Hossain ''''Kharomkuri''''', 'Don''t Know', ' Kharomkuri, Singra.', 0, 20, 'Active', NULL, '2015-06-18', '05:11:20 AM'),
(274, 1, 1, 'Sree Susambor ''''Sidhakhali''''', 'Don''t Know', ' Sidhakhali, Sakpur, Singra', 0, 20, 'Active', NULL, '2015-06-18', '05:20:35 AM'),
(275, 1, 1, 'Roich Sonash ''''Jormollika''''', 'Don''t Know', ' Jormollika', 0, 20, 'Active', NULL, '2015-06-18', '05:31:02 AM'),
(276, 1, 1, 'Ahammad Ali ''''Vagorkandi''''', 'Don''t Know', ' Vagorkandi', 0, 20, 'Active', NULL, '2015-06-18', '05:35:25 AM'),
(277, 1, 1, 'Mahatab Hossain '''' Ninguin''''', 'Don''t Know', 'Ninguin', 0, 20, 'Active', NULL, '2015-06-18', '05:39:27 AM'),
(278, 1, 1, 'Ronjit ''''Dakmundu''''', 'Don''t Know', ' Dakmundu', 0, 20, 'Active', NULL, '2015-06-18', '05:41:39 AM'),
(279, 1, 1, 'Rohed ''''Sidhakhali''''', 'Don''t Know', ' Sidhakhali', 0, 20, 'Active', NULL, '2015-06-18', '05:43:56 AM'),
(280, 1, 1, 'Mojammel ''''Jormollika''''', 'Don''t Know', ' Jormollika', 0, 20, 'Active', NULL, '2015-06-18', '05:47:00 AM'),
(281, 1, 1, 'Monayem ''''Ninguin''''', 'Don''t Know', ' Ninguin', 0, 20, 'Active', NULL, '2015-06-18', '05:52:50 AM'),
(282, 1, 1, 'Raj ''''Horipur''''', 'Don''t Know', ' Horipur', 0, 20, 'Active', NULL, '2015-06-18', '05:55:41 AM'),
(283, 1, 1, 'Laki ''''Jormollika''''', 'Don''t Know', ' Jormollika', 0, 20, 'Active', NULL, '2015-06-18', '05:58:01 AM'),
(284, 1, 1, 'Samsul ''''Kharomkuri''''', 'Don''t Know', ' Kharomkuri', 0, 20, 'Active', NULL, '2015-06-18', '06:01:42 AM'),
(285, 1, 1, 'Yasin ''''Kharomkuri''''', 'Don''t Know', ' Kharomkuri', 0, 20, 'Active', NULL, '2015-06-18', '06:04:33 AM'),
(286, 1, 1, 'Somaz ''''Vorkandi''''', 'Don''t Know', ' Vorkandi', 0, 20, 'Active', NULL, '2015-06-18', '06:07:35 AM'),
(287, 1, 1, 'Abu Bakor Siddik ''Koromkuri''''', 'Don''t Know', ' Koromkuri', 0, 20, 'Active', NULL, '2015-06-18', '06:09:56 AM'),
(288, 1, 1, 'Minu ''''Jormollika''''', 'Don''t Know', ' Jormollika', 0, 20, 'Active', NULL, '2015-06-18', '06:23:05 AM'),
(289, 1, 1, 'Moyazzem ''''Jormollika''''', 'Don''t Know', ' Jormollika', 0, 20, 'Active', NULL, '2015-06-18', '06:28:45 AM'),
(290, 1, 1, 'Bokul Master ''''Khajura''''', 'Don''t Know', ' Khajura', 0, 20, 'Active', NULL, '2015-06-19', '05:01:16 AM'),
(291, 1, 1, 'Utpol Kumar ''''Sidhakhali''''', 'Don''t Know', ' Sidhakhali', 0, 20, 'Active', NULL, '2015-06-19', '05:07:36 AM'),
(292, 1, 1, 'Samiron ''''Sidhakhali''''', 'Don''t Know', 'Sidhakhali ', 0, 20, 'Active', NULL, '2015-06-19', '05:12:29 AM'),
(293, 1, 1, 'Sajahan Miah ''''Dighapotiya''''', 'Don''t Know', 'Dighapotiya ', 0, 20, 'Active', NULL, '2015-06-19', '05:16:59 AM'),
(294, 1, 1, 'Nasir ''''Ningoin''''', 'Don''t Know', ' Ningoin', 0, 20, 'Active', NULL, '2015-06-19', '05:31:20 AM'),
(295, 1, 1, 'Najim ''''Jormollika''''', 'Don''t Know', 'Jormollika', 0, 20, 'Active', NULL, '2015-06-19', '05:37:11 AM'),
(296, 1, 1, 'Saidul Islam ''''Jormollika''''', 'Don''t Know', ' Jormollika', 0, 20, 'Active', NULL, '2015-06-19', '05:41:31 AM'),
(297, 1, 1, 'Nur Hossain ''''Jormollika''''', 'Don''t Know', ' Jormollika', 0, 20, 'Active', NULL, '2015-06-19', '05:44:24 AM'),
(298, 1, 1, 'Molai kumar ''''Kusombi, Kaligong''''', 'Don''t Know', 'Kusombi, Kaligong. ', 0, 20, 'Active', NULL, '2015-06-19', '05:52:18 AM'),
(299, 1, 1, 'Ujjol ''''Horipur''''', 'Don''t Know', 'Horipur ', 0, 20, 'Active', NULL, '2015-06-19', '06:01:32 AM'),
(300, 1, 1, 'Osman Ali ''''Horipur''''', 'Don''t Know', ' Horipur', 0, 20, 'Active', NULL, '2015-06-19', '06:07:19 AM'),
(301, 1, 1, 'Potu ''''Ataikula''''', 'Don''t Know', ' Ataikula', 0, 20, 'Active', NULL, '2015-06-19', '06:14:28 AM'),
(302, 1, 1, 'Raj ''''Natore''''', 'Don''t Know', 'Natore ', 0, 20, 'Active', NULL, '2015-06-19', '06:24:53 AM'),
(303, 1, 1, 'Saiful Islam ''''Jormollika''''', 'Don''t Know', 'Don''t Know ', 0, 20, 'Active', NULL, '2015-06-19', '06:32:59 AM'),
(304, 1, 1, 'Sahin ''''Jormollika''''', 'Don''t Know', ' Jormollika', 0, 20, 'Active', NULL, '2015-06-19', '06:36:44 AM'),
(305, 1, 1, 'Sudep ''''Sidhakhali''''', 'Don''t Know', 'Sidhakhali ', 0, 20, 'Active', NULL, '2015-06-19', '06:40:21 AM'),
(306, 1, 1, 'Mohadep ''''Sidhakhali''''', 'Don''t Know', 'Sidhakhali, Sakpur, Singra. ', 0, 20, 'Active', NULL, '2015-06-20', '00:41:35 AM'),
(307, 1, 1, 'Momtaz ''''Ninguin''''', 'Don''t Know', ' Ninguin', 0, 20, 'Active', NULL, '2015-06-20', '00:45:05 AM'),
(308, 1, 1, 'Biplop Kumar ''''Sidhakhali''''', 'Don''t Know', ' Sidhakhali', 0, 20, 'Active', NULL, '2015-06-20', '00:49:57 AM'),
(309, 1, 1, 'Tipu Sultal ''''Jormollika''''', 'Don''t Know', ' Jormollika', 0, 20, 'Active', NULL, '2015-06-20', '00:52:36 AM'),
(310, 1, 1, 'Julu Sarkar ''''Ninguin''''', 'Don''t Know', 'Ninguin ', 0, 20, 'Active', NULL, '2015-06-20', '00:58:09 AM'),
(311, 1, 1, 'Jorip ''''Ninguin''''', 'Don''t Know', 'Ninguin ', 0, 20, 'Active', NULL, '2015-06-20', '01:01:04 AM'),
(312, 1, 1, 'Samsul ''''Ninguine''''', 'Don''t Know', ' Don''t Know', 0, 20, 'Active', NULL, '2015-06-20', '01:04:44 AM'),
(313, 1, 1, 'Altab Hossain ''''Singra''''', 'Don''t Know', 'Don''t Know ', 0, 20, 'Active', NULL, '2015-06-20', '01:18:44 AM'),
(314, 1, 1, 'Moznu Mondol ''''Sidhakali''''', 'Don''t Know', 'Sidhakali ', 0, 20, 'Active', NULL, '2015-06-20', '01:20:57 AM'),
(315, 1, 1, 'Kartik Mondol ''''Sidhakali''''', 'Don''t Know', 'Don''t Know ', 0, 20, 'Active', NULL, '2015-06-20', '01:23:29 AM'),
(316, 1, 1, 'Ajay ''''Sidhakali''''', 'Don''t Know', 'Sidhakali ', 0, 20, 'Active', NULL, '2015-06-20', '01:26:55 AM'),
(317, 1, 1, 'Bidut ''''Sidhakali''''', 'Don''t Know', ' Sidhakali', 0, 20, 'Active', NULL, '2015-06-20', '01:29:09 AM'),
(318, 1, 1, 'Anower Hssain ''''Sidhakali''''', 'Don''t Know', ' Sidhakhali', 0, 20, 'Active', NULL, '2015-06-20', '01:32:04 AM'),
(319, 1, 1, 'Jillu ''''Sidhakali''''', 'Don''t Know', ' Sidhakali', 0, 20, 'Active', NULL, '2015-06-20', '01:34:29 AM'),
(320, 1, 1, 'Modhu ''''Bilvorat''''', 'Don''t Know', 'Don''t Know ', 0, 20, 'Active', NULL, '2015-06-20', '01:42:30 AM'),
(321, 1, 1, 'Mohon ''''Sokpur''''', 'Don''t Know', ' Sokpur', 0, 20, 'Active', NULL, '2015-06-20', '01:44:31 AM'),
(322, 1, 1, 'Jonab Ali ''''Kristopur''''', 'Don''t Know', ' Don''t Know', 0, 20, 'Active', NULL, '2015-06-20', '01:46:49 AM'),
(323, 1, 1, 'Altab Hossain ''''Ninguin''''', 'Don''t Know', ' Ninguin', 0, 20, 'Active', NULL, '2015-06-20', '01:53:23 AM'),
(324, 1, 1, 'Saiful Islam ''''Kristopur''''', 'Don''t Know', ' Kristopur', 0, 20, 'Active', NULL, '2015-06-20', '01:56:00 AM'),
(325, 1, 1, 'Juwel Rana ''''Jormollika''''', 'Don''t Know', ' Jormollika', 0, 20, 'Active', NULL, '2015-06-20', '01:58:48 AM'),
(326, 1, 1, 'Sakil Sheikh ''''Dhakdhol''''', 'Don''t Know', 'Dhakdhol, Singra', 0, 20, 'Active', NULL, '2015-06-20', '02:02:52 AM'),
(327, 1, 1, 'Ismail Hossain ''''Parpar''''', 'Don''t Know', ' Parpar', 0, 20, 'Active', NULL, '2015-06-20', '02:06:23 AM'),
(328, 1, 1, 'Jamal Hossain ''''Sudrana''''', 'Don''t Know', 'Don''t Know ', 0, 20, 'Active', NULL, '2015-06-20', '02:20:19 AM'),
(329, 1, 1, 'Abu Hanif ''''Sidakhali''''', 'Don''t Know', 'Sidakhali ', 0, 20, 'Active', NULL, '2015-06-20', '02:23:19 AM'),
(330, 1, 1, 'Sohag ''''Sidhakali''''', 'Don''t Know', ' Sidhakali', 0, 20, 'Active', NULL, '2015-06-20', '02:32:49 AM'),
(331, 1, 1, 'Khaza Nazimuddin ''''Teligram''''', 'Don''t Know', 'Teligram ', 0, 20, 'Active', NULL, '2015-06-20', '02:47:09 AM'),
(332, 1, 1, 'Akram Hossain ''''Teligram''''', 'Don''t Know', 'Teligram ', 0, 20, 'Active', NULL, '2015-06-20', '02:51:18 AM'),
(333, 1, 1, 'Masud ''''Bonpara''''', 'Don''t Know', ' Bonpara', 0, 20, 'Active', NULL, '2015-06-20', '02:58:01 AM'),
(334, 1, 1, 'Gonesh ''''Vusongasa''''', 'Don''t Know', ' Vusongasa', 0, 20, 'Active', NULL, '2015-06-20', '04:51:51 AM'),
(335, 1, 1, 'Sagor ''''vusongasa''''', 'Don''t Know', ' Don''t Know', 0, 20, 'Active', NULL, '2015-06-20', '04:54:19 AM'),
(336, 1, 1, 'Balu ''''Vagorkandi''''', 'Don''t Know', ' Don''t Know', 0, 20, 'Active', NULL, '2015-06-20', '04:56:25 AM'),
(337, 1, 1, 'Ataur Rahman ''''Sokpur''''', 'Don''t Know', ' Don''t Know', 0, 20, 'Active', NULL, '2015-06-20', '05:09:54 AM'),
(338, 1, 1, 'Anamul ''''Krishnopur''''', 'Don''t Know', ' Don''t Know', 0, 20, 'Active', NULL, '2015-06-20', '05:14:29 AM'),
(339, 1, 1, 'Babu ''''Teligram''''', 'Don''t Know', ' Don''t Know', 0, 20, 'Active', NULL, '2015-06-20', '05:21:08 AM'),
(340, 1, 1, 'Akram ''''Kurtipara''''', 'Don''t Know', ' Don''t Know', 0, 20, 'Active', NULL, '2015-06-20', '23:46:06 PM'),
(341, 1, 1, 'Murdhi ''''Khorsoti''''', 'Don''t Know', ' Don''t Know', 0, 20, 'Active', NULL, '2015-06-20', '23:52:58 PM'),
(342, 1, 1, 'Abdur Rouf ''''Bailamasha''''', 'Don''t Know', ' Don''t Know', 0, 20, 'Active', NULL, '2015-06-21', '00:04:18 AM'),
(343, 1, 1, 'Nowsher ''''Sonapur,Doyrampur''''', 'Don''t Know', ' Don''t Know', 0, 20, 'Active', NULL, '2015-06-21', '00:14:08 AM'),
(344, 1, 1, 'Mohammad Ali ''''Vogorkandi''''', 'Don''t Know', ' Don''t Know', 0, 20, 'Active', NULL, '2015-06-21', '00:24:48 AM'),
(345, 1, 1, 'Molay Sorkar ''''Kumumobi, Kaligonj''''', 'Don''t Know', ' Don''t Know', 0, 20, 'Active', NULL, '2015-06-21', '00:32:42 AM'),
(346, 1, 1, 'Mottalib''''Horipur''''', 'Don''t Know', 'Don''t Know ', 0, 20, 'Active', NULL, '2015-06-21', '00:40:35 AM'),
(347, 1, 1, 'Azadul ''''Vogorkandi''''', 'Don''t Know', ' Don''t Know', 0, 20, 'Active', NULL, '2015-06-21', '00:44:16 AM'),
(348, 1, 1, 'Rohidul Islam ''''Vagorkandi''''', 'Don''t Know', 'Don''t Know ', 0, 20, 'Active', NULL, '2015-06-21', '01:14:29 AM'),
(349, 1, 1, 'Choyen Hazi ''''Vagorkandi''''', 'Don''t Know', 'Don''t Know ', 0, 20, 'Active', NULL, '2015-06-21', '01:16:48 AM'),
(350, 1, 1, 'Abdul Karim ''''Durgapur''''', 'Don''t Know', ' Don''t Know', 0, 20, 'Active', NULL, '2015-06-21', '01:18:51 AM'),
(351, 1, 1, 'Samim ''''Sakpur''''', 'Don''t Know', 'Don''t Know ', 0, 20, 'Active', NULL, '2015-06-21', '01:20:41 AM'),
(352, 1, 1, 'Sorim ''''Sokpur''''', 'Don''t Know', ' Don''t Know', 0, 20, 'Active', NULL, '2015-06-21', '01:21:40 AM'),
(353, 1, 1, 'Subol ''''Sidhakali''''', 'Don''t Know', 'Don''t Know ', 0, 20, 'Active', NULL, '2015-06-21', '01:51:33 AM'),
(354, 1, 1, 'Prodip Kumar''''Sidhakali''''', 'Don''t Know', 'Don''t Know ', 0, 20, 'Active', NULL, '2015-06-21', '01:54:36 AM'),
(355, 1, 1, 'Gonesh ''''Sidhakali''''', 'Don''t Know', ' Sidhakhali, Sakpur', 0, 20, 'Active', NULL, '2015-06-21', '02:26:34 AM'),
(356, 1, 1, 'Ajid ''''Sidhakali''''', 'Don''t Know', 'Don''t Know ', 0, 20, 'Active', NULL, '2015-06-21', '02:34:24 AM'),
(357, 1, 1, 'Insar Ali ''''Dorsongram''''', 'Don''t Know', ' Don''t Know', 0, 20, 'Active', NULL, '2015-06-21', '02:36:20 AM'),
(358, 1, 1, 'Mahatab Ali ''''Sudrana''''', 'Don''t Know', ' Don''t Know', 0, 20, 'Active', NULL, '2015-06-21', '02:39:09 AM'),
(359, 1, 1, 'Ronjit Sarkar ''''Sidhakali''''', 'Don''t Know', ' Don''t Know', 0, 20, 'Active', NULL, '2015-06-21', '02:42:01 AM'),
(360, 1, 1, 'Sabed ''''Jormollika''''', 'Don''t Know', ' Don''t Know', 0, 20, 'Active', NULL, '2015-06-21', '02:46:06 AM'),
(361, 1, 1, 'Sobuj ''''Jormollika''''', 'Don''t Know', 'Jormollika', 0, 20, 'Active', NULL, '2015-06-21', '02:56:49 AM'),
(362, 1, 1, 'Sunnu ''''Sidhakali''''', 'Don''t Know', 'Sidhakali', 0, 20, 'Active', NULL, '2015-06-21', '03:01:04 AM'),
(363, 1, 1, 'Asish Master ''''Sidhakali''''', 'Don''t Know', 'Sidhakali ', 0, 20, 'Active', NULL, '2015-06-21', '03:04:28 AM'),
(364, 1, 1, 'Manik ''''Sidhakali''''', 'Don''t Know', 'Sidhakali, Sakpur ', 0, 20, 'Active', NULL, '2015-06-21', '03:07:26 AM'),
(365, 1, 1, 'Lokman ''''Krishnopur''''', 'Don''t Know', 'Don''t Know ', 0, 20, 'Active', NULL, '2015-06-21', '03:09:13 AM'),
(366, 1, 1, 'Selim Shek ''''Kasinathpur, Pabna.', 'Don''t Know', 'Don''t Know ', 0, 20, 'Active', NULL, '2015-06-21', '03:38:35 AM'),
(367, 1, 1, 'Abdus Samad ''''Sakhoripur''''', 'Don''t Know', 'Don''t Know ', 0, 20, 'Active', NULL, '2015-06-21', '03:56:39 AM'),
(368, 1, 1, 'Kartik Kundu ''''Nondipara''''', 'Don''t Know', 'Don''t Know ', 0, 20, 'Active', NULL, '2015-06-21', '05:00:30 AM'),
(369, 1, 1, 'Soken Soeder ''''Temuk Nowdapara''''', 'Don''t Know', 'Don''t Know ', 0, 20, 'Active', NULL, '2015-06-21', '05:02:45 AM'),
(370, 1, 1, 'Osimuddin ''''Temuk Nowdapara''''', 'Don''t Know', 'Don''t Know ', 0, 20, 'Active', NULL, '2015-06-21', '05:04:57 AM'),
(371, 1, 1, 'Sad ''''Temuk Nowdapara''''', 'Don''t Know', 'Don''t Know ', 0, 20, 'Active', NULL, '2015-06-21', '05:07:00 AM'),
(372, 1, 1, 'Mozaffor Ali ''''Hatlal''''', 'Don''t Know', 'Don''t Know ', 0, 20, 'Active', NULL, '2015-06-21', '05:09:18 AM'),
(373, 1, 1, 'Yousub ''''Mohonpur''''', 'Don''t Know', 'Don''t Know ', 0, 20, 'Active', NULL, '2015-06-21', '05:12:29 AM'),
(374, 1, 1, 'Akher ''''Mohonpur''''', 'Don''t Know', 'Don''t Know ', 0, 20, 'Active', NULL, '2015-06-21', '05:14:17 AM'),
(375, 1, 1, 'Belal ''''Mohonpur''''', 'Don''t Know', ' Don''t Know', 0, 20, 'Active', NULL, '2015-06-21', '05:15:59 AM'),
(376, 1, 1, 'Golam ''''Mohonpur''''', 'Don''t Know', 'Don''t Know ', 0, 20, 'Active', NULL, '2015-06-21', '05:17:51 AM'),
(377, 1, 1, 'Babu ''''Mohonpur''''', 'Don''t Know', 'Don''t Know ', 0, 20, 'Active', NULL, '2015-06-21', '05:19:55 AM'),
(378, 1, 1, 'Abdus Samad ''''Khajura''''', 'Don''t Know', 'Don''t Know ', 0, 20, 'Active', NULL, '2015-06-21', '05:25:21 AM'),
(379, 1, 1, 'Lalu ''''Sokpur''''', 'Don''t Know', ' Don''t Know', 0, 20, 'Active', NULL, '2015-06-21', '05:29:02 AM'),
(380, 1, 1, 'Dipok ''''Sokpur''''', 'Don''t Know', 'Don''t Know ', 0, 20, 'Active', NULL, '2015-06-21', '05:31:01 AM'),
(381, 1, 1, 'Hayder ''''Uttordomdoma''''', 'Don''t Know', 'Uttordomdoma ', 0, 20, 'Active', NULL, '2015-06-23', '00:02:12 AM'),
(382, 1, 1, 'Nuru ''''Bilvorat''''', 'Don''t Know', 'Bilvorat, Singra. ', 0, 20, 'Active', NULL, '2015-06-23', '00:13:03 AM'),
(383, 1, 1, 'Rohidul ''''Jormollika''''', 'Don''t Know', 'Jormollika, Singra. ', 0, 20, 'Active', NULL, '2015-06-23', '00:15:40 AM'),
(384, 1, 1, 'Nirmol ''''Sidhakali''''', 'Don''t Know', 'Sidhakali ', 0, 20, 'Active', NULL, '2015-06-23', '00:24:09 AM'),
(385, 1, 1, 'Uttom ''''Sidhakali''''', 'Don''t Know', 'Sidhakali ', 0, 20, 'Active', NULL, '2015-06-23', '00:26:49 AM'),
(386, 1, 1, 'Anondo ''''Sidhakali''''', 'Don''t Know', 'Sidhakali, Sakpur, Singra. ', 0, 20, 'Active', NULL, '2015-06-23', '00:29:29 AM'),
(387, 1, 1, 'Rezzak ''''Sorhapniya''''', 'Don''t Know', 'Sorhapniya', 0, 20, 'Active', NULL, '2015-06-23', '00:35:15 AM'),
(388, 1, 1, 'Jahed ''''Sokhoripur''''', 'Don''t Know', 'Sokhoripur ', 0, 20, 'Active', NULL, '2015-06-23', '00:37:35 AM'),
(389, 1, 1, 'Sultan Ahmmed ''''Jormollika''''', 'Don''t Know', 'Jormollika ', 0, 20, 'Active', NULL, '2015-06-23', '00:41:04 AM'),
(390, 1, 1, 'Rohidul Islam ''''Sokhoripur''''', 'Don''t Know', 'Sokhoripur ', 0, 20, 'Active', NULL, '2015-06-23', '00:43:46 AM'),
(391, 1, 1, 'Porimol ''''Sidhakali''''', 'Don''t Know', 'Sidhakali, Singra. ', 0, 20, 'Active', NULL, '2015-06-23', '00:46:06 AM'),
(392, 1, 1, 'Basudep ''''Sidhakali''''', 'Don''t Know', 'Sidhakali, Sakpur, Singra. ', 0, 20, 'Active', NULL, '2015-06-23', '00:48:23 AM'),
(393, 1, 1, 'Bijoy ''''Sidhakali''''', 'Don''t Know', 'Sidhakali, Sakpur, Singra. ', 0, 20, 'Active', NULL, '2015-06-23', '00:50:42 AM'),
(394, 1, 1, 'Mojibor Rahman ''''Ningoin''''', 'Don''t Know', 'Ningoin ', 0, 20, 'Active', NULL, '2015-06-23', '01:02:06 AM'),
(395, 1, 1, 'Abdus Samad ''''Digapotiya''''', 'Don''t Know', 'Digapotiya ', 0, 20, 'Active', NULL, '2015-06-23', '01:47:12 AM'),
(396, 1, 1, 'Moinul Islam ''''Digapotiya''''', 'Don''t Know', 'Digapotiya ', 0, 20, 'Active', NULL, '2015-06-23', '01:49:28 AM'),
(397, 1, 1, 'Asraful Islam ''''Digapotiya''''', 'Don''t Know', 'Digapotiya ', 0, 20, 'Active', NULL, '2015-06-23', '02:17:54 AM'),
(398, 1, 1, 'Jalal Uddin ''''Goalbathan''''', 'Don''t Know', 'Goalbathan, Sokpur, Singra. ', 0, 20, 'Active', NULL, '2015-06-23', '02:22:28 AM'),
(399, 1, 1, 'Ujjol Hossain ''''Goalbathan''''', 'Don''t Know', 'Goalbathan ', 0, 20, 'Active', NULL, '2015-06-23', '02:25:00 AM'),
(400, 1, 1, 'Abdul Mannan ''''Kundorhat, Nondigram''''', 'Don''t Know', 'Kundorhat, Nondigram. ', 0, 20, 'Active', NULL, '2015-06-23', '02:52:17 AM'),
(401, 1, 1, 'Mabubur Rahman ''''Khajura''''', 'Don''t Know', 'Khajura ', 0, 20, 'Active', NULL, '2015-06-23', '03:11:13 AM'),
(402, 1, 1, 'Mahbubur Rahman ''''Kajura''''', 'Don''t Know', 'Kajura ', 0, 20, 'Active', NULL, '2015-06-23', '03:12:31 AM'),
(403, 1, 1, 'Amir Ali ''''Sidhakali''''', 'Don''t Know', 'Sidhakali ', 0, 20, 'Active', NULL, '2015-06-23', '03:16:19 AM'),
(404, 1, 1, 'Sonton ''''Sokpur''''', 'Don''t Know', 'Sokpur ', 0, 20, 'Active', NULL, '2015-06-23', '03:19:42 AM'),
(405, 1, 1, 'Alfaz ''''Kalish''''', 'Don''t Know', 'Kalish ', 0, 20, 'Active', NULL, '2015-06-23', '03:23:46 AM'),
(406, 1, 1, 'Abul Hossain ''''Mohonpur, Singra''''', 'Don''t Know', 'Mohonpur, Singra. ', 0, 20, 'Active', NULL, '2015-06-23', '03:26:59 AM'),
(407, 1, 1, 'Arun Dash ''''Sidhakali''''', 'Don''t Know', 'Sidhakali ', 0, 20, 'Active', NULL, '2015-06-23', '04:13:33 AM'),
(408, 1, 1, 'Goutom ''''Sidhakali''''', 'Don''t Know', 'Don''t Know ', 0, 20, 'Active', NULL, '2015-06-23', '04:18:29 AM'),
(409, 1, 1, 'Altab Hossain ''''Sidhakali''''', 'Don''t Know', 'Don''t Know ', 0, 20, 'Active', NULL, '2015-06-23', '04:23:38 AM'),
(410, 1, 1, 'Muktar ''''Bongram''''', 'Don''t Know', 'Bongram', 0, 20, 'Active', NULL, '2015-06-23', '04:26:28 AM'),
(411, 1, 1, 'Abdus Sobahan ''''Hizli''''', 'Don''t Know', 'Hizli ', 0, 20, 'Active', NULL, '2015-06-23', '04:28:56 AM'),
(412, 1, 1, 'Selim ''''Hizli''''', 'Don''t Know', 'Hizli ', 0, 20, 'Active', NULL, '2015-06-23', '04:30:47 AM'),
(413, 1, 1, 'Saiful ''''Hizli''''', 'Don''t Know', 'Hizli ', 0, 20, 'Active', NULL, '2015-06-23', '04:32:05 AM'),
(414, 1, 1, 'Johurul ''''Hizli''''', 'Don''t Know', 'Hizli ', 0, 20, 'Active', NULL, '2015-06-23', '04:33:56 AM'),
(415, 1, 1, 'Aliyer ''''Hizli''''', 'Don''t Know', 'Hizli ', 0, 20, 'Active', NULL, '2015-06-23', '05:46:44 AM'),
(416, 1, 1, 'Sultan ''''Hizli''''', 'Don''t Know', 'Hizli ', 0, 20, 'Active', NULL, '2015-06-23', '05:48:12 AM'),
(417, 1, 1, 'Pintu ''''Hizli''''', 'Don''t Know', 'Hizli ', 0, 20, 'Active', NULL, '2015-06-23', '05:49:29 AM'),
(418, 1, 1, 'Abdul Motin ''''Hizli''''', 'Don''t Know', 'Hizli ', 0, 20, 'Active', NULL, '2015-06-23', '05:50:38 AM'),
(419, 1, 1, 'Awoal ''''Hizli''''', 'Don''t Know', 'Hizli ', 0, 20, 'Active', NULL, '2015-06-23', '05:51:59 AM'),
(420, 1, 1, 'Akram ''''Bisah''''', 'Don''t Know', 'Bisah ', 0, 20, 'Active', NULL, '2015-06-23', '05:53:26 AM'),
(421, 1, 1, 'Abdus Samad ''''Krisnopur, Singra''''', 'Don''t Know', 'Krishnopur, Singra.', 0, 20, 'Active', NULL, '2015-06-23', '06:04:38 AM'),
(422, 1, 1, 'Mohatab ''''Parmohonpur''''', 'Don''t Know', 'Parmohonpur ', 0, 20, 'Active', NULL, '2015-06-23', '06:06:56 AM'),
(423, 1, 1, 'Bassu ''''Krishnopur''''', 'Don''t Know', 'Krishnopur ', 0, 20, 'Active', NULL, '2015-06-23', '06:12:03 AM'),
(424, 1, 1, 'Ruhul ''''Hiyatpur''''', 'Don''t Know', 'Hiyatpur ', 0, 20, 'Active', NULL, '2015-06-23', '06:12:43 AM'),
(425, 1, 1, 'Rohidul ''''Baksor''''', 'Don''t Know', 'Baksor ', 0, 20, 'Active', NULL, '2015-06-23', '06:13:25 AM'),
(426, 1, 1, 'Bablu ''''Korergram''''', 'Don''t Know', 'Korergram ', 0, 20, 'Active', NULL, '2015-06-23', '06:13:57 AM'),
(427, 1, 1, 'Hatem ''''Krishnopur''''', 'Don''t Know', 'Krishnopur ', 0, 20, 'Active', NULL, '2015-06-23', '06:14:34 AM'),
(428, 1, 1, 'Roman ''''Krishnopur''''', 'Don''t Know', 'Krishnopur ', 0, 20, 'Active', NULL, '2015-06-23', '06:15:16 AM'),
(429, 1, 1, 'Alok ''''Sidhakali''''', 'Don''t Know', 'Sidhakali ', 0, 20, 'Active', NULL, '2015-06-23', '06:15:42 AM'),
(430, 1, 1, 'Lutfor ''''Krishnopur''''', 'Don''t Know', 'Krishnopur ', 0, 20, 'Active', NULL, '2015-06-23', '06:16:18 AM'),
(431, 1, 1, 'Ali Ahsan ''''Dholgram''''', 'Don''t Know', 'Dholgram ', 0, 20, 'Active', NULL, '2015-06-23', '06:16:49 AM'),
(432, 1, 1, 'Surboto ''''Sidhakali''''', 'Don''t Know', 'Sidhakali ', 0, 20, 'Active', NULL, '2015-06-23', '23:04:28 PM'),
(433, 1, 1, 'Gourango ''''Sidhakali, Sakpur, Singra.', 'Don''t Know', 'Sidhakali, Sakpur, Singra. ', 0, 20, 'Active', NULL, '2015-06-23', '23:06:07 PM'),
(434, 1, 1, 'Mojibur Rahman ''''Kajura, Singra''''', 'Don''t Know', 'Kajura Singra. ', 0, 20, 'Active', NULL, '2015-06-23', '23:13:27 PM'),
(435, 1, 1, 'Manik Pramanik''''Teligram''''', 'Don''t Know', 'Teligram ', 0, 20, 'Active', NULL, '2015-06-23', '23:15:21 PM'),
(436, 1, 1, 'Azad Ali ''''Boksor''''', 'Don''t Know', 'Boksor ', 0, 20, 'Active', NULL, '2015-06-23', '23:18:34 PM'),
(437, 1, 1, 'Ferdaus ''''Jormollika''''', 'Don''t Know', 'Jormollika ', 0, 20, 'Active', NULL, '2015-06-24', '00:24:29 AM'),
(438, 1, 1, 'Afsar Ali ''''Sadpur, Noldanga''''', 'Don''t Know', 'Sadpur, Noldanga. ', 0, 20, 'Active', NULL, '2015-06-24', '00:31:11 AM'),
(439, 1, 1, 'Rofiq ''''Gowalbathan''''', 'Don''t Know', 'Gowalbathan ', 0, 20, 'Active', NULL, '2015-06-24', '01:11:48 AM'),
(440, 1, 1, 'Jobed Ali ''''Gowalbathan''''', 'Don''t Know', 'Gowalbathan ', 0, 20, 'Active', NULL, '2015-06-24', '01:12:22 AM'),
(441, 1, 1, 'Abdus Samad ''''Ataikula''''', 'Don''t Know', 'Ataikula ', 0, 20, 'Active', NULL, '2015-06-24', '01:13:01 AM'),
(442, 1, 1, 'Sobuj Ali ''''Borobari''''', 'Don''t Know', 'Borobari ', 0, 20, 'Active', NULL, '2015-06-24', '01:13:31 AM');
INSERT INTO `fna_party` (`PARTYID`, `PROJECTID`, `SUBPROJECTID`, `PARTYNAME`, `FATHERNAME`, `ADDRESS`, `MOBILE`, `USERID`, `STATUS`, `FLAG`, `ENTDATE`, `ENTTIME`) VALUES
(443, 1, 1, 'Jubayer ''''Serkol''''', 'Don''t Know', 'Serkol ', 0, 20, 'Active', NULL, '2015-06-24', '01:14:09 AM'),
(444, 1, 1, 'Meser Ali ''''Domdoma, Singra''''', 'Don''t Know', 'Domdoma, Singra. ', 0, 20, 'Active', NULL, '2015-06-24', '01:14:57 AM'),
(445, 1, 1, 'Kirti Bash ''''Sidhakali''''', 'Don''t Know', 'Sidhakali ', 0, 20, 'Active', NULL, '2015-06-24', '01:15:38 AM'),
(446, 1, 1, 'Vadu Pramanik ''''Sidhakali''''', 'Don''t Know', 'Sidhakali ', 0, 20, 'Active', NULL, '2015-06-24', '01:16:08 AM'),
(447, 1, 1, 'Poddu Mondol ''''Sidhakali''''', 'Don''t Know', 'Sidhakali ', 0, 20, 'Active', NULL, '2015-06-24', '01:16:48 AM'),
(448, 1, 1, 'Rohim Badsha ''''Sidhakali''''', 'Don''t Know', 'Sidhakali ', 0, 20, 'Active', NULL, '2015-06-24', '01:17:22 AM'),
(449, 1, 1, 'Jamal Sordar ''''Horipur''''', 'Don''t Know', 'Horipur ', 0, 20, 'Active', NULL, '2015-06-24', '01:18:03 AM'),
(450, 1, 1, 'Nur ''''Horipur''''', 'Don''t Know', 'Horipur ', 0, 20, 'Active', NULL, '2015-06-24', '01:18:38 AM'),
(451, 1, 1, 'Akter ''''Bijoynagor''''', 'Don''t Know', 'Bijoynagor ', 0, 20, 'Active', NULL, '2015-06-24', '01:19:09 AM'),
(452, 1, 1, 'Abul Kalam Azad ''''Jormollika, Singra''''', 'Don''t Know', 'Jormollika, Singra. ', 0, 20, 'Active', NULL, '2015-06-24', '01:19:49 AM'),
(453, 1, 1, 'Sanower Hossani ''''Jormollika''''', 'Don''t Know', 'Jormollika ', 0, 20, 'Active', NULL, '2015-06-24', '01:20:17 AM'),
(454, 1, 1, 'Johurul ''''Jormollika, Singra''''', 'Don''t Know', 'Jormollika, Singra. ', 0, 20, 'Active', NULL, '2015-06-24', '01:20:51 AM'),
(455, 1, 1, 'Nasir Uddin ''''Bazrahar''''', 'Don''t Know', 'Bazrahar ', 0, 20, 'Active', NULL, '2015-06-24', '01:21:27 AM'),
(456, 1, 1, 'Lalchand ''''Sidhakali''''', 'Don''t Know', 'Sidhakali ', 0, 20, 'Active', NULL, '2015-06-24', '01:22:09 AM'),
(457, 1, 1, 'Abu Bakkar ''''Sidhakali''''', 'Don''t Know', 'Sidhakali ', 0, 20, 'Active', NULL, '2015-06-24', '01:22:38 AM'),
(458, 1, 1, 'Kazima ''''Sidhakali''''', 'Don''t Know', 'Sidhakali ', 0, 20, 'Active', NULL, '2015-06-24', '04:32:28 AM'),
(459, 1, 1, 'Amzad Ali ''''Horipur''''', 'Don''t Know', 'Horipur ', 0, 20, 'Active', NULL, '2015-06-24', '04:33:14 AM'),
(460, 1, 1, 'Masud ''''Horipur, Singra''''', 'Don''t Know', 'Horipur, Singra. ', 0, 20, 'Active', NULL, '2015-06-24', '04:33:54 AM'),
(461, 1, 1, 'Alauddin ''''Udoypur''''', 'Don''t Know', 'Udoypur ', 0, 20, 'Active', NULL, '2015-06-24', '04:38:01 AM'),
(462, 1, 1, 'Akramul Haque ''''Sudrana''''', 'Don''t Know', 'Sudrana ', 0, 20, 'Active', NULL, '2015-06-24', '04:39:10 AM'),
(463, 1, 1, 'Sohel Rana ''''Sudrana''''', 'Don''t Know', 'Sudrana ', 0, 20, 'Active', NULL, '2015-06-24', '04:39:53 AM'),
(464, 1, 1, 'Yaed Ali ''''Sadpur, Khajura''''', 'Don''t Know', 'Sadpur, Khajura ', 0, 20, 'Active', NULL, '2015-06-24', '04:40:52 AM'),
(465, 1, 1, 'Abdus Sattar ''''Sokpur''''', 'Don''t Know', 'Sokpur ', 0, 20, 'Active', NULL, '2015-06-24', '04:41:22 AM'),
(466, 1, 1, 'Bapin ''''Sokpur''''', 'Don''t Know', 'Sokpur ', 0, 20, 'Active', NULL, '2015-06-24', '04:41:56 AM'),
(467, 1, 1, 'Tobir ''''Sokpur, Singra''''', 'Don''t Know', 'Sokpur, Singra. ', 0, 20, 'Active', NULL, '2015-06-24', '04:42:34 AM'),
(468, 1, 1, 'Saiful Islam ''''Sadpur, Singra''''', 'Don''t Know', 'Sadpur, Singra. ', 0, 20, 'Active', NULL, '2015-06-24', '04:50:57 AM'),
(469, 1, 1, 'Rasidul Islam ''''Sadpur''''', 'Don''t Know', 'Sadpur ', 0, 20, 'Active', NULL, '2015-06-24', '04:52:32 AM'),
(470, 1, 1, 'Kalam Hossain ''''Teligram''''', 'Don''t Know', 'Teligram ', 0, 20, 'Active', NULL, '2015-06-24', '04:53:12 AM'),
(471, 1, 1, 'Prem Soron ''''Vanga jangal''''', 'Don''t Know', 'Vanga Jangal ', 0, 20, 'Active', NULL, '2015-06-24', '04:53:49 AM'),
(472, 1, 1, 'Kasem ''''Krishnopur''''', 'Don''t Know', 'Krishnopur ', 0, 20, 'Active', NULL, '2015-06-24', '04:54:18 AM'),
(473, 1, 1, 'Sofir ''''Somespara''''', 'Don''t Know', 'Somespara ', 0, 20, 'Active', NULL, '2015-06-24', '04:54:54 AM'),
(474, 1, 1, 'Asit ''''Sidhakali''''', 'Don''t Know', 'Sidhakali ', 0, 20, 'Active', NULL, '2015-06-24', '04:55:33 AM'),
(475, 1, 1, 'Sukumar ''''Sidhakali''''', 'Don''t Know', 'Sidhakali ', 0, 20, 'Active', NULL, '2015-06-24', '04:56:03 AM'),
(476, 1, 1, 'Subash ''''Sidhakali''''', 'Don''t Know', 'Sidhakali ', 0, 20, 'Active', NULL, '2015-06-24', '04:56:46 AM'),
(477, 1, 1, 'Abdul Mannan ''''Jormollika''''', 'Don''t Know', 'Jormollika ', 0, 20, 'Active', NULL, '2015-06-24', '04:57:19 AM'),
(478, 1, 1, 'Younus Ali ''''Jormollika''''', 'Don''t Know', 'Jormollika ', 0, 20, 'Active', NULL, '2015-06-24', '04:57:53 AM'),
(479, 1, 1, 'Alomgir Hossain ''''Boro Bori Hati''''', 'Don''t Know', 'Boro Bori Hati ', 0, 20, 'Active', NULL, '2015-06-24', '04:58:43 AM'),
(480, 1, 1, 'Depen Mondol ''''Sidakhali''''', 'Don''t Know', 'Sidakhali ', 0, 20, 'Active', NULL, '2015-06-24', '04:59:33 AM'),
(481, 1, 1, 'Taj Ali ''''Sidakhali''''', 'Don''t Know', 'Sidakhali ', 0, 20, 'Active', NULL, '2015-06-24', '05:00:28 AM'),
(482, 1, 1, 'Yead Ali ''''Sadpur, Khajura''''', 'Don''t Know', 'Sadpur, Kajura ', 0, 20, 'Active', NULL, '2015-06-24', '05:01:49 AM'),
(483, 1, 1, 'Hakim Molla ''''Bamongram''''', 'Don''t Know', 'Bamongram ', 0, 20, 'Active', NULL, '2015-06-24', '05:02:34 AM'),
(484, 1, 1, 'Subir ''''Sokhoripur''''', 'Don''t Know', 'Sokhoripur ', 0, 20, 'Active', NULL, '2015-06-25', '00:09:12 AM'),
(485, 1, 1, 'Ruhul Amin ''''Sokhoripur''''', 'Don''t Know', 'Sokhoripur ', 0, 20, 'Active', NULL, '2015-06-25', '00:09:47 AM'),
(486, 1, 1, 'Ajabul ''''Sokhoripur''''', 'Don''t Know', 'Sokhoripur ', 0, 20, 'Active', NULL, '2015-06-25', '00:10:34 AM'),
(487, 1, 1, 'F. Rahman ''''Natore''''', 'Don''t Know', ' Natore', 0, 20, 'Active', NULL, '2015-06-25', '00:11:20 AM'),
(488, 1, 1, 'Sobuj Ali ''''Khejurtola, Singra''''', 'Don''t Know', 'Khejurtola, Singra. ', 0, 20, 'Active', NULL, '2015-06-25', '00:12:21 AM'),
(489, 1, 1, 'Jamal Hossain ''''Sokhoripur''''', 'Don''t Know', 'Sokhoripur ', 0, 20, 'Active', NULL, '2015-06-25', '00:12:59 AM'),
(490, 1, 1, 'Alam ''''Sidhakali, Sokpur''''', 'Don''t Know', 'Sidhakali, Sokpur. ', 0, 20, 'Active', NULL, '2015-06-25', '00:13:45 AM'),
(491, 1, 1, 'Ripon ''''Gobindopur''''', 'Don''t Know', 'Gobindopur ', 0, 20, 'Active', NULL, '2015-06-25', '00:14:23 AM'),
(492, 1, 1, 'Fojel ''''Borobaroihati''''', 'Don''t Know', 'Borobaroihati ', 0, 20, 'Active', NULL, '2015-06-25', '00:15:09 AM'),
(493, 1, 1, 'Aroj Uddin ''''Sokpur''''', 'Don''t Know', 'Sokpur ', 0, 20, 'Active', NULL, '2015-06-25', '00:15:47 AM'),
(494, 1, 1, 'Abu Taleb ''''Kristopur''''', 'Don''t Know', 'Kristopur ', 0, 20, 'Active', NULL, '2015-06-25', '00:16:40 AM'),
(495, 1, 1, 'Vupen ''''Sidhakali''''', 'Don''t Know', 'Sidhakali ', 0, 20, 'Active', NULL, '2015-06-25', '00:17:14 AM'),
(496, 1, 1, 'Saiful Islam ''''Sudrana''''', 'Don''t Know', 'Sudrana ', 0, 20, 'Active', NULL, '2015-06-25', '00:17:44 AM'),
(497, 1, 1, 'Amzad Hossain ''''Bilvorot''''', 'Don''t Know', 'Bilvorot ', 0, 20, 'Active', NULL, '2015-06-25', '00:18:22 AM'),
(498, 1, 1, 'Jahangir Hossain ''''Bilvorot''''', 'Don''t Know', 'Bilvorot ', 0, 20, 'Active', NULL, '2015-06-25', '00:19:08 AM'),
(499, 1, 1, 'Abdur Razzak ''''Gowelbathan, Singra''''', 'Don''t Know', 'Gowelbathan, Singra. ', 0, 20, 'Active', NULL, '2015-06-25', '00:20:00 AM'),
(500, 1, 1, 'Moyen Uddin ''''Gowalbathan''''', 'Don''t Know', 'Gowalbathan ', 0, 20, 'Active', NULL, '2015-06-25', '00:20:52 AM'),
(501, 1, 1, 'Dulal Hossain ''''Gowalbathan''''', 'Don''t Know', 'Gowalbathan ', 0, 20, 'Active', NULL, '2015-06-25', '00:21:58 AM'),
(502, 1, 1, 'Mokbul Hossain ''''Nagorkandi''''', 'Don''t Know', 'Nagorkandi ', 0, 20, 'Active', NULL, '2015-06-25', '00:23:18 AM'),
(503, 1, 1, 'Sentu ''''Vusongasa''''', 'Don''t Know', 'Vusongasa ', 0, 20, 'Active', NULL, '2015-06-25', '00:23:51 AM'),
(504, 1, 1, 'Amzad Hossain ''''Sudrana, Atrai''''', 'Don''t Know', 'Sudrana, Atrai ', 0, 20, 'Active', NULL, '2015-06-25', '00:41:38 AM'),
(505, 1, 1, 'Montu ''''Vusongasa''''', 'Don''t Know', 'Vusongasa ', 0, 20, 'Active', NULL, '2015-06-25', '02:44:07 AM'),
(506, 1, 1, 'Jahangir ''''Vusongasa''''', 'Don''t Know', 'Vusongasa ', 0, 20, 'Active', NULL, '2015-06-25', '02:50:53 AM'),
(507, 1, 1, 'Ruhul Amin ''''Vusongasa''''', 'Don''t Know', 'Vusongasa ', 0, 20, 'Active', NULL, '2015-06-25', '02:51:22 AM'),
(508, 1, 1, 'Rohisul Islam ''''Krishnopur''''', 'Don''t Know', 'Krishnopur ', 0, 20, 'Active', NULL, '2015-06-25', '02:52:09 AM'),
(509, 1, 1, 'Alim ''''Krishnopur''''', 'Don''t Know', 'Krishnopur ', 0, 20, 'Active', NULL, '2015-06-25', '02:56:21 AM'),
(510, 1, 1, 'Bijoy ''''Ningoin''''', 'Don''t Know', 'Ningoin ', 0, 20, 'Active', NULL, '2015-06-25', '02:57:00 AM'),
(511, 1, 1, 'Siraj ''''Ningoin''''', 'Don''t Know', 'Ningoin ', 0, 20, 'Active', NULL, '2015-06-25', '02:57:31 AM'),
(512, 1, 1, 'Kabirul ''''Sokhoripur''''', 'Don''t Know', 'Sokhoripur ', 0, 20, 'Active', NULL, '2015-06-25', '02:58:07 AM'),
(513, 1, 1, 'Millat ''''Vogongorkandi''''', 'Don''t Know', 'Vogongorkandi ', 0, 20, 'Active', NULL, '2015-06-25', '02:59:03 AM'),
(514, 1, 1, 'Asadullah ''''Vagongorkandi''''', 'Don''t Know', 'Vagongarkandi ', 0, 20, 'Active', NULL, '2015-06-25', '02:59:51 AM'),
(515, 1, 1, 'Abdul Lotif ''''Temukh, Naogaon''''', 'Don''t Know', 'Temukh, Naogaon. ', 0, 20, 'Active', NULL, '2015-06-25', '03:01:51 AM'),
(516, 1, 1, 'Mintu ''''Temukh, Naogaon''''', 'Don''t Know', 'Temukh, Naogaon ', 0, 20, 'Active', NULL, '2015-06-25', '03:02:37 AM'),
(517, 1, 1, 'Afroz Ali ''''Teligram, Singra''''', 'Don''t Know', 'Teligram, Singra. ', 0, 20, 'Active', NULL, '2015-06-25', '03:03:25 AM'),
(518, 1, 1, 'Sattar Ali ''''Teligram, Singra''''', 'Don''t Know', 'Teligram, Singra ', 0, 20, 'Active', NULL, '2015-06-25', '03:04:05 AM'),
(519, 1, 1, 'Liton Sorkar ''''Sidhakali''''', 'Don''t Know', 'Sidhakali ', 0, 20, 'Active', NULL, '2015-06-25', '03:04:47 AM'),
(520, 1, 1, 'Sudorson ''''Sidhakali, Singra''''', 'Don''t Know', 'Sidhakali, Singra. ', 0, 20, 'Active', NULL, '2015-06-25', '03:12:37 AM'),
(521, 1, 1, 'Volanath ''''Sidhakali, Singra''''', 'Don''t Know', 'Sidhakali, Singra ', 0, 20, 'Active', NULL, '2015-06-25', '03:13:15 AM'),
(522, 1, 1, 'Lokhon Dash ''''Sidhakali''''', 'Don''t Know', 'Sidhakali ', 0, 20, 'Active', NULL, '2015-06-25', '03:28:57 AM'),
(523, 1, 1, 'Ramdash ''''Sidhakali''''', 'Don''t Know', 'Sidhakali ', 0, 20, 'Active', NULL, '2015-06-25', '03:29:38 AM'),
(524, 1, 1, 'Mokles ''''Teligram''''', 'Don''t Know', 'Teligram ', 0, 20, 'Active', NULL, '2015-06-25', '03:30:14 AM'),
(525, 1, 1, 'Aroz Ali ''''Teligram, Singra''''', 'Don''t Know', 'Teligram, Singra. ', 0, 20, 'Active', NULL, '2015-06-25', '03:48:39 AM'),
(526, 1, 1, 'Bishu ''''Sidhakali''''', 'Don''t Know', 'Sidhakali ', 0, 20, 'Active', NULL, '2015-06-25', '05:36:36 AM'),
(527, 1, 1, 'Santo Mondol ''''Sidhakali''''', 'Don''t Know', 'Sidhakali ', 0, 20, 'Active', NULL, '2015-06-25', '05:40:18 AM'),
(528, 1, 1, 'Hamed Ali ''''Sidhakali, Singra''''', 'Don''t Know', 'Sidhakali,Singra. ', 0, 20, 'Active', NULL, '2015-06-25', '05:44:09 AM'),
(529, 1, 1, 'Samedul Islam ''''Sudrana''''', 'Don''t Know', 'Sudrana ', 0, 20, 'Active', NULL, '2015-06-25', '05:54:36 AM'),
(530, 1, 1, 'Mojibor Rahman ''''Mohonpur''''', 'Don''t Know', 'Mohonpur ', 0, 20, 'Active', NULL, '2015-06-25', '06:01:48 AM'),
(531, 1, 1, 'Moksed Ali ''''Mohonpur''''', 'Don''t Know', 'Mohonpur ', 0, 20, 'Active', NULL, '2015-06-25', '06:02:30 AM'),
(532, 1, 1, 'Sibli ''''Natore''''', 'Don''t Know', 'Natore ', 0, 20, 'Active', NULL, '2015-06-25', '06:03:05 AM'),
(533, 1, 1, 'Abul Kalam ''''Sidakhali''''', 'Don''t Know', 'Sidakhali ', 0, 20, 'Active', NULL, '2015-06-25', '06:05:29 AM'),
(534, 1, 1, 'Aser Ali ''''Sidhakali''''', 'Don''t Know', 'Sidhakali ', 0, 20, 'Active', NULL, '2015-06-25', '06:06:12 AM'),
(535, 1, 1, 'Ahammad Ali ''''Kuthipara, Singra''''', 'Don''t Know', 'Kuthipara, Singra. ', 0, 20, 'Active', NULL, '2015-06-25', '06:07:04 AM'),
(536, 1, 1, 'Liton Kumar ''''Kutipara, Satarbag''''', 'Don''t Know', 'Kutipara, Satarbag. ', 0, 20, 'Active', NULL, '2015-06-25', '06:07:54 AM'),
(537, 1, 1, 'Songkor Kumar ''''Sidhakali''''', 'Don''t Know', 'Sidhakali ', 0, 20, 'Active', NULL, '2015-06-25', '06:08:44 AM'),
(538, 1, 1, 'Basu ''''Sidhakali''''', 'Don''t Know', 'Sidhakali ', 0, 20, 'Active', NULL, '2015-06-25', '06:09:10 AM'),
(539, 1, 1, 'Jakirul ''''Temukh Nowdapara''''', 'Don''t Know', 'Temukh Noedapara ', 0, 20, 'Active', NULL, '2015-06-25', '06:09:59 AM'),
(540, 1, 1, 'Abdul Aziz ''''Hatibila''''', 'Don''t Know', 'Hatibila ', 0, 20, 'Active', NULL, '2015-06-25', '06:10:40 AM'),
(541, 1, 1, 'Abu Taher ''''Kuskuri''''', 'Don''t Know', 'Kuskuri ', 0, 20, 'Active', NULL, '2015-06-25', '06:11:11 AM'),
(542, 1, 1, 'Sorif Hossain ''''Ningoin''''', 'Don''t Know', 'Ningoin ', 0, 20, 'Active', NULL, '2015-06-25', '06:11:50 AM'),
(543, 1, 1, 'Sohel ''''Bonpara''''', 'Don''t Know', 'Don''t Know ', 0, 20, 'Active', NULL, '2015-06-26', '06:44:20 AM'),
(544, 1, 1, 'Johurul Islam ''''Gowelbathan, Sokpur,Singra''''', 'Don''t Know', 'Gowelbathan, Sokpur, Singra. ', 0, 20, 'Active', NULL, '2015-06-26', '06:52:57 AM'),
(545, 1, 1, 'Asadul Islam ''''Jormollika''''', 'Don''t Know', 'Jormollika ', 0, 20, 'Active', NULL, '2015-06-26', '06:58:26 AM'),
(546, 1, 1, 'Sojib ''''Jormollika''''', 'Don''t Know', 'Jormollika ', 0, 20, 'Active', NULL, '2015-06-26', '07:03:15 AM'),
(547, 1, 1, 'Abdul Ohab ''''Biprobilghoriya''''', 'Don''t Know', 'Biprobilghoriya ', 0, 20, 'Active', NULL, '2015-06-26', '07:11:22 AM'),
(548, 1, 1, 'Ajon ''''Sidhakali''''', 'Don''t Know', 'Sidhakali ', 0, 20, 'Active', NULL, '2015-06-26', '07:12:05 AM'),
(549, 1, 1, 'Arshad Ali ''''Sokhoripur''''', 'Don''t Know', 'Sokhoripur ', 0, 20, 'Active', NULL, '2015-06-26', '07:12:51 AM'),
(550, 1, 1, 'Sagor Ali ''''Nowdapara, Sokpur, Singra''''', 'Don''t Know', 'Nowdapara, Sokpur, Singra. ', 0, 20, 'Active', NULL, '2015-06-27', '00:40:24 AM'),
(551, 1, 1, 'Nasir ''''Salkapara, Nondigram''''', 'Don''t Know', 'Salkapara, Nondigram ', 0, 20, 'Active', NULL, '2015-06-27', '00:41:17 AM'),
(552, 1, 1, 'Sonaullah ''''Kotipara''''', 'Don''t Know', 'Kotipara ', 0, 20, 'Active', NULL, '2015-06-27', '00:42:46 AM'),
(553, 1, 1, 'Poto Miah ''''Sokpur''''', 'Don''t Know', 'Sokpur ', 0, 20, 'Active', NULL, '2015-06-27', '00:44:07 AM'),
(554, 1, 1, 'Babul Master ''''Gowelbathen''''', 'Don''t Know', 'Gowelbathen ', 0, 20, 'Active', NULL, '2015-06-27', '00:44:54 AM'),
(555, 1, 1, 'Isahak ''''Khorsoti''''', 'Don''t Know', 'Khorsoti ', 0, 20, 'Active', NULL, '2015-06-27', '00:45:31 AM'),
(556, 1, 1, 'Taposh Kumar ''''Sidhakali''''', 'Don''t Know', 'Sidhakali ', 0, 20, 'Active', NULL, '2015-06-27', '00:46:06 AM'),
(557, 1, 1, 'Sahadot ''''Moyeschandropur''''', 'Don''t Know', 'Moyeschandropur ', 0, 20, 'Active', NULL, '2015-06-27', '00:47:04 AM'),
(558, 1, 1, 'Moriyom Khatun ''''Khejurtola''''', 'Don''t Know', 'Khejurtola ', 0, 20, 'Active', NULL, '2015-06-27', '01:19:45 AM'),
(559, 1, 1, 'Abdus Samad ''''Gopalpur, Lalpur''''', 'Don''t Know', 'Gopalpur, Lalpur. ', 0, 20, 'Active', NULL, '2015-06-27', '01:20:37 AM'),
(560, 1, 1, 'Sukbol ''''Dakmondob''''', 'Don''t Know', 'Dakmondob ', 0, 20, 'Active', NULL, '2015-06-27', '01:27:14 AM'),
(561, 1, 1, 'Ibrahim ''''Hatboliya''''', 'Don''t Know', 'Hatboliya ', 0, 20, 'Active', NULL, '2015-06-27', '01:28:12 AM'),
(562, 1, 1, 'Azahar Ali ''''Kutirpara''''', 'Don''t Know', 'Kutirpara ', 0, 20, 'Active', NULL, '2015-06-27', '01:28:47 AM'),
(563, 1, 1, 'Antor ''''Boktarpur''''', 'Don''t Know', 'Boktarpur ', 0, 20, 'Active', NULL, '2015-06-27', '01:29:51 AM'),
(564, 1, 1, 'Nantu ''''Kutipara''''', 'Don''t Know', 'Kutipara ', 0, 20, 'Active', NULL, '2015-06-27', '01:30:32 AM'),
(565, 1, 1, 'Hatem Ali ''''Ningoin''''', 'Don''t Know', 'Ningoin ', 0, 20, 'Active', NULL, '2015-06-27', '01:31:13 AM'),
(566, 1, 1, 'Siyaf ''''Jormollika''''', 'Don''t Know', 'Jormollika ', 0, 20, 'Active', NULL, '2015-06-27', '01:31:50 AM'),
(567, 1, 1, 'Liton ''''Mazhgram''''', 'Don''t Know', 'Mazhgram ', 0, 20, 'Active', NULL, '2015-06-27', '02:12:49 AM'),
(568, 1, 1, 'Rohidul Islam ''''Boro Bori Hati''''', 'Don''t Know', 'Boro Bori Hati ', 0, 20, 'Active', NULL, '2015-06-27', '02:17:28 AM'),
(569, 1, 1, 'Ayoub Ali ''''Krishnopur''''', 'Don''t Know', 'Krishnopur ', 0, 20, 'Active', NULL, '2015-06-27', '02:18:50 AM'),
(570, 1, 1, 'Azgor Ali ''''Krisnopur''''', 'Don''t Know', 'Krisnopur ', 0, 20, 'Active', NULL, '2015-06-27', '02:24:59 AM'),
(571, 1, 1, 'Abul Hossain ''''Krishnopur''''', 'Don''t Know', 'Krishnopur ', 0, 20, 'Active', NULL, '2015-06-27', '02:26:31 AM'),
(572, 1, 1, 'Josim Uddin ''''Vogorkandi''''', 'Don''t Know', 'Vogorkandi ', 0, 20, 'Active', NULL, '2015-06-27', '02:27:12 AM'),
(573, 1, 1, 'Soriful Islam ''''Sokhoripur''''', 'Don''t Know', 'Sokhoripur ', 0, 20, 'Active', NULL, '2015-06-27', '02:27:50 AM'),
(574, 1, 1, 'Kamrul Hasan ''''Sokhoripur''''', 'Don''t Know', 'Sokhoripur ', 0, 20, 'Active', NULL, '2015-06-27', '02:28:31 AM'),
(575, 1, 1, 'Choyen Uddin ''''Hapaniya''''', 'Don''t Know', 'Hapaniya ', 0, 20, 'Active', NULL, '2015-06-27', '03:32:44 AM'),
(576, 1, 1, 'Komol Dash ''''Sonaidanga''''', 'Don''t Know', 'Sonaidanga ', 0, 20, 'Active', NULL, '2015-06-27', '03:33:28 AM'),
(577, 1, 1, 'Mokles Ali ''''Sidhakali''''', 'Don''t Know', 'Sidhakali ', 0, 20, 'Active', NULL, '2015-06-27', '04:01:34 AM'),
(578, 1, 1, 'Bkesh ''''Sidhakali''''', 'Don''t Know', 'Sidhakali ', 0, 20, 'Active', NULL, '2015-06-27', '04:02:10 AM'),
(579, 1, 1, 'Sahad ''''Raninagor''''', 'Don''t Know', 'Raninagor ', 0, 20, 'Active', NULL, '2015-06-27', '04:02:41 AM'),
(580, 1, 1, 'Alam ''''Raninagor''''', 'Don''t Know', 'Raninagor ', 0, 20, 'Active', NULL, '2015-06-27', '04:03:11 AM'),
(581, 1, 1, 'Dhiren ''''Sidhakali''''', 'Don''t Know', 'Sidhakali ', 0, 20, 'Active', NULL, '2015-06-27', '04:03:52 AM'),
(582, 1, 1, 'Bonk ''''Sidhakali''''', 'Don''t Know', 'Sidhakali ', 0, 20, 'Active', NULL, '2015-06-27', '04:04:47 AM'),
(583, 1, 1, 'Sujon ''''Sidhakali''''', 'Don''t Know', 'Sidhakali ', 0, 20, 'Active', NULL, '2015-06-27', '04:05:56 AM'),
(584, 1, 1, 'Dulala ''''Sidhakali, Singra''''', 'Don''t Know', 'Sidhakali, Singra. ', 0, 20, 'Active', NULL, '2015-06-27', '04:06:34 AM'),
(585, 1, 1, 'Abdul Aziz ''''Sidhakali''''', 'Don''t Know', 'Sidhakali ', 0, 20, 'Active', NULL, '2015-06-27', '04:07:23 AM'),
(586, 1, 1, 'Abdul Aziz (Kamal) ''''Singra''''', 'Don''t Know', 'Singra ', 0, 20, 'Active', NULL, '2015-06-27', '04:08:04 AM'),
(587, 1, 1, 'Sekander Ali ''''Jormollika''''', 'Don''t Know', 'Jormollika ', 0, 20, 'Active', NULL, '2015-06-27', '04:44:01 AM'),
(588, 1, 1, 'Golam Mostofa ''''Sorhapaniya''''', 'Don''t Know', 'Sorhapaniya ', 0, 20, 'Active', NULL, '2015-06-27', '04:54:58 AM'),
(589, 1, 1, 'Anower Hossain ''''Horipur''''', 'Don''t Know', 'Horipur ', 0, 20, 'Active', NULL, '2015-06-27', '05:16:02 AM'),
(590, 1, 1, 'Attab Ali ''''Ningoin''''', 'Don''t Know', 'Ningoin ', 0, 20, 'Active', NULL, '2015-06-27', '05:31:19 AM'),
(591, 1, 1, 'Nipen Sorker ''''Vusongasa''''', 'Don''t Know', 'Vusongasa ', 0, 20, 'Active', NULL, '2015-06-27', '05:31:54 AM'),
(592, 1, 1, 'Mostofa ''''Bisa, Uttorpara''''', 'Don''t Know', 'Bisa Uttorpara ', 0, 20, 'Active', NULL, '2015-06-27', '05:32:37 AM'),
(593, 1, 1, 'Sohikul Islam ''''Madrasa Mor, Natore''''', 'Don''t Know', 'Madrasa Mor, Natore. ', 0, 20, 'Active', NULL, '2015-06-27', '05:33:40 AM'),
(594, 1, 1, 'Rahen ''''Krishnopur''''', 'Don''t Know', 'Krishnopur ', 0, 20, 'Active', NULL, '2015-06-27', '05:34:16 AM'),
(595, 1, 1, 'Jaydul ''''Sokpur''''', 'Don''t Know', 'Sokpur ', 0, 20, 'Active', NULL, '2015-06-27', '05:34:54 AM'),
(596, 1, 1, 'Hasem Ali ''''Puraton Baksor''''', 'Don''t Know', 'Puraton Baksor ', 0, 20, 'Active', NULL, '2015-06-27', '23:43:39 PM'),
(597, 1, 1, 'Sanower/Kamal ''''Singra''''', 'Don''t Know', 'Singra ', 0, 20, 'Active', NULL, '2015-06-27', '23:44:20 PM'),
(598, 1, 1, 'Saheb Ali ''''Sokhoripur''''', 'Don''t Know', 'Sokhoripur ', 0, 20, 'Active', NULL, '2015-06-27', '23:45:31 PM'),
(599, 1, 1, 'Abdur Rahman ''''Bamongram''''', 'Don''t Know', 'Bamongram ', 0, 20, 'Active', NULL, '2015-06-27', '23:46:19 PM'),
(600, 1, 1, 'Mahbubur ''''Sokhoripur''''', 'Don''t Know', 'Sokhoripur ', 0, 20, 'Active', NULL, '2015-06-27', '23:47:18 PM'),
(601, 1, 1, 'Alal Hossain ''''Ningoin''''', 'Don''t Know', 'Ningoin ', 0, 20, 'Active', NULL, '2015-06-27', '23:48:04 PM'),
(602, 1, 1, 'Amzad Master ''''Ningoin''''', 'Don''t Know', 'Ningoin ', 0, 20, 'Active', NULL, '2015-06-27', '23:48:56 PM'),
(603, 1, 1, 'Siddik ''''Sudrana''''', 'Don''t Know', 'Sudrana ', 0, 20, 'Active', NULL, '2015-06-27', '23:50:04 PM'),
(604, 1, 1, 'Alauddin ''''Boktarpur, Singra''''', 'Don''t Know', 'Boktarpur, Singra. ', 0, 20, 'Active', NULL, '2015-06-28', '00:52:06 AM'),
(605, 1, 1, 'Kamal Hossain ''''Singra Bazar''''', 'Don''t Know', 'Singra Bazar. ', 0, 20, 'Active', NULL, '2015-06-28', '00:52:41 AM'),
(606, 1, 1, 'Roj ''''Ataikula''''', 'Don''t Know', 'Ataikula ', 0, 20, 'Active', NULL, '2015-06-28', '00:53:23 AM'),
(607, 1, 1, 'Azahar Ali ''''Teligram, Singra''''', 'Don''t Know', 'Teligram, Singra. ', 0, 20, 'Active', NULL, '2015-06-28', '00:54:04 AM'),
(608, 1, 1, 'Jafor ''''Sudrana''''', 'Don''t Know', 'Sudrana ', 0, 20, 'Active', NULL, '2015-06-28', '01:14:47 AM'),
(609, 1, 1, 'Lalon ''''Bilvorot''''', 'Don''t Know', 'Bilvorot ', 0, 20, 'Active', NULL, '2015-06-28', '01:15:23 AM'),
(610, 1, 1, 'Lebu Hossain ''''Vogorkandi''''', 'Don''t Know', 'Vogorkandi ', 0, 20, 'Active', NULL, '2015-06-28', '01:16:02 AM'),
(611, 1, 1, 'Abdul Lotif ''''Vogorkandi''''', 'Don''t Know', 'Vogorkandi ', 0, 20, 'Active', NULL, '2015-06-28', '01:16:40 AM'),
(612, 1, 1, 'Bojlu ''''Baksor''''', 'Don''t Know', 'Baksor ', 0, 20, 'Active', NULL, '2015-06-28', '01:17:12 AM'),
(613, 1, 1, 'Figer ''''Dhonokora''''', 'Don''t Know', 'Dhonokora ', 0, 20, 'Active', NULL, '2015-06-28', '01:33:12 AM'),
(614, 1, 1, 'Sukchad ''''Sokhoripur''''', 'Don''t Know', 'Sokhoripur ', 0, 20, 'Active', NULL, '2015-06-28', '01:33:47 AM'),
(615, 1, 1, 'Marfot ''''Bijoynagor''''', 'Don''t Know', 'Bijoynagor ', 0, 20, 'Active', NULL, '2015-06-28', '01:34:27 AM'),
(616, 1, 1, 'Mukti Rani Ghosh ''''Natore, Malihati''''', 'Don''t Know', 'Natore Malihati ', 0, 20, 'Active', NULL, '2015-06-28', '01:35:20 AM'),
(617, 1, 1, 'Forhad ''''Samongor''''', 'Don''t Know', 'Samongor ', 0, 20, 'Active', NULL, '2015-06-28', '01:35:55 AM'),
(618, 1, 1, 'Oyajbel ''''Khorsoti''''', 'Don''t Know', 'Khorsoti ', 0, 20, 'Active', NULL, '2015-06-28', '01:36:48 AM'),
(619, 1, 1, 'Romjan Ali ''''Dhonkora''''', 'Don''t Know', 'Dhonkora ', 0, 20, 'Active', NULL, '2015-06-28', '01:37:41 AM'),
(620, 1, 1, 'Sonaton ''''Vusongasa''''', 'Don''t Know', 'Vusongasa ', 0, 20, 'Active', NULL, '2015-06-28', '01:38:19 AM'),
(621, 1, 1, 'Abu Sufiyan ''''Basila''''', 'Don''t Know', 'Basila ', 0, 20, 'Active', NULL, '2015-06-28', '01:39:03 AM'),
(622, 1, 1, 'Hatem Ali ''''Vusongasa''''', 'Don''t Know', 'Vusongasa ', 0, 20, 'Active', NULL, '2015-06-28', '01:40:11 AM'),
(623, 1, 1, 'Sukbor Rahman ''''Atrai''''', 'Don''t Know', 'Atrai ', 0, 20, 'Active', NULL, '2015-06-28', '01:41:07 AM'),
(624, 1, 1, 'Azahar Ali ''''Kaligonj''''', 'Don''t Know', 'Kaligonj ', 0, 20, 'Active', NULL, '2015-06-28', '01:45:32 AM'),
(625, 1, 1, 'Samsul Islam ''''Buridaho''''', 'Don''t Know', 'Buridaho ', 0, 20, 'Active', NULL, '2015-06-28', '02:16:12 AM'),
(626, 1, 1, 'Belala Hossain ''''Sibdurgram''''', 'Don''t Know', 'Sibdurgram ', 0, 20, 'Active', NULL, '2015-06-28', '02:17:10 AM'),
(627, 1, 1, 'Bosir Uddin ''''Ishordi Bazar, Pabna''''', 'Don''t Know', 'Ishordi Bazar, Pabna. ', 0, 20, 'Active', NULL, '2015-06-28', '02:18:19 AM'),
(628, 1, 1, 'Tohidur Rahman ''''Khajura''''', 'Don''t Know', 'Khajura ', 0, 20, 'Active', NULL, '2015-06-28', '02:19:00 AM'),
(629, 1, 1, 'Anamul ''''Modondanga''''', 'Don''t Know', 'Modondanga ', 0, 20, 'Active', NULL, '2015-06-28', '02:54:15 AM'),
(630, 1, 1, 'Jitentronath ''''Vusongasa''''', 'Don''t Know', 'Vusongasa ', 0, 20, 'Active', NULL, '2015-06-28', '02:54:55 AM'),
(631, 1, 1, 'Jibon Krishno Sokroborti', 'Don''t Know', 'Sidhakali ', 0, 20, 'Active', NULL, '2015-06-28', '02:55:44 AM'),
(632, 1, 1, 'Johurul Islam  ''''Sokhoripur''''', 'Don''t Know', 'Sokhoripur ', 0, 20, 'Active', NULL, '2015-06-28', '03:12:24 AM'),
(633, 1, 1, 'Abdul Jolil ''''Sokpur, Sidhakali, Singra''''', 'Don''t Know', 'Sokpur, Sidhakali, Singra ', 0, 20, 'Active', NULL, '2015-06-28', '03:13:26 AM'),
(634, 1, 1, 'Kalu ''''Korsoti''''', 'Don''t Know', 'Korsoti ', 0, 20, 'Active', NULL, '2015-06-28', '03:14:00 AM'),
(635, 1, 1, 'Ronju ''''Dorsongram''''', 'Don''t Know', 'Dorsongram ', 0, 20, 'Active', NULL, '2015-06-28', '03:14:34 AM'),
(636, 1, 1, 'Ansar Ali ''''Raninagor''''', 'Don''t Know', 'Raninagor ', 0, 20, 'Active', NULL, '2015-06-28', '03:39:26 AM'),
(637, 1, 1, 'Jamsed Ali ''''Khorsoti, Atrai''''', 'Don''t Know', 'Khorsoti, Atri ', 0, 20, 'Active', NULL, '2015-06-28', '03:40:18 AM'),
(638, 1, 1, 'Sanower Hossain ''''Sherkol''''', 'Don''t Know', 'Sherkol ', 0, 20, 'Active', NULL, '2015-06-28', '03:41:25 AM'),
(639, 1, 1, 'Abdur Razzak ''''Tinvita, Singra''''', 'Don''t Know', 'Tinvita, Singra. ', 0, 20, 'Active', NULL, '2015-06-28', '03:42:04 AM'),
(640, 1, 1, 'Najrul Islam ''''Vogorkandi''''', 'Don''t Know', 'Vogorkandi ', 0, 20, 'Active', NULL, '2015-06-28', '03:42:37 AM'),
(641, 1, 1, 'Tufan ''''Dakmundu''''', 'Don''t Know', 'Dakmundu ', 0, 20, 'Active', NULL, '2015-06-28', '03:43:03 AM'),
(642, 1, 1, 'Sukanto Mondol ''''Sidhakali''''', 'Don''t Know', 'Sidakhali ', 0, 20, 'Active', NULL, '2015-06-28', '03:43:38 AM'),
(643, 1, 1, 'Indrojit ''''Sidhakali''''', 'Don''t Know', 'Sidhakali ', 0, 20, 'Active', NULL, '2015-06-28', '03:44:21 AM'),
(644, 1, 1, 'Shichen ''''Sidhakali''''', 'Don''t Know', 'Sidhakali ', 0, 20, 'Active', NULL, '2015-06-28', '04:05:24 AM'),
(645, 1, 1, 'Anish ''''Junail''''', 'Don''t Know', 'Junail ', 0, 20, 'Active', NULL, '2015-06-28', '05:06:44 AM'),
(646, 1, 1, 'Nur Ali ''''Ningoin''''', 'Don''t Know', 'Ningoin ', 0, 20, 'Active', NULL, '2015-06-28', '05:19:42 AM'),
(647, 1, 1, 'Abdul Hakim ''''Rakhalgasa''''', 'Don''t Know', 'Rakhalgasa ', 0, 20, 'Active', NULL, '2015-06-28', '05:20:20 AM'),
(648, 1, 1, 'Sohidul Islam ''''Hatmuson''''', 'Don''t Know', 'Hatmuson ', 0, 20, 'Active', NULL, '2015-06-28', '05:25:57 AM'),
(649, 1, 1, 'Bulu ''''Sudrana''''', 'Don''t Know', 'Sudrana ', 0, 20, 'Active', NULL, '2015-06-28', '05:26:34 AM'),
(650, 1, 1, 'Akram/Akher ''''Sadhongora''''', 'Don''t Know', 'Sadhongora ', 0, 20, 'Active', NULL, '2015-06-28', '05:27:14 AM'),
(651, 1, 1, 'Alauddin ''''Ningoin''''', 'Don''t Know', 'Ningoin ', 0, 20, 'Active', NULL, '2015-06-28', '05:27:43 AM'),
(652, 1, 1, 'Fojlul Haque ''''Uttor Domdoma''''', 'Don''t Know', 'Uttor Domdoma ', 0, 20, 'Active', NULL, '2015-06-28', '05:36:01 AM'),
(653, 1, 1, 'Vobesh Chandro ''''Sidhakali''''', 'Don''t Know', 'Sidhakali ', 0, 20, 'Active', NULL, '2015-06-28', '05:36:34 AM'),
(654, 1, 1, 'Jogondronath ''''Sidhakali''''', 'Don''t Know', 'Sidhakali ', 0, 20, 'Active', NULL, '2015-06-28', '05:37:08 AM'),
(655, 1, 1, 'Abdur Razzak ''''Sidhakali, Sokpur, Singra''''', 'Don''t Know', 'Sidhakali, Sokpur, SIngra. ', 0, 20, 'Active', NULL, '2015-06-28', '05:37:50 AM'),
(656, 1, 1, 'Hatem Ali ''''Teghoriya''''', 'Don''t Know', 'Teghoriya ', 0, 20, 'Active', NULL, '2015-06-28', '05:38:23 AM'),
(657, 1, 1, 'Priti Khatun ''''Sudrana''''', 'Don''t Know', 'Sudrana ', 0, 20, 'Active', NULL, '2015-06-28', '05:38:57 AM'),
(658, 1, 1, 'Rafiuddin ''''Sudrana''''', 'Don''t Know', 'Sudrana ', 0, 20, 'Active', NULL, '2015-06-28', '05:39:28 AM'),
(659, 1, 1, 'Abdul Hamid ''''Vusongasa''''', 'Don''t Know', 'Vusongasa ', 0, 20, 'Active', NULL, '2015-06-28', '05:40:12 AM'),
(660, 1, 1, 'Subodh Mondol ''''Vaturiya''''', 'Don''t Know', 'Vaturiya ', 0, 20, 'Active', NULL, '2015-06-28', '05:40:44 AM'),
(661, 1, 1, 'Belal Hossain ''''Sudrana, Atrai''''', 'Don''t Know', 'Sudrana, Atrai. ', 0, 20, 'Active', NULL, '2015-06-28', '05:41:23 AM'),
(662, 1, 1, 'Abdul Zabbar ''''Hiyatpur, Singra''''', 'Don''t Know', 'Hiyatpur, Singra. ', 0, 20, 'Active', NULL, '2015-06-28', '05:42:21 AM'),
(663, 1, 1, 'Monju Khan ''''Boro Baruihati''''', 'Don''t Know', 'Boro Baruihati ', 0, 20, 'Active', NULL, '2015-06-29', '00:30:22 AM'),
(664, 1, 1, 'Motakabber ''''Monhonpur''''', 'Don''t Know', 'Monhonpur ', 0, 20, 'Active', NULL, '2015-06-29', '00:31:25 AM'),
(665, 1, 1, 'Abdul Kuddus ''''Vogorkandi''''', 'Don''t Know', 'Vogorkandi ', 0, 20, 'Active', NULL, '2015-06-29', '00:31:57 AM'),
(666, 1, 1, 'Kasem ''''Ningoin''''', 'Don''t Know', 'Ningoin ', 0, 20, 'Active', NULL, '2015-06-29', '00:32:29 AM'),
(667, 1, 1, 'Abdul Zabbar ''''Vogorkandi''''', 'Don''t Know', 'Vogorkandi ', 0, 20, 'Active', NULL, '2015-06-29', '00:33:21 AM'),
(668, 1, 1, 'Gopal ''''Bokshor''''', 'Don''t Know', 'Bokshor ', 0, 20, 'Active', NULL, '2015-06-29', '00:33:56 AM'),
(669, 1, 1, 'Safir ''''Khorsoti''''', 'Don''t Know', 'Khorsoti ', 0, 20, 'Active', NULL, '2015-06-29', '00:34:32 AM'),
(670, 1, 1, 'Dedarul ''''Horipur''''', 'Don''t Know', 'Horipur ', 0, 20, 'Active', NULL, '2015-06-29', '00:35:08 AM'),
(671, 1, 1, 'Sofir ''''Khorsoti''''', 'Don''t Know', 'Khorsoti ', 0, 20, 'Active', NULL, '2015-06-29', '00:44:15 AM'),
(672, 1, 1, 'Jeher Ali ''''Bisha'''' (01)', 'Don''t Know', ' Bisha', 0, 20, 'Active', NULL, '2015-06-29', '01:42:24 AM'),
(673, 1, 1, 'Abdul Odud ''''Ningoin''''', 'Don''t Know', 'Ningoin ', 0, 20, 'Active', NULL, '2015-06-29', '01:55:22 AM'),
(674, 1, 1, 'Software Opening Party', 'Opening Party', ' ', 0, 20, 'Active', NULL, '2015-08-20', '06:12:56 AM'),
(675, 1, 3, 'Software Opening Income', 'Software Opening', ' ', 0, 20, 'Active', NULL, '2015-08-20', '06:28:59 AM'),
(676, 2, 6, 'Software Opening Income', 'Software Opening Income', ' ', 0, 20, 'Active', NULL, '2015-08-20', '06:32:08 AM'),
(677, 4, 9, 'Software Opening Income(Hatch)', 'Software Opening ', ' ', 0, 20, 'Active', NULL, '2015-08-20', '06:36:03 AM'),
(678, 10, 16, 'Software Opening Income (Moshjid)', 'Software Opening', ' ', 0, 20, 'Active', NULL, '2015-08-20', '06:38:42 AM'),
(679, 9, 15, 'Software Opening Income (Madrasha)', 'Software Opening ', ' ', 0, 20, 'Active', NULL, '2015-08-20', '06:39:46 AM'),
(680, 7, 12, 'Software Opening Income (Loan)', 'Software Opening', ' ', 0, 20, 'Active', NULL, '2015-08-20', '06:50:28 AM'),
(681, 7, 12, 'FNA Bricks', 'FNA Bricks', ' ', 0, 20, 'Active', NULL, '2015-08-20', '06:50:51 AM'),
(682, 7, 12, 'DDH', 'DDH', ' Dhaka', 0, 20, 'Active', NULL, '2015-08-20', '06:51:17 AM'),
(683, 7, 12, 'Natore Construction Office', 'Natore Construction Office', ' Natore', 0, 20, 'Active', NULL, '2015-08-20', '06:51:53 AM'),
(684, 7, 12, 'FNA Filling Station', 'FNA Filling', ' Natore', 0, 20, 'Active', NULL, '2015-08-20', '06:52:22 AM'),
(685, 7, 12, 'Party Purchase', 'Party', ' ', 0, 20, 'Active', NULL, '2015-08-20', '07:12:43 AM'),
(686, 7, 17, 'Software Opening ', 'Software Opening ', ' ', 0, 20, 'Active', NULL, '2015-08-27', '01:21:59 AM'),
(687, 11, 18, 'Agrani Bank', 'Agrani Bank', ' Natore', 0, 20, 'Active', NULL, '2015-08-27', '01:33:05 AM'),
(688, 13, 26, 'Opening Software Party(Rest House)', 'Opening Software Party', ' Natore', 0, 20, 'Active', NULL, '2015-10-01', '13:53:35 PM'),
(689, 13, 24, 'Opening Software Party(Garden)', 'Opening Software Party', ' ', 0, 20, 'Active', NULL, '2015-10-01', '13:55:02 PM'),
(690, 13, 25, 'Opening Software Party (Horin)', 'Opening Software Party', ' ', 0, 20, 'Active', NULL, '2015-10-01', '13:55:21 PM'),
(691, 13, 27, 'Opening Software Party (Kobutor)', 'Opening Software Party', ' ', 0, 20, 'Active', NULL, '2015-10-01', '13:55:45 PM'),
(692, 14, 28, 'Opening Software Party (Fish)', 'Opening Software Party (Fish)', ' ', 0, 20, 'Active', NULL, '2015-10-01', '14:01:28 PM'),
(693, 14, 29, 'Opening Software Party (Land)', 'Opening Software Party (Land)', ' ', 0, 20, 'Active', NULL, '2015-10-01', '14:01:49 PM'),
(694, 5, 7, 'Software Opening Party (Med)', 'Software Opening Party (Med)', ' ', 0, 20, 'Active', NULL, '2015-10-03', '11:33:53 AM'),
(695, 2, 6, 'Century Company', 'Century Company', ' ', 0, 20, 'Active', NULL, '2015-10-03', '12:50:23 PM'),
(696, 9, 15, 'Rupali Rice Mills', 'Rupali Rice Mills', ' ', 0, 20, 'Active', NULL, '2015-10-03', '12:58:55 PM'),
(697, 14, 35, 'Opening Baki Party', 'Opening Baki Party', ' ', 0, 20, 'Active', NULL, '2015-10-03', '13:30:09 PM'),
(698, 12, 36, 'Opening Party-6 No', 'Opening Party-6 No', ' ', 0, 20, 'Active', NULL, '2015-10-03', '13:49:53 PM'),
(699, 12, 37, 'Opening Party-7 No', 'Opening Party-7 No', ' ', 0, 20, 'Active', NULL, '2015-10-03', '13:50:13 PM'),
(700, 12, 38, 'Opening Party-8 No Poultry', 'Opening Party-8 No Poultry', ' ', 0, 20, 'Active', NULL, '2015-10-03', '13:50:49 PM'),
(701, 12, 39, 'Opening Party-9 No Poultry', 'Opening Party-9 No Poultry', ' ', 0, 20, 'Active', NULL, '2015-10-03', '13:51:19 PM'),
(702, 12, 23, 'Opening Party-Boundary Wall', 'Opening Party-Boundary Wall', ' ', 0, 20, 'Active', NULL, '2015-10-03', '13:51:52 PM'),
(703, 15, 33, 'Natore C/O', 'Natore C/O', ' ', 0, 20, 'Active', NULL, '2015-10-03', '13:58:04 PM'),
(704, 15, 32, 'MD Sir', 'MD Sir', ' ', 0, 20, 'Active', NULL, '2015-10-03', '13:58:24 PM'),
(705, 11, 40, 'Agrani Bank-Loan Reshedule', 'Agrani Bank-Loan Reshedule', ' ', 0, 20, 'Active', NULL, '2015-10-03', '14:02:12 PM'),
(706, 7, 30, 'Software Opening Party-DDH', 'Software Opening Party', ' ', 0, 20, 'Active', NULL, '2015-10-03', '14:09:11 PM'),
(707, 7, 31, 'Software Opening Party-Natore C/O', 'Software Opening Party', ' ', 0, 20, 'Active', NULL, '2015-10-03', '14:09:35 PM'),
(708, 16, 34, 'Personal', 'Personal', ' ', 0, 20, 'Active', NULL, '2015-10-03', '14:16:15 PM'),
(709, 7, 42, 'Software Opening Party-Alu Loan', 'Software Opening Party-Alu Loan', ' ', 0, 20, 'Active', NULL, '2015-10-03', '14:47:00 PM'),
(710, 14, 43, 'Software Opening Alu DO-2012', 'Software Opening Alu DO-2012', ' ', 0, 20, 'Active', NULL, '2015-10-03', '14:52:07 PM'),
(711, 14, 44, 'Software Opening Alu DO-2013', 'Software Opening Alu DO-2013', ' ', 0, 20, 'Active', NULL, '2015-10-03', '14:52:27 PM'),
(712, 7, 47, 'Iqtiar Sir', 'Iqtiar Sir', ' ', 0, 20, 'Active', NULL, '2015-10-03', '14:56:59 PM'),
(713, 7, 46, 'Toufiq Sir', 'Toufiq Sir', ' ', 0, 20, 'Active', NULL, '2015-10-03', '14:57:21 PM'),
(714, 7, 45, 'Zahan Sir', 'Zahan Sir', ' ', 0, 20, 'Active', NULL, '2015-10-03', '14:57:41 PM'),
(715, 7, 41, 'Century ', 'Century', ' ', 0, 20, 'Active', NULL, '2015-10-04', '12:44:01 PM'),
(716, 14, 48, 'Software Opening-Suspense', 'Software Opening-Suspense', ' ', 0, 20, 'Active', NULL, '2015-10-04', '12:48:54 PM'),
(717, 3, 8, 'Tin Mistry', 'Tin Mistry', ' ', 0, 20, 'Active', NULL, '2015-10-08', '10:13:06 AM'),
(718, 3, 8, 'Raj Mistry-Poultry', 'Raj Mistry-Poultry', ' ', 0, 20, 'Active', NULL, '2015-10-08', '10:15:36 AM'),
(719, 3, 8, 'Office Expanse-Poultry', 'Office Expanse-Poultry', ' ', 0, 20, 'Active', NULL, '2015-10-08', '10:16:06 AM'),
(720, 12, 36, 'Rod Mistry', 'Rod Mistry', ' ', 0, 20, 'Active', NULL, '2015-10-08', '10:41:31 AM'),
(721, 9, 15, 'Office Expanse-Madrasa', 'Office Expanse-Madrasa', ' ', 0, 20, 'Active', NULL, '2015-10-08', '10:51:59 AM'),
(722, 14, 49, 'Basta Party', 'Basta Party', ' ', 0, 20, 'Active', NULL, '2015-10-08', '12:33:43 PM'),
(723, 4, 9, 'Daily Labour-Hatchery', 'Daily Labour-Hatchery', ' ', 0, 20, 'Active', NULL, '2015-10-08', '12:37:11 PM'),
(724, 4, 9, 'Office Expanse- Hatchery', 'Office Expanse- Hatchery', ' ', 0, 20, 'Active', NULL, '2015-10-09', '07:52:12 AM'),
(725, 2, 6, 'Deraj Uddin-Taherpur', 'Deraj Uddin-Taherpur', ' ', 0, 20, 'Active', NULL, '2015-10-09', '08:00:26 AM'),
(726, 4, 9, 'Vupen - Walia', 'Vupen - Walia', ' ', 0, 20, 'Active', NULL, '2015-10-09', '08:10:24 AM'),
(727, 4, 9, 'Shopon Akanda', 'Shopon Akanda', ' Akkelpur', 0, 20, 'Active', NULL, '2015-10-09', '08:10:50 AM'),
(728, 2, 6, 'Office Exp: Feed Mills', 'Office Exp: Feed Mills', ' ', 0, 20, 'Active', NULL, '2015-08-03', '10:58:13 AM'),
(729, 2, 6, 'Eidres Ali', 'Eidres Ali', ' ', 0, 20, 'Active', NULL, '2015-08-03', '11:05:00 AM'),
(730, 9, 16, 'Office Exp(Mosjid)', 'ssssssssss', ' ', 0, 20, 'Active', NULL, '2015-08-03', '11:22:03 AM'),
(731, 9, 15, 'Office Exp: (Madrasa)', 'ssssssssssssssss', ' ', 0, 20, 'Active', NULL, '2015-08-03', '11:22:42 AM'),
(732, 14, 50, 'Salim Shek', 'Salim Shek', ' ', 0, 20, 'Active', NULL, '2015-08-03', '12:24:49 PM'),
(733, 2, 6, 'Ziya', 'Ziyas Father', ' Natore', 1496513, 20, 'Active', NULL, '2015-10-10', '07:20:26 AM'),
(734, 2, 6, 'Chidere Bangladesh Ltd', 'Chidere Bangladesh Ltd', ' Bangladesh', 17999999, 20, 'Active', NULL, '2015-10-10', '07:23:19 AM'),
(735, 12, 23, 'Mistry-Others ', 'Mistry-Others ', ' Mistry-Others ', 0, 20, 'Active', NULL, '2015-10-10', '08:10:29 AM'),
(736, 3, 8, 'Office Sell Party ', 'Office Sell Party', ' Office Sell Party', 0, 20, 'Active', NULL, '2015-10-10', '08:27:44 AM'),
(737, 5, 7, 'Office Sells Party ', 'Office Sells Party ', ' ', 0, 20, 'Active', NULL, '2015-10-11', '09:37:08 AM'),
(738, 13, 25, 'Office Purchase ', 'Office Purchase ', ' Office Purchase ', 0, 20, 'Active', NULL, '2015-10-11', '09:48:03 AM'),
(739, 1, 1, 'ETC Expanse', 'ETC Expanse', ' ETC Expanse', 0, 20, 'Active', NULL, '2015-10-11', '10:07:17 AM'),
(740, 4, 9, 'Khoka-Natore', 'Khoka-Natore', ' Khoka-Natore', 0, 20, 'Active', NULL, '2015-10-11', '10:11:48 AM'),
(741, 4, 9, 'Rubel-Natore', 'Rubel-Natore', ' Rubel-Natore', 0, 20, 'Active', NULL, '2015-10-11', '10:16:36 AM'),
(742, 12, 36, 'Raj Mistry', 'Raj Mistry', ' df', 1646, 20, 'Active', NULL, '2015-10-24', '00:41:09 AM'),
(743, 13, 27, 'Others Purchase  ', 'Others Purchase ', ' Others Purchase ', 0, 20, 'Active', NULL, '2015-10-24', '00:47:14 AM'),
(744, 4, 9, 'Others Expense ', 'Others Expense ', ' Others', 2147483647, 20, 'Active', NULL, '2015-10-24', '00:51:17 AM'),
(745, 1, 1, 'Office Expense ', 'Office Expense ', ' Office ', 1999999999, 20, 'Active', NULL, '2015-10-24', '00:59:18 AM'),
(746, 9, 15, 'Bazar Kharoz', 'Bazar', ' ', 1740000000, 20, 'Active', NULL, '2015-10-26', '05:45:45 AM'),
(747, 9, 15, 'Agriculture Sector', 'Agriculture', 'FNA', 1740000000, 20, 'Active', NULL, '2015-10-26', '05:53:53 AM'),
(748, 9, 16, 'Moshjid Cash', 'Moshjid Cash', '786', 1740000000, 20, 'Active', NULL, '2015-10-26', '06:50:10 AM'),
(749, 9, 15, 'Egg Purchase ', 'Egg Purchase ', ' Natore', 1740000000, 20, 'Active', NULL, '2015-11-02', '05:17:11 AM');

-- --------------------------------------------------------

--
-- Table structure for table `fna_partybill`
--

CREATE TABLE IF NOT EXISTS `fna_partybill` (
  `PARTYBILLID` int(11) NOT NULL AUTO_INCREMENT,
  `PARTYID` int(10) DEFAULT NULL,
  `PROJECTID` int(11) NOT NULL,
  `SUBPROJECTID` int(11) NOT NULL,
  `BATCHNO` int(11) NOT NULL,
  `PRODCATTYPEID` int(11) NOT NULL,
  `RECEIVENUMBER` int(10) DEFAULT NULL,
  `PUR_BILLAMOUNT` double DEFAULT NULL,
  `SELL_BILLAMOUNT` double NOT NULL,
  `PAYMENTAMOUNT` double NOT NULL,
  `RECEIVEAMOUNT` double DEFAULT NULL,
  `BALANCEAMOUNT` double DEFAULT NULL,
  `ENTRYDATE` date NOT NULL,
  `BANKNAME` varchar(100) DEFAULT NULL,
  `CHEQUENUMBER` double DEFAULT NULL,
  `CHEQUEDATE` date DEFAULT NULL,
  `PARTYFLAG` int(11) NOT NULL,
  `USERID` int(11) DEFAULT NULL,
  `STATUS` varchar(20) DEFAULT NULL,
  `PURSELLFLAG` varchar(20) NOT NULL,
  `FLAG` int(11) DEFAULT NULL,
  `ENTDATE` date DEFAULT NULL,
  `ENTTIME` varchar(100) DEFAULT NULL,
  PRIMARY KEY (`PARTYBILLID`)
) ENGINE=InnoDB  DEFAULT CHARSET=latin1 AUTO_INCREMENT=2028 ;

--
-- Dumping data for table `fna_partybill`
--

INSERT INTO `fna_partybill` (`PARTYBILLID`, `PARTYID`, `PROJECTID`, `SUBPROJECTID`, `BATCHNO`, `PRODCATTYPEID`, `RECEIVENUMBER`, `PUR_BILLAMOUNT`, `SELL_BILLAMOUNT`, `PAYMENTAMOUNT`, `RECEIVEAMOUNT`, `BALANCEAMOUNT`, `ENTRYDATE`, `BANKNAME`, `CHEQUENUMBER`, `CHEQUEDATE`, `PARTYFLAG`, `USERID`, `STATUS`, `PURSELLFLAG`, `FLAG`, `ENTDATE`, `ENTTIME`) VALUES
(510, 68, 1, 1, 0, 0, 60, NULL, 380, 0, 0, 380, '2015-01-01', NULL, NULL, NULL, 1, 20, 'Active', 'Load', NULL, '2015-06-02', '15:12:18 PM'),
(511, 69, 1, 1, 0, 0, 61, NULL, 9920, 0, 0, 9920, '2015-01-01', NULL, NULL, NULL, 1, 20, 'Active', 'Load', NULL, '2015-06-02', '15:12:55 PM'),
(512, 70, 1, 1, 0, 0, 62, NULL, 62000, 0, 0, 62000, '2015-01-01', NULL, NULL, NULL, 1, 20, 'Active', 'Load', NULL, '2015-06-02', '15:13:23 PM'),
(513, 71, 1, 1, 0, 0, 63, NULL, 7750, 0, 0, 7750, '2015-01-01', NULL, NULL, NULL, 1, 20, 'Active', 'Load', NULL, '2015-06-02', '15:13:50 PM'),
(514, 69, 1, 1, 0, 0, 64, NULL, 4960, 0, 0, 14880, '2015-02-16', NULL, NULL, NULL, 2, 20, 'Active', 'Load', NULL, '2015-06-04', '02:00:42 AM'),
(515, 72, 1, 1, 0, 0, 65, NULL, 1900, 0, 0, 1900, '2015-02-16', NULL, NULL, NULL, 1, 20, 'Active', 'Load', NULL, '2015-06-04', '02:09:44 AM'),
(516, 70, 1, 1, 0, 0, 66, NULL, 65100, 0, 0, 127100, '2015-02-16', NULL, NULL, NULL, 2, 20, 'Active', 'Load', NULL, '2015-06-04', '02:13:09 AM'),
(517, 71, 1, 1, 0, 0, 67, NULL, 9300, 0, 0, 17050, '2015-02-03', NULL, NULL, NULL, 2, 20, 'Active', 'Load', NULL, '2015-06-04', '02:14:30 AM'),
(518, 71, 1, 1, 0, 0, 68, NULL, 21700, 0, 0, 38750, '2015-02-16', NULL, NULL, NULL, 3, 20, 'Active', 'Load', NULL, '2015-06-04', '02:16:43 AM'),
(519, 69, 1, 1, 0, 0, 69, NULL, 1550, 0, 0, 16430, '2015-02-16', NULL, NULL, NULL, 3, 20, 'Active', 'Load', NULL, '2015-06-04', '02:17:45 AM'),
(520, 73, 1, 1, 0, 0, 70, NULL, 1900, 0, 0, 1900, '2015-02-16', NULL, NULL, NULL, 1, 20, 'Active', 'Load', NULL, '2015-06-04', '02:21:16 AM'),
(521, 74, 1, 1, 0, 0, 71, NULL, 2280, 0, 0, 2280, '2015-02-16', NULL, NULL, NULL, 1, 20, 'Active', 'Load', NULL, '2015-06-04', '03:07:36 AM'),
(522, 75, 1, 1, 0, 0, 72, NULL, 760, 0, 0, 760, '2015-02-16', NULL, NULL, NULL, 1, 20, 'Active', 'Load', NULL, '2015-06-04', '04:08:33 AM'),
(523, 76, 1, 1, 0, 0, 73, NULL, 2280, 0, 0, 2280, '2015-02-16', NULL, NULL, NULL, 1, 20, 'Active', 'Load', NULL, '2015-06-04', '04:11:12 AM'),
(524, 77, 1, 1, 0, 0, 74, NULL, 1520, 0, 0, 1520, '2015-02-16', NULL, NULL, NULL, 1, 20, 'Active', 'Load', NULL, '2015-06-04', '04:15:34 AM'),
(525, 78, 1, 1, 0, 0, 75, NULL, 760, 0, 0, 760, '2015-02-16', NULL, NULL, NULL, 1, 20, 'Active', 'Load', NULL, '2015-06-06', '02:37:00 AM'),
(526, 79, 1, 1, 0, 0, 76, NULL, 2280, 0, 0, 2280, '2015-02-16', NULL, NULL, NULL, 1, 20, 'Active', 'Load', NULL, '2015-06-06', '04:40:32 AM'),
(527, 80, 1, 1, 0, 0, 77, NULL, 1520, 0, 0, 1520, '2015-02-16', NULL, NULL, NULL, 1, 20, 'Active', 'Load', NULL, '2015-06-06', '04:41:31 AM'),
(528, 70, 1, 1, 0, 0, 78, NULL, 65100, 0, 0, 192200, '2015-02-16', NULL, NULL, NULL, 3, 20, 'Active', 'Load', NULL, '2015-06-06', '04:42:34 AM'),
(529, 81, 1, 1, 0, 0, 79, NULL, 1520, 0, 0, 1520, '2015-02-16', NULL, NULL, NULL, 1, 20, 'Active', 'Load', NULL, '2015-06-06', '05:44:51 AM'),
(530, 82, 1, 1, 0, 0, 80, NULL, 9300, 0, 0, 9300, '2015-02-16', NULL, NULL, NULL, 1, 20, 'Active', 'Load', NULL, '2015-06-06', '05:48:10 AM'),
(531, 83, 1, 1, 0, 0, 81, NULL, 32240, 0, 0, 32240, '2015-02-16', NULL, NULL, NULL, 1, 20, 'Active', 'Load', NULL, '2015-06-06', '05:54:26 AM'),
(532, 84, 1, 1, 0, 0, 82, NULL, 32550, 0, 0, 32550, '2015-02-16', NULL, NULL, NULL, 1, 20, 'Active', 'Load', NULL, '2015-06-06', '05:59:16 AM'),
(533, 85, 1, 1, 0, 0, 83, NULL, 760, 0, 0, 760, '2015-02-16', NULL, NULL, NULL, 1, 20, 'Active', 'Load', NULL, '2015-06-06', '06:08:56 AM'),
(534, 86, 1, 1, 0, 0, 84, NULL, 4940, 0, 0, 4940, '2015-02-16', NULL, NULL, NULL, 1, 20, 'Active', 'Load', NULL, '2015-06-06', '06:13:25 AM'),
(535, 87, 1, 1, 0, 0, 85, NULL, 6840, 0, 0, 6840, '2015-02-16', NULL, NULL, NULL, 1, 20, 'Active', 'Load', NULL, '2015-06-06', '06:28:34 AM'),
(536, 71, 1, 1, 0, 0, 86, NULL, 3720, 0, 0, 42470, '2015-02-16', NULL, NULL, NULL, 4, 20, 'Active', 'Load', NULL, '2015-06-06', '06:42:33 AM'),
(537, 88, 1, 1, 0, 0, 87, NULL, 4940, 0, 0, 4940, '2015-02-16', NULL, NULL, NULL, 1, 20, 'Active', 'Load', NULL, '2015-06-06', '06:44:31 AM'),
(538, 89, 1, 1, 0, 0, 88, NULL, 4650, 0, 0, 4650, '2015-02-16', NULL, NULL, NULL, 1, 20, 'Active', 'Load', NULL, '2015-06-06', '06:46:26 AM'),
(539, 88, 1, 1, 0, 0, 89, NULL, 7600, 0, 0, 12540, '2015-02-16', NULL, NULL, NULL, 2, 20, 'Active', 'Load', NULL, '2015-06-06', '06:51:41 AM'),
(540, 82, 1, 1, 0, 0, 90, NULL, 6200, 0, 0, 15500, '2015-02-17', NULL, NULL, NULL, 2, 20, 'Active', 'Load', NULL, '2015-06-06', '06:52:44 AM'),
(541, 90, 1, 1, 0, 0, 91, NULL, 1900, 0, 0, 1900, '2015-02-16', NULL, NULL, NULL, 1, 20, 'Active', 'Load', NULL, '2015-06-09', '01:48:19 AM'),
(542, 83, 1, 1, 0, 0, 92, NULL, 31000, 0, 0, 63240, '2015-02-16', NULL, NULL, NULL, 2, 20, 'Active', 'Load', NULL, '2015-06-09', '01:49:57 AM'),
(543, 91, 1, 1, 0, 0, 93, NULL, 760, 0, 0, 760, '2015-02-16', NULL, NULL, NULL, 1, 20, 'Active', 'Load', NULL, '2015-06-09', '01:54:35 AM'),
(544, 92, 1, 1, 0, 0, 94, NULL, 380, 0, 0, 380, '2015-02-16', NULL, NULL, NULL, 1, 20, 'Active', 'Load', NULL, '2015-06-09', '02:06:51 AM'),
(545, 93, 1, 1, 0, 0, 95, NULL, 1900, 0, 0, 1900, '2015-02-16', NULL, NULL, NULL, 1, 20, 'Active', 'Load', NULL, '2015-06-09', '02:13:56 AM'),
(546, 69, 1, 1, 0, 0, 96, NULL, 9300, 0, 0, 25730, '2015-02-16', NULL, NULL, NULL, 4, 20, 'Active', 'Load', NULL, '2015-06-09', '02:47:58 AM'),
(547, 69, 1, 1, 0, 0, 97, NULL, 3100, 0, 0, 28830, '2015-02-16', NULL, NULL, NULL, 5, 20, 'Active', 'Load', NULL, '2015-06-09', '02:55:32 AM'),
(548, 94, 1, 1, 0, 0, 98, NULL, 1140, 0, 0, 1140, '2015-02-16', NULL, NULL, NULL, 1, 20, 'Active', 'Load', NULL, '2015-06-09', '03:00:33 AM'),
(549, 95, 1, 1, 0, 0, 99, NULL, 4560, 0, 0, 4560, '2015-02-16', NULL, NULL, NULL, 1, 20, 'Active', 'Load', NULL, '2015-06-09', '03:24:28 AM'),
(550, 96, 1, 1, 0, 0, 100, NULL, 760, 0, 0, 760, '2015-02-16', NULL, NULL, NULL, 1, 20, 'Active', 'Load', NULL, '2015-06-09', '03:28:54 AM'),
(551, 97, 1, 1, 0, 0, 101, NULL, 1520, 0, 0, 1520, '2015-02-16', NULL, NULL, NULL, 1, 20, 'Active', 'Load', NULL, '2015-06-09', '03:32:16 AM'),
(552, 98, 1, 1, 0, 0, 102, NULL, 1140, 0, 0, 1140, '2015-02-16', NULL, NULL, NULL, 1, 20, 'Active', 'Load', NULL, '2015-06-09', '03:36:22 AM'),
(553, 99, 1, 1, 0, 0, 103, NULL, 760, 0, 0, 760, '2015-02-16', NULL, NULL, NULL, 1, 20, 'Active', 'Load', NULL, '2015-06-09', '03:41:08 AM'),
(554, 100, 1, 1, 0, 0, 104, NULL, 1140, 0, 0, 1140, '2015-02-16', NULL, NULL, NULL, 1, 20, 'Active', 'Load', NULL, '2015-06-09', '03:48:29 AM'),
(555, 101, 1, 1, 0, 0, 105, NULL, 6080, 0, 0, 6080, '2015-03-16', NULL, NULL, NULL, 1, 20, 'Active', 'Load', NULL, '2015-06-09', '03:51:50 AM'),
(556, 102, 1, 1, 0, 0, 106, NULL, 1140, 0, 0, 1140, '2015-02-16', NULL, NULL, NULL, 1, 20, 'Active', 'Load', NULL, '2015-06-09', '04:00:10 AM'),
(557, 103, 1, 1, 0, 0, 107, NULL, 1520, 0, 0, 1520, '2015-02-16', NULL, NULL, NULL, 1, 20, 'Active', 'Load', NULL, '2015-06-09', '04:48:38 AM'),
(558, 104, 1, 1, 0, 0, 108, NULL, 4560, 0, 0, 4560, '2015-02-16', NULL, NULL, NULL, 1, 20, 'Active', 'Load', NULL, '2015-06-09', '05:06:53 AM'),
(559, 69, 1, 1, 0, 0, 109, NULL, 3720, 0, 0, 32550, '2015-02-16', NULL, NULL, NULL, 6, 20, 'Active', 'Load', NULL, '2015-06-09', '05:08:21 AM'),
(560, 105, 1, 1, 0, 0, 110, NULL, 2280, 0, 0, 2280, '2015-02-16', NULL, NULL, NULL, 1, 20, 'Active', 'Load', NULL, '2015-06-09', '05:13:48 AM'),
(561, 106, 1, 1, 0, 0, 111, NULL, 3040, 0, 0, 3040, '2015-02-16', NULL, NULL, NULL, 1, 20, 'Active', 'Load', NULL, '2015-06-09', '05:17:01 AM'),
(562, 82, 1, 1, 0, 0, 112, NULL, 9300, 0, 0, 24800, '2015-02-16', NULL, NULL, NULL, 3, 20, 'Active', 'Load', NULL, '2015-06-09', '05:18:17 AM'),
(563, 82, 1, 1, 0, 0, 113, NULL, 8680, 0, 0, 33480, '2015-02-16', NULL, NULL, NULL, 4, 20, 'Active', 'Load', NULL, '2015-06-09', '05:19:13 AM'),
(564, 107, 1, 1, 0, 0, 114, NULL, 1900, 0, 0, 1900, '2015-02-16', NULL, NULL, NULL, 1, 20, 'Active', 'Load', NULL, '2015-06-09', '05:25:04 AM'),
(565, 108, 1, 1, 0, 0, 115, NULL, 760, 0, 0, 760, '2015-02-16', NULL, NULL, NULL, 1, 20, 'Active', 'Load', NULL, '2015-06-09', '05:56:37 AM'),
(566, 109, 1, 1, 0, 0, 116, NULL, 1140, 0, 0, 1140, '2015-02-16', NULL, NULL, NULL, 1, 20, 'Active', 'Load', NULL, '2015-06-09', '05:59:44 AM'),
(567, 110, 1, 1, 0, 0, 117, NULL, 31000, 0, 0, 31000, '2015-02-16', NULL, NULL, NULL, 1, 20, 'Active', 'Load', NULL, '2015-06-09', '06:02:53 AM'),
(568, 110, 1, 1, 0, 0, 118, NULL, 25730, 0, 0, 56730, '2015-02-16', NULL, NULL, NULL, 2, 20, 'Active', 'Load', NULL, '2015-06-09', '06:04:45 AM'),
(569, 83, 1, 1, 0, 0, 119, NULL, 22320, 0, 0, 85560, '2015-02-16', NULL, NULL, NULL, 3, 20, 'Active', 'Load', NULL, '2015-06-09', '06:06:06 AM'),
(570, 83, 1, 1, 0, 0, 120, NULL, 7750, 0, 0, 93310, '2015-02-16', NULL, NULL, NULL, 4, 20, 'Active', 'Load', NULL, '2015-06-09', '06:07:00 AM'),
(571, 111, 1, 1, 0, 0, 121, NULL, 6460, 0, 0, 6460, '2015-02-16', NULL, NULL, NULL, 1, 20, 'Active', 'Load', NULL, '2015-06-09', '23:48:59 PM'),
(572, 112, 1, 1, 0, 0, 122, NULL, 1520, 0, 0, 1520, '2015-02-16', NULL, NULL, NULL, 1, 20, 'Active', 'Load', NULL, '2015-06-09', '23:59:14 PM'),
(573, 113, 1, 1, 0, 0, 123, NULL, 2280, 0, 0, 2280, '2015-02-16', NULL, NULL, NULL, 1, 20, 'Active', 'Load', NULL, '2015-06-10', '00:02:58 AM'),
(574, 114, 1, 1, 0, 0, 124, NULL, 1520, 0, 0, 1520, '2015-02-16', NULL, NULL, NULL, 1, 20, 'Active', 'Load', NULL, '2015-06-10', '00:09:42 AM'),
(575, 115, 1, 1, 0, 0, 125, NULL, 1140, 0, 0, 1140, '2015-02-16', NULL, NULL, NULL, 1, 20, 'Active', 'Load', NULL, '2015-06-10', '00:16:20 AM'),
(576, 116, 1, 1, 0, 0, 126, NULL, 380, 0, 0, 380, '2015-02-16', NULL, NULL, NULL, 1, 20, 'Active', 'Load', NULL, '2015-06-10', '00:20:01 AM'),
(577, 117, 1, 1, 0, 0, 127, NULL, 1140, 0, 0, 1140, '2015-02-16', NULL, NULL, NULL, 1, 20, 'Active', 'Load', NULL, '2015-06-10', '00:23:30 AM'),
(578, 118, 1, 1, 0, 0, 128, NULL, 2280, 0, 0, 2280, '2015-02-16', NULL, NULL, NULL, 1, 20, 'Active', 'Load', NULL, '2015-06-10', '00:34:28 AM'),
(579, 119, 1, 1, 0, 0, 129, NULL, 4180, 0, 0, 4180, '2015-02-16', NULL, NULL, NULL, 1, 20, 'Active', 'Load', NULL, '2015-06-10', '00:36:49 AM'),
(580, 120, 1, 1, 0, 0, 130, NULL, 760, 0, 0, 760, '2015-02-16', NULL, NULL, NULL, 1, 20, 'Active', 'Load', NULL, '2015-06-10', '00:40:15 AM'),
(581, 121, 1, 1, 0, 0, 131, NULL, 760, 0, 0, 760, '2015-02-16', NULL, NULL, NULL, 1, 20, 'Active', 'Load', NULL, '2015-06-10', '00:50:37 AM'),
(582, 122, 1, 1, 0, 0, 132, NULL, 760, 0, 0, 760, '2015-02-16', NULL, NULL, NULL, 1, 20, 'Active', 'Load', NULL, '2015-06-10', '00:56:19 AM'),
(583, 123, 1, 1, 0, 0, 133, NULL, 1550, 0, 0, 1550, '2015-02-16', NULL, NULL, NULL, 1, 20, 'Active', 'Load', NULL, '2015-06-10', '01:07:25 AM'),
(584, 123, 1, 1, 0, 0, 134, NULL, 7440, 0, 0, 8990, '2015-02-16', NULL, NULL, NULL, 2, 20, 'Active', 'Load', NULL, '2015-06-10', '01:08:22 AM'),
(585, 124, 1, 1, 0, 0, 135, NULL, 760, 0, 0, 760, '2015-02-16', NULL, NULL, NULL, 1, 20, 'Active', 'Load', NULL, '2015-06-10', '01:12:09 AM'),
(586, 125, 1, 1, 0, 0, 136, NULL, 3420, 0, 0, 3420, '2015-02-16', NULL, NULL, NULL, 1, 20, 'Active', 'Load', NULL, '2015-06-10', '01:14:25 AM'),
(587, 126, 1, 1, 0, 0, 137, NULL, 1900, 0, 0, 1900, '2015-02-16', NULL, NULL, NULL, 1, 20, 'Active', 'Load', NULL, '2015-06-10', '01:17:05 AM'),
(588, 127, 1, 1, 0, 0, 138, NULL, 1140, 0, 0, 1140, '2015-02-16', NULL, NULL, NULL, 1, 20, 'Active', 'Load', NULL, '2015-06-10', '01:24:39 AM'),
(589, 128, 1, 1, 0, 0, 139, NULL, 1140, 0, 0, 1140, '2015-02-16', NULL, NULL, NULL, 1, 20, 'Active', 'Load', NULL, '2015-06-10', '01:28:59 AM'),
(590, 129, 1, 1, 0, 0, 140, NULL, 5580, 0, 0, 5580, '2015-02-16', NULL, NULL, NULL, 1, 20, 'Active', 'Load', NULL, '2015-06-10', '01:32:20 AM'),
(591, 89, 1, 1, 0, 0, 141, NULL, 6820, 0, 0, 11470, '2015-02-16', NULL, NULL, NULL, 2, 20, 'Active', 'Load', NULL, '2015-06-10', '01:33:25 AM'),
(592, 130, 1, 1, 0, 0, 142, NULL, 2660, 0, 0, 2660, '2015-02-16', NULL, NULL, NULL, 1, 20, 'Active', 'Load', NULL, '2015-06-10', '01:36:02 AM'),
(593, 83, 1, 1, 0, 0, 143, NULL, 0, 0, 0, 93310, '2015-02-16', NULL, NULL, NULL, 5, 20, 'Active', 'Load', NULL, '2015-06-10', '01:38:30 AM'),
(594, 132, 1, 1, 0, 0, 144, NULL, 1900, 0, 0, 1900, '2015-02-16', NULL, NULL, NULL, 1, 20, 'Active', 'Load', NULL, '2015-06-10', '01:48:54 AM'),
(595, 123, 1, 1, 0, 0, 145, NULL, 1550, 0, 0, 10540, '2015-02-16', NULL, NULL, NULL, 3, 20, 'Active', 'Load', NULL, '2015-06-10', '01:50:38 AM'),
(596, 123, 1, 1, 0, 0, 146, NULL, 2790, 0, 0, 13330, '2015-02-16', NULL, NULL, NULL, 4, 20, 'Active', 'Load', NULL, '2015-06-10', '01:51:28 AM'),
(597, 123, 1, 1, 0, 0, 147, NULL, 620, 0, 0, 13950, '2015-02-16', NULL, NULL, NULL, 5, 20, 'Active', 'Load', NULL, '2015-06-10', '01:52:15 AM'),
(598, 123, 1, 1, 0, 0, 148, NULL, 620, 0, 0, 14570, '2015-02-16', NULL, NULL, NULL, 6, 20, 'Active', 'Load', NULL, '2015-06-10', '01:53:04 AM'),
(599, 123, 1, 1, 0, 0, 149, NULL, 1240, 0, 0, 15810, '2015-02-16', NULL, NULL, NULL, 7, 20, 'Active', 'Load', NULL, '2015-06-10', '01:53:55 AM'),
(600, 123, 1, 1, 0, 0, 150, NULL, 930, 0, 0, 16740, '2015-02-16', NULL, NULL, NULL, 8, 20, 'Active', 'Load', NULL, '2015-06-10', '01:54:56 AM'),
(601, 123, 1, 1, 0, 0, 151, NULL, 1550, 0, 0, 18290, '2015-02-16', NULL, NULL, NULL, 9, 20, 'Active', 'Load', NULL, '2015-06-10', '01:55:59 AM'),
(602, 83, 1, 1, 0, 0, 152, NULL, 0, 0, 0, 93310, '2015-02-16', NULL, NULL, NULL, 6, 20, 'Active', 'Load', NULL, '2015-06-10', '01:57:12 AM'),
(603, 133, 1, 1, 0, 0, 153, NULL, 2660, 0, 0, 2660, '2015-02-16', NULL, NULL, NULL, 1, 20, 'Active', 'Load', NULL, '2015-06-10', '02:09:46 AM'),
(604, 132, 1, 1, 0, 0, 154, NULL, 1900, 0, 0, 3800, '2015-02-16', NULL, NULL, NULL, 2, 20, 'Active', 'Load', NULL, '2015-06-10', '02:10:37 AM'),
(605, 134, 1, 1, 0, 0, 155, NULL, 1900, 0, 0, 1900, '2015-02-16', NULL, NULL, NULL, 1, 20, 'Active', 'Load', NULL, '2015-06-10', '02:16:17 AM'),
(606, 135, 1, 1, 0, 0, 156, NULL, 2660, 0, 0, 2660, '2015-02-16', NULL, NULL, NULL, 1, 20, 'Active', 'Load', NULL, '2015-06-10', '02:19:33 AM'),
(607, 136, 1, 1, 0, 0, 157, NULL, 1900, 0, 0, 1900, '2015-02-16', NULL, NULL, NULL, 1, 20, 'Active', 'Load', NULL, '2015-06-10', '02:29:41 AM'),
(608, 137, 1, 1, 0, 0, 158, NULL, 2280, 0, 0, 2280, '2015-02-16', NULL, NULL, NULL, 1, 20, 'Active', 'Load', NULL, '2015-06-10', '02:32:46 AM'),
(609, 138, 1, 1, 0, 0, 159, NULL, 1140, 0, 0, 1140, '2015-02-16', NULL, NULL, NULL, 1, 20, 'Active', 'Load', NULL, '2015-06-10', '02:37:39 AM'),
(610, 138, 1, 1, 0, 0, 160, NULL, 760, 0, 0, 1900, '2015-02-16', NULL, NULL, NULL, 2, 20, 'Active', 'Load', NULL, '2015-06-10', '02:38:33 AM'),
(611, 139, 1, 1, 0, 0, 161, NULL, 1900, 0, 0, 1900, '2015-02-16', NULL, NULL, NULL, 1, 20, 'Active', 'Load', NULL, '2015-06-10', '02:42:30 AM'),
(612, 140, 1, 1, 0, 0, 162, NULL, 1900, 0, 0, 1900, '2015-02-16', NULL, NULL, NULL, 1, 20, 'Active', 'Load', NULL, '2015-06-10', '02:48:02 AM'),
(613, 141, 1, 1, 0, 0, 163, NULL, 1520, 0, 0, 1520, '2015-02-16', NULL, NULL, NULL, 1, 20, 'Active', 'Load', NULL, '2015-06-10', '03:31:42 AM'),
(614, 142, 1, 1, 0, 0, 164, NULL, 0, 0, 0, 0, '2015-02-16', NULL, NULL, NULL, 1, 20, 'Active', 'Load', NULL, '2015-06-10', '03:35:10 AM'),
(615, 143, 1, 1, 0, 0, 165, NULL, 1140, 0, 0, 1140, '2015-02-16', NULL, NULL, NULL, 1, 20, 'Active', 'Load', NULL, '2015-06-10', '03:41:57 AM'),
(616, 144, 1, 1, 0, 0, 166, NULL, 1140, 0, 0, 1140, '2015-02-16', NULL, NULL, NULL, 1, 20, 'Active', 'Load', NULL, '2015-06-10', '03:45:46 AM'),
(617, 145, 1, 1, 0, 0, 167, NULL, 2280, 0, 0, 2280, '2015-02-16', NULL, NULL, NULL, 1, 20, 'Active', 'Load', NULL, '2015-06-10', '03:49:18 AM'),
(618, 146, 1, 1, 0, 0, 168, NULL, 2280, 0, 0, 2280, '2015-02-16', NULL, NULL, NULL, 1, 20, 'Active', 'Load', NULL, '2015-06-10', '03:53:14 AM'),
(619, 147, 1, 1, 0, 0, 169, NULL, 1900, 0, 0, 1900, '2015-02-16', NULL, NULL, NULL, 1, 20, 'Active', 'Load', NULL, '2015-06-10', '04:55:39 AM'),
(620, 148, 1, 1, 0, 0, 170, NULL, 1140, 0, 0, 1140, '2015-02-16', NULL, NULL, NULL, 1, 20, 'Active', 'Load', NULL, '2015-06-10', '05:00:03 AM'),
(621, 148, 1, 1, 0, 0, 171, NULL, 1520, 0, 0, 2660, '2015-02-16', NULL, NULL, NULL, 2, 20, 'Active', 'Load', NULL, '2015-06-10', '05:01:50 AM'),
(622, 71, 1, 1, 0, 0, 172, NULL, 3100, 0, 0, 45570, '2015-02-16', NULL, NULL, NULL, 5, 20, 'Active', 'Load', NULL, '2015-06-10', '05:04:07 AM'),
(623, 149, 1, 1, 0, 0, 173, NULL, 3800, 0, 0, 3800, '2015-02-16', NULL, NULL, NULL, 1, 20, 'Active', 'Load', NULL, '2015-06-10', '05:11:55 AM'),
(624, 149, 1, 1, 0, 0, 174, NULL, 2280, 0, 0, 6080, '2015-02-16', NULL, NULL, NULL, 2, 20, 'Active', 'Load', NULL, '2015-06-10', '05:12:44 AM'),
(625, 150, 1, 1, 0, 0, 175, NULL, 1900, 0, 0, 1900, '2015-02-16', NULL, NULL, NULL, 1, 20, 'Active', 'Load', NULL, '2015-06-10', '05:16:06 AM'),
(626, 151, 1, 1, 0, 0, 176, NULL, 4180, 0, 0, 4180, '2015-02-16', NULL, NULL, NULL, 1, 20, 'Active', 'Load', NULL, '2015-06-10', '05:19:37 AM'),
(627, 152, 1, 1, 0, 0, 177, NULL, 4940, 0, 0, 4940, '2015-02-16', NULL, NULL, NULL, 1, 20, 'Active', 'Load', NULL, '2015-06-10', '05:24:08 AM'),
(628, 153, 1, 1, 0, 0, 178, NULL, 1900, 0, 0, 1900, '2015-02-16', NULL, NULL, NULL, 1, 20, 'Active', 'Load', NULL, '2015-06-10', '05:46:55 AM'),
(629, 154, 1, 1, 0, 0, 179, NULL, 13950, 0, 0, 13950, '2015-02-16', NULL, NULL, NULL, 1, 20, 'Active', 'Load', NULL, '2015-06-10', '06:38:34 AM'),
(630, 154, 1, 1, 0, 0, 180, NULL, 1550, 0, 0, 15500, '2015-02-16', NULL, NULL, NULL, 2, 20, 'Active', 'Load', NULL, '2015-06-10', '06:39:40 AM'),
(631, 155, 1, 1, 0, 0, 181, NULL, 3720, 0, 0, 3720, '2015-02-16', NULL, NULL, NULL, 1, 20, 'Active', 'Load', NULL, '2015-06-10', '06:46:57 AM'),
(632, 155, 1, 1, 0, 0, 182, NULL, 3720, 0, 0, 7440, '2015-02-16', NULL, NULL, NULL, 2, 20, 'Active', 'Load', NULL, '2015-06-10', '06:48:02 AM'),
(633, 156, 1, 1, 0, 0, 183, NULL, 3040, 0, 0, 3040, '2015-02-16', NULL, NULL, NULL, 1, 20, 'Active', 'Load', NULL, '2015-06-10', '06:50:44 AM'),
(634, 156, 1, 1, 0, 0, 184, NULL, 2280, 0, 0, 5320, '2015-02-16', NULL, NULL, NULL, 2, 20, 'Active', 'Load', NULL, '2015-06-10', '06:51:40 AM'),
(635, 156, 1, 1, 0, 0, 185, NULL, 760, 0, 0, 6080, '2015-02-16', NULL, NULL, NULL, 3, 20, 'Active', 'Load', NULL, '2015-06-10', '06:52:33 AM'),
(636, 157, 1, 1, 0, 0, 186, NULL, 5320, 0, 0, 5320, '2015-02-16', NULL, NULL, NULL, 1, 20, 'Active', 'Load', NULL, '2015-06-10', '07:09:09 AM'),
(637, 158, 1, 1, 0, 0, 187, NULL, 1520, 0, 0, 1520, '2015-02-16', NULL, NULL, NULL, 1, 20, 'Active', 'Load', NULL, '2015-06-10', '10:39:43 AM'),
(638, 159, 1, 1, 0, 0, 188, NULL, 380, 0, 0, 380, '2015-02-16', NULL, NULL, NULL, 1, 20, 'Active', 'Load', NULL, '2015-06-10', '10:43:50 AM'),
(639, 160, 1, 1, 0, 0, 189, NULL, 760, 0, 0, 760, '2015-02-16', NULL, NULL, NULL, 1, 20, 'Active', 'Load', NULL, '2015-06-10', '10:49:39 AM'),
(640, 161, 1, 1, 0, 0, 190, NULL, 760, 0, 0, 760, '2015-02-16', NULL, NULL, NULL, 1, 20, 'Active', 'Load', NULL, '2015-06-10', '10:52:40 AM'),
(641, 162, 1, 1, 0, 0, 191, NULL, 1140, 0, 0, 1140, '2015-02-16', NULL, NULL, NULL, 1, 20, 'Active', 'Load', NULL, '2015-06-10', '10:55:20 AM'),
(642, 163, 1, 1, 0, 0, 192, NULL, 1900, 0, 0, 1900, '2015-02-16', NULL, NULL, NULL, 1, 20, 'Active', 'Load', NULL, '2015-06-10', '10:57:30 AM'),
(643, 164, 1, 1, 0, 0, 193, NULL, 1900, 0, 0, 1900, '2015-02-16', NULL, NULL, NULL, 1, 20, 'Active', 'Load', NULL, '2015-06-10', '11:00:33 AM'),
(644, 127, 1, 1, 0, 0, 194, NULL, 1520, 0, 0, 2660, '2015-02-16', NULL, NULL, NULL, 2, 20, 'Active', 'Load', NULL, '2015-06-10', '11:03:48 AM'),
(645, 165, 1, 1, 0, 0, 195, NULL, 760, 0, 0, 760, '2015-02-16', NULL, NULL, NULL, 1, 20, 'Active', 'Load', NULL, '2015-06-10', '11:07:06 AM'),
(646, 166, 1, 1, 0, 0, 196, NULL, 1140, 0, 0, 1140, '2015-02-16', NULL, NULL, NULL, 1, 20, 'Active', 'Load', NULL, '2015-06-10', '11:10:35 AM'),
(647, 69, 1, 1, 0, 0, 197, NULL, 12400, 0, 0, 44950, '2015-02-16', NULL, NULL, NULL, 7, 20, 'Active', 'Load', NULL, '2015-06-10', '11:11:37 AM'),
(648, 69, 1, 1, 0, 0, 198, NULL, 1860, 0, 0, 46810, '2015-02-16', NULL, NULL, NULL, 8, 20, 'Active', 'Load', NULL, '2015-06-10', '11:12:29 AM'),
(649, 123, 1, 1, 0, 0, 199, NULL, 1240, 0, 0, 19530, '2015-02-09', NULL, NULL, NULL, 10, 20, 'Active', 'Load', NULL, '2015-06-10', '11:19:27 AM'),
(650, 123, 1, 1, 0, 0, 200, NULL, 930, 0, 0, 20460, '2015-02-16', NULL, NULL, NULL, 11, 20, 'Active', 'Load', NULL, '2015-06-10', '11:20:11 AM'),
(651, 123, 1, 1, 0, 0, 201, NULL, 1860, 0, 0, 22320, '2015-02-16', NULL, NULL, NULL, 12, 20, 'Active', 'Load', NULL, '2015-06-10', '11:21:09 AM'),
(652, 123, 1, 1, 0, 0, 202, NULL, 1240, 0, 0, 23560, '2015-02-16', NULL, NULL, NULL, 13, 20, 'Active', 'Load', NULL, '2015-06-10', '11:21:59 AM'),
(653, 123, 1, 1, 0, 0, 203, NULL, 930, 0, 0, 24490, '2015-02-16', NULL, NULL, NULL, 14, 20, 'Active', 'Load', NULL, '2015-06-10', '11:22:48 AM'),
(654, 123, 1, 1, 0, 0, 204, NULL, 930, 0, 0, 25420, '2015-02-16', NULL, NULL, NULL, 15, 20, 'Active', 'Load', NULL, '2015-06-10', '11:23:38 AM'),
(655, 123, 1, 1, 0, 0, 205, NULL, 620, 0, 0, 26040, '2015-02-16', NULL, NULL, NULL, 16, 20, 'Active', 'Load', NULL, '2015-06-10', '11:24:22 AM'),
(656, 123, 1, 1, 0, 0, 206, NULL, 1240, 0, 0, 27280, '2015-02-16', NULL, NULL, NULL, 17, 20, 'Active', 'Load', NULL, '2015-06-10', '11:25:08 AM'),
(657, 82, 1, 1, 0, 0, 207, NULL, 8370, 0, 0, 41850, '2015-02-16', NULL, NULL, NULL, 5, 20, 'Active', 'Load', NULL, '2015-06-10', '11:26:32 AM'),
(658, 70, 1, 1, 0, 0, 208, NULL, 65100, 0, 0, 257300, '2015-02-16', NULL, NULL, NULL, 4, 20, 'Active', 'Load', NULL, '2015-06-10', '11:27:35 AM'),
(659, 167, 1, 1, 0, 0, 209, NULL, 7750, 0, 0, 7750, '2015-02-16', NULL, NULL, NULL, 1, 20, 'Active', 'Load', NULL, '2015-06-10', '11:31:16 AM'),
(660, 167, 1, 1, 0, 0, 210, NULL, 5580, 0, 0, 13330, '2015-02-16', NULL, NULL, NULL, 2, 20, 'Active', 'Load', NULL, '2015-06-10', '11:32:10 AM'),
(661, 167, 1, 1, 0, 0, 211, NULL, 2170, 0, 0, 15500, '2015-02-16', NULL, NULL, NULL, 3, 20, 'Active', 'Load', NULL, '2015-06-10', '11:32:59 AM'),
(662, 168, 1, 1, 0, 0, 212, NULL, 760, 0, 0, 760, '2015-02-16', NULL, NULL, NULL, 1, 20, 'Active', 'Load', NULL, '2015-06-10', '11:37:23 AM'),
(663, 169, 1, 1, 0, 0, 213, NULL, 3800, 0, 0, 3800, '2015-02-16', NULL, NULL, NULL, 1, 20, 'Active', 'Load', NULL, '2015-06-10', '11:44:51 AM'),
(664, 170, 1, 1, 0, 0, 214, NULL, 760, 0, 0, 760, '2015-02-16', NULL, NULL, NULL, 1, 20, 'Active', 'Load', NULL, '2015-06-10', '11:48:30 AM'),
(665, 171, 1, 1, 0, 0, 215, NULL, 3100, 0, 0, 3100, '2015-02-16', NULL, NULL, NULL, 1, 20, 'Active', 'Load', NULL, '2015-06-10', '23:59:07 PM'),
(666, 172, 1, 1, 0, 0, 216, NULL, 1140, 0, 0, 1140, '2015-02-16', NULL, NULL, NULL, 1, 20, 'Active', 'Load', NULL, '2015-06-11', '00:06:21 AM'),
(667, 173, 1, 1, 0, 0, 217, NULL, 30690, 0, 0, 30690, '2015-01-01', NULL, NULL, NULL, 1, 20, 'Active', 'Load', NULL, '2015-06-11', '00:09:46 AM'),
(668, 175, 1, 1, 0, 0, 218, NULL, 380, 0, 0, 380, '2015-02-16', NULL, NULL, NULL, 1, 20, 'Active', 'Load', NULL, '2015-06-11', '00:15:01 AM'),
(669, 176, 1, 1, 0, 0, 219, NULL, 380, 0, 0, 380, '2015-02-16', NULL, NULL, NULL, 1, 20, 'Active', 'Load', NULL, '2015-06-11', '00:18:15 AM'),
(670, 174, 1, 1, 0, 0, 220, NULL, 27090, 0, 0, 27090, '2015-02-16', NULL, NULL, NULL, 1, 20, 'Active', 'Load', NULL, '2015-06-11', '00:31:27 AM'),
(671, 177, 1, 1, 0, 0, 221, NULL, 760, 0, 0, 760, '2015-02-16', NULL, NULL, NULL, 1, 20, 'Active', 'Load', NULL, '2015-06-11', '00:35:22 AM'),
(672, 178, 1, 1, 0, 0, 222, NULL, 760, 0, 0, 760, '2015-02-16', NULL, NULL, NULL, 1, 20, 'Active', 'Load', NULL, '2015-06-11', '00:38:37 AM'),
(673, 179, 1, 1, 0, 0, 223, NULL, 1140, 0, 0, 1140, '2015-02-16', NULL, NULL, NULL, 1, 20, 'Active', 'Load', NULL, '2015-06-11', '00:42:16 AM'),
(674, 180, 1, 1, 0, 0, 224, NULL, 1520, 0, 0, 1520, '2015-02-16', NULL, NULL, NULL, 1, 20, 'Active', 'Load', NULL, '2015-06-11', '00:47:14 AM'),
(675, 132, 1, 1, 0, 0, 225, NULL, 1520, 0, 0, 5320, '2015-02-17', NULL, NULL, NULL, 3, 20, 'Active', 'Load', NULL, '2015-06-11', '00:49:19 AM'),
(676, 181, 1, 1, 0, 0, 226, NULL, 1900, 0, 0, 1900, '2015-02-16', NULL, NULL, NULL, 1, 20, 'Active', 'Load', NULL, '2015-06-11', '00:51:49 AM'),
(677, 182, 1, 1, 0, 0, 227, NULL, 3800, 0, 0, 3800, '2015-02-16', NULL, NULL, NULL, 1, 20, 'Active', 'Load', NULL, '2015-06-11', '00:55:08 AM'),
(678, 183, 1, 1, 0, 0, 228, NULL, 1520, 0, 0, 1520, '2015-02-16', NULL, NULL, NULL, 1, 20, 'Active', 'Load', NULL, '2015-06-11', '00:58:42 AM'),
(679, 184, 1, 1, 0, 0, 229, NULL, 760, 0, 0, 760, '2015-02-16', NULL, NULL, NULL, 1, 20, 'Active', 'Load', NULL, '2015-06-11', '01:03:41 AM'),
(680, 185, 1, 1, 0, 0, 230, NULL, 2280, 0, 0, 2280, '2015-02-16', NULL, NULL, NULL, 1, 20, 'Active', 'Load', NULL, '2015-06-11', '01:08:45 AM'),
(681, 154, 1, 1, 0, 0, 231, NULL, 6820, 0, 0, 22320, '2015-02-17', NULL, NULL, NULL, 3, 20, 'Active', 'Load', NULL, '2015-06-11', '01:10:37 AM'),
(682, 186, 1, 1, 0, 0, 232, NULL, 1140, 0, 0, 1140, '2015-02-16', NULL, NULL, NULL, 1, 20, 'Active', 'Load', NULL, '2015-06-11', '01:13:10 AM'),
(683, 187, 1, 1, 0, 0, 233, NULL, 1520, 0, 0, 1520, '2015-02-16', NULL, NULL, NULL, 1, 20, 'Active', 'Load', NULL, '2015-06-11', '01:16:25 AM'),
(684, 188, 1, 1, 0, 0, 234, NULL, 1900, 0, 0, 1900, '2015-02-16', NULL, NULL, NULL, 1, 20, 'Active', 'Load', NULL, '2015-06-11', '01:47:02 AM'),
(685, 189, 1, 1, 0, 0, 235, NULL, 3420, 0, 0, 3420, '2015-02-16', NULL, NULL, NULL, 1, 20, 'Active', 'Load', NULL, '2015-06-11', '01:50:04 AM'),
(686, 190, 1, 1, 0, 0, 236, NULL, 2280, 0, 0, 2280, '2015-02-16', NULL, NULL, NULL, 1, 20, 'Active', 'Load', NULL, '2015-06-11', '01:56:41 AM'),
(687, 191, 1, 1, 0, 0, 237, NULL, 3040, 0, 0, 3040, '2015-01-01', NULL, NULL, NULL, 1, 20, 'Active', 'Load', NULL, '2015-06-11', '02:00:23 AM'),
(688, 192, 1, 1, 0, 0, 238, NULL, 3040, 0, 0, 3040, '2015-02-16', NULL, NULL, NULL, 1, 20, 'Active', 'Load', NULL, '2015-06-11', '02:03:53 AM'),
(689, 193, 1, 1, 0, 0, 239, NULL, 1267, 0, 0, 1267, '2015-02-16', NULL, NULL, NULL, 1, 20, 'Active', 'Load', NULL, '2015-06-11', '02:06:07 AM'),
(690, 147, 1, 1, 0, 0, 240, NULL, 760, 0, 0, 2660, '2015-02-17', NULL, NULL, NULL, 2, 20, 'Active', 'Load', NULL, '2015-06-11', '02:07:18 AM'),
(691, 194, 1, 1, 0, 0, 241, NULL, 1520, 0, 0, 1520, '2015-02-16', NULL, NULL, NULL, 1, 20, 'Active', 'Load', NULL, '2015-06-11', '02:11:31 AM'),
(692, 195, 1, 1, 0, 0, 242, NULL, 1900, 0, 0, 1900, '2015-02-16', NULL, NULL, NULL, 1, 20, 'Active', 'Load', NULL, '2015-06-11', '02:14:45 AM'),
(693, 196, 1, 1, 0, 0, 243, NULL, 2660, 0, 0, 2660, '2015-02-16', NULL, NULL, NULL, 1, 20, 'Active', 'Load', NULL, '2015-06-11', '02:17:32 AM'),
(694, 98, 1, 1, 0, 0, 244, NULL, 5320, 0, 0, 6460, '2015-02-16', NULL, NULL, NULL, 2, 20, 'Active', 'Load', NULL, '2015-06-11', '02:21:13 AM'),
(695, 197, 1, 1, 0, 0, 245, NULL, 2660, 0, 0, 2660, '2015-02-16', NULL, NULL, NULL, 1, 20, 'Active', 'Load', NULL, '2015-06-11', '02:40:36 AM'),
(696, 198, 1, 1, 0, 0, 246, NULL, 760, 0, 0, 760, '2015-02-16', NULL, NULL, NULL, 1, 20, 'Active', 'Load', NULL, '2015-06-11', '03:16:25 AM'),
(697, 199, 1, 1, 0, 0, 247, NULL, 1140, 0, 0, 1140, '2015-02-16', NULL, NULL, NULL, 1, 20, 'Active', 'Load', NULL, '2015-06-11', '03:19:34 AM'),
(698, 200, 1, 1, 0, 0, 248, NULL, 3040, 0, 0, 3040, '2015-02-16', NULL, NULL, NULL, 1, 20, 'Active', 'Load', NULL, '2015-06-11', '03:25:32 AM'),
(699, 123, 1, 1, 0, 0, 249, NULL, 1240, 0, 0, 28520, '2015-02-16', NULL, NULL, NULL, 18, 20, 'Active', 'Load', NULL, '2015-06-11', '03:26:35 AM'),
(700, 123, 1, 1, 0, 0, 250, NULL, 2480, 0, 0, 31000, '2015-02-17', NULL, NULL, NULL, 19, 20, 'Active', 'Load', NULL, '2015-06-11', '03:27:33 AM'),
(701, 123, 1, 1, 0, 0, 251, NULL, 930, 0, 0, 31930, '2015-01-01', NULL, NULL, NULL, 20, 20, 'Active', 'Load', NULL, '2015-06-11', '03:29:21 AM'),
(702, 123, 1, 1, 0, 0, 252, NULL, 1240, 0, 0, 33170, '2015-02-18', NULL, NULL, NULL, 21, 20, 'Active', 'Load', NULL, '2015-06-11', '03:30:18 AM'),
(703, 123, 1, 1, 0, 0, 253, NULL, 1240, 0, 0, 34410, '2015-02-19', NULL, NULL, NULL, 22, 20, 'Active', 'Load', NULL, '2015-06-11', '03:35:58 AM'),
(704, 123, 1, 1, 0, 0, 254, NULL, 2480, 0, 0, 36890, '2015-02-19', NULL, NULL, NULL, 23, 20, 'Active', 'Load', NULL, '2015-06-11', '03:37:03 AM'),
(705, 201, 1, 1, 0, 0, 255, NULL, 1900, 0, 0, 1900, '2015-02-16', NULL, NULL, NULL, 1, 20, 'Active', 'Load', NULL, '2015-06-11', '04:22:52 AM'),
(706, 202, 1, 1, 0, 0, 256, NULL, 1520, 0, 0, 1520, '2015-02-17', NULL, NULL, NULL, 1, 20, 'Active', 'Load', NULL, '2015-06-11', '04:27:35 AM'),
(707, 203, 1, 1, 0, 0, 257, NULL, 2280, 0, 0, 2280, '2015-02-16', NULL, NULL, NULL, 1, 20, 'Active', 'Load', NULL, '2015-06-11', '04:30:30 AM'),
(708, 204, 1, 1, 0, 0, 258, NULL, 760, 0, 0, 760, '2015-02-16', NULL, NULL, NULL, 1, 20, 'Active', 'Load', NULL, '2015-06-11', '04:34:19 AM'),
(709, 205, 1, 1, 0, 0, 259, NULL, 760, 0, 0, 760, '2015-02-16', NULL, NULL, NULL, 1, 20, 'Active', 'Load', NULL, '2015-06-11', '04:38:25 AM'),
(710, 206, 1, 1, 0, 0, 260, NULL, 1140, 0, 0, 1140, '2015-02-16', NULL, NULL, NULL, 1, 20, 'Active', 'Load', NULL, '2015-06-11', '04:41:19 AM'),
(711, 207, 1, 1, 0, 0, 261, NULL, 9880, 0, 0, 9880, '2015-02-16', NULL, NULL, NULL, 1, 20, 'Active', 'Load', NULL, '2015-06-11', '04:43:52 AM'),
(712, 208, 1, 1, 0, 0, 262, NULL, 1520, 0, 0, 1520, '2015-02-17', NULL, NULL, NULL, 1, 20, 'Active', 'Load', NULL, '2015-06-11', '04:52:37 AM'),
(713, 209, 1, 1, 0, 0, 263, NULL, 5320, 0, 0, 5320, '2015-02-16', NULL, NULL, NULL, 1, 20, 'Active', 'Load', NULL, '2015-06-11', '04:55:06 AM'),
(714, 210, 1, 1, 0, 0, 264, NULL, 2280, 0, 0, 2280, '2015-02-16', NULL, NULL, NULL, 1, 20, 'Active', 'Load', NULL, '2015-06-11', '04:58:31 AM'),
(715, 211, 1, 1, 0, 0, 265, NULL, 1520, 0, 0, 1520, '2015-02-16', NULL, NULL, NULL, 1, 20, 'Active', 'Load', NULL, '2015-06-11', '05:02:34 AM'),
(716, 212, 1, 1, 0, 0, 266, NULL, 1900, 0, 0, 1900, '2015-02-16', NULL, NULL, NULL, 1, 20, 'Active', 'Load', NULL, '2015-06-14', '05:54:32 AM'),
(717, 212, 1, 1, 0, 0, 267, NULL, 760, 0, 0, 2660, '2015-02-16', NULL, NULL, NULL, 2, 20, 'Active', 'Load', NULL, '2015-06-14', '05:55:36 AM'),
(718, 213, 1, 1, 0, 0, 268, NULL, 760, 0, 0, 760, '2015-02-16', NULL, NULL, NULL, 1, 20, 'Active', 'Load', NULL, '2015-06-14', '06:01:06 AM'),
(719, 214, 1, 1, 0, 0, 269, NULL, 3040, 0, 0, 3040, '2015-02-16', NULL, NULL, NULL, 1, 20, 'Active', 'Load', NULL, '2015-06-14', '06:05:05 AM'),
(720, 159, 1, 1, 0, 0, 270, NULL, 1520, 0, 0, 1900, '2015-02-17', NULL, NULL, NULL, 2, 20, 'Active', 'Load', NULL, '2015-06-15', '00:58:30 AM'),
(721, 216, 1, 1, 0, 0, 271, NULL, 380, 0, 0, 380, '2015-02-16', NULL, NULL, NULL, 1, 20, 'Active', 'Load', NULL, '2015-06-15', '01:07:31 AM'),
(722, 81, 1, 1, 0, 0, 272, NULL, 5700, 0, 0, 7220, '2015-02-17', NULL, NULL, NULL, 2, 20, 'Active', 'Load', NULL, '2015-06-15', '01:10:13 AM'),
(723, 155, 1, 1, 0, 0, 273, NULL, 5580, 0, 0, 13020, '2015-02-18', NULL, NULL, NULL, 3, 20, 'Active', 'Load', NULL, '2015-06-15', '01:11:37 AM'),
(724, 162, 1, 1, 0, 0, 274, NULL, 1140, 0, 0, 2280, '2015-02-17', NULL, NULL, NULL, 2, 20, 'Active', 'Load', NULL, '2015-06-15', '01:12:28 AM'),
(725, 217, 1, 1, 0, 0, 275, NULL, 760, 0, 0, 760, '2015-02-16', NULL, NULL, NULL, 1, 20, 'Active', 'Load', NULL, '2015-06-15', '01:15:20 AM'),
(726, 218, 1, 1, 0, 0, 276, NULL, 1140, 0, 0, 1140, '2015-02-16', NULL, NULL, NULL, 1, 20, 'Active', 'Load', NULL, '2015-06-15', '01:19:01 AM'),
(727, 219, 1, 1, 0, 0, 277, NULL, 760, 0, 0, 760, '2015-02-16', NULL, NULL, NULL, 1, 20, 'Active', 'Load', NULL, '2015-06-15', '01:26:11 AM'),
(728, 220, 1, 1, 0, 0, 278, NULL, 5700, 0, 0, 5700, '2015-02-16', NULL, NULL, NULL, 1, 20, 'Active', 'Load', NULL, '2015-06-15', '01:29:24 AM'),
(729, 221, 1, 1, 0, 0, 279, NULL, 1520, 0, 0, 1520, '2015-02-16', NULL, NULL, NULL, 1, 20, 'Active', 'Load', NULL, '2015-06-15', '01:51:50 AM'),
(730, 82, 1, 1, 0, 0, 280, NULL, 7750, 0, 0, 49600, '2015-02-18', NULL, NULL, NULL, 6, 20, 'Active', 'Load', NULL, '2015-06-15', '01:53:03 AM'),
(731, 222, 1, 1, 0, 0, 281, NULL, 8740, 0, 0, 8740, '2015-02-16', NULL, NULL, NULL, 1, 20, 'Active', 'Load', NULL, '2015-06-15', '01:56:16 AM'),
(732, 123, 1, 1, 0, 0, 282, NULL, 2790, 0, 0, 39680, '2015-02-18', NULL, NULL, NULL, 24, 20, 'Active', 'Load', NULL, '2015-06-15', '01:57:55 AM'),
(733, 123, 1, 1, 0, 0, 283, NULL, 1860, 0, 0, 41540, '2015-01-01', NULL, NULL, NULL, 25, 20, 'Active', 'Load', NULL, '2015-06-15', '02:10:12 AM'),
(734, 123, 1, 1, 0, 0, 284, NULL, 620, 0, 0, 42160, '2015-02-16', NULL, NULL, NULL, 26, 20, 'Active', 'Load', NULL, '2015-06-15', '02:11:03 AM'),
(735, 155, 1, 1, 0, 0, 285, NULL, 1860, 0, 0, 14880, '2015-02-19', NULL, NULL, NULL, 4, 20, 'Active', 'Load', NULL, '2015-06-15', '02:12:30 AM'),
(736, 223, 1, 1, 0, 0, 286, NULL, 760, 0, 0, 760, '2015-02-16', NULL, NULL, NULL, 1, 20, 'Active', 'Load', NULL, '2015-06-15', '02:15:20 AM'),
(737, 224, 1, 1, 0, 0, 287, NULL, 1860, 0, 0, 1860, '2015-02-17', NULL, NULL, NULL, 1, 20, 'Active', 'Load', NULL, '2015-06-15', '02:20:56 AM'),
(738, 86, 1, 1, 0, 0, 288, NULL, 11400, 0, 0, 16340, '2015-02-17', NULL, NULL, NULL, 2, 20, 'Active', 'Load', NULL, '2015-06-15', '02:24:25 AM'),
(739, 86, 1, 1, 0, 0, 289, NULL, 1140, 0, 0, 17480, '2015-02-18', NULL, NULL, NULL, 3, 20, 'Active', 'Load', NULL, '2015-06-15', '02:25:13 AM'),
(740, 224, 1, 1, 0, 0, 290, NULL, 1240, 0, 0, 3100, '2015-02-19', NULL, NULL, NULL, 2, 20, 'Active', 'Load', NULL, '2015-06-15', '02:27:28 AM'),
(741, 162, 1, 1, 0, 0, 291, NULL, 1900, 0, 0, 4180, '2015-02-17', NULL, NULL, NULL, 3, 20, 'Active', 'Load', NULL, '2015-06-15', '02:28:48 AM'),
(742, 84, 1, 1, 0, 0, 292, NULL, 930, 0, 0, 33480, '2015-02-17', NULL, NULL, NULL, 2, 20, 'Active', 'Load', NULL, '2015-06-15', '02:29:57 AM'),
(743, 80, 1, 1, 0, 0, 293, NULL, 760, 0, 0, 2280, '2015-02-18', NULL, NULL, NULL, 2, 20, 'Active', 'Load', NULL, '2015-06-15', '02:30:47 AM'),
(744, 225, 1, 1, 0, 0, 294, NULL, 3720, 0, 0, 3720, '2015-02-16', NULL, NULL, NULL, 1, 20, 'Active', 'Load', NULL, '2015-06-15', '02:34:20 AM'),
(745, 155, 1, 1, 0, 0, 295, NULL, 1860, 0, 0, 16740, '2015-02-20', NULL, NULL, NULL, 5, 20, 'Active', 'Load', NULL, '2015-06-15', '02:40:33 AM'),
(746, 155, 1, 1, 0, 0, 296, NULL, 5270, 0, 0, 22010, '2015-02-20', NULL, NULL, NULL, 6, 20, 'Active', 'Load', NULL, '2015-06-15', '02:41:23 AM'),
(747, 155, 1, 1, 0, 0, 297, NULL, 29140, 0, 0, 51150, '2015-02-20', NULL, NULL, NULL, 7, 20, 'Active', 'Load', NULL, '2015-06-15', '02:42:12 AM'),
(748, 155, 1, 1, 0, 0, 298, NULL, 26660, 0, 0, 77810, '2015-02-20', NULL, NULL, NULL, 8, 20, 'Active', 'Load', NULL, '2015-06-15', '02:43:01 AM'),
(749, 116, 1, 1, 0, 0, 299, NULL, 760, 0, 0, 1140, '2015-02-18', NULL, NULL, NULL, 2, 20, 'Active', 'Load', NULL, '2015-06-15', '02:49:54 AM'),
(750, 226, 1, 1, 0, 0, 300, NULL, 760, 0, 0, 760, '2015-02-18', NULL, NULL, NULL, 1, 20, 'Active', 'Load', NULL, '2015-06-15', '02:52:34 AM'),
(751, 227, 1, 1, 0, 0, 301, NULL, 380, 0, 0, 380, '2015-02-16', NULL, NULL, NULL, 1, 20, 'Active', 'Load', NULL, '2015-06-15', '02:59:10 AM'),
(752, 228, 1, 1, 0, 0, 302, NULL, 2660, 0, 0, 2660, '2015-02-19', NULL, NULL, NULL, 1, 20, 'Active', 'Load', NULL, '2015-06-15', '06:33:04 AM'),
(753, 229, 1, 1, 0, 0, 303, NULL, 3800, 0, 0, 3800, '2015-02-16', NULL, NULL, NULL, 1, 20, 'Active', 'Load', NULL, '2015-06-15', '06:35:59 AM'),
(754, 230, 1, 1, 0, 0, 304, NULL, 4180, 0, 0, 4180, '2015-02-16', NULL, NULL, NULL, 1, 20, 'Active', 'Load', NULL, '2015-06-15', '06:38:54 AM'),
(755, 224, 1, 1, 0, 0, 305, NULL, 930, 0, 0, 4030, '2015-02-19', NULL, NULL, NULL, 3, 20, 'Active', 'Load', NULL, '2015-06-15', '06:40:00 AM'),
(756, 231, 1, 1, 0, 0, 306, NULL, 380, 0, 0, 380, '2015-02-16', NULL, NULL, NULL, 1, 20, 'Active', 'Load', NULL, '2015-06-15', '06:44:07 AM'),
(757, 232, 1, 1, 0, 0, 307, NULL, 1520, 0, 0, 1520, '2015-02-16', NULL, NULL, NULL, 1, 20, 'Active', 'Load', NULL, '2015-06-15', '06:58:12 AM'),
(758, 115, 1, 1, 0, 0, 308, NULL, 380, 0, 0, 1520, '2015-02-16', NULL, NULL, NULL, 2, 20, 'Active', 'Load', NULL, '2015-06-16', '02:53:49 AM'),
(759, 233, 1, 1, 0, 0, 309, NULL, 380, 0, 0, 380, '2015-02-16', NULL, NULL, NULL, 1, 20, 'Active', 'Load', NULL, '2015-06-16', '02:58:31 AM'),
(760, 234, 1, 1, 0, 0, 310, NULL, 380, 0, 0, 380, '2015-02-16', NULL, NULL, NULL, 1, 20, 'Active', 'Load', NULL, '2015-06-16', '03:00:54 AM'),
(761, 235, 1, 1, 0, 0, 311, NULL, 1140, 0, 0, 1140, '2015-02-16', NULL, NULL, NULL, 1, 20, 'Active', 'Load', NULL, '2015-06-16', '03:03:52 AM'),
(762, 235, 1, 1, 0, 0, 312, NULL, 1140, 0, 0, 2280, '2015-02-17', NULL, NULL, NULL, 2, 20, 'Active', 'Load', NULL, '2015-06-16', '03:05:19 AM'),
(763, 235, 1, 1, 0, 0, 313, NULL, 1900, 0, 0, 4180, '2015-02-18', NULL, NULL, NULL, 3, 20, 'Active', 'Load', NULL, '2015-06-16', '03:06:30 AM'),
(764, 235, 1, 1, 0, 0, 314, NULL, 760, 0, 0, 4940, '2015-02-19', NULL, NULL, NULL, 4, 20, 'Active', 'Load', NULL, '2015-06-16', '03:07:19 AM'),
(765, 155, 1, 1, 0, 0, 315, NULL, 3720, 0, 0, 81530, '2015-02-19', NULL, NULL, NULL, 9, 20, 'Active', 'Load', NULL, '2015-06-16', '03:08:05 AM'),
(766, 155, 1, 1, 0, 0, 316, NULL, 2790, 0, 0, 84320, '2015-02-20', NULL, NULL, NULL, 10, 20, 'Active', 'Load', NULL, '2015-06-16', '03:08:58 AM'),
(767, 155, 1, 1, 0, 0, 317, NULL, 1240, 0, 0, 85560, '2015-02-22', NULL, NULL, NULL, 11, 20, 'Active', 'Load', NULL, '2015-06-16', '04:30:34 AM'),
(768, 236, 1, 1, 0, 0, 318, NULL, 1520, 0, 0, 1520, '2015-02-16', NULL, NULL, NULL, 1, 20, 'Active', 'Load', NULL, '2015-06-16', '04:35:44 AM'),
(769, 238, 1, 1, 0, 0, 319, NULL, 1240, 0, 0, 1240, '2015-02-16', NULL, NULL, NULL, 1, 20, 'Active', 'Load', NULL, '2015-06-16', '05:03:57 AM'),
(770, 239, 1, 1, 0, 0, 320, NULL, 3420, 0, 0, 3420, '2015-02-16', NULL, NULL, NULL, 1, 20, 'Active', 'Load', NULL, '2015-06-16', '05:07:45 AM'),
(771, 240, 1, 1, 0, 0, 321, NULL, 1140, 0, 0, 1140, '2015-02-16', NULL, NULL, NULL, 1, 20, 'Active', 'Load', NULL, '2015-06-16', '05:12:51 AM'),
(772, 241, 1, 1, 0, 0, 322, NULL, 760, 0, 0, 760, '2015-03-16', NULL, NULL, NULL, 1, 20, 'Active', 'Load', NULL, '2015-06-16', '05:20:55 AM'),
(773, 242, 1, 1, 0, 0, 323, NULL, 1900, 0, 0, 1900, '2015-02-16', NULL, NULL, NULL, 1, 20, 'Active', 'Load', NULL, '2015-06-16', '05:23:46 AM'),
(774, 243, 1, 1, 0, 0, 324, NULL, 2280, 0, 0, 2280, '2015-02-16', NULL, NULL, NULL, 1, 20, 'Active', 'Load', NULL, '2015-06-16', '05:32:37 AM'),
(775, 244, 1, 1, 0, 0, 325, NULL, 380, 0, 0, 380, '2015-02-16', NULL, NULL, NULL, 1, 20, 'Active', 'Load', NULL, '2015-06-16', '05:35:50 AM'),
(776, 245, 1, 1, 0, 0, 326, NULL, 760, 0, 0, 760, '2015-02-16', NULL, NULL, NULL, 1, 20, 'Active', 'Load', NULL, '2015-06-16', '05:39:37 AM'),
(777, 155, 1, 1, 0, 0, 327, NULL, 2790, 0, 0, 88350, '2015-02-18', NULL, NULL, NULL, 12, 20, 'Active', 'Load', NULL, '2015-06-16', '05:40:37 AM'),
(778, 246, 1, 1, 0, 0, 328, NULL, 760, 0, 0, 760, '2015-02-16', NULL, NULL, NULL, 1, 20, 'Active', 'Load', NULL, '2015-06-16', '05:43:20 AM'),
(779, 247, 1, 1, 0, 0, 329, NULL, 1520, 0, 0, 1520, '2015-02-16', NULL, NULL, NULL, 1, 20, 'Active', 'Load', NULL, '2015-06-16', '05:53:46 AM'),
(780, 248, 1, 1, 0, 0, 330, NULL, 760, 0, 0, 760, '2015-02-16', NULL, NULL, NULL, 1, 20, 'Active', 'Load', NULL, '2015-06-16', '05:59:18 AM'),
(781, 249, 1, 1, 0, 0, 331, NULL, 1140, 0, 0, 1140, '2015-02-16', NULL, NULL, NULL, 1, 20, 'Active', 'Load', NULL, '2015-06-16', '06:03:10 AM'),
(782, 250, 1, 1, 0, 0, 332, NULL, 1140, 0, 0, 1140, '2015-02-16', NULL, NULL, NULL, 1, 20, 'Active', 'Load', NULL, '2015-06-16', '06:06:14 AM'),
(783, 251, 1, 1, 0, 0, 333, NULL, 760, 0, 0, 760, '2015-02-16', NULL, NULL, NULL, 1, 20, 'Active', 'Load', NULL, '2015-06-16', '06:08:22 AM'),
(784, 252, 1, 1, 0, 0, 334, NULL, 0, 0, 0, 0, '2015-02-16', NULL, NULL, NULL, 1, 20, 'Active', 'Load', NULL, '2015-06-16', '06:11:34 AM'),
(785, 253, 1, 1, 0, 0, 335, NULL, 1520, 0, 0, 1520, '2015-02-16', NULL, NULL, NULL, 1, 20, 'Active', 'Load', NULL, '2015-06-16', '06:14:30 AM'),
(786, 254, 1, 1, 0, 0, 336, NULL, 6080, 0, 0, 6080, '2015-02-16', NULL, NULL, NULL, 1, 20, 'Active', 'Load', NULL, '2015-06-16', '06:39:55 AM'),
(787, 255, 1, 1, 0, 0, 337, NULL, 2280, 0, 0, 2280, '2015-02-16', NULL, NULL, NULL, 1, 20, 'Active', 'Load', NULL, '2015-06-16', '06:43:27 AM'),
(788, 256, 1, 1, 0, 0, 338, NULL, 1900, 0, 0, 1900, '2015-02-16', NULL, NULL, NULL, 1, 20, 'Active', 'Load', NULL, '2015-06-16', '06:48:38 AM'),
(789, 129, 1, 1, 0, 0, 339, NULL, 9300, 0, 0, 14880, '2015-02-22', NULL, NULL, NULL, 2, 20, 'Active', 'Load', NULL, '2015-06-16', '07:03:00 AM'),
(790, 257, 1, 1, 0, 0, 340, NULL, 4940, 0, 0, 4940, '2015-02-16', NULL, NULL, NULL, 1, 20, 'Active', 'Load', NULL, '2015-06-16', '07:07:15 AM'),
(791, 258, 1, 1, 0, 0, 341, NULL, 7220, 0, 0, 7220, '2015-02-16', NULL, NULL, NULL, 1, 20, 'Active', 'Load', NULL, '2015-06-16', '07:12:17 AM'),
(792, 259, 1, 1, 0, 0, 342, NULL, 4340, 0, 0, 4340, '2015-02-16', NULL, NULL, NULL, 1, 20, 'Active', 'Load', NULL, '2015-06-16', '07:18:39 AM'),
(793, 260, 1, 1, 0, 0, 343, NULL, 2790, 0, 0, 2790, '2015-02-16', NULL, NULL, NULL, 1, 20, 'Active', 'Load', NULL, '2015-06-16', '07:22:05 AM'),
(794, 260, 1, 1, 0, 0, 344, NULL, 9300, 0, 0, 12090, '2015-02-17', NULL, NULL, NULL, 2, 20, 'Active', 'Load', NULL, '2015-06-16', '07:23:16 AM'),
(795, 260, 1, 1, 0, 0, 345, NULL, 5890, 0, 0, 17980, '2015-02-18', NULL, NULL, NULL, 3, 20, 'Active', 'Load', NULL, '2015-06-16', '07:24:06 AM'),
(796, 260, 1, 1, 0, 0, 346, NULL, 3720, 0, 0, 21700, '2015-02-19', NULL, NULL, NULL, 4, 20, 'Active', 'Load', NULL, '2015-06-16', '07:25:01 AM'),
(797, 260, 1, 1, 0, 0, 347, NULL, 2790, 0, 0, 24490, '2015-02-21', NULL, NULL, NULL, 5, 20, 'Active', 'Load', NULL, '2015-06-16', '07:26:03 AM'),
(798, 260, 1, 1, 0, 0, 348, NULL, 3100, 0, 0, 27590, '2015-02-23', NULL, NULL, NULL, 6, 20, 'Active', 'Load', NULL, '2015-06-16', '07:27:01 AM'),
(799, 260, 1, 1, 0, 0, 349, NULL, 3100, 0, 0, 30690, '2015-02-24', NULL, NULL, NULL, 7, 20, 'Active', 'Load', NULL, '2015-06-16', '07:27:52 AM'),
(800, 260, 1, 1, 0, 0, 350, NULL, 2480, 0, 0, 33170, '2015-02-25', NULL, NULL, NULL, 8, 20, 'Active', 'Load', NULL, '2015-06-16', '07:29:00 AM'),
(801, 224, 1, 1, 0, 0, 351, NULL, 1550, 0, 0, 5580, '2015-02-18', NULL, NULL, NULL, 4, 20, 'Active', 'Load', NULL, '2015-06-16', '07:29:58 AM'),
(802, 252, 1, 1, 0, 0, 352, NULL, 31500, 0, 0, 31500, '2015-02-17', NULL, NULL, NULL, 2, 20, 'Active', 'Load', NULL, '2015-06-16', '07:31:14 AM'),
(803, 261, 1, 1, 0, 0, 353, NULL, 1520, 0, 0, 1520, '2015-02-16', NULL, NULL, NULL, 1, 20, 'Active', 'Load', NULL, '2015-06-16', '07:37:31 AM'),
(804, 262, 1, 1, 0, 0, 354, NULL, 380, 0, 0, 380, '2015-02-16', NULL, NULL, NULL, 1, 20, 'Active', 'Load', NULL, '2015-06-16', '07:39:56 AM'),
(805, 263, 1, 1, 0, 0, 355, NULL, 380, 0, 0, 380, '2015-02-16', NULL, NULL, NULL, 1, 20, 'Active', 'Load', NULL, '2015-06-17', '04:55:46 AM'),
(806, 264, 1, 1, 0, 0, 356, NULL, 1900, 0, 0, 1900, '2015-02-16', NULL, NULL, NULL, 1, 20, 'Active', 'Load', NULL, '2015-06-17', '05:03:24 AM'),
(807, 265, 1, 1, 0, 0, 357, NULL, 1520, 0, 0, 1520, '2015-02-16', NULL, NULL, NULL, 1, 20, 'Active', 'Load', NULL, '2015-06-17', '05:05:55 AM'),
(808, 266, 1, 1, 0, 0, 358, NULL, 1900, 0, 0, 1900, '2015-02-16', NULL, NULL, NULL, 1, 20, 'Active', 'Load', NULL, '2015-06-17', '05:16:21 AM'),
(809, 82, 1, 1, 0, 0, 359, NULL, 3100, 0, 0, 52700, '2015-02-22', NULL, NULL, NULL, 7, 20, 'Active', 'Load', NULL, '2015-06-17', '05:17:23 AM'),
(810, 82, 1, 1, 0, 0, 360, NULL, 6200, 0, 0, 58900, '2015-02-22', NULL, NULL, NULL, 8, 20, 'Active', 'Load', NULL, '2015-06-17', '05:18:32 AM'),
(811, 82, 1, 1, 0, 0, 361, NULL, 8680, 0, 0, 67580, '2015-02-23', NULL, NULL, NULL, 9, 20, 'Active', 'Load', NULL, '2015-06-17', '05:19:18 AM'),
(812, 174, 1, 1, 0, 0, 362, NULL, 24360, 0, 0, 51450, '2015-02-18', NULL, NULL, NULL, 2, 20, 'Active', 'Load', NULL, '2015-06-17', '05:23:32 AM'),
(813, 267, 1, 1, 0, 0, 363, NULL, 18690, 0, 0, 18690, '2015-02-17', NULL, NULL, NULL, 1, 20, 'Active', 'Load', NULL, '2015-06-17', '05:35:21 AM'),
(814, 267, 1, 1, 0, 0, 364, NULL, 0, 0, 0, 18690, '2015-02-18', NULL, NULL, NULL, 2, 20, 'Active', 'Load', NULL, '2015-06-17', '05:36:51 AM'),
(815, 110, 1, 1, 0, 0, 365, NULL, 26350, 0, 0, 83080, '2015-02-18', NULL, NULL, NULL, 3, 20, 'Active', 'Load', NULL, '2015-06-17', '05:42:45 AM'),
(816, 110, 1, 1, 0, 0, 366, NULL, 31000, 0, 0, 114080, '2015-02-19', NULL, NULL, NULL, 4, 20, 'Active', 'Load', NULL, '2015-06-17', '05:43:50 AM'),
(817, 167, 1, 1, 0, 0, 367, NULL, 15500, 0, 0, 31000, '2015-02-22', NULL, NULL, NULL, 4, 20, 'Active', 'Load', NULL, '2015-06-17', '05:46:54 AM'),
(818, 167, 1, 1, 0, 0, 368, NULL, 15500, 0, 0, 46500, '2015-02-23', NULL, NULL, NULL, 5, 20, 'Active', 'Load', NULL, '2015-06-17', '05:47:54 AM'),
(819, 167, 1, 1, 0, 0, 369, NULL, 26660, 0, 0, 73160, '2015-02-23', NULL, NULL, NULL, 6, 20, 'Active', 'Load', NULL, '2015-06-17', '05:49:08 AM'),
(820, 252, 1, 1, 0, 0, 370, NULL, 31500, 0, 0, 63000, '2015-02-19', NULL, NULL, NULL, 3, 20, 'Active', 'Load', NULL, '2015-06-17', '06:04:54 AM'),
(821, 268, 1, 1, 0, 0, 371, NULL, 40300, 0, 0, 40300, '2015-02-16', NULL, NULL, NULL, 1, 20, 'Active', 'Load', NULL, '2015-06-17', '06:11:54 AM'),
(822, 268, 1, 1, 0, 0, 372, NULL, 15500, 0, 0, 55800, '2015-02-17', NULL, NULL, NULL, 2, 20, 'Active', 'Load', NULL, '2015-06-17', '06:12:45 AM'),
(823, 269, 1, 1, 0, 0, 373, NULL, 1900, 0, 0, 1900, '2015-02-16', NULL, NULL, NULL, 1, 20, 'Active', 'Load', NULL, '2015-06-18', '04:48:38 AM'),
(824, 270, 1, 1, 0, 0, 374, NULL, 760, 0, 0, 760, '2015-02-16', NULL, NULL, NULL, 1, 20, 'Active', 'Load', NULL, '2015-06-18', '04:51:42 AM'),
(825, 271, 1, 1, 0, 0, 375, NULL, 3040, 0, 0, 3040, '2015-02-16', NULL, NULL, NULL, 1, 20, 'Active', 'Load', NULL, '2015-06-18', '04:55:34 AM'),
(826, 272, 1, 1, 0, 0, 376, NULL, 1520, 0, 0, 1520, '2015-02-16', NULL, NULL, NULL, 1, 20, 'Active', 'Load', NULL, '2015-06-18', '04:58:10 AM'),
(827, 273, 1, 1, 0, 0, 377, NULL, 4940, 0, 0, 4940, '2015-02-16', NULL, NULL, NULL, 1, 20, 'Active', 'Load', NULL, '2015-06-18', '05:16:00 AM'),
(828, 274, 1, 1, 0, 0, 378, NULL, 3040, 0, 0, 3040, '2015-02-16', NULL, NULL, NULL, 1, 20, 'Active', 'Load', NULL, '2015-06-18', '05:24:10 AM'),
(829, 274, 1, 1, 0, 0, 379, NULL, 3040, 0, 0, 6080, '2015-02-16', NULL, NULL, NULL, 2, 20, 'Active', 'Load', NULL, '2015-06-18', '05:25:38 AM'),
(830, 275, 1, 1, 0, 0, 380, NULL, 1900, 0, 0, 1900, '2015-02-16', NULL, NULL, NULL, 1, 20, 'Active', 'Load', NULL, '2015-06-18', '05:32:57 AM'),
(831, 194, 1, 1, 0, 0, 381, NULL, 760, 0, 0, 2280, '2015-02-19', NULL, NULL, NULL, 2, 20, 'Active', 'Load', NULL, '2015-06-18', '05:34:27 AM'),
(832, 276, 1, 1, 0, 0, 382, NULL, 760, 0, 0, 760, '2015-02-16', NULL, NULL, NULL, 1, 20, 'Active', 'Load', NULL, '2015-06-18', '05:37:36 AM'),
(833, 259, 1, 1, 0, 0, 383, NULL, 5890, 0, 0, 10230, '2015-02-22', NULL, NULL, NULL, 2, 20, 'Active', 'Load', NULL, '2015-06-18', '05:38:26 AM'),
(834, 277, 1, 1, 0, 0, 384, NULL, 1900, 0, 0, 1900, '2015-02-17', NULL, NULL, NULL, 1, 20, 'Active', 'Load', NULL, '2015-06-18', '05:40:38 AM'),
(835, 278, 1, 1, 0, 0, 385, NULL, 1140, 0, 0, 1140, '2015-02-17', NULL, NULL, NULL, 1, 20, 'Active', 'Load', NULL, '2015-06-18', '05:43:02 AM'),
(836, 279, 1, 1, 0, 0, 386, NULL, 1520, 0, 0, 1520, '2015-02-16', NULL, NULL, NULL, 1, 20, 'Active', 'Load', NULL, '2015-06-18', '05:45:41 AM'),
(837, 280, 1, 1, 0, 0, 387, NULL, 2280, 0, 0, 2280, '2015-02-18', NULL, NULL, NULL, 1, 20, 'Active', 'Load', NULL, '2015-06-18', '05:48:46 AM'),
(838, 68, 1, 1, 0, 0, 388, NULL, 760, 0, 0, 1140, '2015-02-18', NULL, NULL, NULL, 2, 20, 'Active', 'Load', NULL, '2015-06-18', '05:51:45 AM'),
(839, 281, 1, 1, 0, 0, 389, NULL, 1140, 0, 0, 1140, '2015-02-17', NULL, NULL, NULL, 1, 20, 'Active', 'Load', NULL, '2015-06-18', '05:54:13 AM'),
(840, 282, 1, 1, 0, 0, 390, NULL, 1520, 0, 0, 1520, '2015-02-18', NULL, NULL, NULL, 1, 20, 'Active', 'Load', NULL, '2015-06-18', '05:57:07 AM'),
(841, 283, 1, 1, 0, 0, 391, NULL, 6460, 0, 0, 6460, '2015-02-17', NULL, NULL, NULL, 1, 20, 'Active', 'Load', NULL, '2015-06-18', '05:59:31 AM'),
(842, 284, 1, 1, 0, 0, 392, NULL, 2280, 0, 0, 2280, '2015-02-16', NULL, NULL, NULL, 1, 20, 'Active', 'Load', NULL, '2015-06-18', '06:03:10 AM'),
(843, 285, 1, 1, 0, 0, 393, NULL, 1520, 0, 0, 1520, '2015-02-17', NULL, NULL, NULL, 1, 20, 'Active', 'Load', NULL, '2015-06-18', '06:05:59 AM'),
(844, 286, 1, 1, 0, 0, 394, NULL, 1520, 0, 0, 1520, '2015-02-16', NULL, NULL, NULL, 1, 20, 'Active', 'Load', NULL, '2015-06-18', '06:08:48 AM'),
(845, 287, 1, 1, 0, 0, 395, NULL, 5320, 0, 0, 5320, '2015-02-16', NULL, NULL, NULL, 1, 20, 'Active', 'Load', NULL, '2015-06-18', '06:11:48 AM'),
(846, 155, 1, 1, 0, 0, 396, NULL, 2170, 0, 0, 90520, '2015-02-23', NULL, NULL, NULL, 13, 20, 'Active', 'Load', NULL, '2015-06-18', '06:12:38 AM'),
(847, 155, 1, 1, 0, 0, 397, NULL, 1860, 0, 0, 92380, '2015-02-24', NULL, NULL, NULL, 14, 20, 'Active', 'Load', NULL, '2015-06-18', '06:13:25 AM'),
(848, 155, 1, 1, 0, 0, 398, NULL, 4030, 0, 0, 96410, '2015-02-25', NULL, NULL, NULL, 15, 20, 'Active', 'Load', NULL, '2015-06-18', '06:14:12 AM'),
(849, 90, 1, 1, 0, 0, 399, NULL, 760, 0, 0, 2660, '2015-02-17', NULL, NULL, NULL, 2, 20, 'Active', 'Load', NULL, '2015-06-18', '06:15:27 AM'),
(850, 225, 1, 1, 0, 0, 400, NULL, 4030, 0, 0, 7750, '2015-02-17', NULL, NULL, NULL, 2, 20, 'Active', 'Load', NULL, '2015-06-18', '06:16:17 AM'),
(851, 86, 1, 1, 0, 0, 401, NULL, 1140, 0, 0, 18620, '2015-02-20', NULL, NULL, NULL, 4, 20, 'Active', 'Load', NULL, '2015-06-18', '06:17:18 AM'),
(852, 129, 1, 1, 0, 0, 402, NULL, 3410, 0, 0, 18290, '2015-02-20', NULL, NULL, NULL, 3, 20, 'Active', 'Load', NULL, '2015-06-18', '06:18:58 AM'),
(853, 224, 1, 1, 0, 0, 403, NULL, 8680, 0, 0, 14260, '2015-02-24', NULL, NULL, NULL, 5, 20, 'Active', 'Load', NULL, '2015-06-18', '06:21:10 AM'),
(854, 224, 1, 1, 0, 0, 404, NULL, 930, 0, 0, 15190, '2015-02-26', NULL, NULL, NULL, 6, 20, 'Active', 'Load', NULL, '2015-06-18', '06:21:57 AM'),
(855, 288, 1, 1, 0, 0, 405, NULL, 3040, 0, 0, 3040, '2015-02-17', NULL, NULL, NULL, 1, 20, 'Active', 'Load', NULL, '2015-06-18', '06:24:31 AM'),
(856, 289, 1, 1, 0, 0, 406, NULL, 4940, 0, 0, 4940, '2015-02-16', NULL, NULL, NULL, 1, 20, 'Active', 'Load', NULL, '2015-06-18', '06:31:17 AM');
INSERT INTO `fna_partybill` (`PARTYBILLID`, `PARTYID`, `PROJECTID`, `SUBPROJECTID`, `BATCHNO`, `PRODCATTYPEID`, `RECEIVENUMBER`, `PUR_BILLAMOUNT`, `SELL_BILLAMOUNT`, `PAYMENTAMOUNT`, `RECEIVEAMOUNT`, `BALANCEAMOUNT`, `ENTRYDATE`, `BANKNAME`, `CHEQUENUMBER`, `CHEQUEDATE`, `PARTYFLAG`, `USERID`, `STATUS`, `PURSELLFLAG`, `FLAG`, `ENTDATE`, `ENTTIME`) VALUES
(857, 144, 1, 1, 0, 0, 407, NULL, 3800, 0, 0, 4940, '2015-02-26', NULL, NULL, NULL, 2, 20, 'Active', 'Load', NULL, '2015-06-18', '06:32:44 AM'),
(858, 172, 1, 1, 0, 0, 408, NULL, 8740, 0, 0, 9880, '2015-02-24', NULL, NULL, NULL, 2, 20, 'Active', 'Load', NULL, '2015-06-18', '06:33:53 AM'),
(859, 290, 1, 1, 0, 0, 409, NULL, 12400, 0, 0, 12400, '2015-02-17', NULL, NULL, NULL, 1, 20, 'Active', 'Load', NULL, '2015-06-19', '05:05:26 AM'),
(860, 291, 1, 1, 0, 0, 410, NULL, 760, 0, 0, 760, '2015-02-16', NULL, NULL, NULL, 1, 20, 'Active', 'Load', NULL, '2015-06-19', '05:10:31 AM'),
(861, 292, 1, 1, 0, 0, 411, NULL, 930, 0, 0, 930, '2015-02-16', NULL, NULL, NULL, 1, 20, 'Active', 'Load', NULL, '2015-06-19', '05:14:30 AM'),
(862, 293, 1, 1, 0, 0, 412, NULL, 31000, 0, 0, 31000, '2015-02-16', NULL, NULL, NULL, 1, 20, 'Active', 'Load', NULL, '2015-06-19', '05:23:35 AM'),
(863, 293, 1, 1, 0, 0, 413, NULL, 31000, 0, 0, 62000, '2015-02-17', NULL, NULL, NULL, 2, 20, 'Active', 'Load', NULL, '2015-06-19', '05:24:40 AM'),
(864, 293, 1, 1, 0, 0, 414, NULL, 39680, 0, 0, 101680, '2015-02-18', NULL, NULL, NULL, 3, 20, 'Active', 'Load', NULL, '2015-06-19', '05:25:33 AM'),
(865, 293, 1, 1, 0, 0, 415, NULL, 7130, 0, 0, 108810, '2015-02-19', NULL, NULL, NULL, 4, 20, 'Active', 'Load', NULL, '2015-06-19', '05:26:43 AM'),
(866, 82, 1, 1, 0, 0, 416, NULL, 3100, 0, 0, 70680, '2015-02-24', NULL, NULL, NULL, 10, 20, 'Active', 'Load', NULL, '2015-06-19', '05:27:44 AM'),
(867, 82, 1, 1, 0, 0, 417, NULL, 8060, 0, 0, 78740, '2015-02-26', NULL, NULL, NULL, 11, 20, 'Active', 'Load', NULL, '2015-06-19', '05:28:57 AM'),
(868, 224, 1, 1, 0, 0, 418, NULL, 930, 0, 0, 16120, '2015-02-26', NULL, NULL, NULL, 7, 20, 'Active', 'Load', NULL, '2015-06-19', '05:29:54 AM'),
(869, 294, 1, 1, 0, 0, 419, NULL, 1900, 0, 0, 1900, '2015-02-16', NULL, NULL, NULL, 1, 20, 'Active', 'Load', NULL, '2015-06-19', '05:33:37 AM'),
(870, 155, 1, 1, 0, 0, 420, NULL, 3720, 0, 0, 100130, '2015-02-26', NULL, NULL, NULL, 16, 20, 'Active', 'Load', NULL, '2015-06-19', '05:35:22 AM'),
(871, 295, 1, 1, 0, 0, 421, NULL, 1900, 0, 0, 1900, '2015-02-18', NULL, NULL, NULL, 1, 20, 'Active', 'Load', NULL, '2015-06-19', '05:39:00 AM'),
(872, 123, 1, 1, 0, 0, 422, NULL, 930, 0, 0, 43090, '2015-02-27', NULL, NULL, NULL, 27, 20, 'Active', 'Load', NULL, '2015-06-19', '05:40:01 AM'),
(873, 296, 1, 1, 0, 0, 423, NULL, 380, 0, 0, 380, '2015-02-17', NULL, NULL, NULL, 1, 20, 'Active', 'Load', NULL, '2015-06-19', '05:43:12 AM'),
(874, 297, 1, 1, 0, 0, 424, NULL, 1520, 0, 0, 1520, '2015-02-17', NULL, NULL, NULL, 1, 20, 'Active', 'Load', NULL, '2015-06-19', '05:46:24 AM'),
(875, 108, 1, 1, 0, 0, 425, NULL, 11400, 0, 0, 12160, '2015-02-19', NULL, NULL, NULL, 2, 20, 'Active', 'Load', NULL, '2015-06-19', '05:47:45 AM'),
(876, 83, 1, 1, 0, 0, 426, NULL, 0, 0, 0, 93310, '2015-02-24', NULL, NULL, NULL, 7, 20, 'Active', 'Load', NULL, '2015-06-19', '05:50:21 AM'),
(877, 298, 1, 1, 0, 0, 427, NULL, 62000, 0, 0, 62000, '2015-02-16', NULL, NULL, NULL, 1, 20, 'Active', 'Load', NULL, '2015-06-19', '05:54:56 AM'),
(878, 110, 1, 1, 0, 0, 428, NULL, 31000, 0, 0, 145080, '2015-02-20', NULL, NULL, NULL, 5, 20, 'Active', 'Load', NULL, '2015-06-19', '05:56:23 AM'),
(879, 110, 1, 1, 0, 0, 429, NULL, 26350, 0, 0, 171430, '2015-02-26', NULL, NULL, NULL, 6, 20, 'Active', 'Load', NULL, '2015-06-19', '05:57:24 AM'),
(880, 171, 1, 1, 0, 0, 430, NULL, 34100, 0, 0, 37200, '2015-02-25', NULL, NULL, NULL, 2, 20, 'Active', 'Load', NULL, '2015-06-19', '05:58:21 AM'),
(881, 267, 1, 1, 0, 0, 431, NULL, 27720, 0, 0, 46410, '2015-02-26', NULL, NULL, NULL, 3, 20, 'Active', 'Load', NULL, '2015-06-19', '05:59:25 AM'),
(882, 267, 1, 1, 0, 0, 432, NULL, 0, 0, 0, 46410, '2015-02-27', NULL, NULL, NULL, 4, 20, 'Active', 'Load', NULL, '2015-06-19', '06:00:25 AM'),
(883, 299, 1, 1, 0, 0, 433, NULL, 3420, 0, 0, 3420, '2015-02-17', NULL, NULL, NULL, 1, 20, 'Active', 'Load', NULL, '2015-06-19', '06:03:18 AM'),
(884, 300, 1, 1, 0, 0, 434, NULL, 3420, 0, 0, 3420, '2015-02-25', NULL, NULL, NULL, 1, 20, 'Active', 'Load', NULL, '2015-06-19', '06:09:12 AM'),
(885, 76, 1, 1, 0, 0, 435, NULL, 2280, 0, 0, 4560, '2015-02-18', NULL, NULL, NULL, 2, 20, 'Active', 'Load', NULL, '2015-06-19', '06:12:07 AM'),
(886, 76, 1, 1, 0, 0, 436, NULL, 1900, 0, 0, 6460, '2015-02-20', NULL, NULL, NULL, 3, 20, 'Active', 'Load', NULL, '2015-06-19', '06:13:06 AM'),
(887, 301, 1, 1, 0, 0, 437, NULL, 1900, 0, 0, 1900, '2014-02-17', NULL, NULL, NULL, 1, 20, 'Active', 'Load', NULL, '2015-06-19', '06:22:37 AM'),
(888, 301, 1, 1, 0, 0, 438, NULL, 1520, 0, 0, 3420, '2015-02-17', NULL, NULL, NULL, 2, 20, 'Active', 'Load', NULL, '2015-06-19', '06:23:34 AM'),
(889, 302, 1, 1, 0, 0, 439, NULL, 0, 0, 0, 0, '2015-02-17', NULL, NULL, NULL, 1, 20, 'Active', 'Load', NULL, '2015-06-19', '06:26:42 AM'),
(890, 69, 1, 1, 0, 0, 440, NULL, 620, 0, 0, 47430, '2015-02-20', NULL, NULL, NULL, 9, 20, 'Active', 'Load', NULL, '2015-06-19', '06:29:14 AM'),
(891, 106, 1, 1, 0, 0, 441, NULL, 3040, 0, 0, 6080, '2015-02-26', NULL, NULL, NULL, 2, 20, 'Active', 'Load', NULL, '2015-06-19', '06:30:57 AM'),
(892, 303, 1, 1, 0, 0, 442, NULL, 0, 0, 0, 0, '2015-02-18', NULL, NULL, NULL, 1, 20, 'Active', 'Load', NULL, '2015-06-19', '06:35:06 AM'),
(893, 304, 1, 1, 0, 0, 443, NULL, 1520, 0, 0, 1520, '2015-02-26', NULL, NULL, NULL, 1, 20, 'Active', 'Load', NULL, '2015-06-19', '06:38:51 AM'),
(894, 305, 1, 1, 0, 0, 444, NULL, 1140, 0, 0, 1140, '2015-02-16', NULL, NULL, NULL, 1, 20, 'Active', 'Load', NULL, '2015-06-19', '06:41:50 AM'),
(895, 306, 1, 1, 0, 0, 445, NULL, 380, 0, 0, 380, '2015-02-16', NULL, NULL, NULL, 1, 20, 'Active', 'Load', NULL, '2015-06-20', '00:42:52 AM'),
(896, 149, 1, 1, 0, 0, 446, NULL, 1520, 0, 0, 7600, '2015-02-18', NULL, NULL, NULL, 3, 20, 'Active', 'Load', NULL, '2015-06-20', '00:44:04 AM'),
(897, 307, 1, 1, 0, 0, 447, NULL, 3800, 0, 0, 3800, '2015-02-16', NULL, NULL, NULL, 1, 20, 'Active', 'Load', NULL, '2015-06-20', '00:46:27 AM'),
(898, 308, 1, 1, 0, 0, 448, NULL, 4180, 0, 0, 4180, '2015-02-16', NULL, NULL, NULL, 1, 20, 'Active', 'Load', NULL, '2015-06-20', '00:51:40 AM'),
(899, 309, 1, 1, 0, 0, 449, NULL, 2280, 0, 0, 2280, '2015-02-17', NULL, NULL, NULL, 1, 20, 'Active', 'Load', NULL, '2015-06-20', '00:57:18 AM'),
(900, 310, 1, 1, 0, 0, 450, NULL, 760, 0, 0, 760, '2015-02-18', NULL, NULL, NULL, 1, 20, 'Active', 'Load', NULL, '2015-06-20', '00:59:36 AM'),
(901, 311, 1, 1, 0, 0, 451, NULL, 760, 0, 0, 760, '2015-02-19', NULL, NULL, NULL, 1, 20, 'Active', 'Load', NULL, '2015-06-20', '01:03:12 AM'),
(902, 312, 1, 1, 0, 0, 452, NULL, 760, 0, 0, 760, '2015-02-18', NULL, NULL, NULL, 1, 20, 'Active', 'Load', NULL, '2015-06-20', '01:17:38 AM'),
(903, 313, 1, 1, 0, 0, 453, NULL, 1860, 0, 0, 1860, '2015-02-17', NULL, NULL, NULL, 1, 20, 'Active', 'Load', NULL, '2015-06-20', '01:20:17 AM'),
(904, 314, 1, 1, 0, 0, 454, NULL, 2660, 0, 0, 2660, '2015-02-16', NULL, NULL, NULL, 1, 20, 'Active', 'Load', NULL, '2015-06-20', '01:22:34 AM'),
(905, 315, 1, 1, 0, 0, 455, NULL, 1520, 0, 0, 1520, '2015-02-19', NULL, NULL, NULL, 1, 20, 'Active', 'Load', NULL, '2015-06-20', '01:24:56 AM'),
(906, 305, 1, 1, 0, 0, 456, NULL, 1140, 0, 0, 2280, '2015-02-24', NULL, NULL, NULL, 2, 20, 'Active', 'Load', NULL, '2015-06-20', '01:25:44 AM'),
(907, 316, 1, 1, 0, 0, 457, NULL, 760, 0, 0, 760, '2015-02-18', NULL, NULL, NULL, 1, 20, 'Active', 'Load', NULL, '2015-06-20', '01:28:11 AM'),
(908, 317, 1, 1, 0, 0, 458, NULL, 2660, 0, 0, 2660, '2015-02-26', NULL, NULL, NULL, 1, 20, 'Active', 'Load', NULL, '2015-06-20', '01:30:41 AM'),
(909, 318, 1, 1, 0, 0, 459, NULL, 760, 0, 0, 760, '2015-02-16', NULL, NULL, NULL, 1, 20, 'Active', 'Load', NULL, '2015-06-20', '01:33:34 AM'),
(910, 319, 1, 1, 0, 0, 460, NULL, 380, 0, 0, 380, '2015-02-25', NULL, NULL, NULL, 1, 20, 'Active', 'Load', NULL, '2015-06-20', '01:36:02 AM'),
(911, 320, 1, 1, 0, 0, 461, NULL, 1140, 0, 0, 1140, '2015-02-16', NULL, NULL, NULL, 1, 20, 'Active', 'Load', NULL, '2015-06-20', '01:43:38 AM'),
(912, 321, 1, 1, 0, 0, 462, NULL, 3040, 0, 0, 3040, '2015-02-16', NULL, NULL, NULL, 1, 20, 'Active', 'Load', NULL, '2015-06-20', '01:45:50 AM'),
(913, 322, 1, 1, 0, 0, 463, NULL, 2280, 0, 0, 2280, '2015-02-25', NULL, NULL, NULL, 1, 20, 'Active', 'Load', NULL, '2015-06-20', '01:48:20 AM'),
(914, 323, 1, 1, 0, 0, 464, NULL, 1550, 0, 0, 1550, '2015-02-25', NULL, NULL, NULL, 1, 20, 'Active', 'Load', NULL, '2015-06-20', '01:54:58 AM'),
(915, 324, 1, 1, 0, 0, 465, NULL, 1900, 0, 0, 1900, '2015-02-17', NULL, NULL, NULL, 1, 20, 'Active', 'Load', NULL, '2015-06-20', '01:57:44 AM'),
(916, 325, 1, 1, 0, 0, 466, NULL, 380, 0, 0, 380, '2015-02-25', NULL, NULL, NULL, 1, 20, 'Active', 'Load', NULL, '2015-06-20', '02:00:30 AM'),
(917, 129, 1, 1, 0, 0, 467, NULL, 4030, 0, 0, 22320, '2015-02-20', NULL, NULL, NULL, 4, 20, 'Active', 'Load', NULL, '2015-06-20', '02:01:27 AM'),
(918, 326, 1, 1, 0, 0, 468, NULL, 380, 0, 0, 380, '2015-02-16', NULL, NULL, NULL, 1, 20, 'Active', 'Load', NULL, '2015-06-20', '02:04:33 AM'),
(919, 327, 1, 1, 0, 0, 469, NULL, 760, 0, 0, 760, '2015-02-25', NULL, NULL, NULL, 1, 20, 'Active', 'Load', NULL, '2015-06-20', '02:08:25 AM'),
(920, 328, 1, 1, 0, 0, 470, NULL, 1900, 0, 0, 1900, '2015-02-17', NULL, NULL, NULL, 1, 20, 'Active', 'Load', NULL, '2015-06-20', '02:21:47 AM'),
(921, 329, 1, 1, 0, 0, 471, NULL, 2280, 0, 0, 2280, '2015-02-19', NULL, NULL, NULL, 1, 20, 'Active', 'Load', NULL, '2015-06-20', '02:26:55 AM'),
(922, 330, 1, 1, 0, 0, 472, NULL, 2280, 0, 0, 2280, '2015-02-17', NULL, NULL, NULL, 1, 20, 'Active', 'Load', NULL, '2015-06-20', '02:36:04 AM'),
(923, 144, 1, 1, 0, 0, 473, NULL, 3800, 0, 0, 8740, '2015-02-18', NULL, NULL, NULL, 3, 20, 'Active', 'Load', NULL, '2015-06-20', '02:37:25 AM'),
(924, 122, 1, 1, 0, 0, 474, NULL, 2280, 0, 0, 3040, '2015-02-17', NULL, NULL, NULL, 2, 20, 'Active', 'Load', NULL, '2015-06-20', '02:38:38 AM'),
(925, 290, 1, 1, 0, 0, 475, NULL, 1550, 0, 0, 13950, '2015-02-24', NULL, NULL, NULL, 2, 20, 'Active', 'Load', NULL, '2015-06-20', '02:42:02 AM'),
(926, 290, 1, 1, 0, 0, 476, NULL, 1550, 0, 0, 15500, '2015-02-25', NULL, NULL, NULL, 3, 20, 'Active', 'Load', NULL, '2015-06-20', '02:43:05 AM'),
(927, 290, 1, 1, 0, 0, 477, NULL, 9300, 0, 0, 24800, '2015-02-27', NULL, NULL, NULL, 4, 20, 'Active', 'Load', NULL, '2015-06-20', '02:43:48 AM'),
(928, 331, 1, 1, 0, 0, 478, NULL, 1520, 0, 0, 1520, '2015-02-17', NULL, NULL, NULL, 1, 20, 'Active', 'Load', NULL, '2015-06-20', '02:49:58 AM'),
(929, 332, 1, 1, 0, 0, 479, NULL, 1140, 0, 0, 1140, '2015-02-16', NULL, NULL, NULL, 1, 20, 'Active', 'Load', NULL, '2015-06-20', '02:57:04 AM'),
(930, 333, 1, 1, 0, 0, 480, NULL, 760, 0, 0, 760, '2015-02-18', NULL, NULL, NULL, 1, 20, 'Active', 'Load', NULL, '2015-06-20', '02:59:37 AM'),
(931, 333, 1, 1, 0, 0, 481, NULL, 380, 0, 0, 1140, '2015-02-17', NULL, NULL, NULL, 2, 20, 'Active', 'Load', NULL, '2015-06-20', '03:01:42 AM'),
(932, 334, 1, 1, 0, 0, 482, NULL, 1140, 0, 0, 1140, '2015-02-16', NULL, NULL, NULL, 1, 20, 'Active', 'Load', NULL, '2015-06-20', '04:53:39 AM'),
(933, 335, 1, 1, 0, 0, 483, NULL, 2280, 0, 0, 2280, '2015-02-16', NULL, NULL, NULL, 1, 20, 'Active', 'Load', NULL, '2015-06-20', '04:55:45 AM'),
(934, 336, 1, 1, 0, 0, 484, NULL, 3800, 0, 0, 3800, '2015-02-17', NULL, NULL, NULL, 1, 20, 'Active', 'Load', NULL, '2015-06-20', '04:58:21 AM'),
(935, 123, 1, 1, 0, 0, 485, NULL, 2790, 0, 0, 45880, '2015-02-27', NULL, NULL, NULL, 28, 20, 'Active', 'Load', NULL, '2015-06-20', '04:59:06 AM'),
(936, 123, 1, 1, 0, 0, 486, NULL, 930, 0, 0, 46810, '2015-03-01', NULL, NULL, NULL, 29, 20, 'Active', 'Load', NULL, '2015-06-20', '04:59:44 AM'),
(937, 123, 1, 1, 0, 0, 487, NULL, 930, 0, 0, 47740, '2015-03-01', NULL, NULL, NULL, 30, 20, 'Active', 'Load', NULL, '2015-06-20', '05:00:27 AM'),
(938, 123, 1, 1, 0, 0, 488, NULL, 620, 0, 0, 48360, '2015-03-01', NULL, NULL, NULL, 31, 20, 'Active', 'Load', NULL, '2015-06-20', '05:01:07 AM'),
(939, 123, 1, 1, 0, 0, 489, NULL, 620, 0, 0, 48980, '2015-03-01', NULL, NULL, NULL, 32, 20, 'Active', 'Load', NULL, '2015-06-20', '05:02:48 AM'),
(940, 123, 1, 1, 0, 0, 490, NULL, 620, 0, 0, 49600, '2015-03-01', NULL, NULL, NULL, 33, 20, 'Active', 'Load', NULL, '2015-06-20', '05:03:30 AM'),
(941, 337, 1, 1, 0, 0, 491, NULL, 1900, 0, 0, 1900, '2015-02-16', NULL, NULL, NULL, 1, 20, 'Active', 'Load', NULL, '2015-06-20', '05:11:33 AM'),
(942, 155, 1, 1, 0, 0, 492, NULL, 3100, 0, 0, 103230, '2015-03-01', NULL, NULL, NULL, 17, 20, 'Active', 'Load', NULL, '2015-06-20', '05:12:30 AM'),
(943, 155, 1, 1, 0, 0, 493, NULL, 2480, 0, 0, 105710, '2015-03-01', NULL, NULL, NULL, 18, 20, 'Active', 'Load', NULL, '2015-06-20', '05:13:09 AM'),
(944, 155, 1, 1, 0, 0, 494, NULL, 2790, 0, 0, 108500, '2015-03-01', NULL, NULL, NULL, 19, 20, 'Active', 'Load', NULL, '2015-06-20', '05:13:50 AM'),
(945, 338, 1, 1, 0, 0, 495, NULL, 2280, 0, 0, 2280, '2015-02-16', NULL, NULL, NULL, 1, 20, 'Active', 'Load', NULL, '2015-06-20', '05:18:13 AM'),
(946, 262, 1, 1, 0, 0, 496, NULL, 1900, 0, 0, 2280, '2015-02-16', NULL, NULL, NULL, 2, 20, 'Active', 'Load', NULL, '2015-06-20', '05:22:33 AM'),
(947, 340, 1, 1, 0, 0, 497, NULL, 760, 0, 0, 760, '2015-02-16', NULL, NULL, NULL, 1, 20, 'Active', 'Load', NULL, '2015-06-20', '23:49:30 PM'),
(948, 341, 1, 1, 0, 0, 498, NULL, 5320, 0, 0, 5320, '2015-02-17', NULL, NULL, NULL, 1, 20, 'Active', 'Load', NULL, '2015-06-20', '23:55:39 PM'),
(949, 224, 1, 1, 0, 0, 499, NULL, 930, 0, 0, 17050, '2015-02-26', NULL, NULL, NULL, 8, 20, 'Active', 'Load', NULL, '2015-06-20', '23:56:33 PM'),
(950, 167, 1, 1, 0, 0, 500, NULL, 9300, 0, 0, 82460, '2015-02-18', NULL, NULL, NULL, 7, 20, 'Active', 'Load', NULL, '2015-06-20', '23:57:28 PM'),
(951, 259, 1, 1, 0, 0, 501, NULL, 1860, 0, 0, 12090, '2015-02-24', NULL, NULL, NULL, 3, 20, 'Active', 'Load', NULL, '2015-06-20', '23:58:13 PM'),
(952, 71, 1, 1, 0, 0, 502, NULL, 1860, 0, 0, 47430, '2015-02-24', NULL, NULL, NULL, 6, 20, 'Active', 'Load', NULL, '2015-06-20', '23:59:39 PM'),
(953, 225, 1, 1, 0, 0, 503, NULL, 2170, 0, 0, 9920, '2015-02-24', NULL, NULL, NULL, 3, 20, 'Active', 'Load', NULL, '2015-06-21', '00:01:06 AM'),
(954, 225, 1, 1, 0, 0, 504, NULL, 7440, 0, 0, 17360, '2015-02-24', NULL, NULL, NULL, 4, 20, 'Active', 'Load', NULL, '2015-06-21', '00:02:17 AM'),
(955, 225, 1, 1, 0, 0, 505, NULL, 2170, 0, 0, 19530, '2015-02-25', NULL, NULL, NULL, 5, 20, 'Active', 'Load', NULL, '2015-06-21', '00:03:18 AM'),
(956, 342, 1, 1, 0, 0, 506, NULL, 12710, 0, 0, 12710, '2015-02-16', NULL, NULL, NULL, 1, 20, 'Active', 'Load', NULL, '2015-06-21', '00:06:10 AM'),
(957, 343, 1, 1, 0, 0, 507, NULL, 42000, 0, 0, 42000, '2015-02-16', NULL, NULL, NULL, 1, 20, 'Active', 'Load', NULL, '2015-06-21', '00:20:08 AM'),
(958, 344, 1, 1, 0, 0, 508, NULL, 1140, 0, 0, 1140, '2015-02-16', NULL, NULL, NULL, 1, 20, 'Active', 'Load', NULL, '2015-06-21', '00:26:22 AM'),
(959, 110, 1, 1, 0, 0, 509, NULL, 28210, 0, 0, 199640, '2015-06-21', NULL, NULL, NULL, 7, 20, 'Active', 'Load', NULL, '2015-06-21', '00:28:11 AM'),
(960, 110, 1, 1, 0, 0, 510, NULL, 31000, 0, 0, 230640, '2015-02-25', NULL, NULL, NULL, 8, 20, 'Active', 'Load', NULL, '2015-06-21', '00:29:17 AM'),
(961, 343, 1, 1, 0, 0, 511, NULL, 42000, 0, 0, 84000, '2015-02-17', NULL, NULL, NULL, 2, 20, 'Active', 'Load', NULL, '2015-06-21', '00:30:16 AM'),
(962, 345, 1, 1, 0, 0, 512, NULL, 65410, 0, 0, 65410, '2015-02-16', NULL, NULL, NULL, 1, 20, 'Active', 'Load', NULL, '2015-06-21', '00:35:55 AM'),
(963, 345, 1, 1, 0, 0, 513, NULL, 65100, 0, 0, 130510, '2015-02-17', NULL, NULL, NULL, 2, 20, 'Active', 'Load', NULL, '2015-06-21', '00:37:07 AM'),
(964, 345, 1, 1, 0, 0, 514, NULL, 33790, 0, 0, 164300, '2015-02-18', NULL, NULL, NULL, 3, 20, 'Active', 'Load', NULL, '2015-06-21', '00:38:12 AM'),
(965, 346, 1, 1, 0, 0, 515, NULL, 7980, 0, 0, 7980, '2015-02-18', NULL, NULL, NULL, 1, 20, 'Active', 'Load', NULL, '2015-06-21', '00:42:24 AM'),
(966, 347, 1, 1, 0, 0, 516, NULL, 760, 0, 0, 760, '2015-02-16', NULL, NULL, NULL, 1, 20, 'Active', 'Load', NULL, '2015-06-21', '00:45:52 AM'),
(967, 348, 1, 1, 0, 0, 517, NULL, 380, 0, 0, 380, '2015-02-17', NULL, NULL, NULL, 1, 20, 'Active', 'Load', NULL, '2015-06-21', '01:16:10 AM'),
(968, 349, 1, 1, 0, 0, 518, NULL, 760, 0, 0, 760, '2015-02-16', NULL, NULL, NULL, 1, 20, 'Active', 'Load', NULL, '2015-06-21', '01:18:01 AM'),
(969, 350, 1, 1, 0, 0, 519, NULL, 1140, 0, 0, 1140, '2015-02-16', NULL, NULL, NULL, 1, 20, 'Active', 'Load', NULL, '2015-06-21', '01:20:08 AM'),
(970, 352, 1, 1, 0, 0, 520, NULL, 1140, 0, 0, 1140, '2015-02-16', NULL, NULL, NULL, 1, 20, 'Active', 'Load', NULL, '2015-06-21', '01:23:32 AM'),
(971, 352, 1, 1, 0, 0, 521, NULL, 760, 0, 0, 1900, '2015-02-17', NULL, NULL, NULL, 2, 20, 'Active', 'Load', NULL, '2015-06-21', '01:24:15 AM'),
(972, 353, 1, 1, 0, 0, 522, NULL, 380, 0, 0, 380, '2015-02-16', NULL, NULL, NULL, 1, 20, 'Active', 'Load', NULL, '2015-06-21', '01:53:19 AM'),
(973, 354, 1, 1, 0, 0, 523, NULL, 1520, 0, 0, 1520, '2015-02-17', NULL, NULL, NULL, 1, 20, 'Active', 'Load', NULL, '2015-06-21', '01:56:25 AM'),
(974, 355, 1, 1, 0, 0, 524, NULL, 1140, 0, 0, 1140, '2015-02-16', NULL, NULL, NULL, 1, 20, 'Active', 'Load', NULL, '2015-06-21', '02:33:26 AM'),
(975, 356, 1, 1, 0, 0, 525, NULL, 760, 0, 0, 760, '2015-02-16', NULL, NULL, NULL, 1, 20, 'Active', 'Load', NULL, '2015-06-21', '02:35:32 AM'),
(976, 357, 1, 1, 0, 0, 526, NULL, 1140, 0, 0, 1140, '2015-02-16', NULL, NULL, NULL, 1, 20, 'Active', 'Load', NULL, '2015-06-21', '02:37:31 AM'),
(977, 358, 1, 1, 0, 0, 527, NULL, 1900, 0, 0, 1900, '2015-02-16', NULL, NULL, NULL, 1, 20, 'Active', 'Load', NULL, '2015-06-21', '02:40:54 AM'),
(978, 359, 1, 1, 0, 0, 528, NULL, 2280, 0, 0, 2280, '2015-02-16', NULL, NULL, NULL, 1, 20, 'Active', 'Load', NULL, '2015-06-21', '02:43:47 AM'),
(979, 360, 1, 1, 0, 0, 529, NULL, 1900, 0, 0, 1900, '2015-02-16', NULL, NULL, NULL, 1, 20, 'Active', 'Load', NULL, '2015-06-21', '02:48:09 AM'),
(980, 361, 1, 1, 0, 0, 530, NULL, 760, 0, 0, 760, '2015-02-16', NULL, NULL, NULL, 1, 20, 'Active', 'Load', NULL, '2015-06-21', '02:58:56 AM'),
(981, 71, 1, 1, 0, 0, 531, NULL, 1860, 0, 0, 49290, '2015-02-26', NULL, NULL, NULL, 7, 20, 'Active', 'Load', NULL, '2015-06-21', '03:00:11 AM'),
(982, 362, 1, 1, 0, 0, 532, NULL, 1520, 0, 0, 1520, '2015-02-16', NULL, NULL, NULL, 1, 20, 'Active', 'Load', NULL, '2015-06-21', '03:03:41 AM'),
(983, 363, 1, 1, 0, 0, 533, NULL, 1900, 0, 0, 1900, '2015-02-16', NULL, NULL, NULL, 1, 20, 'Active', 'Load', NULL, '2015-06-21', '03:06:35 AM'),
(984, 364, 1, 1, 0, 0, 534, NULL, 760, 0, 0, 760, '2015-02-16', NULL, NULL, NULL, 1, 20, 'Active', 'Load', NULL, '2015-06-21', '03:08:37 AM'),
(985, 365, 1, 1, 0, 0, 535, NULL, 1520, 0, 0, 1520, '2015-02-16', NULL, NULL, NULL, 1, 20, 'Active', 'Load', NULL, '2015-06-21', '03:10:26 AM'),
(986, 366, 1, 1, 0, 0, 536, NULL, 51150, 0, 0, 51150, '2015-02-17', NULL, NULL, NULL, 1, 20, 'Active', 'Load', NULL, '2015-06-21', '03:42:57 AM'),
(987, 367, 1, 1, 0, 0, 537, NULL, 2280, 0, 0, 2280, '2015-02-17', NULL, NULL, NULL, 1, 20, 'Active', 'Load', NULL, '2015-06-21', '03:58:11 AM'),
(988, 368, 1, 1, 0, 0, 538, NULL, 1520, 0, 0, 1520, '2015-02-16', NULL, NULL, NULL, 1, 20, 'Active', 'Load', NULL, '2015-06-21', '05:01:45 AM'),
(989, 369, 1, 1, 0, 0, 539, NULL, 3040, 0, 0, 3040, '2015-02-17', NULL, NULL, NULL, 1, 20, 'Active', 'Load', NULL, '2015-06-21', '05:03:59 AM'),
(990, 370, 1, 1, 0, 0, 540, NULL, 2660, 0, 0, 2660, '2015-02-17', NULL, NULL, NULL, 1, 20, 'Active', 'Load', NULL, '2015-06-21', '05:06:23 AM'),
(991, 371, 1, 1, 0, 0, 541, NULL, 760, 0, 0, 760, '2015-02-16', NULL, NULL, NULL, 1, 20, 'Active', 'Load', NULL, '2015-06-21', '05:08:16 AM'),
(992, 372, 1, 1, 0, 0, 542, NULL, 760, 0, 0, 760, '2015-02-16', NULL, NULL, NULL, 1, 20, 'Active', 'Load', NULL, '2015-06-21', '05:10:26 AM'),
(993, 366, 1, 1, 0, 0, 543, NULL, 58590, 0, 0, 109740, '2015-02-17', NULL, NULL, NULL, 2, 20, 'Active', 'Load', NULL, '2015-06-21', '05:11:30 AM'),
(994, 373, 1, 1, 0, 0, 544, NULL, 760, 0, 0, 760, '2015-02-17', NULL, NULL, NULL, 1, 20, 'Active', 'Load', NULL, '2015-06-21', '05:13:46 AM'),
(995, 374, 1, 1, 0, 0, 545, NULL, 380, 0, 0, 380, '2015-02-18', NULL, NULL, NULL, 1, 20, 'Active', 'Load', NULL, '2015-06-21', '05:15:24 AM'),
(996, 375, 1, 1, 0, 0, 546, NULL, 1140, 0, 0, 1140, '2015-02-18', NULL, NULL, NULL, 1, 20, 'Active', 'Load', NULL, '2015-06-21', '05:17:13 AM'),
(997, 375, 1, 1, 0, 0, 547, NULL, 1900, 0, 0, 3040, '2015-02-16', NULL, NULL, NULL, 2, 20, 'Active', 'Load', NULL, '2015-06-21', '05:19:10 AM'),
(998, 377, 1, 1, 0, 0, 548, NULL, 760, 0, 0, 760, '2015-02-18', NULL, NULL, NULL, 1, 20, 'Active', 'Load', NULL, '2015-06-21', '05:21:29 AM'),
(999, 129, 1, 1, 0, 0, 549, NULL, 4960, 0, 0, 27280, '2015-02-25', NULL, NULL, NULL, 5, 20, 'Active', 'Load', NULL, '2015-06-21', '05:22:22 AM'),
(1000, 378, 1, 1, 0, 0, 550, NULL, 8370, 0, 0, 8370, '2015-02-17', NULL, NULL, NULL, 1, 20, 'Active', 'Load', NULL, '2015-06-21', '05:28:14 AM'),
(1001, 379, 1, 1, 0, 0, 551, NULL, 760, 0, 0, 760, '2015-02-16', NULL, NULL, NULL, 1, 20, 'Active', 'Load', NULL, '2015-06-21', '05:30:31 AM'),
(1002, 380, 1, 1, 0, 0, 552, NULL, 2280, 0, 0, 2280, '2015-02-16', NULL, NULL, NULL, 1, 20, 'Active', 'Load', NULL, '2015-06-21', '05:32:17 AM'),
(1003, 71, 1, 1, 0, 0, 553, NULL, 1240, 0, 0, 50530, '2015-02-26', NULL, NULL, NULL, 8, 20, 'Active', 'Load', NULL, '2015-06-23', '00:00:37 AM'),
(1004, 381, 1, 1, 0, 0, 554, NULL, 6840, 0, 0, 6840, '2015-02-16', NULL, NULL, NULL, 1, 20, 'Active', 'Load', NULL, '2015-06-23', '00:04:09 AM'),
(1005, 382, 1, 1, 0, 0, 555, NULL, 760, 0, 0, 760, '2015-02-16', NULL, NULL, NULL, 1, 20, 'Active', 'Load', NULL, '2015-06-23', '00:14:19 AM'),
(1006, 383, 1, 1, 0, 0, 556, NULL, 3040, 0, 0, 3040, '2015-02-16', NULL, NULL, NULL, 1, 20, 'Active', 'Load', NULL, '2015-06-23', '00:17:14 AM'),
(1007, 259, 1, 1, 0, 0, 557, NULL, 5890, 0, 0, 17980, '2015-02-25', NULL, NULL, NULL, 4, 20, 'Active', 'Load', NULL, '2015-06-23', '00:18:11 AM'),
(1008, 259, 1, 1, 0, 0, 558, NULL, 3720, 0, 0, 21700, '2015-02-25', NULL, NULL, NULL, 5, 20, 'Active', 'Load', NULL, '2015-06-23', '00:18:56 AM'),
(1009, 259, 1, 1, 0, 0, 559, NULL, 2480, 0, 0, 24180, '2015-02-26', NULL, NULL, NULL, 6, 20, 'Active', 'Load', NULL, '2015-06-23', '00:20:25 AM'),
(1010, 345, 1, 1, 0, 0, 560, NULL, 31000, 0, 0, 195300, '2015-02-18', NULL, NULL, NULL, 4, 20, 'Active', 'Load', NULL, '2015-06-23', '00:21:39 AM'),
(1011, 71, 1, 1, 0, 0, 561, NULL, 2170, 0, 0, 52700, '2015-02-26', NULL, NULL, NULL, 9, 20, 'Active', 'Load', NULL, '2015-06-23', '00:22:43 AM'),
(1012, 384, 1, 1, 0, 0, 562, NULL, 760, 0, 0, 760, '2015-02-16', NULL, NULL, NULL, 1, 20, 'Active', 'Load', NULL, '2015-06-23', '00:25:25 AM'),
(1013, 385, 1, 1, 0, 0, 563, NULL, 760, 0, 0, 760, '2015-02-16', NULL, NULL, NULL, 1, 20, 'Active', 'Load', NULL, '2015-06-23', '00:28:34 AM'),
(1014, 386, 1, 1, 0, 0, 564, NULL, 2280, 0, 0, 2280, '2015-02-16', NULL, NULL, NULL, 1, 20, 'Active', 'Load', NULL, '2015-06-23', '00:31:24 AM'),
(1015, 387, 1, 1, 0, 0, 565, NULL, 380, 0, 0, 380, '2015-02-16', NULL, NULL, NULL, 1, 20, 'Active', 'Load', NULL, '2015-06-23', '00:36:47 AM'),
(1016, 388, 1, 1, 0, 0, 566, NULL, 1900, 0, 0, 1900, '2015-02-16', NULL, NULL, NULL, 1, 20, 'Active', 'Load', NULL, '2015-06-23', '00:39:05 AM'),
(1017, 389, 1, 1, 0, 0, 567, NULL, 3800, 0, 0, 3800, '2015-02-16', NULL, NULL, NULL, 1, 20, 'Active', 'Load', NULL, '2015-06-23', '00:42:44 AM'),
(1018, 390, 1, 1, 0, 0, 568, NULL, 1900, 0, 0, 1900, '2015-02-16', NULL, NULL, NULL, 1, 20, 'Active', 'Load', NULL, '2015-06-23', '00:45:11 AM'),
(1019, 391, 1, 1, 0, 0, 569, NULL, 380, 0, 0, 380, '2015-02-16', NULL, NULL, NULL, 1, 20, 'Active', 'Load', NULL, '2015-06-23', '00:47:20 AM'),
(1020, 392, 1, 1, 0, 0, 570, NULL, 380, 0, 0, 380, '2015-02-16', NULL, NULL, NULL, 1, 20, 'Active', 'Load', NULL, '2015-06-23', '00:49:47 AM'),
(1021, 393, 1, 1, 0, 0, 571, NULL, 380, 0, 0, 380, '2015-02-16', NULL, NULL, NULL, 1, 20, 'Active', 'Load', NULL, '2015-06-23', '00:52:03 AM'),
(1022, 394, 1, 1, 0, 0, 572, NULL, 1140, 0, 0, 1140, '2015-02-16', NULL, NULL, NULL, 1, 20, 'Active', 'Load', NULL, '2015-06-23', '01:04:07 AM'),
(1023, 395, 1, 1, 0, 0, 573, NULL, 760, 0, 0, 760, '2015-02-16', NULL, NULL, NULL, 1, 20, 'Active', 'Load', NULL, '2015-06-23', '01:48:26 AM'),
(1024, 396, 1, 1, 0, 0, 574, NULL, 760, 0, 0, 760, '2015-02-16', NULL, NULL, NULL, 1, 20, 'Active', 'Load', NULL, '2015-06-23', '01:53:37 AM'),
(1025, 397, 1, 1, 0, 0, 575, NULL, 380, 0, 0, 380, '2015-02-16', NULL, NULL, NULL, 1, 20, 'Active', 'Load', NULL, '2015-06-23', '02:19:10 AM'),
(1026, 82, 1, 1, 0, 0, 576, NULL, 6200, 0, 0, 84940, '2015-02-25', NULL, NULL, NULL, 12, 20, 'Active', 'Load', NULL, '2015-06-23', '02:19:55 AM'),
(1027, 82, 1, 1, 0, 0, 577, NULL, 4340, 0, 0, 89280, '2015-02-26', NULL, NULL, NULL, 13, 20, 'Active', 'Load', NULL, '2015-06-23', '02:20:40 AM'),
(1028, 398, 1, 1, 0, 0, 578, NULL, 3040, 0, 0, 3040, '2015-02-18', NULL, NULL, NULL, 1, 20, 'Active', 'Load', NULL, '2015-06-23', '02:23:55 AM'),
(1029, 399, 1, 1, 0, 0, 579, NULL, 1140, 0, 0, 1140, '2015-02-16', NULL, NULL, NULL, 1, 20, 'Active', 'Load', NULL, '2015-06-23', '02:26:40 AM'),
(1030, 260, 1, 1, 0, 0, 580, NULL, 3410, 0, 0, 36580, '2015-02-17', NULL, NULL, NULL, 9, 20, 'Active', 'Load', NULL, '2015-06-23', '02:27:35 AM'),
(1031, 260, 1, 1, 0, 0, 581, NULL, 3100, 0, 0, 39680, '2015-02-19', NULL, NULL, NULL, 10, 20, 'Active', 'Load', NULL, '2015-06-23', '02:28:21 AM'),
(1032, 260, 1, 1, 0, 0, 582, NULL, 3720, 0, 0, 43400, '2015-02-20', NULL, NULL, NULL, 11, 20, 'Active', 'Load', NULL, '2015-06-23', '02:29:42 AM'),
(1033, 260, 1, 1, 0, 0, 583, NULL, 2480, 0, 0, 45880, '2015-02-18', NULL, NULL, NULL, 12, 20, 'Active', 'Load', NULL, '2015-06-23', '02:39:17 AM'),
(1034, 343, 1, 1, 0, 0, 584, NULL, 16590, 0, 0, 100590, '2015-02-19', NULL, NULL, NULL, 3, 20, 'Active', 'Load', NULL, '2015-06-23', '02:40:13 AM'),
(1035, 345, 1, 1, 0, 0, 585, NULL, 31000, 0, 0, 226300, '2015-02-19', NULL, NULL, NULL, 5, 20, 'Active', 'Load', NULL, '2015-06-23', '02:42:35 AM'),
(1036, 345, 1, 1, 0, 0, 586, NULL, 61380, 0, 0, 287680, '2015-02-20', NULL, NULL, NULL, 6, 20, 'Active', 'Load', NULL, '2015-06-23', '02:43:22 AM'),
(1037, 268, 1, 1, 0, 0, 587, NULL, 55800, 0, 0, 111600, '2015-02-25', NULL, NULL, NULL, 3, 20, 'Active', 'Load', NULL, '2015-06-23', '02:44:22 AM'),
(1038, 346, 1, 1, 0, 0, 588, NULL, 7220, 0, 0, 15200, '2015-02-17', NULL, NULL, NULL, 2, 20, 'Active', 'Load', NULL, '2015-06-23', '03:01:01 AM'),
(1039, 400, 1, 1, 0, 0, 589, NULL, 18600, 0, 0, 18600, '2015-02-16', NULL, NULL, NULL, 1, 20, 'Active', 'Load', NULL, '2015-06-23', '03:03:29 AM'),
(1040, 345, 1, 1, 0, 0, 590, NULL, 34100, 0, 0, 321780, '2015-02-18', NULL, NULL, NULL, 7, 20, 'Active', 'Load', NULL, '2015-06-23', '03:04:40 AM'),
(1041, 402, 1, 1, 0, 0, 591, NULL, 10640, 0, 0, 10640, '2015-02-17', NULL, NULL, NULL, 1, 20, 'Active', 'Load', NULL, '2015-06-23', '03:14:39 AM'),
(1042, 403, 1, 1, 0, 0, 592, NULL, 1520, 0, 0, 1520, '2015-02-17', NULL, NULL, NULL, 1, 20, 'Active', 'Load', NULL, '2015-06-23', '03:17:41 AM'),
(1043, 305, 1, 1, 0, 0, 593, NULL, 2660, 0, 0, 4940, '2015-02-17', NULL, NULL, NULL, 3, 20, 'Active', 'Load', NULL, '2015-06-23', '03:19:06 AM'),
(1044, 404, 1, 1, 0, 0, 594, NULL, 1140, 0, 0, 1140, '2015-02-16', NULL, NULL, NULL, 1, 20, 'Active', 'Load', NULL, '2015-06-23', '03:21:01 AM'),
(1045, 259, 1, 1, 0, 0, 595, NULL, 6200, 0, 0, 30380, '2015-02-26', NULL, NULL, NULL, 7, 20, 'Active', 'Load', NULL, '2015-06-23', '03:22:01 AM'),
(1046, 259, 1, 1, 0, 0, 596, NULL, 2170, 0, 0, 32550, '2015-02-27', NULL, NULL, NULL, 8, 20, 'Active', 'Load', NULL, '2015-06-23', '03:22:46 AM'),
(1047, 405, 1, 1, 0, 0, 597, NULL, 1520, 0, 0, 1520, '2015-02-16', NULL, NULL, NULL, 1, 20, 'Active', 'Load', NULL, '2015-06-23', '03:25:08 AM'),
(1048, 406, 1, 1, 0, 0, 598, NULL, 380, 0, 0, 380, '2015-02-17', NULL, NULL, NULL, 1, 20, 'Active', 'Load', NULL, '2015-06-23', '03:29:21 AM'),
(1049, 407, 1, 1, 0, 0, 599, NULL, 1520, 0, 0, 1520, '2015-02-17', NULL, NULL, NULL, 1, 20, 'Active', 'Load', NULL, '2015-06-23', '04:17:03 AM'),
(1050, 408, 1, 1, 0, 0, 600, NULL, 760, 0, 0, 760, '2015-02-17', NULL, NULL, NULL, 1, 20, 'Active', 'Load', NULL, '2015-06-23', '04:20:11 AM'),
(1051, 409, 1, 1, 0, 0, 601, NULL, 1520, 0, 0, 1520, '2015-02-17', NULL, NULL, NULL, 1, 20, 'Active', 'Load', NULL, '2015-06-23', '04:25:09 AM'),
(1052, 410, 1, 1, 0, 0, 602, NULL, 380, 0, 0, 380, '2015-02-17', NULL, NULL, NULL, 1, 20, 'Active', 'Load', NULL, '2015-06-23', '04:27:49 AM'),
(1053, 411, 1, 1, 0, 0, 603, NULL, 1140, 0, 0, 1140, '2015-02-16', NULL, NULL, NULL, 1, 20, 'Active', 'Load', NULL, '2015-06-23', '05:55:22 AM'),
(1054, 412, 1, 1, 0, 0, 604, NULL, 380, 0, 0, 380, '2015-02-17', NULL, NULL, NULL, 1, 20, 'Active', 'Load', NULL, '2015-06-23', '05:56:03 AM'),
(1055, 413, 1, 1, 0, 0, 605, NULL, 760, 0, 0, 760, '2015-02-16', NULL, NULL, NULL, 1, 20, 'Active', 'Load', NULL, '2015-06-23', '05:56:56 AM'),
(1056, 414, 1, 1, 0, 0, 606, NULL, 2660, 0, 0, 2660, '2015-02-16', NULL, NULL, NULL, 1, 20, 'Active', 'Load', NULL, '2015-06-23', '05:57:42 AM'),
(1057, 415, 1, 1, 0, 0, 607, NULL, 1140, 0, 0, 1140, '2015-02-16', NULL, NULL, NULL, 1, 20, 'Active', 'Load', NULL, '2015-06-23', '05:58:35 AM'),
(1058, 416, 1, 1, 0, 0, 608, NULL, 1520, 0, 0, 1520, '2015-02-16', NULL, NULL, NULL, 1, 20, 'Active', 'Load', NULL, '2015-06-23', '05:59:34 AM'),
(1059, 417, 1, 1, 0, 0, 609, NULL, 760, 0, 0, 760, '2015-02-16', NULL, NULL, NULL, 1, 20, 'Active', 'Load', NULL, '2015-06-23', '06:00:15 AM'),
(1060, 418, 1, 1, 0, 0, 610, NULL, 1520, 0, 0, 1520, '2015-02-16', NULL, NULL, NULL, 1, 20, 'Active', 'Load', NULL, '2015-06-23', '06:00:57 AM'),
(1061, 419, 1, 1, 0, 0, 611, NULL, 380, 0, 0, 380, '2015-02-17', NULL, NULL, NULL, 1, 20, 'Active', 'Load', NULL, '2015-06-23', '06:01:46 AM'),
(1062, 420, 1, 1, 0, 0, 612, NULL, 1140, 0, 0, 1140, '2015-02-16', NULL, NULL, NULL, 1, 20, 'Active', 'Load', NULL, '2015-06-23', '06:02:32 AM'),
(1063, 421, 1, 1, 0, 0, 613, NULL, 2280, 0, 0, 2280, '2015-02-16', NULL, NULL, NULL, 1, 20, 'Active', 'Load', NULL, '2015-06-23', '06:06:03 AM'),
(1064, 422, 1, 1, 0, 0, 614, NULL, 1140, 0, 0, 1140, '2015-02-16', NULL, NULL, NULL, 1, 20, 'Active', 'Load', NULL, '2015-06-23', '06:08:33 AM'),
(1065, 368, 1, 1, 0, 0, 615, NULL, 1140, 0, 0, 2660, '2015-02-17', NULL, NULL, NULL, 2, 20, 'Active', 'Load', NULL, '2015-06-23', '06:11:05 AM'),
(1066, 423, 1, 1, 0, 0, 616, NULL, 1140, 0, 0, 1140, '2015-02-16', NULL, NULL, NULL, 1, 20, 'Active', 'Load', NULL, '2015-06-23', '06:23:20 AM'),
(1067, 424, 1, 1, 0, 0, 617, NULL, 2280, 0, 0, 2280, '2015-02-16', NULL, NULL, NULL, 1, 20, 'Active', 'Load', NULL, '2015-06-23', '06:24:03 AM'),
(1068, 425, 1, 1, 0, 0, 618, NULL, 1140, 0, 0, 1140, '2015-02-17', NULL, NULL, NULL, 1, 20, 'Active', 'Load', NULL, '2015-06-23', '06:24:50 AM'),
(1069, 426, 1, 1, 0, 0, 619, NULL, 9120, 0, 0, 9120, '2015-02-16', NULL, NULL, NULL, 1, 20, 'Active', 'Load', NULL, '2015-06-23', '06:25:33 AM'),
(1070, 427, 1, 1, 0, 0, 620, NULL, 1520, 0, 0, 1520, '2015-02-16', NULL, NULL, NULL, 1, 20, 'Active', 'Load', NULL, '2015-06-23', '06:26:19 AM'),
(1071, 428, 1, 1, 0, 0, 621, NULL, 3800, 0, 0, 3800, '2015-02-16', NULL, NULL, NULL, 1, 20, 'Active', 'Load', NULL, '2015-06-23', '06:27:44 AM'),
(1072, 429, 1, 1, 0, 0, 622, NULL, 1140, 0, 0, 1140, '2015-02-17', NULL, NULL, NULL, 1, 20, 'Active', 'Load', NULL, '2015-06-23', '06:28:18 AM'),
(1073, 430, 1, 1, 0, 0, 623, NULL, 1520, 0, 0, 1520, '2015-02-16', NULL, NULL, NULL, 1, 20, 'Active', 'Load', NULL, '2015-06-23', '06:29:02 AM'),
(1074, 431, 1, 1, 0, 0, 624, NULL, 2280, 0, 0, 2280, '2015-02-16', NULL, NULL, NULL, 1, 20, 'Active', 'Load', NULL, '2015-06-23', '06:29:51 AM'),
(1075, 432, 1, 1, 0, 0, 625, NULL, 1520, 0, 0, 1520, '2015-02-16', NULL, NULL, NULL, 1, 20, 'Active', 'Load', NULL, '2015-06-23', '23:09:22 PM'),
(1076, 433, 1, 1, 0, 0, 626, NULL, 1520, 0, 0, 1520, '2015-02-16', NULL, NULL, NULL, 1, 20, 'Active', 'Load', NULL, '2015-06-23', '23:10:21 PM'),
(1077, 435, 1, 1, 0, 0, 627, NULL, 1900, 0, 0, 1900, '2015-02-16', NULL, NULL, NULL, 1, 20, 'Active', 'Load', NULL, '2015-06-23', '23:16:44 PM'),
(1078, 436, 1, 1, 0, 0, 628, NULL, 3800, 0, 0, 3800, '2015-02-16', NULL, NULL, NULL, 1, 20, 'Active', 'Load', NULL, '2015-06-23', '23:19:44 PM'),
(1079, 434, 1, 1, 0, 0, 629, NULL, 11400, 0, 0, 11400, '2015-02-16', NULL, NULL, NULL, 1, 20, 'Active', 'Load', NULL, '2015-06-23', '23:22:05 PM'),
(1080, 434, 1, 1, 0, 0, 630, NULL, 380, 0, 0, 11780, '2015-02-17', NULL, NULL, NULL, 2, 20, 'Active', 'Load', NULL, '2015-06-23', '23:22:57 PM'),
(1081, 437, 1, 1, 0, 0, 631, NULL, 1520, 0, 0, 1520, '2015-02-16', NULL, NULL, NULL, 1, 20, 'Active', 'Load', NULL, '2015-06-24', '00:26:19 AM'),
(1082, 438, 1, 1, 0, 0, 632, NULL, 12710, 0, 0, 12710, '2015-02-17', NULL, NULL, NULL, 1, 20, 'Active', 'Load', NULL, '2015-06-24', '00:32:47 AM'),
(1083, 70, 1, 1, 0, 0, 633, NULL, 68200, 0, 0, 325500, '2015-02-19', NULL, NULL, NULL, 5, 20, 'Active', 'Load', NULL, '2015-06-24', '00:36:31 AM'),
(1084, 400, 1, 1, 0, 0, 634, NULL, 18600, 0, 0, 37200, '2015-02-18', NULL, NULL, NULL, 2, 20, 'Active', 'Load', NULL, '2015-06-24', '00:37:34 AM'),
(1085, 167, 1, 1, 0, 0, 635, NULL, 15500, 0, 0, 97960, '2015-02-25', NULL, NULL, NULL, 8, 20, 'Active', 'Load', NULL, '2015-06-24', '00:52:47 AM'),
(1086, 167, 1, 1, 0, 0, 636, NULL, 18600, 0, 0, 116560, '2015-02-19', NULL, NULL, NULL, 9, 20, 'Active', 'Load', NULL, '2015-06-24', '00:53:40 AM'),
(1087, 345, 1, 1, 0, 0, 637, NULL, 63240, 0, 0, 385020, '2015-02-18', NULL, NULL, NULL, 8, 20, 'Active', 'Load', NULL, '2015-06-24', '00:54:51 AM'),
(1088, 129, 1, 1, 0, 0, 638, NULL, 17050, 0, 0, 44330, '2015-02-20', NULL, NULL, NULL, 6, 20, 'Active', 'Load', NULL, '2015-06-24', '00:55:53 AM'),
(1089, 268, 1, 1, 0, 0, 639, NULL, 38750, 0, 0, 150350, '2015-02-17', NULL, NULL, NULL, 4, 20, 'Active', 'Load', NULL, '2015-06-24', '00:57:13 AM'),
(1090, 225, 1, 1, 0, 0, 640, NULL, 930, 0, 0, 20460, '2015-02-20', NULL, NULL, NULL, 6, 20, 'Active', 'Load', NULL, '2015-06-24', '01:00:24 AM'),
(1091, 225, 1, 1, 0, 0, 641, NULL, 1550, 0, 0, 22010, '2015-02-20', NULL, NULL, NULL, 7, 20, 'Active', 'Load', NULL, '2015-06-24', '01:02:02 AM'),
(1092, 439, 1, 1, 0, 0, 642, NULL, 2280, 0, 0, 2280, '2015-02-18', NULL, NULL, NULL, 1, 20, 'Active', 'Load', NULL, '2015-06-24', '01:53:02 AM'),
(1093, 440, 1, 1, 0, 0, 643, NULL, 760, 0, 0, 760, '2015-02-16', NULL, NULL, NULL, 1, 20, 'Active', 'Load', NULL, '2015-06-24', '01:54:01 AM'),
(1094, 441, 1, 1, 0, 0, 644, NULL, 0, 0, 0, 0, '2015-02-17', NULL, NULL, NULL, 1, 20, 'Active', 'Load', NULL, '2015-06-24', '01:54:51 AM'),
(1095, 442, 1, 1, 0, 0, 645, NULL, 7600, 0, 0, 7600, '2015-02-17', NULL, NULL, NULL, 1, 20, 'Active', 'Load', NULL, '2015-06-24', '01:55:47 AM'),
(1096, 443, 1, 1, 0, 0, 646, NULL, 3800, 0, 0, 3800, '2015-02-17', NULL, NULL, NULL, 1, 20, 'Active', 'Load', NULL, '2015-06-24', '02:04:58 AM'),
(1097, 444, 1, 1, 0, 0, 647, NULL, 4180, 0, 0, 4180, '2015-02-24', NULL, NULL, NULL, 1, 20, 'Active', 'Load', NULL, '2015-06-24', '02:06:00 AM'),
(1098, 445, 1, 1, 0, 0, 648, NULL, 1900, 0, 0, 1900, '2015-02-17', NULL, NULL, NULL, 1, 20, 'Active', 'Load', NULL, '2015-06-24', '02:06:57 AM'),
(1099, 446, 1, 1, 0, 0, 649, NULL, 1520, 0, 0, 1520, '2015-02-17', NULL, NULL, NULL, 1, 20, 'Active', 'Load', NULL, '2015-06-24', '02:07:46 AM'),
(1100, 447, 1, 1, 0, 0, 650, NULL, 1140, 0, 0, 1140, '2015-02-16', NULL, NULL, NULL, 1, 20, 'Active', 'Load', NULL, '2015-06-24', '02:08:39 AM'),
(1101, 448, 1, 1, 0, 0, 651, NULL, 1140, 0, 0, 1140, '2015-02-17', NULL, NULL, NULL, 1, 20, 'Active', 'Load', NULL, '2015-06-24', '02:09:39 AM'),
(1102, 449, 1, 1, 0, 0, 652, NULL, 2790, 0, 0, 2790, '2015-02-17', NULL, NULL, NULL, 1, 20, 'Active', 'Load', NULL, '2015-06-24', '02:10:47 AM'),
(1103, 450, 1, 1, 0, 0, 653, NULL, 2660, 0, 0, 2660, '2015-02-16', NULL, NULL, NULL, 1, 20, 'Active', 'Load', NULL, '2015-06-24', '02:11:47 AM'),
(1104, 451, 1, 1, 0, 0, 654, NULL, 2660, 0, 0, 2660, '2015-02-17', NULL, NULL, NULL, 1, 20, 'Active', 'Load', NULL, '2015-06-24', '02:12:40 AM'),
(1105, 452, 1, 1, 0, 0, 655, NULL, 1140, 0, 0, 1140, '2015-02-17', NULL, NULL, NULL, 1, 20, 'Active', 'Load', NULL, '2015-06-24', '02:13:35 AM'),
(1106, 453, 1, 1, 0, 0, 656, NULL, 1140, 0, 0, 1140, '2015-02-24', NULL, NULL, NULL, 1, 20, 'Active', 'Load', NULL, '2015-06-24', '02:14:39 AM'),
(1107, 454, 1, 1, 0, 0, 657, NULL, 1900, 0, 0, 1900, '2015-02-16', NULL, NULL, NULL, 1, 20, 'Active', 'Load', NULL, '2015-06-24', '02:15:32 AM'),
(1108, 455, 1, 1, 0, 0, 658, NULL, 760, 0, 0, 760, '2015-02-25', NULL, NULL, NULL, 1, 20, 'Active', 'Load', NULL, '2015-06-24', '02:16:32 AM'),
(1109, 456, 1, 1, 0, 0, 659, NULL, 760, 0, 0, 760, '2015-02-17', NULL, NULL, NULL, 1, 20, 'Active', 'Load', NULL, '2015-06-24', '02:17:21 AM'),
(1110, 457, 1, 1, 0, 0, 660, NULL, 760, 0, 0, 760, '2015-02-17', NULL, NULL, NULL, 1, 20, 'Active', 'Load', NULL, '2015-06-24', '02:18:37 AM'),
(1111, 155, 1, 1, 0, 0, 661, NULL, 4030, 0, 0, 112530, '2015-02-17', NULL, NULL, NULL, 20, 20, 'Active', 'Load', NULL, '2015-06-24', '02:47:16 AM'),
(1112, 348, 1, 1, 0, 0, 662, NULL, 1140, 0, 0, 1520, '2015-02-17', NULL, NULL, NULL, 2, 20, 'Active', 'Load', NULL, '2015-06-24', '02:51:26 AM'),
(1113, 367, 1, 1, 0, 0, 663, NULL, 1900, 0, 0, 4180, '2015-02-19', NULL, NULL, NULL, 2, 20, 'Active', 'Load', NULL, '2015-06-24', '02:52:37 AM'),
(1114, 155, 1, 1, 0, 0, 664, NULL, 620, 0, 0, 113150, '2015-02-27', NULL, NULL, NULL, 21, 20, 'Active', 'Load', NULL, '2015-06-24', '02:57:08 AM'),
(1115, 225, 1, 1, 0, 0, 665, NULL, 1860, 0, 0, 23870, '2015-02-18', NULL, NULL, NULL, 8, 20, 'Active', 'Load', NULL, '2015-06-24', '02:58:25 AM'),
(1116, 167, 1, 1, 0, 0, 666, NULL, 6510, 0, 0, 123070, '2015-02-17', NULL, NULL, NULL, 10, 20, 'Active', 'Load', NULL, '2015-06-24', '02:59:28 AM'),
(1117, 167, 1, 1, 0, 0, 667, NULL, 8990, 0, 0, 132060, '2015-02-16', NULL, NULL, NULL, 11, 20, 'Active', 'Load', NULL, '2015-06-24', '03:47:25 AM'),
(1118, 82, 1, 1, 0, 0, 668, NULL, 9610, 0, 0, 98890, '2015-02-25', NULL, NULL, NULL, 14, 20, 'Active', 'Load', NULL, '2015-06-24', '03:48:19 AM'),
(1119, 458, 1, 1, 0, 0, 669, NULL, 380, 0, 0, 380, '2015-02-16', NULL, NULL, NULL, 1, 20, 'Active', 'Load', NULL, '2015-06-24', '05:53:48 AM'),
(1120, 459, 1, 1, 0, 0, 670, NULL, 4180, 0, 0, 4180, '2015-02-17', NULL, NULL, NULL, 1, 20, 'Active', 'Load', NULL, '2015-06-24', '05:54:45 AM'),
(1121, 460, 1, 1, 0, 0, 671, NULL, 760, 0, 0, 760, '2015-02-18', NULL, NULL, NULL, 1, 20, 'Active', 'Load', NULL, '2015-06-24', '05:55:25 AM'),
(1122, 461, 1, 1, 0, 0, 672, NULL, 1900, 0, 0, 1900, '2015-02-17', NULL, NULL, NULL, 1, 20, 'Active', 'Load', NULL, '2015-06-24', '05:56:07 AM'),
(1123, 462, 1, 1, 0, 0, 673, NULL, 1520, 0, 0, 1520, '2015-02-17', NULL, NULL, NULL, 1, 20, 'Active', 'Load', NULL, '2015-06-24', '05:57:05 AM'),
(1124, 463, 1, 1, 0, 0, 674, NULL, 1520, 0, 0, 1520, '2015-02-17', NULL, NULL, NULL, 1, 20, 'Active', 'Load', NULL, '2015-06-24', '05:57:54 AM'),
(1125, 482, 1, 1, 0, 0, 675, NULL, 12400, 0, 0, 12400, '2015-02-16', NULL, NULL, NULL, 1, 20, 'Active', 'Load', NULL, '2015-06-24', '06:02:36 AM'),
(1126, 465, 1, 1, 0, 0, 676, NULL, 760, 0, 0, 760, '2015-02-16', NULL, NULL, NULL, 1, 20, 'Active', 'Load', NULL, '2015-06-24', '06:03:39 AM'),
(1127, 466, 1, 1, 0, 0, 677, NULL, 380, 0, 0, 380, '2015-02-16', NULL, NULL, NULL, 1, 20, 'Active', 'Load', NULL, '2015-06-24', '06:04:32 AM'),
(1128, 467, 1, 1, 0, 0, 678, NULL, 1140, 0, 0, 1140, '2015-02-17', NULL, NULL, NULL, 1, 20, 'Active', 'Load', NULL, '2015-06-24', '06:05:18 AM'),
(1129, 468, 1, 1, 0, 0, 679, NULL, 1900, 0, 0, 1900, '2015-02-17', NULL, NULL, NULL, 1, 20, 'Active', 'Load', NULL, '2015-06-24', '06:06:35 AM'),
(1130, 469, 1, 1, 0, 0, 680, NULL, 0, 0, 0, 0, '2015-02-16', NULL, NULL, NULL, 1, 20, 'Active', 'Load', NULL, '2015-06-24', '06:07:24 AM'),
(1131, 470, 1, 1, 0, 0, 681, NULL, 1520, 0, 0, 1520, '2015-02-16', NULL, NULL, NULL, 1, 20, 'Active', 'Load', NULL, '2015-06-24', '06:08:53 AM'),
(1132, 471, 1, 1, 0, 0, 682, NULL, 1900, 0, 0, 1900, '2015-02-16', NULL, NULL, NULL, 1, 20, 'Active', 'Load', NULL, '2015-06-24', '06:09:39 AM'),
(1133, 472, 1, 1, 0, 0, 683, NULL, 1520, 0, 0, 1520, '2015-02-17', NULL, NULL, NULL, 1, 20, 'Active', 'Load', NULL, '2015-06-24', '06:10:26 AM'),
(1134, 473, 1, 1, 0, 0, 684, NULL, 2660, 0, 0, 2660, '2015-02-16', NULL, NULL, NULL, 1, 20, 'Active', 'Load', NULL, '2015-06-24', '06:11:26 AM'),
(1135, 474, 1, 1, 0, 0, 685, NULL, 1140, 0, 0, 1140, '2015-02-16', NULL, NULL, NULL, 1, 20, 'Active', 'Load', NULL, '2015-06-24', '06:13:13 AM'),
(1136, 475, 1, 1, 0, 0, 686, NULL, 1520, 0, 0, 1520, '2015-02-17', NULL, NULL, NULL, 1, 20, 'Active', 'Load', NULL, '2015-06-24', '06:14:06 AM'),
(1137, 476, 1, 1, 0, 0, 687, NULL, 380, 0, 0, 380, '2015-02-16', NULL, NULL, NULL, 1, 20, 'Active', 'Load', NULL, '2015-06-24', '06:16:42 AM'),
(1138, 477, 1, 1, 0, 0, 688, NULL, 1140, 0, 0, 1140, '2015-02-17', NULL, NULL, NULL, 1, 20, 'Active', 'Load', NULL, '2015-06-24', '06:17:26 AM'),
(1139, 478, 1, 1, 0, 0, 689, NULL, 1520, 0, 0, 1520, '2015-02-17', NULL, NULL, NULL, 1, 20, 'Active', 'Load', NULL, '2015-06-24', '06:18:20 AM'),
(1140, 479, 1, 1, 0, 0, 690, NULL, 3040, 0, 0, 3040, '2015-02-16', NULL, NULL, NULL, 1, 20, 'Active', 'Load', NULL, '2015-06-24', '06:19:10 AM'),
(1141, 479, 1, 1, 0, 0, 691, NULL, 2660, 0, 0, 5700, '2015-02-17', NULL, NULL, NULL, 2, 20, 'Active', 'Load', NULL, '2015-06-24', '06:20:16 AM'),
(1142, 480, 1, 1, 0, 0, 692, NULL, 1520, 0, 0, 1520, '2015-02-16', NULL, NULL, NULL, 1, 20, 'Active', 'Load', NULL, '2015-06-24', '06:21:10 AM'),
(1143, 480, 1, 1, 0, 0, 693, NULL, 1140, 0, 0, 2660, '2015-02-17', NULL, NULL, NULL, 2, 20, 'Active', 'Load', NULL, '2015-06-24', '06:21:57 AM'),
(1144, 481, 1, 1, 0, 0, 694, NULL, 1140, 0, 0, 1140, '2015-02-16', NULL, NULL, NULL, 1, 20, 'Active', 'Load', NULL, '2015-06-24', '06:22:39 AM'),
(1145, 482, 1, 1, 0, 0, 695, NULL, 11160, 0, 0, 23560, '2015-02-17', NULL, NULL, NULL, 2, 20, 'Active', 'Load', NULL, '2015-06-24', '06:23:20 AM'),
(1146, 483, 1, 1, 0, 0, 696, NULL, 4560, 0, 0, 4560, '2015-02-16', NULL, NULL, NULL, 1, 20, 'Active', 'Load', NULL, '2015-06-24', '06:24:04 AM'),
(1147, 345, 1, 1, 0, 0, 697, NULL, 34100, 0, 0, 419120, '2015-02-23', NULL, NULL, NULL, 9, 20, 'Active', 'Load', NULL, '2015-06-24', '23:39:44 PM'),
(1148, 171, 1, 1, 0, 0, 698, NULL, 7130, 0, 0, 44330, '2015-02-18', NULL, NULL, NULL, 3, 20, 'Active', 'Load', NULL, '2015-06-24', '23:43:58 PM'),
(1149, 434, 1, 1, 0, 0, 699, NULL, 380, 0, 0, 12160, '2015-02-18', NULL, NULL, NULL, 3, 20, 'Active', 'Load', NULL, '2015-06-24', '23:46:09 PM'),
(1150, 434, 1, 1, 0, 0, 700, NULL, 15200, 0, 0, 27360, '2015-02-24', NULL, NULL, NULL, 4, 20, 'Active', 'Load', NULL, '2015-06-24', '23:47:05 PM'),
(1151, 434, 1, 1, 0, 0, 701, NULL, 1140, 0, 0, 28500, '2015-02-18', NULL, NULL, NULL, 5, 20, 'Active', 'Load', NULL, '2015-06-24', '23:48:23 PM'),
(1152, 434, 1, 1, 0, 0, 702, NULL, 4560, 0, 0, 33060, '2015-02-17', NULL, NULL, NULL, 6, 20, 'Active', 'Load', NULL, '2015-06-24', '23:49:27 PM'),
(1153, 434, 1, 1, 0, 0, 703, NULL, 4940, 0, 0, 38000, '2015-02-19', NULL, NULL, NULL, 7, 20, 'Active', 'Load', NULL, '2015-06-24', '23:50:12 PM'),
(1154, 434, 1, 1, 0, 0, 704, NULL, 4560, 0, 0, 42560, '2015-02-24', NULL, NULL, NULL, 8, 20, 'Active', 'Load', NULL, '2015-06-24', '23:51:02 PM'),
(1155, 400, 1, 1, 0, 0, 705, NULL, 9300, 0, 0, 46500, '2015-02-24', NULL, NULL, NULL, 3, 20, 'Active', 'Load', NULL, '2015-06-24', '23:52:06 PM'),
(1156, 400, 1, 1, 0, 0, 706, NULL, 9300, 0, 0, 55800, '2015-02-18', NULL, NULL, NULL, 4, 20, 'Active', 'Load', NULL, '2015-06-24', '23:53:12 PM'),
(1157, 366, 1, 1, 0, 0, 707, NULL, 46810, 0, 0, 156550, '2015-02-18', NULL, NULL, NULL, 3, 20, 'Active', 'Load', NULL, '2015-06-24', '23:54:55 PM'),
(1158, 345, 1, 1, 0, 0, 708, NULL, 65100, 0, 0, 484220, '2015-02-18', NULL, NULL, NULL, 10, 20, 'Active', 'Load', NULL, '2015-06-24', '23:58:13 PM'),
(1159, 345, 1, 1, 0, 0, 709, NULL, 62000, 0, 0, 546220, '2015-02-24', NULL, NULL, NULL, 11, 20, 'Active', 'Load', NULL, '2015-06-24', '23:59:19 PM'),
(1160, 345, 1, 1, 0, 0, 710, NULL, 60760, 0, 0, 606980, '2015-02-26', NULL, NULL, NULL, 12, 20, 'Active', 'Load', NULL, '2015-06-25', '00:00:25 AM'),
(1161, 391, 1, 1, 0, 0, 711, NULL, 1900, 0, 0, 2280, '2015-02-18', NULL, NULL, NULL, 2, 20, 'Active', 'Load', NULL, '2015-06-25', '00:03:25 AM'),
(1162, 400, 1, 1, 0, 0, 712, NULL, 21390, 0, 0, 77190, '2015-02-26', NULL, NULL, NULL, 5, 20, 'Active', 'Load', NULL, '2015-06-25', '00:06:43 AM'),
(1163, 484, 1, 1, 0, 0, 713, NULL, 1900, 0, 0, 1900, '2015-02-17', NULL, NULL, NULL, 1, 20, 'Active', 'Load', NULL, '2015-06-25', '00:53:12 AM'),
(1164, 485, 1, 1, 0, 0, 714, NULL, 760, 0, 0, 760, '2015-02-17', NULL, NULL, NULL, 1, 20, 'Active', 'Load', NULL, '2015-06-25', '00:54:01 AM'),
(1165, 486, 1, 1, 0, 0, 715, NULL, 760, 0, 0, 760, '2015-02-18', NULL, NULL, NULL, 1, 20, 'Active', 'Load', NULL, '2015-06-25', '00:55:10 AM'),
(1166, 487, 1, 1, 0, 0, 716, NULL, 60450, 0, 0, 60450, '2015-02-16', NULL, NULL, NULL, 1, 20, 'Active', 'Load', NULL, '2015-06-25', '00:55:59 AM'),
(1167, 488, 1, 1, 0, 0, 717, NULL, 41800, 0, 0, 41800, '2015-02-16', NULL, NULL, NULL, 1, 20, 'Active', 'Load', NULL, '2015-06-25', '00:57:09 AM'),
(1168, 489, 1, 1, 0, 0, 718, NULL, 760, 0, 0, 760, '2015-02-17', NULL, NULL, NULL, 1, 20, 'Active', 'Load', NULL, '2015-06-25', '01:03:54 AM'),
(1169, 490, 1, 1, 0, 0, 719, NULL, 1520, 0, 0, 1520, '2015-02-16', NULL, NULL, NULL, 1, 20, 'Active', 'Load', NULL, '2015-06-25', '01:04:58 AM'),
(1170, 491, 1, 1, 0, 0, 720, NULL, 760, 0, 0, 760, '2015-02-18', NULL, NULL, NULL, 1, 20, 'Active', 'Load', NULL, '2015-06-25', '01:06:04 AM'),
(1171, 492, 1, 1, 0, 0, 721, NULL, 760, 0, 0, 760, '2015-02-17', NULL, NULL, NULL, 1, 20, 'Active', 'Load', NULL, '2015-06-25', '01:06:57 AM'),
(1172, 493, 1, 1, 0, 0, 722, NULL, 3040, 0, 0, 3040, '2015-02-16', NULL, NULL, NULL, 1, 20, 'Active', 'Load', NULL, '2015-06-25', '01:07:45 AM'),
(1173, 494, 1, 1, 0, 0, 723, NULL, 1900, 0, 0, 1900, '2015-02-17', NULL, NULL, NULL, 1, 20, 'Active', 'Load', NULL, '2015-06-25', '01:08:41 AM'),
(1174, 495, 1, 1, 0, 0, 724, NULL, 1520, 0, 0, 1520, '2015-02-16', NULL, NULL, NULL, 1, 20, 'Active', 'Load', NULL, '2015-06-25', '01:10:43 AM'),
(1175, 496, 1, 1, 0, 0, 725, NULL, 2280, 0, 0, 2280, '2015-02-16', NULL, NULL, NULL, 1, 20, 'Active', 'Load', NULL, '2015-06-25', '01:11:59 AM'),
(1176, 504, 1, 1, 0, 0, 726, NULL, 2280, 0, 0, 2280, '2015-02-17', NULL, NULL, NULL, 1, 20, 'Active', 'Load', NULL, '2015-06-25', '01:12:50 AM'),
(1177, 498, 1, 1, 0, 0, 727, NULL, 1140, 0, 0, 1140, '2015-02-17', NULL, NULL, NULL, 1, 20, 'Active', 'Load', NULL, '2015-06-25', '01:13:44 AM'),
(1178, 499, 1, 1, 0, 0, 728, NULL, 760, 0, 0, 760, '2015-02-18', NULL, NULL, NULL, 1, 20, 'Active', 'Load', NULL, '2015-06-25', '01:14:47 AM'),
(1179, 500, 1, 1, 0, 0, 729, NULL, 760, 0, 0, 760, '2015-02-18', NULL, NULL, NULL, 1, 20, 'Active', 'Load', NULL, '2015-06-25', '01:15:48 AM'),
(1180, 501, 1, 1, 0, 0, 730, NULL, 4180, 0, 0, 4180, '2015-02-17', NULL, NULL, NULL, 1, 20, 'Active', 'Load', NULL, '2015-06-25', '01:17:07 AM'),
(1181, 502, 1, 1, 0, 0, 731, NULL, 760, 0, 0, 760, '2015-02-17', NULL, NULL, NULL, 1, 20, 'Active', 'Load', NULL, '2015-06-25', '01:18:02 AM'),
(1182, 503, 1, 1, 0, 0, 732, NULL, 1520, 0, 0, 1520, '2015-02-16', NULL, NULL, NULL, 1, 20, 'Active', 'Load', NULL, '2015-06-25', '01:19:07 AM'),
(1183, 71, 1, 1, 0, 0, 733, NULL, 9610, 0, 0, 62310, '2015-02-22', NULL, NULL, NULL, 10, 20, 'Active', 'Load', NULL, '2015-06-25', '02:10:26 AM'),
(1184, 260, 1, 1, 0, 0, 734, NULL, 620, 0, 0, 46500, '2015-02-25', NULL, NULL, NULL, 13, 20, 'Active', 'Load', NULL, '2015-06-25', '02:11:38 AM'),
(1185, 260, 1, 1, 0, 0, 735, NULL, 3100, 0, 0, 49600, '2015-02-25', NULL, NULL, NULL, 14, 20, 'Active', 'Load', NULL, '2015-06-25', '02:12:40 AM'),
(1186, 260, 1, 1, 0, 0, 736, NULL, 2480, 0, 0, 52080, '2015-02-25', NULL, NULL, NULL, 15, 20, 'Active', 'Load', NULL, '2015-06-25', '02:13:29 AM'),
(1187, 260, 1, 1, 0, 0, 737, NULL, 3720, 0, 0, 55800, '2015-02-25', NULL, NULL, NULL, 16, 20, 'Active', 'Load', NULL, '2015-06-25', '02:14:26 AM'),
(1188, 260, 1, 1, 0, 0, 738, NULL, 3410, 0, 0, 59210, '2015-02-25', NULL, NULL, NULL, 17, 20, 'Active', 'Load', NULL, '2015-06-25', '02:15:16 AM'),
(1189, 488, 1, 1, 0, 0, 739, NULL, 34200, 0, 0, 76000, '2015-02-25', NULL, NULL, NULL, 2, 20, 'Active', 'Load', NULL, '2015-06-25', '02:18:45 AM'),
(1190, 345, 1, 1, 0, 0, 740, NULL, 31310, 0, 0, 638290, '2015-02-25', NULL, NULL, NULL, 13, 20, 'Active', 'Load', NULL, '2015-06-25', '02:20:06 AM'),
(1191, 171, 1, 1, 0, 0, 741, NULL, 6200, 0, 0, 50530, '2015-02-25', NULL, NULL, NULL, 4, 20, 'Active', 'Load', NULL, '2015-06-25', '02:22:33 AM'),
(1192, 155, 1, 1, 0, 0, 742, NULL, 1240, 0, 0, 114390, '2015-02-25', NULL, NULL, NULL, 22, 20, 'Active', 'Load', NULL, '2015-06-25', '02:24:16 AM'),
(1193, 259, 1, 1, 0, 0, 743, NULL, 8680, 0, 0, 41230, '2015-02-25', NULL, NULL, NULL, 9, 20, 'Active', 'Load', NULL, '2015-06-25', '02:26:53 AM'),
(1194, 259, 1, 1, 0, 0, 744, NULL, 7130, 0, 0, 48360, '2015-02-25', NULL, NULL, NULL, 10, 20, 'Active', 'Load', NULL, '2015-06-25', '02:28:37 AM'),
(1195, 259, 1, 1, 0, 0, 745, NULL, 3100, 0, 0, 51460, '2015-02-25', NULL, NULL, NULL, 11, 20, 'Active', 'Load', NULL, '2015-06-25', '02:29:48 AM'),
(1196, 259, 1, 1, 0, 0, 746, NULL, 3100, 0, 0, 54560, '2015-02-25', NULL, NULL, NULL, 12, 20, 'Active', 'Load', NULL, '2015-06-25', '02:30:35 AM'),
(1197, 259, 1, 1, 0, 0, 747, NULL, 4340, 0, 0, 58900, '2015-02-25', NULL, NULL, NULL, 13, 20, 'Active', 'Load', NULL, '2015-06-25', '02:31:31 AM'),
(1198, 345, 1, 1, 0, 0, 748, NULL, 31000, 0, 0, 669290, '2015-02-26', NULL, NULL, NULL, 14, 20, 'Active', 'Load', NULL, '2015-06-25', '02:32:48 AM'),
(1199, 505, 1, 1, 0, 0, 749, NULL, 1140, 0, 0, 1140, '2015-02-16', NULL, NULL, NULL, 1, 20, 'Active', 'Load', NULL, '2015-06-25', '03:54:08 AM'),
(1200, 506, 1, 1, 0, 0, 750, NULL, 760, 0, 0, 760, '2015-02-16', NULL, NULL, NULL, 1, 20, 'Active', 'Load', NULL, '2015-06-25', '03:54:48 AM'),
(1201, 507, 1, 1, 0, 0, 751, NULL, 1140, 0, 0, 1140, '2015-02-16', NULL, NULL, NULL, 1, 20, 'Active', 'Load', NULL, '2015-06-25', '03:55:31 AM');
INSERT INTO `fna_partybill` (`PARTYBILLID`, `PARTYID`, `PROJECTID`, `SUBPROJECTID`, `BATCHNO`, `PRODCATTYPEID`, `RECEIVENUMBER`, `PUR_BILLAMOUNT`, `SELL_BILLAMOUNT`, `PAYMENTAMOUNT`, `RECEIVEAMOUNT`, `BALANCEAMOUNT`, `ENTRYDATE`, `BANKNAME`, `CHEQUENUMBER`, `CHEQUEDATE`, `PARTYFLAG`, `USERID`, `STATUS`, `PURSELLFLAG`, `FLAG`, `ENTDATE`, `ENTTIME`) VALUES
(1202, 508, 1, 1, 0, 0, 752, NULL, 2660, 0, 0, 2660, '2015-02-16', NULL, NULL, NULL, 1, 20, 'Active', 'Load', NULL, '2015-06-25', '03:56:26 AM'),
(1203, 509, 1, 1, 0, 0, 753, NULL, 380, 0, 0, 380, '2015-02-16', NULL, NULL, NULL, 1, 20, 'Active', 'Load', NULL, '2015-06-25', '03:57:07 AM'),
(1204, 510, 1, 1, 0, 0, 754, NULL, 1520, 0, 0, 1520, '2015-02-16', NULL, NULL, NULL, 1, 20, 'Active', 'Load', NULL, '2015-06-25', '03:57:49 AM'),
(1205, 511, 1, 1, 0, 0, 755, NULL, 380, 0, 0, 380, '2015-02-16', NULL, NULL, NULL, 1, 20, 'Active', 'Load', NULL, '2015-06-25', '03:58:30 AM'),
(1206, 512, 1, 1, 0, 0, 756, NULL, 3800, 0, 0, 3800, '2015-02-16', NULL, NULL, NULL, 1, 20, 'Active', 'Load', NULL, '2015-06-25', '03:59:28 AM'),
(1207, 513, 1, 1, 0, 0, 757, NULL, 760, 0, 0, 760, '2015-02-17', NULL, NULL, NULL, 1, 20, 'Active', 'Load', NULL, '2015-06-25', '04:02:13 AM'),
(1208, 514, 1, 1, 0, 0, 758, NULL, 1140, 0, 0, 1140, '2015-02-16', NULL, NULL, NULL, 1, 20, 'Active', 'Load', NULL, '2015-06-25', '04:03:01 AM'),
(1209, 515, 1, 1, 0, 0, 759, NULL, 3040, 0, 0, 3040, '2015-02-16', NULL, NULL, NULL, 1, 20, 'Active', 'Load', NULL, '2015-06-25', '04:04:43 AM'),
(1210, 516, 1, 1, 0, 0, 760, NULL, 2660, 0, 0, 2660, '2015-02-16', NULL, NULL, NULL, 1, 20, 'Active', 'Load', NULL, '2015-06-25', '04:05:52 AM'),
(1211, 525, 1, 1, 0, 0, 761, NULL, 760, 0, 0, 760, '2015-02-16', NULL, NULL, NULL, 1, 20, 'Active', 'Load', NULL, '2015-06-25', '04:06:55 AM'),
(1212, 518, 1, 1, 0, 0, 762, NULL, 760, 0, 0, 760, '2015-02-17', NULL, NULL, NULL, 1, 20, 'Active', 'Load', NULL, '2015-06-25', '04:07:46 AM'),
(1213, 519, 1, 1, 0, 0, 763, NULL, 1140, 0, 0, 1140, '2015-02-17', NULL, NULL, NULL, 1, 20, 'Active', 'Load', NULL, '2015-06-25', '04:08:23 AM'),
(1214, 520, 1, 1, 0, 0, 764, NULL, 0, 0, 0, 0, '2015-02-16', NULL, NULL, NULL, 1, 20, 'Active', 'Load', NULL, '2015-06-25', '04:09:22 AM'),
(1215, 521, 1, 1, 0, 0, 765, NULL, 760, 0, 0, 760, '2015-02-16', NULL, NULL, NULL, 1, 20, 'Active', 'Load', NULL, '2015-06-25', '04:10:10 AM'),
(1216, 522, 1, 1, 0, 0, 766, NULL, 760, 0, 0, 760, '2015-02-16', NULL, NULL, NULL, 1, 20, 'Active', 'Load', NULL, '2015-06-25', '04:10:51 AM'),
(1217, 523, 1, 1, 0, 0, 767, NULL, 760, 0, 0, 760, '2015-02-17', NULL, NULL, NULL, 1, 20, 'Active', 'Load', NULL, '2015-06-25', '04:11:33 AM'),
(1218, 524, 1, 1, 0, 0, 768, NULL, 1900, 0, 0, 1900, '2015-02-17', NULL, NULL, NULL, 1, 20, 'Active', 'Load', NULL, '2015-06-25', '04:12:30 AM'),
(1219, 345, 1, 1, 0, 0, 769, NULL, 31000, 0, 0, 700290, '2015-02-26', NULL, NULL, NULL, 15, 20, 'Active', 'Load', NULL, '2015-06-25', '04:57:57 AM'),
(1220, 155, 1, 1, 0, 0, 770, NULL, 55800, 0, 0, 170190, '2015-02-24', NULL, NULL, NULL, 23, 20, 'Active', 'Load', NULL, '2015-06-25', '04:59:01 AM'),
(1221, 345, 1, 1, 0, 0, 771, NULL, 62000, 0, 0, 762290, '2015-02-26', NULL, NULL, NULL, 16, 20, 'Active', 'Load', NULL, '2015-06-25', '05:00:35 AM'),
(1222, 345, 1, 1, 0, 0, 772, NULL, 34100, 0, 0, 796390, '2015-02-26', NULL, NULL, NULL, 17, 20, 'Active', 'Load', NULL, '2015-06-25', '05:03:56 AM'),
(1223, 345, 1, 1, 0, 0, 773, NULL, 34410, 0, 0, 830800, '2015-02-24', NULL, NULL, NULL, 18, 20, 'Active', 'Load', NULL, '2015-06-25', '05:09:29 AM'),
(1224, 171, 1, 1, 0, 0, 774, NULL, 7440, 0, 0, 57970, '2015-02-26', NULL, NULL, NULL, 5, 20, 'Active', 'Load', NULL, '2015-06-25', '05:10:36 AM'),
(1225, 171, 1, 1, 0, 0, 775, NULL, 1550, 0, 0, 59520, '2015-02-26', NULL, NULL, NULL, 6, 20, 'Active', 'Load', NULL, '2015-06-25', '05:11:25 AM'),
(1226, 238, 1, 1, 0, 0, 776, NULL, 7130, 0, 0, 8370, '2015-02-24', NULL, NULL, NULL, 2, 20, 'Active', 'Load', NULL, '2015-06-25', '05:12:15 AM'),
(1227, 238, 1, 1, 0, 0, 777, NULL, 1240, 0, 0, 9610, '2015-02-24', NULL, NULL, NULL, 3, 20, 'Active', 'Load', NULL, '2015-06-25', '05:13:08 AM'),
(1228, 434, 1, 1, 0, 0, 778, NULL, 1520, 0, 0, 44080, '2015-02-24', NULL, NULL, NULL, 9, 20, 'Active', 'Load', NULL, '2015-06-25', '05:14:53 AM'),
(1229, 434, 1, 1, 0, 0, 779, NULL, 760, 0, 0, 44840, '2015-02-24', NULL, NULL, NULL, 10, 20, 'Active', 'Load', NULL, '2015-06-25', '05:16:12 AM'),
(1230, 434, 1, 1, 0, 0, 780, NULL, 1140, 0, 0, 45980, '2015-02-25', NULL, NULL, NULL, 11, 20, 'Active', 'Load', NULL, '2015-06-25', '05:17:04 AM'),
(1231, 434, 1, 1, 0, 0, 781, NULL, 1140, 0, 0, 47120, '2015-02-25', NULL, NULL, NULL, 12, 20, 'Active', 'Load', NULL, '2015-06-25', '05:17:50 AM'),
(1232, 434, 1, 1, 0, 0, 782, NULL, 3800, 0, 0, 50920, '2015-02-25', NULL, NULL, NULL, 13, 20, 'Active', 'Load', NULL, '2015-06-25', '05:18:49 AM'),
(1233, 434, 1, 1, 0, 0, 783, NULL, 1900, 0, 0, 52820, '2015-02-25', NULL, NULL, NULL, 14, 20, 'Active', 'Load', NULL, '2015-06-25', '05:19:45 AM'),
(1234, 434, 1, 1, 0, 0, 784, NULL, 3420, 0, 0, 56240, '2015-02-25', NULL, NULL, NULL, 15, 20, 'Active', 'Load', NULL, '2015-06-25', '05:20:40 AM'),
(1235, 224, 1, 1, 0, 0, 785, NULL, 620, 0, 0, 17670, '2015-02-25', NULL, NULL, NULL, 9, 20, 'Active', 'Load', NULL, '2015-06-25', '05:21:35 AM'),
(1236, 110, 1, 1, 0, 0, 786, NULL, 23250, 0, 0, 253890, '2015-02-24', NULL, NULL, NULL, 9, 20, 'Active', 'Load', NULL, '2015-06-25', '05:24:03 AM'),
(1237, 259, 1, 1, 0, 0, 787, NULL, 930, 0, 0, 59830, '2015-02-25', NULL, NULL, NULL, 14, 20, 'Active', 'Load', NULL, '2015-06-25', '05:24:56 AM'),
(1238, 526, 1, 1, 0, 0, 788, NULL, 2280, 0, 0, 2280, '2015-02-16', NULL, NULL, NULL, 1, 20, 'Active', 'Load', NULL, '2015-06-26', '06:01:05 AM'),
(1239, 527, 1, 1, 0, 0, 789, NULL, 0, 0, 0, 0, '2015-02-16', NULL, NULL, NULL, 1, 20, 'Active', 'Load', NULL, '2015-06-26', '06:03:09 AM'),
(1240, 528, 1, 1, 0, 0, 790, NULL, 0, 0, 0, 0, '2015-02-16', NULL, NULL, NULL, 1, 20, 'Active', 'Load', NULL, '2015-06-26', '06:03:57 AM'),
(1241, 529, 1, 1, 0, 0, 791, NULL, 0, 0, 0, 0, '2015-02-17', NULL, NULL, NULL, 1, 20, 'Active', 'Load', NULL, '2015-06-26', '06:05:25 AM'),
(1242, 530, 1, 1, 0, 0, 792, NULL, 380, 0, 0, 380, '2015-02-17', NULL, NULL, NULL, 1, 20, 'Active', 'Load', NULL, '2015-06-26', '06:14:13 AM'),
(1243, 531, 1, 1, 0, 0, 793, NULL, 760, 0, 0, 760, '2015-02-17', NULL, NULL, NULL, 1, 20, 'Active', 'Load', NULL, '2015-06-26', '06:15:20 AM'),
(1244, 533, 1, 1, 0, 0, 794, NULL, 1140, 0, 0, 1140, '2015-02-17', NULL, NULL, NULL, 1, 20, 'Active', 'Load', NULL, '2015-06-26', '06:18:00 AM'),
(1245, 534, 1, 1, 0, 0, 795, NULL, 760, 0, 0, 760, '2015-02-17', NULL, NULL, NULL, 1, 20, 'Active', 'Load', NULL, '2015-06-26', '06:18:51 AM'),
(1246, 532, 1, 1, 0, 0, 796, NULL, 760, 0, 0, 760, '2015-02-17', NULL, NULL, NULL, 1, 20, 'Active', 'Load', NULL, '2015-06-26', '06:19:45 AM'),
(1247, 535, 1, 1, 0, 0, 797, NULL, 1520, 0, 0, 1520, '2015-02-18', NULL, NULL, NULL, 1, 20, 'Active', 'Load', NULL, '2015-06-26', '06:20:34 AM'),
(1248, 536, 1, 1, 0, 0, 798, NULL, 20520, 0, 0, 20520, '2015-06-26', NULL, NULL, NULL, 1, 20, 'Active', 'Load', NULL, '2015-06-26', '06:22:10 AM'),
(1249, 537, 1, 1, 0, 0, 799, NULL, 1140, 0, 0, 1140, '2015-02-18', NULL, NULL, NULL, 1, 20, 'Active', 'Load', NULL, '2015-06-26', '06:23:16 AM'),
(1250, 538, 1, 1, 0, 0, 800, NULL, 1520, 0, 0, 1520, '2015-02-17', NULL, NULL, NULL, 1, 20, 'Active', 'Load', NULL, '2015-06-26', '06:24:13 AM'),
(1251, 539, 1, 1, 0, 0, 801, NULL, 2280, 0, 0, 2280, '2015-02-17', NULL, NULL, NULL, 1, 20, 'Active', 'Load', NULL, '2015-06-26', '06:25:17 AM'),
(1252, 540, 1, 1, 0, 0, 802, NULL, 1900, 0, 0, 1900, '2015-02-17', NULL, NULL, NULL, 1, 20, 'Active', 'Load', NULL, '2015-06-26', '06:26:45 AM'),
(1253, 541, 1, 1, 0, 0, 803, NULL, 5700, 0, 0, 5700, '2015-02-16', NULL, NULL, NULL, 1, 20, 'Active', 'Load', NULL, '2015-06-26', '06:27:44 AM'),
(1254, 259, 1, 1, 0, 0, 804, NULL, 1240, 0, 0, 61070, '2015-02-17', NULL, NULL, NULL, 15, 20, 'Active', 'Load', NULL, '2015-06-26', '06:39:59 AM'),
(1255, 259, 1, 1, 0, 0, 805, NULL, 9300, 0, 0, 70370, '2015-02-19', NULL, NULL, NULL, 16, 20, 'Active', 'Load', NULL, '2015-06-26', '06:40:52 AM'),
(1256, 267, 1, 1, 0, 0, 806, NULL, 5460, 0, 0, 51870, '2015-02-17', NULL, NULL, NULL, 5, 20, 'Active', 'Load', NULL, '2015-06-26', '06:42:20 AM'),
(1257, 267, 1, 1, 0, 0, 807, NULL, 16800, 0, 0, 68670, '2015-02-26', NULL, NULL, NULL, 6, 20, 'Active', 'Load', NULL, '2015-06-26', '06:43:10 AM'),
(1258, 543, 1, 1, 0, 0, 808, NULL, 25730, 0, 0, 25730, '2015-02-17', NULL, NULL, NULL, 1, 20, 'Active', 'Load', NULL, '2015-06-26', '06:46:09 AM'),
(1259, 345, 1, 1, 0, 0, 809, NULL, 34410, 0, 0, 865210, '2015-02-25', NULL, NULL, NULL, 19, 20, 'Active', 'Load', NULL, '2015-06-26', '06:47:12 AM'),
(1260, 252, 1, 1, 0, 0, 810, NULL, 31920, 0, 0, 94920, '2015-02-18', NULL, NULL, NULL, 4, 20, 'Active', 'Load', NULL, '2015-06-26', '06:48:42 AM'),
(1261, 345, 1, 1, 0, 0, 811, NULL, 34100, 0, 0, 899310, '2015-02-26', NULL, NULL, NULL, 20, 20, 'Active', 'Load', NULL, '2015-06-26', '06:49:46 AM'),
(1262, 345, 1, 1, 0, 0, 812, NULL, 62620, 0, 0, 961930, '2015-02-20', NULL, NULL, NULL, 21, 20, 'Active', 'Load', NULL, '2015-06-26', '06:50:46 AM'),
(1263, 544, 1, 1, 0, 0, 813, NULL, 1140, 0, 0, 1140, '2015-02-17', NULL, NULL, NULL, 1, 20, 'Active', 'Load', NULL, '2015-06-26', '06:55:30 AM'),
(1264, 545, 1, 1, 0, 0, 814, NULL, 760, 0, 0, 760, '2015-02-17', NULL, NULL, NULL, 1, 20, 'Active', 'Load', NULL, '2015-06-26', '07:00:55 AM'),
(1265, 546, 1, 1, 0, 0, 815, NULL, 1140, 0, 0, 1140, '2015-02-16', NULL, NULL, NULL, 1, 20, 'Active', 'Load', NULL, '2015-06-26', '07:05:00 AM'),
(1266, 347, 1, 1, 0, 0, 816, NULL, 1520, 0, 0, 2280, '2015-02-16', NULL, NULL, NULL, 2, 20, 'Active', 'Load', NULL, '2015-06-26', '07:07:12 AM'),
(1267, 547, 1, 1, 0, 0, 817, NULL, 3800, 0, 0, 3800, '2015-02-16', NULL, NULL, NULL, 1, 20, 'Active', 'Load', NULL, '2015-06-26', '07:15:38 AM'),
(1268, 548, 1, 1, 0, 0, 818, NULL, 1140, 0, 0, 1140, '2015-02-16', NULL, NULL, NULL, 1, 20, 'Active', 'Load', NULL, '2015-06-26', '07:16:33 AM'),
(1269, 549, 1, 1, 0, 0, 819, NULL, 6820, 0, 0, 6820, '2015-02-16', NULL, NULL, NULL, 1, 20, 'Active', 'Load', NULL, '2015-06-26', '07:17:23 AM'),
(1270, 549, 1, 1, 0, 0, 820, NULL, 5890, 0, 0, 12710, '2015-02-17', NULL, NULL, NULL, 2, 20, 'Active', 'Load', NULL, '2015-06-26', '07:18:13 AM'),
(1271, 167, 1, 1, 0, 0, 821, NULL, 15500, 0, 0, 147560, '2015-02-25', NULL, NULL, NULL, 12, 20, 'Active', 'Load', NULL, '2015-06-26', '07:19:20 AM'),
(1272, 167, 1, 1, 0, 0, 822, NULL, 15190, 0, 0, 162750, '2015-02-17', NULL, NULL, NULL, 13, 20, 'Active', 'Load', NULL, '2015-06-26', '07:21:04 AM'),
(1273, 167, 1, 1, 0, 0, 823, NULL, 15500, 0, 0, 178250, '2015-02-24', NULL, NULL, NULL, 14, 20, 'Active', 'Load', NULL, '2015-06-26', '07:22:23 AM'),
(1274, 129, 1, 1, 0, 0, 824, NULL, 4030, 0, 0, 48360, '2015-02-25', NULL, NULL, NULL, 7, 20, 'Active', 'Load', NULL, '2015-06-26', '23:51:38 PM'),
(1275, 225, 1, 1, 0, 0, 825, NULL, 2170, 0, 0, 26040, '2015-02-25', NULL, NULL, NULL, 9, 20, 'Active', 'Load', NULL, '2015-06-26', '23:54:29 PM'),
(1276, 225, 1, 1, 0, 0, 826, NULL, 8680, 0, 0, 34720, '2015-02-24', NULL, NULL, NULL, 10, 20, 'Active', 'Load', NULL, '2015-06-26', '23:55:28 PM'),
(1277, 171, 1, 1, 0, 0, 827, NULL, 7750, 0, 0, 67270, '2015-02-24', NULL, NULL, NULL, 7, 20, 'Active', 'Load', NULL, '2015-06-26', '23:56:18 PM'),
(1278, 238, 1, 1, 0, 0, 828, NULL, 4960, 0, 0, 14570, '2015-02-26', NULL, NULL, NULL, 4, 20, 'Active', 'Load', NULL, '2015-06-26', '23:57:59 PM'),
(1279, 238, 1, 1, 0, 0, 829, NULL, 19530, 0, 0, 34100, '2015-02-25', NULL, NULL, NULL, 5, 20, 'Active', 'Load', NULL, '2015-06-26', '23:59:43 PM'),
(1280, 238, 1, 1, 0, 0, 830, NULL, 18910, 0, 0, 53010, '2015-02-25', NULL, NULL, NULL, 6, 20, 'Active', 'Load', NULL, '2015-06-27', '00:04:51 AM'),
(1281, 238, 1, 1, 0, 0, 831, NULL, 3100, 0, 0, 56110, '2015-02-25', NULL, NULL, NULL, 7, 20, 'Active', 'Load', NULL, '2015-06-27', '00:05:43 AM'),
(1282, 238, 1, 1, 0, 0, 832, NULL, 8060, 0, 0, 64170, '2015-02-24', NULL, NULL, NULL, 8, 20, 'Active', 'Load', NULL, '2015-06-27', '00:06:48 AM'),
(1283, 238, 1, 1, 0, 0, 833, NULL, 2790, 0, 0, 66960, '2015-02-25', NULL, NULL, NULL, 9, 20, 'Active', 'Load', NULL, '2015-06-27', '00:07:44 AM'),
(1284, 345, 1, 1, 0, 0, 834, NULL, 34720, 0, 0, 996650, '2015-02-25', NULL, NULL, NULL, 22, 20, 'Active', 'Load', NULL, '2015-06-27', '00:08:52 AM'),
(1285, 83, 1, 1, 0, 0, 835, NULL, 0, 0, 0, 93310, '2015-02-25', NULL, NULL, NULL, 8, 20, 'Active', 'Load', NULL, '2015-06-27', '00:11:34 AM'),
(1286, 267, 1, 1, 0, 0, 836, NULL, 0, 0, 0, 68670, '2015-02-25', NULL, NULL, NULL, 7, 20, 'Active', 'Load', NULL, '2015-06-27', '00:12:59 AM'),
(1287, 174, 1, 1, 0, 0, 837, NULL, 22050, 0, 0, 73500, '2015-02-25', NULL, NULL, NULL, 3, 20, 'Active', 'Load', NULL, '2015-06-27', '00:14:16 AM'),
(1288, 293, 1, 1, 0, 0, 838, NULL, 22320, 0, 0, 131130, '2015-02-24', NULL, NULL, NULL, 5, 20, 'Active', 'Load', NULL, '2015-06-27', '00:16:28 AM'),
(1289, 293, 1, 1, 0, 0, 839, NULL, 8370, 0, 0, 139500, '2015-02-25', NULL, NULL, NULL, 6, 20, 'Active', 'Load', NULL, '2015-06-27', '00:18:06 AM'),
(1290, 155, 1, 1, 0, 0, 840, NULL, 10230, 0, 0, 180420, '2015-02-25', NULL, NULL, NULL, 24, 20, 'Active', 'Load', NULL, '2015-06-27', '00:19:27 AM'),
(1291, 155, 1, 1, 0, 0, 841, NULL, 55800, 0, 0, 236220, '2015-02-25', NULL, NULL, NULL, 25, 20, 'Active', 'Load', NULL, '2015-06-27', '00:21:00 AM'),
(1292, 173, 1, 1, 0, 0, 842, NULL, 23250, 0, 0, 53940, '2015-02-25', NULL, NULL, NULL, 2, 20, 'Active', 'Load', NULL, '2015-06-27', '00:27:09 AM'),
(1293, 225, 1, 1, 0, 0, 843, NULL, 1860, 0, 0, 36580, '2015-02-24', NULL, NULL, NULL, 11, 20, 'Active', 'Load', NULL, '2015-06-27', '00:29:24 AM'),
(1294, 71, 1, 1, 0, 0, 844, NULL, 2790, 0, 0, 65100, '2015-02-25', NULL, NULL, NULL, 11, 20, 'Active', 'Load', NULL, '2015-06-27', '00:31:42 AM'),
(1295, 155, 1, 1, 0, 0, 845, NULL, 8370, 0, 0, 244590, '2015-02-24', NULL, NULL, NULL, 26, 20, 'Active', 'Load', NULL, '2015-06-27', '00:34:46 AM'),
(1296, 259, 1, 1, 0, 0, 846, NULL, 1550, 0, 0, 71920, '2015-02-25', NULL, NULL, NULL, 17, 20, 'Active', 'Load', NULL, '2015-06-27', '00:35:32 AM'),
(1297, 259, 1, 1, 0, 0, 847, NULL, 2170, 0, 0, 74090, '2015-02-25', NULL, NULL, NULL, 18, 20, 'Active', 'Load', NULL, '2015-06-27', '00:36:16 AM'),
(1298, 464, 1, 1, 0, 0, 848, NULL, 1240, 0, 0, 1240, '2015-02-18', NULL, NULL, NULL, 1, 20, 'Active', 'Load', NULL, '2015-06-27', '00:37:34 AM'),
(1299, 550, 1, 1, 0, 0, 849, NULL, 1140, 0, 0, 1140, '2015-02-16', NULL, NULL, NULL, 1, 20, 'Active', 'Load', NULL, '2015-06-27', '00:55:04 AM'),
(1300, 551, 1, 1, 0, 0, 850, NULL, 380, 0, 0, 380, '2015-02-16', NULL, NULL, NULL, 1, 20, 'Active', 'Load', NULL, '2015-06-27', '00:56:34 AM'),
(1301, 552, 1, 1, 0, 0, 851, NULL, 380, 0, 0, 380, '2015-02-24', NULL, NULL, NULL, 1, 20, 'Active', 'Load', NULL, '2015-06-27', '01:10:24 AM'),
(1302, 553, 1, 1, 0, 0, 852, NULL, 310, 0, 0, 310, '2015-02-24', NULL, NULL, NULL, 1, 20, 'Active', 'Load', NULL, '2015-06-27', '01:11:26 AM'),
(1303, 554, 1, 1, 0, 0, 853, NULL, 380, 0, 0, 380, '2015-02-25', NULL, NULL, NULL, 1, 20, 'Active', 'Load', NULL, '2015-06-27', '01:12:32 AM'),
(1304, 555, 1, 1, 0, 0, 854, NULL, 4560, 0, 0, 4560, '2015-02-16', NULL, NULL, NULL, 1, 20, 'Active', 'Load', NULL, '2015-06-27', '01:13:19 AM'),
(1305, 556, 1, 1, 0, 0, 855, NULL, 3420, 0, 0, 3420, '2015-02-18', NULL, NULL, NULL, 1, 20, 'Active', 'Load', NULL, '2015-06-27', '01:16:37 AM'),
(1306, 557, 1, 1, 0, 0, 856, NULL, 2280, 0, 0, 2280, '2015-02-24', NULL, NULL, NULL, 1, 20, 'Active', 'Load', NULL, '2015-06-27', '01:17:32 AM'),
(1307, 558, 1, 1, 0, 0, 857, NULL, 34100, 0, 0, 34100, '2015-02-25', NULL, NULL, NULL, 1, 20, 'Active', 'Load', NULL, '2015-06-27', '01:23:48 AM'),
(1308, 559, 1, 1, 0, 0, 858, NULL, 32550, 0, 0, 32550, '2015-02-25', NULL, NULL, NULL, 1, 20, 'Active', 'Load', NULL, '2015-06-27', '01:24:42 AM'),
(1309, 559, 1, 1, 0, 0, 859, NULL, 35650, 0, 0, 68200, '2015-02-18', NULL, NULL, NULL, 2, 20, 'Active', 'Load', NULL, '2015-06-27', '01:25:35 AM'),
(1310, 560, 1, 1, 0, 0, 860, NULL, 2170, 0, 0, 2170, '2015-02-17', NULL, NULL, NULL, 1, 20, 'Active', 'Load', NULL, '2015-06-27', '01:38:49 AM'),
(1311, 561, 1, 1, 0, 0, 861, NULL, 1140, 0, 0, 1140, '2015-02-16', NULL, NULL, NULL, 1, 20, 'Active', 'Load', NULL, '2015-06-27', '01:39:35 AM'),
(1312, 562, 1, 1, 0, 0, 862, NULL, 760, 0, 0, 760, '2015-02-17', NULL, NULL, NULL, 1, 20, 'Active', 'Load', NULL, '2015-06-27', '01:41:48 AM'),
(1313, 563, 1, 1, 0, 0, 863, NULL, 380, 0, 0, 380, '2015-02-18', NULL, NULL, NULL, 1, 20, 'Active', 'Load', NULL, '2015-06-27', '01:43:10 AM'),
(1314, 564, 1, 1, 0, 0, 864, NULL, 760, 0, 0, 760, '2015-02-17', NULL, NULL, NULL, 1, 20, 'Active', 'Load', NULL, '2015-06-27', '01:43:55 AM'),
(1315, 565, 1, 1, 0, 0, 865, NULL, 1140, 0, 0, 1140, '2015-02-18', NULL, NULL, NULL, 1, 20, 'Active', 'Load', NULL, '2015-06-27', '01:45:02 AM'),
(1316, 566, 1, 1, 0, 0, 866, NULL, 380, 0, 0, 380, '2015-02-17', NULL, NULL, NULL, 1, 20, 'Active', 'Load', NULL, '2015-06-27', '01:45:52 AM'),
(1317, 567, 1, 1, 0, 0, 867, NULL, 3040, 0, 0, 3040, '2015-02-17', NULL, NULL, NULL, 1, 20, 'Active', 'Load', NULL, '2015-06-27', '02:38:53 AM'),
(1318, 568, 1, 1, 0, 0, 868, NULL, 1140, 0, 0, 1140, '2015-02-17', NULL, NULL, NULL, 1, 20, 'Active', 'Load', NULL, '2015-06-27', '02:39:53 AM'),
(1319, 569, 1, 1, 0, 0, 869, NULL, 3800, 0, 0, 3800, '2015-02-17', NULL, NULL, NULL, 1, 20, 'Active', 'Load', NULL, '2015-06-27', '02:40:35 AM'),
(1320, 570, 1, 1, 0, 0, 870, NULL, 760, 0, 0, 760, '2015-02-17', NULL, NULL, NULL, 1, 20, 'Active', 'Load', NULL, '2015-06-27', '02:41:18 AM'),
(1321, 571, 1, 1, 0, 0, 871, NULL, 1520, 0, 0, 1520, '2015-02-17', NULL, NULL, NULL, 1, 20, 'Active', 'Load', NULL, '2015-06-27', '02:42:02 AM'),
(1322, 572, 1, 1, 0, 0, 872, NULL, 760, 0, 0, 760, '2015-02-17', NULL, NULL, NULL, 1, 20, 'Active', 'Load', NULL, '2015-06-27', '02:43:56 AM'),
(1323, 573, 1, 1, 0, 0, 873, NULL, 2280, 0, 0, 2280, '2015-02-17', NULL, NULL, NULL, 1, 20, 'Active', 'Load', NULL, '2015-06-27', '02:44:37 AM'),
(1324, 574, 1, 1, 0, 0, 874, NULL, 3040, 0, 0, 3040, '2015-02-17', NULL, NULL, NULL, 1, 20, 'Active', 'Load', NULL, '2015-06-27', '02:45:22 AM'),
(1325, 238, 1, 1, 0, 0, 875, NULL, 2790, 0, 0, 69750, '2015-02-18', NULL, NULL, NULL, 10, 20, 'Active', 'Load', NULL, '2015-06-27', '02:46:53 AM'),
(1326, 434, 1, 1, 0, 0, 876, NULL, 1520, 0, 0, 57760, '2015-02-18', NULL, NULL, NULL, 16, 20, 'Active', 'Load', NULL, '2015-06-27', '02:47:56 AM'),
(1327, 434, 1, 1, 0, 0, 877, NULL, 1900, 0, 0, 59660, '2015-03-02', NULL, NULL, NULL, 17, 20, 'Active', 'Load', NULL, '2015-06-27', '02:50:18 AM'),
(1328, 434, 1, 1, 0, 0, 878, NULL, 1900, 0, 0, 61560, '2015-03-02', NULL, NULL, NULL, 18, 20, 'Active', 'Load', NULL, '2015-06-27', '02:55:06 AM'),
(1329, 434, 1, 1, 0, 0, 879, NULL, 4560, 0, 0, 66120, '2015-03-02', NULL, NULL, NULL, 19, 20, 'Active', 'Load', NULL, '2015-06-27', '02:56:03 AM'),
(1330, 434, 1, 1, 0, 0, 880, NULL, 760, 0, 0, 66880, '2015-03-02', NULL, NULL, NULL, 20, 20, 'Active', 'Load', NULL, '2015-06-27', '02:56:53 AM'),
(1331, 434, 1, 1, 0, 0, 881, NULL, 1900, 0, 0, 68780, '2015-03-02', NULL, NULL, NULL, 21, 20, 'Active', 'Load', NULL, '2015-06-27', '02:57:41 AM'),
(1332, 434, 1, 1, 0, 0, 882, NULL, 5700, 0, 0, 74480, '2015-03-02', NULL, NULL, NULL, 22, 20, 'Active', 'Load', NULL, '2015-06-27', '03:19:43 AM'),
(1333, 345, 1, 1, 0, 0, 883, NULL, 34100, 0, 0, 1030750, '2015-03-02', NULL, NULL, NULL, 23, 20, 'Active', 'Load', NULL, '2015-06-27', '03:20:28 AM'),
(1334, 345, 1, 1, 0, 0, 884, NULL, 68200, 0, 0, 1098950, '2015-03-02', NULL, NULL, NULL, 24, 20, 'Active', 'Load', NULL, '2015-06-27', '03:21:17 AM'),
(1335, 155, 1, 1, 0, 0, 885, NULL, 3100, 0, 0, 247690, '2015-03-03', NULL, NULL, NULL, 27, 20, 'Active', 'Load', NULL, '2015-06-27', '03:21:59 AM'),
(1336, 155, 1, 1, 0, 0, 886, NULL, 26970, 0, 0, 274660, '2015-03-02', NULL, NULL, NULL, 28, 20, 'Active', 'Load', NULL, '2015-06-27', '03:22:41 AM'),
(1337, 155, 1, 1, 0, 0, 887, NULL, 8680, 0, 0, 283340, '2015-03-03', NULL, NULL, NULL, 29, 20, 'Active', 'Load', NULL, '2015-06-27', '03:23:27 AM'),
(1338, 268, 1, 1, 0, 0, 888, NULL, 17050, 0, 0, 167400, '2015-03-02', NULL, NULL, NULL, 5, 20, 'Active', 'Load', NULL, '2015-06-27', '03:24:11 AM'),
(1339, 293, 1, 1, 0, 0, 889, NULL, 16740, 0, 0, 156240, '2015-03-02', NULL, NULL, NULL, 7, 20, 'Active', 'Load', NULL, '2015-06-27', '03:25:04 AM'),
(1340, 345, 1, 1, 0, 0, 890, NULL, 68200, 0, 0, 1167150, '2015-03-04', NULL, NULL, NULL, 25, 20, 'Active', 'Load', NULL, '2015-06-27', '03:25:53 AM'),
(1341, 575, 1, 1, 0, 0, 891, NULL, 380, 0, 0, 380, '2015-03-02', NULL, NULL, NULL, 1, 20, 'Active', 'Load', NULL, '2015-06-27', '03:35:52 AM'),
(1342, 576, 1, 1, 0, 0, 892, NULL, 380, 0, 0, 380, '2015-03-02', NULL, NULL, NULL, 1, 20, 'Active', 'Load', NULL, '2015-06-27', '03:36:43 AM'),
(1343, 185, 1, 1, 0, 0, 893, NULL, 380, 0, 0, 2660, '2015-03-02', NULL, NULL, NULL, 2, 20, 'Active', 'Load', NULL, '2015-06-27', '03:54:01 AM'),
(1344, 129, 1, 1, 0, 0, 894, NULL, 3410, 0, 0, 51770, '2015-03-02', NULL, NULL, NULL, 8, 20, 'Active', 'Load', NULL, '2015-06-27', '03:55:31 AM'),
(1345, 71, 1, 1, 0, 0, 895, NULL, 3100, 0, 0, 68200, '2015-03-02', NULL, NULL, NULL, 12, 20, 'Active', 'Load', NULL, '2015-06-27', '03:57:39 AM'),
(1346, 71, 1, 1, 0, 0, 896, NULL, 2170, 0, 0, 70370, '2015-03-02', NULL, NULL, NULL, 13, 20, 'Active', 'Load', NULL, '2015-06-27', '03:58:55 AM'),
(1347, 71, 1, 1, 0, 0, 897, NULL, 15500, 0, 0, 85870, '2015-03-02', NULL, NULL, NULL, 14, 20, 'Active', 'Load', NULL, '2015-06-27', '03:59:37 AM'),
(1348, 577, 1, 1, 0, 0, 898, NULL, 1140, 0, 0, 1140, '2015-03-02', NULL, NULL, NULL, 1, 20, 'Active', 'Load', NULL, '2015-06-27', '04:30:32 AM'),
(1349, 578, 1, 1, 0, 0, 899, NULL, 760, 0, 0, 760, '2015-03-02', NULL, NULL, NULL, 1, 20, 'Active', 'Load', NULL, '2015-06-27', '04:31:13 AM'),
(1350, 579, 1, 1, 0, 0, 900, NULL, 380, 0, 0, 380, '2015-03-02', NULL, NULL, NULL, 1, 20, 'Active', 'Load', NULL, '2015-06-27', '04:32:07 AM'),
(1351, 580, 1, 1, 0, 0, 901, NULL, 380, 0, 0, 380, '2015-03-02', NULL, NULL, NULL, 1, 20, 'Active', 'Load', NULL, '2015-06-27', '04:33:20 AM'),
(1352, 581, 1, 1, 0, 0, 902, NULL, 1900, 0, 0, 1900, '2015-03-02', NULL, NULL, NULL, 1, 20, 'Active', 'Load', NULL, '2015-06-27', '04:34:08 AM'),
(1353, 582, 1, 1, 0, 0, 903, NULL, 1140, 0, 0, 1140, '2015-03-02', NULL, NULL, NULL, 1, 20, 'Active', 'Load', NULL, '2015-06-27', '04:36:31 AM'),
(1354, 583, 1, 1, 0, 0, 904, NULL, 760, 0, 0, 760, '2015-03-02', NULL, NULL, NULL, 1, 20, 'Active', 'Load', NULL, '2015-06-27', '04:37:16 AM'),
(1355, 584, 1, 1, 0, 0, 905, NULL, 1140, 0, 0, 1140, '2015-03-02', NULL, NULL, NULL, 1, 20, 'Active', 'Load', NULL, '2015-06-27', '04:37:58 AM'),
(1356, 585, 1, 1, 0, 0, 906, NULL, 380, 0, 0, 380, '2015-03-02', NULL, NULL, NULL, 1, 20, 'Active', 'Load', NULL, '2015-06-27', '04:38:45 AM'),
(1357, 586, 1, 1, 0, 0, 907, NULL, 31000, 0, 0, 31000, '2015-03-02', NULL, NULL, NULL, 1, 20, 'Active', 'Load', NULL, '2015-06-27', '04:39:31 AM'),
(1358, 586, 1, 1, 0, 0, 908, NULL, 31000, 0, 0, 62000, '2015-03-02', NULL, NULL, NULL, 2, 20, 'Active', 'Load', NULL, '2015-06-27', '04:40:30 AM'),
(1359, 586, 1, 1, 0, 0, 909, NULL, 9920, 0, 0, 71920, '2015-03-02', NULL, NULL, NULL, 3, 20, 'Active', 'Load', NULL, '2015-06-27', '04:41:54 AM'),
(1360, 587, 1, 1, 0, 0, 910, NULL, 1140, 0, 0, 1140, '2015-03-02', NULL, NULL, NULL, 1, 20, 'Active', 'Load', NULL, '2015-06-27', '04:45:37 AM'),
(1361, 345, 1, 1, 0, 0, 911, NULL, 35650, 0, 0, 1202800, '2015-03-02', NULL, NULL, NULL, 26, 20, 'Active', 'Load', NULL, '2015-06-27', '04:47:05 AM'),
(1362, 488, 1, 1, 0, 0, 912, NULL, 2280, 0, 0, 78280, '2015-03-02', NULL, NULL, NULL, 3, 20, 'Active', 'Load', NULL, '2015-06-27', '04:48:04 AM'),
(1363, 82, 1, 1, 0, 0, 913, NULL, 6200, 0, 0, 105090, '2015-03-02', NULL, NULL, NULL, 15, 20, 'Active', 'Load', NULL, '2015-06-27', '04:48:43 AM'),
(1364, 82, 1, 1, 0, 0, 914, NULL, 4960, 0, 0, 110050, '2015-03-02', NULL, NULL, NULL, 16, 20, 'Active', 'Load', NULL, '2015-06-27', '04:50:05 AM'),
(1365, 488, 1, 1, 0, 0, 915, NULL, 19380, 0, 0, 97660, '2015-03-03', NULL, NULL, NULL, 4, 20, 'Active', 'Load', NULL, '2015-06-27', '04:50:57 AM'),
(1366, 488, 1, 1, 0, 0, 916, NULL, 11400, 0, 0, 109060, '2015-03-03', NULL, NULL, NULL, 5, 20, 'Active', 'Load', NULL, '2015-06-27', '04:53:21 AM'),
(1367, 588, 1, 1, 0, 0, 917, NULL, 380, 0, 0, 380, '2015-03-02', NULL, NULL, NULL, 1, 20, 'Active', 'Load', NULL, '2015-06-27', '04:57:28 AM'),
(1368, 589, 1, 1, 0, 0, 918, NULL, 1900, 0, 0, 1900, '2015-03-02', NULL, NULL, NULL, 1, 20, 'Active', 'Load', NULL, '2015-06-27', '05:18:17 AM'),
(1369, 343, 1, 1, 0, 0, 919, NULL, 25200, 0, 0, 125790, '2015-03-02', NULL, NULL, NULL, 4, 20, 'Active', 'Load', NULL, '2015-06-27', '05:20:09 AM'),
(1370, 155, 1, 1, 0, 0, 920, NULL, 19220, 0, 0, 302560, '2015-03-02', NULL, NULL, NULL, 30, 20, 'Active', 'Load', NULL, '2015-06-27', '05:23:11 AM'),
(1371, 129, 1, 1, 0, 0, 921, NULL, 31000, 0, 0, 82770, '2015-03-02', NULL, NULL, NULL, 9, 20, 'Active', 'Load', NULL, '2015-06-27', '05:26:43 AM'),
(1372, 129, 1, 1, 0, 0, 922, NULL, 5580, 0, 0, 88350, '2015-03-02', NULL, NULL, NULL, 10, 20, 'Active', 'Load', NULL, '2015-06-27', '05:27:33 AM'),
(1373, 155, 1, 1, 0, 0, 923, NULL, 3410, 0, 0, 305970, '2015-03-02', NULL, NULL, NULL, 31, 20, 'Active', 'Load', NULL, '2015-06-27', '05:29:16 AM'),
(1374, 155, 1, 1, 0, 0, 924, NULL, 3100, 0, 0, 309070, '2015-03-02', NULL, NULL, NULL, 32, 20, 'Active', 'Load', NULL, '2015-06-27', '05:30:04 AM'),
(1375, 590, 1, 1, 0, 0, 925, NULL, 760, 0, 0, 760, '2015-03-02', NULL, NULL, NULL, 1, 20, 'Active', 'Load', NULL, '2015-06-27', '05:41:28 AM'),
(1376, 591, 1, 1, 0, 0, 926, NULL, 380, 0, 0, 380, '2015-03-02', NULL, NULL, NULL, 1, 20, 'Active', 'Load', NULL, '2015-06-27', '05:42:17 AM'),
(1377, 592, 1, 1, 0, 0, 927, NULL, 760, 0, 0, 760, '2015-03-02', NULL, NULL, NULL, 1, 20, 'Active', 'Load', NULL, '2015-06-27', '05:43:57 AM'),
(1378, 593, 1, 1, 0, 0, 928, NULL, 1520, 0, 0, 1520, '2015-03-02', NULL, NULL, NULL, 1, 20, 'Active', 'Load', NULL, '2015-06-27', '05:45:30 AM'),
(1379, 594, 1, 1, 0, 0, 929, NULL, 760, 0, 0, 760, '2015-03-02', NULL, NULL, NULL, 1, 20, 'Active', 'Load', NULL, '2015-06-27', '05:46:20 AM'),
(1380, 595, 1, 1, 0, 0, 930, NULL, 1520, 0, 0, 1520, '2015-03-02', NULL, NULL, NULL, 1, 20, 'Active', 'Load', NULL, '2015-06-27', '05:47:07 AM'),
(1381, 171, 1, 1, 0, 0, 931, NULL, 3100, 0, 0, 70370, '2015-03-02', NULL, NULL, NULL, 8, 20, 'Active', 'Load', NULL, '2015-06-27', '05:48:59 AM'),
(1382, 586, 1, 1, 0, 0, 932, NULL, 37200, 0, 0, 109120, '2015-03-02', NULL, NULL, NULL, 4, 20, 'Active', 'Load', NULL, '2015-06-27', '23:30:18 PM'),
(1383, 293, 1, 1, 0, 0, 933, NULL, 30070, 0, 0, 186310, '2015-03-02', NULL, NULL, NULL, 8, 20, 'Active', 'Load', NULL, '2015-06-27', '23:31:56 PM'),
(1384, 293, 1, 1, 0, 0, 934, NULL, 4340, 0, 0, 190650, '2015-03-03', NULL, NULL, NULL, 9, 20, 'Active', 'Load', NULL, '2015-06-27', '23:32:44 PM'),
(1385, 225, 1, 1, 0, 0, 935, NULL, 7750, 0, 0, 44330, '2015-03-02', NULL, NULL, NULL, 12, 20, 'Active', 'Load', NULL, '2015-06-27', '23:33:50 PM'),
(1386, 224, 1, 1, 0, 0, 936, NULL, 620, 0, 0, 18290, '2015-03-02', NULL, NULL, NULL, 10, 20, 'Active', 'Load', NULL, '2015-06-27', '23:37:16 PM'),
(1387, 259, 1, 1, 0, 0, 937, NULL, 3100, 0, 0, 77190, '2015-03-02', NULL, NULL, NULL, 19, 20, 'Active', 'Load', NULL, '2015-06-27', '23:38:02 PM'),
(1388, 238, 1, 1, 0, 0, 938, NULL, 1550, 0, 0, 71300, '2015-03-02', NULL, NULL, NULL, 11, 20, 'Active', 'Load', NULL, '2015-06-27', '23:39:42 PM'),
(1389, 596, 1, 1, 0, 0, 939, NULL, 380, 0, 0, 380, '2015-03-02', NULL, NULL, NULL, 1, 20, 'Active', 'Load', NULL, '2015-06-28', '00:01:03 AM'),
(1390, 597, 1, 1, 0, 0, 940, NULL, 15500, 0, 0, 15500, '2015-03-02', NULL, NULL, NULL, 1, 20, 'Active', 'Load', NULL, '2015-06-28', '00:02:00 AM'),
(1391, 598, 1, 1, 0, 0, 941, NULL, 4940, 0, 0, 4940, '2015-03-02', NULL, NULL, NULL, 1, 20, 'Active', 'Load', NULL, '2015-06-28', '00:02:48 AM'),
(1392, 599, 1, 1, 0, 0, 942, NULL, 760, 0, 0, 760, '2015-03-02', NULL, NULL, NULL, 1, 20, 'Active', 'Load', NULL, '2015-06-28', '00:03:53 AM'),
(1393, 600, 1, 1, 0, 0, 943, NULL, 2280, 0, 0, 2280, '2015-03-02', NULL, NULL, NULL, 1, 20, 'Active', 'Load', NULL, '2015-06-28', '00:08:29 AM'),
(1394, 601, 1, 1, 0, 0, 944, NULL, 380, 0, 0, 380, '2015-03-02', NULL, NULL, NULL, 1, 20, 'Active', 'Load', NULL, '2015-06-28', '00:09:16 AM'),
(1395, 602, 1, 1, 0, 0, 945, NULL, 380, 0, 0, 380, '2015-03-02', NULL, NULL, NULL, 1, 20, 'Active', 'Load', NULL, '2015-06-28', '00:10:03 AM'),
(1396, 603, 1, 1, 0, 0, 946, NULL, 1140, 0, 0, 1140, '2015-03-02', NULL, NULL, NULL, 1, 20, 'Active', 'Load', NULL, '2015-06-28', '00:11:00 AM'),
(1397, 259, 1, 1, 0, 0, 947, NULL, 930, 0, 0, 78120, '2015-03-02', NULL, NULL, NULL, 20, 20, 'Active', 'Load', NULL, '2015-06-28', '00:18:29 AM'),
(1398, 259, 1, 1, 0, 0, 948, NULL, 1860, 0, 0, 79980, '2015-03-02', NULL, NULL, NULL, 21, 20, 'Active', 'Load', NULL, '2015-06-28', '00:19:26 AM'),
(1399, 89, 1, 1, 0, 0, 949, NULL, 8370, 0, 0, 19840, '2015-03-02', NULL, NULL, NULL, 3, 20, 'Active', 'Load', NULL, '2015-06-28', '00:20:37 AM'),
(1400, 155, 1, 1, 0, 0, 950, NULL, 4030, 0, 0, 313100, '2015-03-02', NULL, NULL, NULL, 33, 20, 'Active', 'Load', NULL, '2015-06-28', '00:21:21 AM'),
(1401, 558, 1, 1, 0, 0, 951, NULL, 33170, 0, 0, 67270, '2015-03-02', NULL, NULL, NULL, 2, 20, 'Active', 'Load', NULL, '2015-06-28', '00:23:08 AM'),
(1402, 434, 1, 1, 0, 0, 952, NULL, 1520, 0, 0, 76000, '2015-03-02', NULL, NULL, NULL, 23, 20, 'Active', 'Load', NULL, '2015-06-28', '00:24:02 AM'),
(1403, 434, 1, 1, 0, 0, 953, NULL, 1140, 0, 0, 77140, '2015-03-02', NULL, NULL, NULL, 24, 20, 'Active', 'Load', NULL, '2015-06-28', '00:24:55 AM'),
(1404, 434, 1, 1, 0, 0, 954, NULL, 760, 0, 0, 77900, '2015-03-02', NULL, NULL, NULL, 25, 20, 'Active', 'Load', NULL, '2015-06-28', '00:25:42 AM'),
(1405, 488, 1, 1, 0, 0, 955, NULL, 12920, 0, 0, 121980, '2015-03-02', NULL, NULL, NULL, 6, 20, 'Active', 'Load', NULL, '2015-06-28', '00:26:59 AM'),
(1406, 558, 1, 1, 0, 0, 956, NULL, 33790, 0, 0, 101060, '2015-03-02', NULL, NULL, NULL, 3, 20, 'Active', 'Load', NULL, '2015-06-28', '00:27:52 AM'),
(1407, 155, 1, 1, 0, 0, 957, NULL, 55490, 0, 0, 368590, '2015-03-02', NULL, NULL, NULL, 34, 20, 'Active', 'Load', NULL, '2015-06-28', '00:28:36 AM'),
(1408, 313, 1, 1, 0, 0, 958, NULL, 1240, 0, 0, 3100, '2015-03-02', NULL, NULL, NULL, 2, 20, 'Active', 'Load', NULL, '2015-06-28', '00:29:49 AM'),
(1409, 260, 1, 1, 0, 0, 959, NULL, 2790, 0, 0, 62000, '2015-03-02', NULL, NULL, NULL, 18, 20, 'Active', 'Load', NULL, '2015-06-28', '00:31:48 AM'),
(1410, 604, 1, 1, 0, 0, 960, NULL, 760, 0, 0, 760, '2015-03-02', NULL, NULL, NULL, 1, 20, 'Active', 'Load', NULL, '2015-06-28', '00:58:00 AM'),
(1411, 604, 1, 1, 0, 0, 961, NULL, 1140, 0, 0, 1900, '2015-03-03', NULL, NULL, NULL, 2, 20, 'Active', 'Load', NULL, '2015-06-28', '00:58:36 AM'),
(1412, 605, 1, 1, 0, 0, 962, NULL, 31000, 0, 0, 31000, '2015-03-02', NULL, NULL, NULL, 1, 20, 'Active', 'Load', NULL, '2015-06-28', '00:59:31 AM'),
(1413, 606, 1, 1, 0, 0, 963, NULL, 34100, 0, 0, 34100, '2015-03-02', NULL, NULL, NULL, 1, 20, 'Active', 'Load', NULL, '2015-06-28', '01:00:18 AM'),
(1414, 607, 1, 1, 0, 0, 964, NULL, 1900, 0, 0, 1900, '2015-03-02', NULL, NULL, NULL, 1, 20, 'Active', 'Load', NULL, '2015-06-28', '01:01:04 AM'),
(1415, 608, 1, 1, 0, 0, 965, NULL, 1520, 0, 0, 1520, '2015-03-02', NULL, NULL, NULL, 1, 20, 'Active', 'Load', NULL, '2015-06-28', '01:22:49 AM'),
(1416, 609, 1, 1, 0, 0, 966, NULL, 760, 0, 0, 760, '2015-03-02', NULL, NULL, NULL, 1, 20, 'Active', 'Load', NULL, '2015-06-28', '01:24:57 AM'),
(1417, 610, 1, 1, 0, 0, 967, NULL, 4560, 0, 0, 4560, '2015-03-02', NULL, NULL, NULL, 1, 20, 'Active', 'Load', NULL, '2015-06-28', '01:26:42 AM'),
(1418, 611, 1, 1, 0, 0, 968, NULL, 1900, 0, 0, 1900, '2015-03-02', NULL, NULL, NULL, 1, 20, 'Active', 'Load', NULL, '2015-06-28', '01:30:27 AM'),
(1419, 612, 1, 1, 0, 0, 969, NULL, 380, 0, 0, 380, '2015-03-02', NULL, NULL, NULL, 1, 20, 'Active', 'Load', NULL, '2015-06-28', '01:31:27 AM'),
(1420, 613, 1, 1, 0, 0, 970, NULL, 1140, 0, 0, 1140, '2015-03-02', NULL, NULL, NULL, 1, 20, 'Active', 'Load', NULL, '2015-06-28', '01:57:06 AM'),
(1421, 614, 1, 1, 0, 0, 971, NULL, 2280, 0, 0, 2280, '2015-03-02', NULL, NULL, NULL, 1, 20, 'Active', 'Load', NULL, '2015-06-28', '01:58:04 AM'),
(1422, 615, 1, 1, 0, 0, 972, NULL, 760, 0, 0, 760, '2015-03-02', NULL, NULL, NULL, 1, 20, 'Active', 'Load', NULL, '2015-06-28', '01:59:38 AM'),
(1423, 616, 1, 1, 0, 0, 973, NULL, 34410, 0, 0, 34410, '2015-03-02', NULL, NULL, NULL, 1, 20, 'Active', 'Load', NULL, '2015-06-28', '02:00:32 AM'),
(1424, 616, 1, 1, 0, 0, 974, NULL, 34100, 0, 0, 68510, '2015-03-03', NULL, NULL, NULL, 2, 20, 'Active', 'Load', NULL, '2015-06-28', '02:01:18 AM'),
(1425, 617, 1, 1, 0, 0, 975, NULL, 380, 0, 0, 380, '2015-03-02', NULL, NULL, NULL, 1, 20, 'Active', 'Load', NULL, '2015-06-28', '02:02:27 AM'),
(1426, 618, 1, 1, 0, 0, 976, NULL, 4940, 0, 0, 4940, '2015-03-02', NULL, NULL, NULL, 1, 20, 'Active', 'Load', NULL, '2015-06-28', '02:03:29 AM'),
(1427, 619, 1, 1, 0, 0, 977, NULL, 760, 0, 0, 760, '2015-03-02', NULL, NULL, NULL, 1, 20, 'Active', 'Load', NULL, '2015-06-28', '02:04:25 AM'),
(1428, 620, 1, 1, 0, 0, 978, NULL, 760, 0, 0, 760, '2015-03-02', NULL, NULL, NULL, 1, 20, 'Active', 'Load', NULL, '2015-06-28', '02:05:07 AM'),
(1429, 621, 1, 1, 0, 0, 979, NULL, 1140, 0, 0, 1140, '2015-03-02', NULL, NULL, NULL, 1, 20, 'Active', 'Load', NULL, '2015-06-28', '02:05:50 AM'),
(1430, 622, 1, 1, 0, 0, 980, NULL, 380, 0, 0, 380, '2015-03-02', NULL, NULL, NULL, 1, 20, 'Active', 'Load', NULL, '2015-06-28', '02:06:38 AM'),
(1431, 623, 1, 1, 0, 0, 981, NULL, 760, 0, 0, 760, '2015-03-02', NULL, NULL, NULL, 1, 20, 'Active', 'Load', NULL, '2015-06-28', '02:07:46 AM'),
(1432, 624, 1, 1, 0, 0, 982, NULL, 380, 0, 0, 380, '2015-03-02', NULL, NULL, NULL, 1, 20, 'Active', 'Load', NULL, '2015-06-28', '02:08:45 AM'),
(1433, 625, 1, 1, 0, 0, 983, NULL, 1900, 0, 0, 1900, '2015-03-02', NULL, NULL, NULL, 1, 20, 'Active', 'Load', NULL, '2015-06-28', '02:22:50 AM'),
(1434, 626, 1, 1, 0, 0, 984, NULL, 1140, 0, 0, 1140, '2015-03-02', NULL, NULL, NULL, 1, 20, 'Active', 'Load', NULL, '2015-06-28', '02:28:39 AM'),
(1435, 627, 1, 1, 0, 0, 985, NULL, 13020, 0, 0, 13020, '2015-03-02', NULL, NULL, NULL, 1, 20, 'Active', 'Load', NULL, '2015-06-28', '02:29:55 AM'),
(1436, 627, 1, 1, 0, 0, 986, NULL, 58280, 0, 0, 71300, '2015-03-02', NULL, NULL, NULL, 2, 20, 'Active', 'Load', NULL, '2015-06-28', '02:30:53 AM'),
(1437, 628, 1, 1, 0, 0, 987, NULL, 1860, 0, 0, 1860, '2015-03-02', NULL, NULL, NULL, 1, 20, 'Active', 'Load', NULL, '2015-06-28', '02:31:58 AM'),
(1438, 628, 1, 1, 0, 0, 988, NULL, 4960, 0, 0, 6820, '2015-03-02', NULL, NULL, NULL, 2, 20, 'Active', 'Load', NULL, '2015-06-28', '02:32:56 AM'),
(1439, 155, 1, 1, 0, 0, 989, NULL, 310, 0, 0, 368900, '2015-03-03', NULL, NULL, NULL, 35, 20, 'Active', 'Load', NULL, '2015-06-28', '02:34:40 AM'),
(1440, 616, 1, 1, 0, 0, 990, NULL, 21700, 0, 0, 90210, '2015-03-03', NULL, NULL, NULL, 3, 20, 'Active', 'Load', NULL, '2015-06-28', '02:38:02 AM'),
(1441, 616, 1, 1, 0, 0, 991, NULL, 23250, 0, 0, 113460, '2015-03-03', NULL, NULL, NULL, 4, 20, 'Active', 'Load', NULL, '2015-06-28', '02:39:48 AM'),
(1442, 616, 1, 1, 0, 0, 992, NULL, 23250, 0, 0, 136710, '2015-03-03', NULL, NULL, NULL, 5, 20, 'Active', 'Load', NULL, '2015-06-28', '02:41:13 AM'),
(1443, 129, 1, 1, 0, 0, 993, NULL, 930, 0, 0, 89280, '2015-03-03', NULL, NULL, NULL, 11, 20, 'Active', 'Load', NULL, '2015-06-28', '02:43:12 AM'),
(1444, 235, 1, 1, 0, 0, 994, NULL, 1520, 0, 0, 6460, '2015-03-02', NULL, NULL, NULL, 5, 20, 'Active', 'Load', NULL, '2015-06-28', '02:44:22 AM'),
(1445, 83, 1, 1, 0, 0, 995, NULL, 0, 0, 0, 93310, '2015-03-02', NULL, NULL, NULL, 9, 20, 'Active', 'Load', NULL, '2015-06-28', '02:46:46 AM'),
(1446, 616, 1, 1, 0, 0, 996, NULL, 33480, 0, 0, 170190, '2015-03-02', NULL, NULL, NULL, 6, 20, 'Active', 'Load', NULL, '2015-06-28', '02:48:24 AM'),
(1447, 616, 1, 1, 0, 0, 997, NULL, 18910, 0, 0, 189100, '2015-03-02', NULL, NULL, NULL, 7, 20, 'Active', 'Load', NULL, '2015-06-28', '02:49:14 AM'),
(1448, 616, 1, 1, 0, 0, 998, NULL, 18910, 0, 0, 208010, '2015-03-03', NULL, NULL, NULL, 8, 20, 'Active', 'Load', NULL, '2015-06-28', '02:50:03 AM'),
(1449, 628, 1, 1, 0, 0, 999, NULL, 9610, 0, 0, 16430, '2015-03-02', NULL, NULL, NULL, 3, 20, 'Active', 'Load', NULL, '2015-06-28', '02:51:17 AM'),
(1450, 628, 1, 1, 0, 0, 1000, NULL, 5890, 0, 0, 22320, '2015-03-02', NULL, NULL, NULL, 4, 20, 'Active', 'Load', NULL, '2015-06-28', '02:52:04 AM'),
(1451, 616, 1, 1, 0, 0, 1001, NULL, 34100, 0, 0, 242110, '2015-03-03', NULL, NULL, NULL, 9, 20, 'Active', 'Load', NULL, '2015-06-28', '02:52:56 AM'),
(1452, 629, 1, 1, 0, 0, 1002, NULL, 760, 0, 0, 760, '2015-03-02', NULL, NULL, NULL, 1, 20, 'Active', 'Load', NULL, '2015-06-28', '03:03:10 AM'),
(1453, 630, 1, 1, 0, 0, 1003, NULL, 760, 0, 0, 760, '2015-03-02', NULL, NULL, NULL, 1, 20, 'Active', 'Load', NULL, '2015-06-28', '03:03:57 AM'),
(1454, 631, 1, 1, 0, 0, 1004, NULL, 1140, 0, 0, 1140, '2015-03-02', NULL, NULL, NULL, 1, 20, 'Active', 'Load', NULL, '2015-06-28', '03:04:40 AM'),
(1455, 631, 1, 1, 0, 0, 1005, NULL, 1520, 0, 0, 2660, '2015-03-02', NULL, NULL, NULL, 2, 20, 'Active', 'Load', NULL, '2015-06-28', '03:05:20 AM'),
(1456, 632, 1, 1, 0, 0, 1006, NULL, 760, 0, 0, 760, '2015-03-02', NULL, NULL, NULL, 1, 20, 'Active', 'Load', NULL, '2015-06-28', '03:17:58 AM'),
(1457, 633, 1, 1, 0, 0, 1007, NULL, 760, 0, 0, 760, '2015-03-02', NULL, NULL, NULL, 1, 20, 'Active', 'Load', NULL, '2015-06-28', '03:18:49 AM'),
(1458, 634, 1, 1, 0, 0, 1008, NULL, 6460, 0, 0, 6460, '2015-03-03', NULL, NULL, NULL, 1, 20, 'Active', 'Load', NULL, '2015-06-28', '03:19:31 AM'),
(1459, 635, 1, 1, 0, 0, 1009, NULL, 2280, 0, 0, 2280, '2015-03-02', NULL, NULL, NULL, 1, 20, 'Active', 'Load', NULL, '2015-06-28', '03:20:13 AM'),
(1460, 642, 1, 1, 0, 0, 1010, NULL, 760, 0, 0, 760, '2015-03-02', NULL, NULL, NULL, 1, 20, 'Active', 'Load', NULL, '2015-06-28', '04:14:54 AM'),
(1461, 643, 1, 1, 0, 0, 1011, NULL, 380, 0, 0, 380, '2015-03-02', NULL, NULL, NULL, 1, 20, 'Active', 'Load', NULL, '2015-06-28', '04:15:35 AM'),
(1462, 644, 1, 1, 0, 0, 1012, NULL, 380, 0, 0, 380, '2015-03-02', NULL, NULL, NULL, 1, 20, 'Active', 'Load', NULL, '2015-06-28', '04:16:14 AM'),
(1463, 636, 1, 1, 0, 0, 1013, NULL, 380, 0, 0, 380, '2015-03-02', NULL, NULL, NULL, 1, 20, 'Active', 'Load', NULL, '2015-06-28', '04:17:09 AM'),
(1464, 637, 1, 1, 0, 0, 1014, NULL, 4940, 0, 0, 4940, '2015-03-02', NULL, NULL, NULL, 1, 20, 'Active', 'Load', NULL, '2015-06-28', '04:17:42 AM'),
(1465, 638, 1, 1, 0, 0, 1015, NULL, 1900, 0, 0, 1900, '2015-03-02', NULL, NULL, NULL, 1, 20, 'Active', 'Load', NULL, '2015-06-28', '04:18:33 AM'),
(1466, 639, 1, 1, 0, 0, 1016, NULL, 760, 0, 0, 760, '2015-03-02', NULL, NULL, NULL, 1, 20, 'Active', 'Load', NULL, '2015-06-28', '04:19:23 AM'),
(1467, 640, 1, 1, 0, 0, 1017, NULL, 760, 0, 0, 760, '2015-03-02', NULL, NULL, NULL, 1, 20, 'Active', 'Load', NULL, '2015-06-28', '04:20:17 AM'),
(1468, 641, 1, 1, 0, 0, 1018, NULL, 380, 0, 0, 380, '2015-03-02', NULL, NULL, NULL, 1, 20, 'Active', 'Load', NULL, '2015-06-28', '04:21:04 AM'),
(1469, 616, 1, 1, 0, 0, 1019, NULL, 34100, 0, 0, 276210, '2015-03-02', NULL, NULL, NULL, 10, 20, 'Active', 'Load', NULL, '2015-06-28', '04:30:31 AM'),
(1470, 82, 1, 1, 0, 0, 1020, NULL, 6200, 0, 0, 116250, '2015-03-02', NULL, NULL, NULL, 17, 20, 'Active', 'Load', NULL, '2015-06-28', '04:31:40 AM'),
(1471, 82, 1, 1, 0, 0, 1021, NULL, 4340, 0, 0, 120590, '2015-03-02', NULL, NULL, NULL, 18, 20, 'Active', 'Load', NULL, '2015-06-28', '04:32:27 AM'),
(1472, 628, 1, 1, 0, 0, 1022, NULL, 15190, 0, 0, 37510, '2015-03-03', NULL, NULL, NULL, 5, 20, 'Active', 'Load', NULL, '2015-06-28', '04:33:25 AM'),
(1473, 616, 1, 1, 0, 0, 1023, NULL, 34100, 0, 0, 310310, '2015-03-04', NULL, NULL, NULL, 11, 20, 'Active', 'Load', NULL, '2015-06-28', '04:34:28 AM'),
(1474, 616, 1, 1, 0, 0, 1024, NULL, 34100, 0, 0, 344410, '2015-03-04', NULL, NULL, NULL, 12, 20, 'Active', 'Load', NULL, '2015-06-28', '04:35:14 AM'),
(1475, 628, 1, 1, 0, 0, 1025, NULL, 4650, 0, 0, 42160, '2015-03-02', NULL, NULL, NULL, 6, 20, 'Active', 'Load', NULL, '2015-06-28', '04:57:42 AM'),
(1476, 628, 1, 1, 0, 0, 1026, NULL, 10850, 0, 0, 53010, '2015-03-03', NULL, NULL, NULL, 7, 20, 'Active', 'Load', NULL, '2015-06-28', '05:01:46 AM'),
(1477, 628, 1, 1, 0, 0, 1027, NULL, 3720, 0, 0, 56730, '2015-03-04', NULL, NULL, NULL, 8, 20, 'Active', 'Load', NULL, '2015-06-28', '05:02:30 AM'),
(1478, 628, 1, 1, 0, 0, 1028, NULL, 5270, 0, 0, 62000, '2015-03-04', NULL, NULL, NULL, 9, 20, 'Active', 'Load', NULL, '2015-06-28', '05:03:25 AM'),
(1479, 628, 1, 1, 0, 0, 1029, NULL, 3100, 0, 0, 65100, '2015-03-04', NULL, NULL, NULL, 10, 20, 'Active', 'Load', NULL, '2015-06-28', '05:04:09 AM'),
(1480, 129, 1, 1, 0, 0, 1030, NULL, 1550, 0, 0, 90830, '2015-03-02', NULL, NULL, NULL, 12, 20, 'Active', 'Load', NULL, '2015-06-28', '05:05:33 AM'),
(1481, 645, 1, 1, 0, 0, 1031, NULL, 1860, 0, 0, 1860, '2015-03-03', NULL, NULL, NULL, 1, 20, 'Active', 'Load', NULL, '2015-06-28', '05:08:27 AM'),
(1482, 645, 1, 1, 0, 0, 1032, NULL, 8680, 0, 0, 10540, '2015-03-02', NULL, NULL, NULL, 2, 20, 'Active', 'Load', NULL, '2015-06-28', '05:09:13 AM'),
(1483, 645, 1, 1, 0, 0, 1033, NULL, 23870, 0, 0, 34410, '2015-03-02', NULL, NULL, NULL, 3, 20, 'Active', 'Load', NULL, '2015-06-28', '05:09:57 AM'),
(1484, 238, 1, 1, 0, 0, 1034, NULL, 1550, 0, 0, 72850, '2015-03-02', NULL, NULL, NULL, 12, 20, 'Active', 'Load', NULL, '2015-06-28', '05:12:04 AM'),
(1485, 155, 1, 1, 0, 0, 1035, NULL, 2480, 0, 0, 371380, '2015-03-02', NULL, NULL, NULL, 36, 20, 'Active', 'Load', NULL, '2015-06-28', '05:13:11 AM'),
(1486, 238, 1, 1, 0, 0, 1036, NULL, 1240, 0, 0, 74090, '2015-03-03', NULL, NULL, NULL, 13, 20, 'Active', 'Load', NULL, '2015-06-28', '05:14:07 AM'),
(1487, 200, 1, 1, 0, 0, 1037, NULL, 380, 0, 0, 3420, '2015-03-02', NULL, NULL, NULL, 2, 20, 'Active', 'Load', NULL, '2015-06-28', '05:14:57 AM'),
(1488, 646, 1, 1, 0, 0, 1038, NULL, 3876, 0, 0, 3876, '2015-03-02', NULL, NULL, NULL, 1, 20, 'Active', 'Load', NULL, '2015-06-28', '05:23:22 AM'),
(1489, 647, 1, 1, 0, 0, 1039, NULL, 1520, 0, 0, 1520, '2015-03-03', NULL, NULL, NULL, 1, 20, 'Active', 'Load', NULL, '2015-06-28', '05:24:06 AM'),
(1490, 648, 1, 1, 0, 0, 1040, NULL, 930, 0, 0, 930, '2015-03-02', NULL, NULL, NULL, 1, 20, 'Active', 'Load', NULL, '2015-06-28', '05:32:15 AM'),
(1491, 651, 1, 1, 0, 0, 1041, NULL, 760, 0, 0, 760, '2015-03-02', NULL, NULL, NULL, 1, 20, 'Active', 'Load', NULL, '2015-06-28', '05:33:01 AM'),
(1492, 650, 1, 1, 0, 0, 1042, NULL, 2280, 0, 0, 2280, '2015-03-03', NULL, NULL, NULL, 1, 20, 'Active', 'Load', NULL, '2015-06-28', '05:33:52 AM'),
(1493, 649, 1, 1, 0, 0, 1043, NULL, 760, 0, 0, 760, '2015-03-02', NULL, NULL, NULL, 1, 20, 'Active', 'Load', NULL, '2015-06-28', '05:34:36 AM'),
(1494, 652, 1, 1, 0, 0, 1044, NULL, 1520, 0, 0, 1520, '2015-03-02', NULL, NULL, NULL, 1, 20, 'Active', 'Load', NULL, '2015-06-29', '00:02:29 AM'),
(1495, 653, 1, 1, 0, 0, 1045, NULL, 760, 0, 0, 760, '2015-03-03', NULL, NULL, NULL, 1, 20, 'Active', 'Load', NULL, '2015-06-29', '00:04:13 AM'),
(1496, 654, 1, 1, 0, 0, 1046, NULL, 760, 0, 0, 760, '2015-03-02', NULL, NULL, NULL, 1, 20, 'Active', 'Load', NULL, '2015-06-29', '00:05:00 AM'),
(1497, 655, 1, 1, 0, 0, 1047, NULL, 760, 0, 0, 760, '2015-03-02', NULL, NULL, NULL, 1, 20, 'Active', 'Load', NULL, '2015-06-29', '00:05:48 AM'),
(1498, 656, 1, 1, 0, 0, 1048, NULL, 760, 0, 0, 760, '2015-03-02', NULL, NULL, NULL, 1, 20, 'Active', 'Load', NULL, '2015-06-29', '00:06:47 AM'),
(1499, 657, 1, 1, 0, 0, 1049, NULL, 760, 0, 0, 760, '2015-03-02', NULL, NULL, NULL, 1, 20, 'Active', 'Load', NULL, '2015-06-29', '00:07:29 AM'),
(1500, 658, 1, 1, 0, 0, 1050, NULL, 1140, 0, 0, 1140, '2015-03-02', NULL, NULL, NULL, 1, 20, 'Active', 'Load', NULL, '2015-06-29', '00:08:11 AM'),
(1501, 659, 1, 1, 0, 0, 1051, NULL, 1140, 0, 0, 1140, '2015-03-02', NULL, NULL, NULL, 1, 20, 'Active', 'Load', NULL, '2015-06-29', '00:08:58 AM'),
(1502, 660, 1, 1, 0, 0, 1052, NULL, 1520, 0, 0, 1520, '2015-03-02', NULL, NULL, NULL, 1, 20, 'Active', 'Load', NULL, '2015-06-29', '00:09:43 AM'),
(1503, 661, 1, 1, 0, 0, 1053, NULL, 1520, 0, 0, 1520, '2015-03-02', NULL, NULL, NULL, 1, 20, 'Active', 'Load', NULL, '2015-06-29', '00:10:55 AM'),
(1504, 662, 1, 1, 0, 0, 1054, NULL, 5320, 0, 0, 5320, '2015-03-02', NULL, NULL, NULL, 1, 20, 'Active', 'Load', NULL, '2015-06-29', '00:14:21 AM'),
(1505, 259, 1, 1, 0, 0, 1055, NULL, 930, 0, 0, 80910, '2015-03-03', NULL, NULL, NULL, 22, 20, 'Active', 'Load', NULL, '2015-06-29', '00:15:16 AM'),
(1506, 171, 1, 1, 0, 0, 1056, NULL, 8060, 0, 0, 78430, '2015-03-02', NULL, NULL, NULL, 9, 20, 'Active', 'Load', NULL, '2015-06-29', '00:16:36 AM'),
(1507, 663, 1, 1, 0, 0, 1057, NULL, 380, 0, 0, 380, '2015-03-02', NULL, NULL, NULL, 1, 20, 'Active', 'Load', NULL, '2015-06-29', '01:06:10 AM'),
(1508, 664, 1, 1, 0, 0, 1058, NULL, 380, 0, 0, 380, '2015-03-02', NULL, NULL, NULL, 1, 20, 'Active', 'Load', NULL, '2015-06-29', '01:07:00 AM'),
(1509, 665, 1, 1, 0, 0, 1059, NULL, 2660, 0, 0, 2660, '2015-03-02', NULL, NULL, NULL, 1, 20, 'Active', 'Load', NULL, '2015-06-29', '01:07:55 AM'),
(1510, 666, 1, 1, 0, 0, 1060, NULL, 380, 0, 0, 380, '2015-03-02', NULL, NULL, NULL, 1, 20, 'Active', 'Load', NULL, '2015-06-29', '01:08:41 AM'),
(1511, 667, 1, 1, 0, 0, 1061, NULL, 4560, 0, 0, 4560, '2015-03-03', NULL, NULL, NULL, 1, 20, 'Active', 'Load', NULL, '2015-06-29', '01:09:42 AM'),
(1512, 668, 1, 1, 0, 0, 1062, NULL, 380, 0, 0, 380, '2015-03-02', NULL, NULL, NULL, 1, 20, 'Active', 'Load', NULL, '2015-06-29', '01:10:23 AM'),
(1513, 671, 1, 1, 0, 0, 1063, NULL, 4180, 0, 0, 4180, '2015-03-02', NULL, NULL, NULL, 1, 20, 'Active', 'Load', NULL, '2015-06-29', '01:12:45 AM'),
(1514, 670, 1, 1, 0, 0, 1064, NULL, 3040, 0, 0, 3040, '2015-03-02', NULL, NULL, NULL, 1, 20, 'Active', 'Load', NULL, '2015-06-29', '01:13:29 AM'),
(1515, 670, 1, 1, 0, 0, 1065, NULL, 760, 0, 0, 3800, '2015-03-02', NULL, NULL, NULL, 2, 20, 'Active', 'Load', NULL, '2015-06-29', '01:14:06 AM'),
(1516, 83, 1, 1, 0, 0, 1066, NULL, 30870, 0, 0, 124180, '2015-03-24', NULL, NULL, NULL, 10, 20, 'Active', 'Load', NULL, '2015-06-29', '01:30:54 AM'),
(1517, 83, 1, 1, 0, 0, 1067, NULL, 31500, 0, 0, 155680, '2015-03-25', NULL, NULL, NULL, 11, 20, 'Active', 'Load', NULL, '2015-06-29', '01:33:55 AM'),
(1518, 83, 1, 1, 0, 0, 1068, NULL, 31710, 0, 0, 187390, '2015-03-26', NULL, NULL, NULL, 12, 20, 'Active', 'Load', NULL, '2015-06-29', '01:34:42 AM'),
(1519, 83, 1, 1, 0, 0, 1069, NULL, 31290, 0, 0, 218680, '2015-02-26', NULL, NULL, NULL, 13, 20, 'Active', 'Load', NULL, '2015-06-29', '01:35:46 AM'),
(1520, 672, 1, 1, 0, 0, 1070, NULL, 1520, 0, 0, 1520, '2015-03-02', NULL, NULL, NULL, 1, 20, 'Active', 'Load', NULL, '2015-06-29', '01:43:39 AM'),
(1521, 542, 1, 1, 0, 0, 1071, NULL, 0, 0, 0, 0, '2015-03-16', NULL, NULL, NULL, 1, 20, 'Active', 'Load', NULL, '2015-06-29', '01:53:44 AM'),
(1522, 673, 1, 1, 0, 0, 1072, NULL, 1140, 0, 0, 1140, '2015-03-02', NULL, NULL, NULL, 1, 20, 'Active', 'Load', NULL, '2015-06-29', '01:56:53 AM'),
(1523, 674, 1, 1, 0, 5, 0, NULL, 0, 0, 1036230, -1036230, '2015-08-01', '', 0, '0000-00-00', 1, 20, 'Receive', 'Sell', NULL, '2015-08-20', '06:15:10 AM'),
(1524, 60, 1, 2, 0, 0, 0, NULL, 0, 0, 24533756, -24533756, '2015-08-01', '', 0, '0000-00-00', 1, 20, 'Receive', 'Sell', NULL, '2015-08-20', '06:22:23 AM'),
(1525, 675, 1, 3, 0, 0, 0, NULL, 0, 0, 175170, -175170, '2015-08-01', '', 0, '0000-00-00', 1, 20, 'Receive', 'Sell', NULL, '2015-08-20', '06:29:22 AM'),
(1526, 61, 1, 4, 0, 0, 0, NULL, 0, 0, 2600000, -2600000, '2015-08-01', '', 0, '0000-00-00', 1, 20, 'Receive', 'Sell', NULL, '2015-08-20', '06:30:06 AM'),
(1527, 62, 1, 13, 0, 15, 0, NULL, 0, 0, 95000, -95000, '2015-08-01', '', 0, '0000-00-00', 1, 20, 'Receive', 'Sell', NULL, '2015-08-20', '06:30:47 AM'),
(1528, 676, 2, 6, 0, 10, 0, NULL, 0, 0, 7546518, -7546518, '2015-08-01', '', 0, '0000-00-00', 1, 20, 'Receive', 'Sell', NULL, '2015-08-20', '06:32:43 AM'),
(1529, 677, 4, 9, 0, 0, 0, NULL, 0, 0, 11160080, -11160080, '2015-08-01', '', 0, '0000-00-00', 1, 20, 'Receive', 'Sell', NULL, '2015-08-20', '06:36:33 AM'),
(1530, 678, 10, 16, 0, 0, 0, NULL, 0, 0, 10206, -10206, '2015-08-01', '', 0, '0000-00-00', 1, 20, 'Receive', 'Sell', NULL, '2015-08-20', '06:39:05 AM'),
(1531, 679, 9, 15, 0, 0, 0, NULL, 0, 0, 3000, -3000, '2015-08-01', '', 0, '0000-00-00', 1, 20, 'Receive', 'Sell', NULL, '2015-08-20', '06:40:04 AM'),
(1536, 687, 11, 18, 0, 0, 0, 0, 0, 737760, 0, 737760, '2015-08-01', NULL, NULL, NULL, 1, 20, 'Payment', 'Purchase', NULL, '2015-08-27', '01:37:17 AM'),
(1570, 38, 3, 8, 1, 0, NULL, NULL, 54928436, 0, 0, 54928436, '2015-08-01', NULL, NULL, NULL, 1, 20, 'Sell', 'Sell', NULL, '2015-10-01', '13:28:12 PM'),
(1571, 38, 3, 8, 1, 0, 0, NULL, 0, 0, 54928436, 0, '2015-08-01', '', 0, '0000-00-00', 2, 20, 'Receive', 'Sell', NULL, '2015-10-01', '13:34:45 PM'),
(1572, 38, 3, 8, 1, 0, 0, 0, 0, 54421292, 0, 54421292, '2015-08-01', NULL, NULL, NULL, 3, 20, 'Payment', 'Purchase', NULL, '2015-10-01', '13:36:18 PM'),
(1573, 678, 10, 16, 0, 0, 0, 0, 0, 97357, 0, 87151, '2015-08-01', NULL, NULL, NULL, 2, 20, 'Payment', 'Purchase', NULL, '2015-10-01', '13:48:32 PM'),
(1574, 679, 9, 15, 0, 0, 0, 0, 0, 981056, 0, 978056, '2015-08-01', NULL, NULL, NULL, 2, 20, 'Payment', 'Purchase', NULL, '2015-10-01', '13:49:01 PM'),
(1575, 688, 13, 26, 0, 0, 0, 0, 0, 19742, 0, 19742, '2015-08-01', NULL, NULL, NULL, 1, 20, 'Payment', 'Purchase', NULL, '2015-10-01', '13:54:31 PM'),
(1576, 689, 13, 24, 0, 0, 0, 0, 0, 15190, 0, 15190, '2015-08-01', NULL, NULL, NULL, 1, 20, 'Payment', 'Purchase', NULL, '2015-10-01', '13:56:20 PM'),
(1577, 690, 13, 25, 0, 0, 0, 0, 0, 13950, 0, 13950, '2015-08-01', NULL, NULL, NULL, 1, 20, 'Payment', 'Purchase', NULL, '2015-10-01', '13:56:39 PM'),
(1578, 691, 13, 27, 0, 0, 0, 0, 0, 11750, 0, 11750, '2015-08-01', NULL, NULL, NULL, 1, 20, 'Payment', 'Purchase', NULL, '2015-10-01', '13:57:06 PM'),
(1579, 691, 13, 27, 0, 0, 0, NULL, 0, 0, 7750, 4000, '2015-08-01', '', 0, '0000-00-00', 2, 20, 'Receive', 'Sell', NULL, '2015-10-01', '13:57:35 PM'),
(1580, 692, 14, 28, 0, 0, 0, 0, 0, 9350, 0, 9350, '2015-08-01', NULL, NULL, NULL, 1, 20, 'Payment', 'Purchase', NULL, '2015-10-01', '14:02:29 PM');
INSERT INTO `fna_partybill` (`PARTYBILLID`, `PARTYID`, `PROJECTID`, `SUBPROJECTID`, `BATCHNO`, `PRODCATTYPEID`, `RECEIVENUMBER`, `PUR_BILLAMOUNT`, `SELL_BILLAMOUNT`, `PAYMENTAMOUNT`, `RECEIVEAMOUNT`, `BALANCEAMOUNT`, `ENTRYDATE`, `BANKNAME`, `CHEQUENUMBER`, `CHEQUEDATE`, `PARTYFLAG`, `USERID`, `STATUS`, `PURSELLFLAG`, `FLAG`, `ENTDATE`, `ENTTIME`) VALUES
(1581, 693, 14, 29, 0, 0, 0, 0, 0, 4200, 0, 4200, '2015-08-01', NULL, NULL, NULL, 1, 20, 'Payment', 'Purchase', NULL, '2015-10-01', '14:02:46 PM'),
(1582, 692, 14, 28, 0, 0, 0, NULL, 0, 0, 15610, -6260, '2015-08-01', '', 0, '0000-00-00', 2, 20, 'Receive', 'Sell', NULL, '2015-10-01', '14:03:13 PM'),
(1583, 693, 14, 29, 0, 0, 0, NULL, 0, 0, 59850, -55650, '2015-08-01', '', 0, '0000-00-00', 2, 20, 'Receive', 'Sell', NULL, '2015-10-01', '14:03:37 PM'),
(1584, 694, 5, 7, 0, 0, NULL, 2750, 0, 0, 0, -2750, '2015-08-01', NULL, NULL, NULL, 1, 20, 'Active', 'Purchase', NULL, '2015-10-03', '11:53:43 AM'),
(1585, 694, 5, 7, 0, 0, NULL, 4198, 0, 0, 0, -6948, '2015-08-01', NULL, NULL, NULL, 2, 20, 'Active', 'Purchase', NULL, '2015-10-03', '11:53:43 AM'),
(1586, 694, 5, 7, 0, 0, NULL, 4160, 0, 0, 0, -11108, '2015-08-01', NULL, NULL, NULL, 3, 20, 'Active', 'Purchase', NULL, '2015-10-03', '11:53:43 AM'),
(1587, 694, 5, 7, 0, 0, NULL, 396, 0, 0, 0, -11504, '2015-08-01', NULL, NULL, NULL, 4, 20, 'Active', 'Purchase', NULL, '2015-10-03', '11:53:43 AM'),
(1588, 694, 5, 7, 0, 0, NULL, 526, 0, 0, 0, -12030, '2015-08-01', NULL, NULL, NULL, 5, 20, 'Active', 'Purchase', NULL, '2015-10-03', '11:53:43 AM'),
(1589, 694, 5, 7, 0, 0, NULL, 2300, 0, 0, 0, -14330, '2015-08-01', NULL, NULL, NULL, 6, 20, 'Active', 'Purchase', NULL, '2015-10-03', '11:53:43 AM'),
(1590, 694, 5, 7, 0, 0, NULL, 6183, 0, 0, 0, -20513, '2015-08-01', NULL, NULL, NULL, 7, 20, 'Active', 'Purchase', NULL, '2015-10-03', '11:53:43 AM'),
(1591, 694, 5, 7, 0, 0, NULL, 114, 0, 0, 0, -20627, '2015-08-01', NULL, NULL, NULL, 8, 20, 'Active', 'Purchase', NULL, '2015-10-03', '11:53:43 AM'),
(1592, 694, 5, 7, 0, 0, NULL, 2210, 0, 0, 0, -22837, '2015-08-01', NULL, NULL, NULL, 9, 20, 'Active', 'Purchase', NULL, '2015-10-03', '11:53:43 AM'),
(1593, 694, 5, 7, 0, 0, NULL, 1203, 0, 0, 0, -24040, '2015-08-01', NULL, NULL, NULL, 10, 20, 'Active', 'Purchase', NULL, '2015-10-03', '11:53:43 AM'),
(1594, 694, 5, 7, 0, 0, NULL, 3672, 0, 0, 0, -27712, '2015-08-01', NULL, NULL, NULL, 11, 20, 'Active', 'Purchase', NULL, '2015-10-03', '11:53:43 AM'),
(1595, 694, 5, 7, 0, 0, NULL, 3500, 0, 0, 0, -31212, '2015-08-01', NULL, NULL, NULL, 12, 20, 'Active', 'Purchase', NULL, '2015-10-03', '11:53:43 AM'),
(1596, 694, 5, 7, 0, 0, NULL, 1960, 0, 0, 0, -33172, '2015-08-01', NULL, NULL, NULL, 13, 20, 'Active', 'Purchase', NULL, '2015-10-03', '11:53:43 AM'),
(1597, 694, 5, 7, 0, 0, NULL, 792, 0, 0, 0, -33964, '2015-08-01', NULL, NULL, NULL, 14, 20, 'Active', 'Purchase', NULL, '2015-10-03', '11:53:43 AM'),
(1598, 694, 5, 7, 0, 0, NULL, 2345, 0, 0, 0, -36309, '2015-08-01', NULL, NULL, NULL, 15, 20, 'Active', 'Purchase', NULL, '2015-10-03', '11:53:43 AM'),
(1599, 694, 5, 7, 0, 0, NULL, 2436, 0, 0, 0, -38745, '2015-08-01', NULL, NULL, NULL, 16, 20, 'Active', 'Purchase', NULL, '2015-10-03', '11:53:43 AM'),
(1600, 694, 5, 7, 0, 0, NULL, 2600, 0, 0, 0, -41345, '2015-08-01', NULL, NULL, NULL, 17, 20, 'Active', 'Purchase', NULL, '2015-10-03', '11:53:43 AM'),
(1601, 694, 5, 7, 0, 0, NULL, 155, 0, 0, 0, -41500, '2015-08-01', NULL, NULL, NULL, 18, 20, 'Active', 'Purchase', NULL, '2015-10-03', '11:53:43 AM'),
(1602, 694, 5, 7, 0, 0, NULL, 42, 0, 0, 0, -41542, '2015-08-01', NULL, NULL, NULL, 19, 20, 'Active', 'Purchase', NULL, '2015-10-03', '11:53:43 AM'),
(1603, 694, 5, 7, 0, 0, NULL, 628, 0, 0, 0, -42170, '2015-08-01', NULL, NULL, NULL, 20, 20, 'Active', 'Purchase', NULL, '2015-10-03', '11:53:43 AM'),
(1604, 694, 5, 7, 0, 0, NULL, 587, 0, 0, 0, -42757, '2015-08-01', NULL, NULL, NULL, 21, 20, 'Active', 'Purchase', NULL, '2015-10-03', '11:53:43 AM'),
(1605, 694, 5, 7, 0, 0, NULL, 218, 0, 0, 0, -42975, '2015-08-01', NULL, NULL, NULL, 22, 20, 'Active', 'Purchase', NULL, '2015-10-03', '11:53:43 AM'),
(1606, 694, 5, 7, 0, 0, NULL, 5648, 0, 0, 0, -48623, '2015-08-01', NULL, NULL, NULL, 23, 20, 'Active', 'Purchase', NULL, '2015-10-03', '11:53:43 AM'),
(1607, 694, 5, 7, 0, 0, NULL, 495, 0, 0, 0, -49118, '2015-08-01', NULL, NULL, NULL, 24, 20, 'Active', 'Purchase', NULL, '2015-10-03', '11:53:43 AM'),
(1608, 694, 5, 7, 0, 0, NULL, 6775, 0, 0, 0, -55893, '2015-08-01', NULL, NULL, NULL, 25, 20, 'Active', 'Purchase', NULL, '2015-10-03', '11:53:43 AM'),
(1609, 694, 5, 7, 0, 0, NULL, 871, 0, 0, 0, -56764, '2015-08-01', NULL, NULL, NULL, 26, 20, 'Active', 'Purchase', NULL, '2015-10-03', '11:53:43 AM'),
(1610, 694, 5, 7, 0, 0, NULL, 1250, 0, 0, 0, -58014, '2015-08-01', NULL, NULL, NULL, 27, 20, 'Active', 'Purchase', NULL, '2015-10-03', '11:53:43 AM'),
(1611, 694, 5, 7, 0, 0, NULL, 2129, 0, 0, 0, -60143, '2015-08-01', NULL, NULL, NULL, 28, 20, 'Active', 'Purchase', NULL, '2015-10-03', '11:53:43 AM'),
(1612, 694, 5, 7, 0, 0, NULL, 1082, 0, 0, 0, -61225, '2015-08-01', NULL, NULL, NULL, 29, 20, 'Active', 'Purchase', NULL, '2015-10-03', '11:53:43 AM'),
(1613, 694, 5, 7, 0, 0, NULL, 6387, 0, 0, 0, -67612, '2015-08-01', NULL, NULL, NULL, 30, 20, 'Active', 'Purchase', NULL, '2015-10-03', '11:53:43 AM'),
(1614, 694, 5, 7, 0, 0, NULL, 377, 0, 0, 0, -67989, '2015-08-01', NULL, NULL, NULL, 31, 20, 'Active', 'Purchase', NULL, '2015-10-03', '11:53:43 AM'),
(1615, 694, 5, 7, 0, 0, NULL, 880, 0, 0, 0, -68869, '2015-08-01', NULL, NULL, NULL, 32, 20, 'Active', 'Purchase', NULL, '2015-10-03', '11:53:43 AM'),
(1616, 694, 5, 7, 0, 0, NULL, 4800, 0, 0, 0, -73669, '2015-08-01', NULL, NULL, NULL, 33, 20, 'Active', 'Purchase', NULL, '2015-10-03', '11:53:43 AM'),
(1617, 694, 5, 7, 0, 0, NULL, 7001, 0, 0, 0, -80670, '2015-08-01', NULL, NULL, NULL, 34, 20, 'Active', 'Purchase', NULL, '2015-10-03', '12:03:37 PM'),
(1618, 694, 5, 7, 0, 0, NULL, 504, 0, 0, 0, -81174, '2015-08-01', NULL, NULL, NULL, 35, 20, 'Active', 'Purchase', NULL, '2015-10-03', '12:03:37 PM'),
(1619, 694, 5, 7, 0, 0, NULL, 3600, 0, 0, 0, -84774, '2015-08-01', NULL, NULL, NULL, 36, 20, 'Active', 'Purchase', NULL, '2015-10-03', '12:03:37 PM'),
(1620, 694, 5, 7, 0, 0, NULL, 2703, 0, 0, 0, -87477, '2015-08-01', NULL, NULL, NULL, 37, 20, 'Active', 'Purchase', NULL, '2015-10-03', '12:03:37 PM'),
(1621, 694, 5, 7, 0, 0, NULL, 750, 0, 0, 0, -88227, '2015-08-01', NULL, NULL, NULL, 38, 20, 'Active', 'Purchase', NULL, '2015-10-03', '12:03:37 PM'),
(1622, 694, 5, 7, 0, 0, NULL, 5225, 0, 0, 0, -93452, '2015-08-01', NULL, NULL, NULL, 39, 20, 'Active', 'Purchase', NULL, '2015-10-03', '12:03:37 PM'),
(1623, 694, 5, 7, 0, 0, NULL, 6112, 0, 0, 0, -99564, '2015-08-01', NULL, NULL, NULL, 40, 20, 'Active', 'Purchase', NULL, '2015-10-03', '12:03:37 PM'),
(1624, 694, 5, 7, 0, 0, NULL, 800, 0, 0, 0, -100364, '2015-08-01', NULL, NULL, NULL, 41, 20, 'Active', 'Purchase', NULL, '2015-10-03', '12:03:37 PM'),
(1625, 694, 5, 7, 0, 0, NULL, 746, 0, 0, 0, -101110, '2015-08-01', NULL, NULL, NULL, 42, 20, 'Active', 'Purchase', NULL, '2015-10-03', '12:03:37 PM'),
(1626, 678, 9, 16, 0, 0, 0, NULL, 0, 0, 10206, 76945, '2015-08-01', '', 0, '0000-00-00', 3, 20, 'Receive', 'Sell', NULL, '2015-10-03', '12:56:34 PM'),
(1627, 679, 9, 15, 0, 0, 0, NULL, 0, 0, 3000, 975056, '2015-08-01', '', 0, '0000-00-00', 3, 20, 'Receive', 'Sell', NULL, '2015-10-03', '12:56:56 PM'),
(1628, 679, 9, 15, 0, 0, 0, 0, 0, 981056, 0, 1956112, '2015-08-01', NULL, NULL, NULL, 4, 20, 'Payment', 'Purchase', NULL, '2015-10-03', '12:57:26 PM'),
(1629, 678, 9, 16, 0, 0, 0, 0, 0, 97357, 0, 174302, '2015-08-01', NULL, NULL, NULL, 4, 20, 'Payment', 'Purchase', NULL, '2015-10-03', '12:57:47 PM'),
(1631, 697, 14, 35, 0, 0, 0, NULL, 0, 0, 1962360, -1962360, '2015-08-01', '', 0, '0000-00-00', 1, 20, 'Receive', 'Sell', NULL, '2015-10-03', '13:30:43 PM'),
(1632, 697, 14, 35, 0, 0, 0, 0, 0, 2136555, 0, 174195, '2015-08-01', NULL, NULL, NULL, 2, 20, 'Payment', 'Purchase', NULL, '2015-10-03', '13:31:20 PM'),
(1633, 698, 12, 36, 0, 0, 0, 0, 0, 2098788, 0, 2098788, '2015-08-01', NULL, NULL, NULL, 1, 20, 'Payment', 'Purchase', NULL, '2015-10-03', '13:52:33 PM'),
(1634, 699, 12, 37, 0, 0, 0, 0, 0, 19408361, 0, 19408361, '2015-08-01', NULL, NULL, NULL, 1, 20, 'Payment', 'Purchase', NULL, '2015-10-03', '13:53:01 PM'),
(1635, 700, 12, 38, 0, 0, 0, 0, 0, 686644, 0, 686644, '2015-08-01', NULL, NULL, NULL, 1, 20, 'Payment', 'Purchase', NULL, '2015-10-03', '13:53:23 PM'),
(1636, 701, 12, 39, 0, 0, 0, 0, 0, 600240, 0, 600240, '2015-08-01', NULL, NULL, NULL, 1, 20, 'Payment', 'Purchase', NULL, '2015-10-03', '13:53:45 PM'),
(1637, 702, 12, 23, 0, 0, 0, 0, 0, 722053, 0, 722053, '2015-08-01', NULL, NULL, NULL, 1, 20, 'Payment', 'Purchase', NULL, '2015-10-03', '13:54:07 PM'),
(1638, 703, 15, 33, 0, 0, 0, NULL, 0, 0, 3000000, -3000000, '2015-08-01', '', 0, '0000-00-00', 1, 20, 'Receive', 'Sell', NULL, '2015-10-03', '13:58:55 PM'),
(1639, 705, 11, 40, 0, 0, 0, 0, 0, 2525000, 0, 2525000, '2015-08-01', NULL, NULL, NULL, 1, 20, 'Payment', 'Purchase', NULL, '2015-10-03', '14:02:58 PM'),
(1640, 680, 7, 12, 0, 0, 0, NULL, 0, 0, 2633850, -2633850, '2015-08-01', '', 0, '0000-00-00', 1, 20, 'Receive', 'Sell', NULL, '2015-10-03', '14:07:55 PM'),
(1641, 706, 7, 30, 0, 0, 0, NULL, 0, 0, 9574630, -9574630, '2015-08-01', '', 0, '0000-00-00', 1, 20, 'Receive', 'Sell', NULL, '2015-10-03', '14:10:08 PM'),
(1642, 686, 7, 17, 0, 0, 0, NULL, 0, 0, 705530, -705530, '2015-08-01', '', 0, '0000-00-00', 1, 20, 'Receive', 'Sell', NULL, '2015-10-03', '14:11:10 PM'),
(1643, 708, 16, 34, 0, 0, 0, NULL, 0, 0, 300000, -300000, '2015-08-01', '', 0, '0000-00-00', 1, 20, 'Receive', 'Sell', NULL, '2015-10-03', '14:16:41 PM'),
(1644, 681, 7, 12, 0, 0, 0, 0, 0, 12980806, 0, 12980806, '2015-08-01', NULL, NULL, NULL, 1, 20, 'Payment', 'Purchase', NULL, '2015-10-03', '14:18:03 PM'),
(1645, 706, 7, 30, 0, 0, 0, 0, 0, 17521675, 0, 7947045, '2015-08-01', NULL, NULL, NULL, 2, 20, 'Payment', 'Purchase', NULL, '2015-10-03', '14:18:26 PM'),
(1646, 686, 7, 17, 0, 0, 0, 0, 0, 12277600, 0, 11572070, '2015-08-01', NULL, NULL, NULL, 2, 20, 'Payment', 'Purchase', NULL, '2015-10-03', '14:19:03 PM'),
(1647, 704, 15, 32, 0, 0, 0, 0, 0, 8056750, 0, 8056750, '2015-08-01', NULL, NULL, NULL, 1, 20, 'Payment', 'Purchase', NULL, '2015-10-03', '14:31:35 PM'),
(1648, 709, 7, 42, 0, 0, 0, 0, 0, 998610, 0, 998610, '2015-08-01', NULL, NULL, NULL, 1, 20, 'Payment', 'Purchase', NULL, '2015-10-03', '14:47:49 PM'),
(1649, 709, 7, 42, 0, 0, 0, NULL, 0, 0, 350606, 648004, '2015-08-01', '', 0, '0000-00-00', 2, 20, 'Receive', 'Sell', NULL, '2015-10-03', '14:48:38 PM'),
(1650, 710, 14, 43, 0, 0, 0, 0, 0, 106765, 0, 106765, '2015-08-01', NULL, NULL, NULL, 1, 20, 'Payment', 'Purchase', NULL, '2015-10-03', '14:53:29 PM'),
(1651, 711, 14, 44, 0, 0, 0, 0, 0, 249783, 0, 249783, '2015-08-01', NULL, NULL, NULL, 1, 20, 'Payment', 'Purchase', NULL, '2015-10-03', '14:53:52 PM'),
(1652, 714, 7, 45, 0, 0, 0, NULL, 0, 0, 199454, -199454, '2015-08-01', '', 0, '0000-00-00', 1, 20, 'Receive', 'Sell', NULL, '2015-10-03', '15:18:19 PM'),
(1653, 713, 7, 46, 0, 0, 0, NULL, 0, 0, 100000, -100000, '2015-08-01', '', 0, '0000-00-00', 1, 20, 'Receive', 'Sell', NULL, '2015-10-03', '15:19:02 PM'),
(1654, 712, 7, 47, 0, 0, 0, NULL, 0, 0, 500000, -500000, '2015-08-01', '', 0, '0000-00-00', 1, 20, 'Receive', 'Sell', NULL, '2015-10-03', '15:19:22 PM'),
(1655, 713, 7, 46, 0, 0, 0, 0, 0, 400000, 0, 300000, '2015-08-01', NULL, NULL, NULL, 2, 20, 'Payment', 'Purchase', NULL, '2015-10-03', '15:19:47 PM'),
(1656, 712, 7, 47, 0, 0, 0, 0, 0, 500000, 0, 0, '2015-08-01', NULL, NULL, NULL, 2, 20, 'Payment', 'Purchase', NULL, '2015-10-03', '15:20:05 PM'),
(1657, 707, 7, 31, 0, 0, 0, NULL, 0, 0, 1845263, -1845263, '2015-08-01', '', 0, '0000-00-00', 1, 20, 'Receive', 'Sell', NULL, '2015-10-03', '15:21:00 PM'),
(1663, 694, 5, 7, 0, 0, 0, 0, 0, 608983, 0, 507873, '2015-08-01', NULL, NULL, NULL, 43, 20, 'Payment', 'Purchase', NULL, '2015-10-04', '12:26:55 PM'),
(1664, 694, 5, 7, 0, 0, 0, NULL, 0, 0, 515574, -7701, '2015-08-01', '', 0, '0000-00-00', 44, 20, 'Receive', 'Sell', NULL, '2015-10-04', '12:27:46 PM'),
(1665, 715, 7, 41, 0, 0, 0, NULL, 0, 0, 53500, -53500, '2015-08-01', '', 0, '0000-00-00', 1, 20, 'Receive', 'Sell', NULL, '2015-10-04', '12:45:20 PM'),
(1666, 716, 14, 48, 0, 0, 0, NULL, 0, 0, 12154, -12154, '2015-08-01', '', 0, '0000-00-00', 1, 20, 'Receive', 'Sell', NULL, '2015-10-04', '12:49:25 PM'),
(1667, 676, 2, 6, 0, 0, 0, 0, 0, 1738294, 0, -5808224, '2015-08-01', NULL, NULL, NULL, 2, 20, 'Payment', 'Purchase', NULL, '2015-10-04', '13:39:55 PM'),
(1668, 677, 4, 9, 0, 0, 0, 0, 0, 544979, 0, -10615101, '2015-08-01', NULL, NULL, NULL, 2, 20, 'Payment', 'Purchase', NULL, '2015-10-04', '14:05:10 PM'),
(1669, 677, 4, 9, 0, 0, 0, 0, 0, 30000, 0, -10585101, '2015-08-01', NULL, NULL, NULL, 3, 20, 'Payment', 'Purchase', NULL, '2015-10-04', '14:06:11 PM'),
(1677, 2, 3, 8, 0, 0, NULL, 7690.7599, 0, 0, 0, -7690.7599, '2015-08-01', NULL, NULL, NULL, 1, 20, 'Buy', 'Purchase', NULL, '2015-10-08', '09:44:53 AM'),
(1678, 1, 2, 6, 0, 0, NULL, NULL, 7690.7599, 0, 0, 7690.7599, '2015-08-01', NULL, NULL, NULL, 1, 20, 'Sell', 'Sell', NULL, '2015-10-08', '09:44:53 AM'),
(1679, 2, 3, 8, 0, 0, NULL, 8739.5, 0, 0, 0, -16430.2599, '2015-08-01', NULL, NULL, NULL, 2, 20, 'Buy', 'Purchase', NULL, '2015-10-08', '10:06:51 AM'),
(1680, 1, 2, 6, 0, 0, NULL, NULL, 8739.5, 0, 0, 16430.2599, '2015-08-01', NULL, NULL, NULL, 2, 20, 'Sell', 'Sell', NULL, '2015-10-08', '10:06:51 AM'),
(1681, 2, 3, 8, 0, 0, NULL, 13906.4866, 0, 0, 0, -30336.7465, '2015-08-01', NULL, NULL, NULL, 3, 20, 'Buy', 'Purchase', NULL, '2015-10-08', '10:07:48 AM'),
(1682, 1, 2, 6, 0, 0, NULL, NULL, 13906.4866, 0, 0, 30336.7465, '2015-08-01', NULL, NULL, NULL, 3, 20, 'Sell', 'Sell', NULL, '2015-10-08', '10:07:48 AM'),
(1683, 5, 3, 8, 0, 0, NULL, 195, 0, 0, 0, -195, '2015-08-01', NULL, NULL, NULL, 1, 20, 'Buy', 'Purchase', NULL, '2015-10-08', '10:08:23 AM'),
(1684, 6, 5, 7, 0, 0, NULL, NULL, 195, 0, 0, 195, '2015-08-01', NULL, NULL, NULL, 1, 20, 'Sell', 'Sell', NULL, '2015-10-08', '10:08:23 AM'),
(1685, 5, 3, 8, 0, 0, NULL, 195, 0, 0, 0, -390, '2015-08-01', NULL, NULL, NULL, 2, 20, 'Buy', 'Purchase', NULL, '2015-10-08', '10:09:03 AM'),
(1686, 6, 5, 7, 0, 0, NULL, NULL, 195, 0, 0, 390, '2015-08-01', NULL, NULL, NULL, 2, 20, 'Sell', 'Sell', NULL, '2015-10-08', '10:09:03 AM'),
(1687, 5, 3, 8, 0, 0, NULL, 260, 0, 0, 0, -650, '2015-08-01', NULL, NULL, NULL, 3, 20, 'Buy', 'Purchase', NULL, '2015-10-08', '10:09:27 AM'),
(1688, 6, 5, 7, 0, 0, NULL, NULL, 260, 0, 0, 650, '2015-08-01', NULL, NULL, NULL, 3, 20, 'Sell', 'Sell', NULL, '2015-10-08', '10:09:27 AM'),
(1689, 717, 3, 8, 24, 0, NULL, 1600, 0, 0, 0, -1600, '2015-08-01', NULL, NULL, NULL, 1, 20, 'Buy', 'Purchase', NULL, '2015-10-08', '10:13:39 AM'),
(1690, 717, 3, 8, 24, 0, 0, 0, 0, 1600, 0, 0, '2015-08-01', NULL, NULL, NULL, 2, 20, 'Payment', 'Purchase', NULL, '2015-10-08', '10:14:33 AM'),
(1691, 718, 3, 8, 24, 0, NULL, 760, 0, 0, 0, -760, '2015-08-01', NULL, NULL, NULL, 1, 20, 'Buy', 'Purchase', NULL, '2015-10-08', '10:16:59 AM'),
(1692, 718, 3, 8, 24, 0, 0, 0, 0, 760, 0, 0, '2015-08-01', NULL, NULL, NULL, 2, 20, 'Payment', 'Purchase', NULL, '2015-10-08', '10:17:43 AM'),
(1693, 719, 3, 8, 24, 0, NULL, 197, 0, 0, 0, -197, '2015-08-01', NULL, NULL, NULL, 1, 20, 'Buy', 'Purchase', NULL, '2015-10-08', '10:20:49 AM'),
(1694, 719, 3, 8, 24, 0, 0, 0, 0, 197, 0, 0, '2015-08-01', NULL, NULL, NULL, 2, 20, 'Payment', 'Purchase', NULL, '2015-10-08', '10:21:15 AM'),
(1695, 720, 12, 36, 0, 0, 0, 0, 0, 2030, 0, 2030, '2015-08-01', NULL, NULL, NULL, 1, 20, 'Payment', 'Purchase', NULL, '2015-10-08', '10:47:46 AM'),
(1696, 721, 9, 15, 0, 0, 0, 0, 0, 320, 0, 320, '2015-08-01', NULL, NULL, NULL, 1, 20, 'Payment', 'Purchase', NULL, '2015-10-08', '10:55:41 AM'),
(1697, 345, 1, 1, 0, 5, 0, NULL, 0, 0, 15500, 1187300, '2015-08-01', '', 0, '0000-00-00', 27, 20, 'Receive', 'Sell', NULL, '2015-10-08', '12:28:02 PM'),
(1698, 722, 14, 49, 0, 0, 0, NULL, 0, 0, 75, -75, '2015-08-01', '', 0, '0000-00-00', 1, 20, 'Receive', 'Sell', NULL, '2015-10-08', '12:34:22 PM'),
(1699, 3, 3, 8, 0, 0, NULL, NULL, 7440, 0, 0, 7440, '2015-08-01', NULL, NULL, NULL, 1, 20, 'Sell', 'Sell', NULL, '2015-10-08', '13:24:39 PM'),
(1700, 4, 4, 9, 0, 0, NULL, 7440, 0, 0, 0, -7440, '2015-08-01', NULL, NULL, NULL, 1, 20, 'Buy', 'Purchase', NULL, '2015-10-08', '13:24:39 PM'),
(1701, 3, 3, 8, 0, 0, NULL, NULL, 10120, 0, 0, 17560, '2015-08-01', NULL, NULL, NULL, 2, 20, 'Sell', 'Sell', NULL, '2015-10-08', '13:25:44 PM'),
(1702, 4, 4, 9, 0, 0, NULL, 10120, 0, 0, 0, -17560, '2015-08-01', NULL, NULL, NULL, 2, 20, 'Buy', 'Purchase', NULL, '2015-10-08', '13:25:44 PM'),
(1703, 60, 1, 2, 0, 0, 1080, NULL, 15300, 0, 0, 15300, '2015-08-02', NULL, NULL, NULL, 1, 20, 'Active', 'Load', NULL, '2015-10-09', '07:02:34 AM'),
(1704, 61, 1, 4, 0, 0, 1081, NULL, 60000, 0, 0, 60000, '2015-08-02', NULL, NULL, NULL, 1, 20, 'Active', 'Load', NULL, '2015-10-09', '07:18:51 AM'),
(1705, 38, 3, 8, 0, 0, NULL, NULL, 0, 0, 0, 0, '2015-08-02', NULL, NULL, NULL, 3, 20, 'Sell', 'Sell', NULL, '2015-10-09', '07:35:44 AM'),
(1706, 2, 3, 8, 0, 0, NULL, 449.9997, 0, 0, 0, -30786.7462, '2015-08-02', NULL, NULL, NULL, 4, 20, 'Buy', 'Purchase', NULL, '2015-10-09', '07:37:30 AM'),
(1707, 1, 2, 6, 0, 0, NULL, NULL, 449.9997, 0, 0, 30786.7462, '2015-08-02', NULL, NULL, NULL, 4, 20, 'Sell', 'Sell', NULL, '2015-10-09', '07:37:30 AM'),
(1708, 5, 3, 8, 0, 0, NULL, 195, 0, 0, 0, -845, '2015-08-02', NULL, NULL, NULL, 4, 20, 'Buy', 'Purchase', NULL, '2015-10-09', '07:38:22 AM'),
(1709, 6, 5, 7, 0, 0, NULL, NULL, 195, 0, 0, 845, '2015-08-02', NULL, NULL, NULL, 4, 20, 'Sell', 'Sell', NULL, '2015-10-09', '07:38:22 AM'),
(1710, 5, 3, 8, 0, 0, NULL, 195, 0, 0, 0, -1040, '2015-08-02', NULL, NULL, NULL, 5, 20, 'Buy', 'Purchase', NULL, '2015-10-09', '07:38:49 AM'),
(1711, 6, 5, 7, 0, 0, NULL, NULL, 195, 0, 0, 1040, '2015-08-02', NULL, NULL, NULL, 5, 20, 'Sell', 'Sell', NULL, '2015-10-09', '07:38:49 AM'),
(1712, 5, 3, 8, 0, 0, NULL, 260, 0, 0, 0, -1300, '2015-08-02', NULL, NULL, NULL, 6, 20, 'Buy', 'Purchase', NULL, '2015-10-09', '07:39:11 AM'),
(1713, 6, 5, 7, 0, 0, NULL, NULL, 260, 0, 0, 1300, '2015-08-02', NULL, NULL, NULL, 6, 20, 'Sell', 'Sell', NULL, '2015-10-09', '07:39:11 AM'),
(1714, 2, 3, 8, 0, 0, NULL, 7690.7599, 0, 0, 0, -38477.5061, '2015-08-02', NULL, NULL, NULL, 5, 20, 'Buy', 'Purchase', NULL, '2015-10-09', '07:40:08 AM'),
(1715, 1, 2, 6, 0, 0, NULL, NULL, 7690.7599, 0, 0, 38477.5061, '2015-08-02', NULL, NULL, NULL, 5, 20, 'Sell', 'Sell', NULL, '2015-10-09', '07:40:08 AM'),
(1716, 2, 3, 8, 0, 0, NULL, 8739.5, 0, 0, 0, -47217.0061, '2015-08-02', NULL, NULL, NULL, 6, 20, 'Buy', 'Purchase', NULL, '2015-10-09', '07:40:55 AM'),
(1717, 1, 2, 6, 0, 0, NULL, NULL, 8739.5, 0, 0, 47217.0061, '2015-08-02', NULL, NULL, NULL, 6, 20, 'Sell', 'Sell', NULL, '2015-10-09', '07:40:55 AM'),
(1718, 2, 3, 8, 0, 0, NULL, NULL, 0, 0, 0, 0, '2015-08-02', NULL, NULL, NULL, 1, 20, 'Sell', 'Sell', NULL, '2015-10-09', '07:42:09 AM'),
(1719, 2, 3, 8, 0, 0, NULL, 13906.4867, 0, 0, 0, -61123.4928, '2015-08-02', NULL, NULL, NULL, 7, 20, 'Buy', 'Purchase', NULL, '2015-10-09', '07:42:45 AM'),
(1720, 1, 2, 6, 0, 0, NULL, NULL, 13906.4867, 0, 0, 61123.4928, '2015-08-02', NULL, NULL, NULL, 7, 20, 'Sell', 'Sell', NULL, '2015-10-09', '07:42:45 AM'),
(1721, 717, 3, 8, 24, 0, NULL, 1200, 0, 0, 0, -1200, '2015-08-02', NULL, NULL, NULL, 3, 20, 'Buy', 'Purchase', NULL, '2015-10-09', '07:46:04 AM'),
(1722, 719, 3, 8, 25, 0, NULL, 14945, 0, 0, 0, -14945, '2015-08-02', NULL, NULL, NULL, 3, 20, 'Buy', 'Purchase', NULL, '2015-10-09', '07:46:45 AM'),
(1723, 719, 3, 8, 25, 0, NULL, 1200, 0, 0, 0, -16145, '2015-08-02', NULL, NULL, NULL, 4, 20, 'Buy', 'Purchase', NULL, '2015-10-09', '07:47:18 AM'),
(1724, 719, 3, 8, 25, 0, NULL, 38000, 0, 0, 0, -54145, '2015-08-02', NULL, NULL, NULL, 5, 20, 'Buy', 'Purchase', NULL, '2015-10-09', '07:49:08 AM'),
(1725, 719, 3, 8, 25, 0, NULL, 772, 0, 0, 0, -54917, '2015-08-02', NULL, NULL, NULL, 6, 20, 'Buy', 'Purchase', NULL, '2015-10-09', '07:50:11 AM'),
(1726, 3, 3, 8, 0, 0, NULL, NULL, 7000, 0, 0, 24560, '2015-08-02', NULL, NULL, NULL, 3, 20, 'Sell', 'Sell', NULL, '2015-10-09', '07:57:46 AM'),
(1727, 4, 4, 9, 0, 0, NULL, 7000, 0, 0, 0, -24560, '2015-08-02', NULL, NULL, NULL, 3, 20, 'Buy', 'Purchase', NULL, '2015-10-09', '07:57:46 AM'),
(1728, 3, 3, 8, 0, 0, NULL, NULL, 9900, 0, 0, 34460, '2015-08-02', NULL, NULL, NULL, 4, 20, 'Sell', 'Sell', NULL, '2015-10-09', '07:58:20 AM'),
(1729, 4, 4, 9, 0, 0, NULL, 9900, 0, 0, 0, -34460, '2015-08-02', NULL, NULL, NULL, 4, 20, 'Buy', 'Purchase', NULL, '2015-10-09', '07:58:20 AM'),
(1730, 725, 2, 6, 0, 0, NULL, 76800, 0, 0, 0, -76800, '2015-08-02', NULL, NULL, NULL, 1, 20, 'Active', 'Purchase', NULL, '2015-10-09', '08:01:24 AM'),
(1731, 725, 2, 6, 0, 0, 0, 0, 0, 76800, 0, 0, '2015-08-02', NULL, NULL, NULL, 2, 20, 'Payment', 'Purchase', NULL, '2015-10-09', '08:02:40 AM'),
(1732, 345, 1, 1, 0, 5, 0, NULL, 0, 0, 35650, 1151650, '2015-08-02', '', 0, '0000-00-00', 28, 20, 'Receive', 'Sell', NULL, '2015-10-09', '08:06:08 AM'),
(1733, 123, 1, 1, 0, 5, 0, NULL, 0, 0, 930, 48670, '2015-08-02', '', 0, '0000-00-00', 34, 20, 'Receive', 'Sell', NULL, '2015-10-09', '08:06:36 AM'),
(1734, 293, 1, 1, 0, 5, 0, NULL, 0, 0, 1860, 188790, '2015-08-02', '', 0, '0000-00-00', 10, 20, 'Receive', 'Sell', NULL, '2015-10-09', '08:07:16 AM'),
(1735, 726, 4, 9, 0, 0, NULL, NULL, 8100, 0, 0, 8100, '2015-08-02', NULL, NULL, NULL, 1, 20, 'Sell', 'Sell', NULL, '2015-10-09', '08:11:21 AM'),
(1736, 727, 4, 9, 0, 0, NULL, NULL, 59400, 0, 0, 59400, '2015-08-02', NULL, NULL, NULL, 1, 20, 'Sell', 'Sell', NULL, '2015-10-09', '08:11:53 AM'),
(1737, 726, 4, 9, 0, 0, 0, NULL, 0, 0, 8100, 0, '2015-08-02', '', 0, '0000-00-00', 2, 20, 'Receive', 'Sell', NULL, '2015-10-09', '08:12:48 AM'),
(1738, 727, 4, 9, 0, 0, 0, NULL, 0, 0, 59400, 0, '2015-08-02', '', 0, '0000-00-00', 2, 20, 'Receive', 'Sell', NULL, '2015-10-09', '08:13:12 AM'),
(1739, 1, 2, 6, 0, 10, 0, NULL, 0, 0, 30657, 30467.5072, '2015-08-02', '', 0, '0000-00-00', 8, 20, 'Receive', 'Sell', NULL, '2015-10-09', '08:20:24 AM'),
(1740, 6, 5, 7, 0, 11, 0, NULL, 0, 0, 650, 650, '2015-08-02', '', 0, '0000-00-00', 7, 20, 'Receive', 'Sell', NULL, '2015-10-09', '08:21:03 AM'),
(1741, 2, 3, 8, 25, 0, 0, 0, 0, 320, 0, -60803.4928, '2015-08-02', NULL, NULL, NULL, 8, 20, 'Payment', 'Purchase', NULL, '2015-10-09', '08:22:55 AM'),
(1742, 2, 3, 8, 22, 0, 0, 0, 0, 7691, 0, -53112.4928, '2015-08-02', NULL, NULL, NULL, 9, 20, 'Payment', 'Purchase', NULL, '2015-10-09', '08:23:22 AM'),
(1743, 2, 3, 8, 23, 0, 0, 0, 0, 8740, 0, -44372.4928, '2015-08-02', NULL, NULL, NULL, 10, 20, 'Payment', 'Purchase', NULL, '2015-10-09', '08:23:45 AM'),
(1744, 2, 3, 8, 24, 0, 0, 0, 0, 13906, 0, -30466.4928, '2015-08-02', NULL, NULL, NULL, 11, 20, 'Payment', 'Purchase', NULL, '2015-10-09', '08:24:08 AM'),
(1745, 5, 3, 8, 22, 0, 0, 0, 0, 195, 0, -1105, '2015-08-02', NULL, NULL, NULL, 7, 20, 'Payment', 'Purchase', NULL, '2015-10-09', '08:24:30 AM'),
(1746, 5, 3, 8, 23, 0, 0, 0, 0, 195, 0, -910, '2015-08-02', NULL, NULL, NULL, 8, 20, 'Payment', 'Purchase', NULL, '2015-10-09', '08:24:51 AM'),
(1747, 5, 3, 8, 24, 0, 0, 0, 0, 260, 0, -650, '2015-08-02', NULL, NULL, NULL, 9, 20, 'Payment', 'Purchase', NULL, '2015-10-09', '08:25:12 AM'),
(1748, 3, 3, 8, 22, 0, 0, NULL, 0, 0, 7000, 27460, '2015-08-02', '', 0, '0000-00-00', 5, 20, 'Receive', 'Sell', NULL, '2015-10-09', '08:26:14 AM'),
(1749, 3, 3, 8, 23, 0, 0, NULL, 0, 0, 9900, 17560, '2015-08-02', '', 0, '0000-00-00', 6, 20, 'Receive', 'Sell', NULL, '2015-10-09', '08:26:42 AM'),
(1750, 4, 4, 9, 0, 0, 0, 0, 0, 16900, 0, -17560, '2015-08-02', NULL, NULL, NULL, 5, 20, 'Payment', 'Purchase', NULL, '2015-10-09', '08:27:43 AM'),
(1751, 61, 1, 4, 0, 0, 1082, NULL, 30000, 0, 0, 90000, '2015-08-03', NULL, NULL, NULL, 2, 20, 'Active', 'Load', NULL, '2015-08-03', '10:25:03 AM'),
(1752, 719, 3, 8, 22, 0, NULL, 250, 0, 0, 0, -55167, '2015-08-03', NULL, NULL, NULL, 7, 20, 'Buy', 'Purchase', NULL, '2015-08-03', '10:28:24 AM'),
(1753, 2, 3, 8, 0, 0, NULL, 7690.7599, 0, 0, 0, -38157.2527, '2015-08-03', NULL, NULL, NULL, 12, 20, 'Buy', 'Purchase', NULL, '2015-08-03', '10:29:48 AM'),
(1754, 1, 2, 6, 0, 0, NULL, NULL, 7690.7599, 0, 0, 38158.2671, '2015-08-03', NULL, NULL, NULL, 9, 20, 'Sell', 'Sell', NULL, '2015-08-03', '10:29:48 AM'),
(1755, 2, 3, 8, 0, 0, NULL, 8739.5, 0, 0, 0, -46896.7527, '2015-08-03', NULL, NULL, NULL, 13, 20, 'Buy', 'Purchase', NULL, '2015-08-03', '10:30:50 AM'),
(1756, 1, 2, 6, 0, 0, NULL, NULL, 8739.5, 0, 0, 46897.7671, '2015-08-03', NULL, NULL, NULL, 10, 20, 'Sell', 'Sell', NULL, '2015-08-03', '10:30:50 AM'),
(1757, 2, 3, 8, 0, 0, NULL, 13906.4867, 0, 0, 0, -60803.2394, '2015-08-03', NULL, NULL, NULL, 14, 20, 'Buy', 'Purchase', NULL, '2015-08-03', '10:31:47 AM'),
(1758, 1, 2, 6, 0, 0, NULL, NULL, 13906.4867, 0, 0, 60804.2538, '2015-08-03', NULL, NULL, NULL, 11, 20, 'Sell', 'Sell', NULL, '2015-08-03', '10:31:47 AM'),
(1759, 2, 3, 8, 0, 0, NULL, 310.6304, 0, 0, 0, -61113.8698, '2015-08-03', NULL, NULL, NULL, 15, 20, 'Buy', 'Purchase', NULL, '2015-08-03', '10:33:43 AM'),
(1760, 1, 2, 6, 0, 0, NULL, NULL, 310.6304, 0, 0, 61114.8842, '2015-08-03', NULL, NULL, NULL, 12, 20, 'Sell', 'Sell', NULL, '2015-08-03', '10:33:43 AM'),
(1761, 2, 3, 8, 22, 0, 0, 0, 0, 7691, 0, -53422.8698, '2015-08-03', NULL, NULL, NULL, 16, 20, 'Payment', 'Purchase', NULL, '2015-08-03', '10:37:02 AM'),
(1762, 2, 3, 8, 23, 0, 0, 0, 0, 8740, 0, -44682.8698, '2015-08-03', NULL, NULL, NULL, 17, 20, 'Payment', 'Purchase', NULL, '2015-08-03', '10:37:29 AM'),
(1763, 2, 3, 8, 24, 0, 0, 0, 0, 13906, 0, -30776.8698, '2015-08-03', NULL, NULL, NULL, 18, 20, 'Payment', 'Purchase', NULL, '2015-08-03', '10:37:59 AM'),
(1764, 2, 3, 8, 25, 0, 0, 0, 0, 320, 0, -30456.8698, '2015-08-03', NULL, NULL, NULL, 19, 20, 'Payment', 'Purchase', NULL, '2015-08-03', '10:38:22 AM'),
(1766, 1, 2, 6, 0, 10, 0, NULL, 0, 0, 30657, 30457.8842, '2015-08-03', '', 0, '0000-00-00', 13, 20, 'Receive', 'Sell', NULL, '2015-08-03', '10:47:32 AM'),
(1767, 3, 3, 8, 0, 0, NULL, NULL, 7560, 0, 0, 25120, '2015-08-03', NULL, NULL, NULL, 7, 20, 'Sell', 'Sell', NULL, '2015-08-03', '10:52:39 AM'),
(1768, 4, 4, 9, 0, 0, NULL, 7560, 0, 0, 0, -25120, '2015-08-03', NULL, NULL, NULL, 6, 20, 'Buy', 'Purchase', NULL, '2015-08-03', '10:52:39 AM'),
(1769, 3, 3, 8, 0, 0, NULL, NULL, 9870, 0, 0, 34990, '2015-08-03', NULL, NULL, NULL, 8, 20, 'Sell', 'Sell', NULL, '2015-08-03', '10:53:11 AM'),
(1770, 4, 4, 9, 0, 0, NULL, 9870, 0, 0, 0, -34990, '2015-08-03', NULL, NULL, NULL, 7, 20, 'Buy', 'Purchase', NULL, '2015-08-03', '10:53:11 AM'),
(1771, 4, 4, 9, 0, 0, 0, 0, 0, 17430, 0, -17560, '2015-08-03', NULL, NULL, NULL, 8, 20, 'Payment', 'Purchase', NULL, '2015-08-03', '10:53:52 AM'),
(1772, 3, 3, 8, 22, 0, 0, NULL, 0, 0, 7560, 27430, '2015-08-03', '', 0, '0000-00-00', 9, 20, 'Receive', 'Sell', NULL, '2015-08-03', '10:54:36 AM'),
(1773, 3, 3, 8, 23, 0, 0, NULL, 0, 0, 9870, 17560, '2015-08-03', '', 0, '0000-00-00', 10, 20, 'Receive', 'Sell', NULL, '2015-08-03', '10:55:07 AM'),
(1774, 729, 2, 6, 0, 0, NULL, 144000, 0, 0, 0, -144000, '2015-08-03', NULL, NULL, NULL, 1, 20, 'Active', 'Purchase', NULL, '2015-08-03', '11:06:46 AM'),
(1775, 28, 2, 6, 0, 0, NULL, 45000, 0, 0, 0, -45000, '2015-08-03', NULL, NULL, NULL, 1, 20, 'Active', 'Purchase', NULL, '2015-08-03', '11:09:28 AM'),
(1776, 28, 2, 6, 0, 0, NULL, 17500, 0, 0, 0, -62500, '2015-08-03', NULL, NULL, NULL, 2, 20, 'Active', 'Purchase', NULL, '2015-08-03', '11:09:28 AM'),
(1777, 729, 2, 6, 0, 0, 0, 0, 0, 144000, 0, 0, '2015-08-03', NULL, NULL, NULL, 2, 20, 'Payment', 'Purchase', NULL, '2015-08-03', '11:11:22 AM'),
(1778, 33, 5, 7, 0, 0, NULL, 7500, 0, 0, 0, -7500, '2015-08-03', NULL, NULL, NULL, 1, 20, 'Active', 'Purchase', NULL, '2015-08-03', '11:19:27 AM'),
(1779, 33, 5, 7, 0, 0, 0, 0, 0, 7500, 0, 0, '2015-08-03', NULL, NULL, NULL, 2, 20, 'Payment', 'Purchase', NULL, '2015-08-03', '11:20:15 AM'),
(1780, 345, 1, 1, 0, 5, 0, NULL, 0, 0, 15500, 1136150, '2015-08-03', '', 0, '0000-00-00', 29, 20, 'Receive', 'Sell', NULL, '2015-08-03', '12:18:16 PM'),
(1781, 366, 1, 1, 0, 5, 0, NULL, 0, 0, 3100, 153450, '2015-08-03', '', 0, '0000-00-00', 4, 20, 'Receive', 'Sell', NULL, '2015-08-03', '12:19:24 PM'),
(1782, 171, 1, 1, 0, 5, 0, NULL, 0, 0, 1240, 77190, '2015-08-03', '', 0, '0000-00-00', 10, 20, 'Receive', 'Sell', NULL, '2015-08-03', '12:19:57 PM'),
(1783, 302, 1, 1, 0, 5, 0, NULL, 0, 0, 760, -760, '2015-08-03', '', 0, '0000-00-00', 2, 20, 'Receive', 'Sell', NULL, '2015-08-03', '12:20:45 PM'),
(1784, 361, 1, 1, 0, 5, 0, NULL, 0, 0, 1240, -480, '2015-08-03', '', 0, '0000-00-00', 2, 20, 'Receive', 'Sell', NULL, '2015-08-03', '12:21:52 PM'),
(1785, 732, 14, 50, 0, 0, 0, NULL, 0, 0, 3245, -3245, '2015-08-03', '', 0, '0000-00-00', 1, 20, 'Receive', 'Sell', NULL, '2015-08-03', '12:25:26 PM'),
(1786, 345, 1, 1, 0, 5, 0, NULL, 0, 0, 21700, 1114450, '2015-08-04', '', 0, '0000-00-00', 30, 20, 'Receive', 'Sell', NULL, '2015-08-04', '12:37:31 PM'),
(1787, 366, 1, 1, 0, 5, 0, NULL, 0, 0, 9300, 144150, '2015-08-04', '', 0, '0000-00-00', 5, 20, 'Receive', 'Sell', NULL, '2015-08-04', '12:38:39 PM'),
(1788, 2, 3, 8, 0, 0, NULL, 7690.76, 0, 0, 0, -38147.6298, '2015-08-04', NULL, NULL, NULL, 20, 20, 'Buy', 'Purchase', NULL, '2015-10-10', '06:34:49 AM'),
(1789, 1, 2, 6, 0, 0, NULL, NULL, 7690.76, 0, 0, 38148.6442, '2015-08-04', NULL, NULL, NULL, 14, 20, 'Sell', 'Sell', NULL, '2015-10-10', '06:34:49 AM'),
(1790, 2, 3, 8, 22, 0, 0, 0, 0, 7690.76, 0, -30456.8698, '2015-08-04', NULL, NULL, NULL, 21, 20, 'Payment', 'Purchase', NULL, '2015-10-10', '06:39:15 AM'),
(1791, 1, 2, 6, 0, 10, 0, NULL, 0, 0, 7690.76, 30457.8842, '2015-08-04', '', 0, '0000-00-00', 15, 20, 'Receive', 'Sell', NULL, '2015-10-10', '06:41:00 AM'),
(1792, 2, 3, 8, 0, 0, NULL, 8739.5, 0, 0, 0, -39196.3698, '2015-08-04', NULL, NULL, NULL, 22, 20, 'Buy', 'Purchase', NULL, '2015-10-10', '06:44:44 AM'),
(1793, 1, 2, 6, 0, 0, NULL, NULL, 8739.5, 0, 0, 39197.3842, '2015-08-04', NULL, NULL, NULL, 16, 20, 'Sell', 'Sell', NULL, '2015-10-10', '06:44:44 AM'),
(1794, 2, 3, 8, 23, 0, 0, 0, 0, 8739, 0, -30457.3698, '2015-08-04', NULL, NULL, NULL, 23, 20, 'Payment', 'Purchase', NULL, '2015-10-10', '06:47:46 AM'),
(1795, 1, 2, 6, 0, 10, 0, NULL, 0, 0, 8739, 30458.3842, '2015-08-04', '', 0, '0000-00-00', 17, 20, 'Receive', 'Sell', NULL, '2015-10-10', '06:51:32 AM'),
(1796, 733, 2, 6, 0, 0, NULL, 200, 0, 0, 0, -200, '2015-08-04', NULL, NULL, NULL, 1, 20, 'Active', 'Purchase', NULL, '2015-10-10', '07:21:54 AM'),
(1797, 734, 2, 6, 0, 0, NULL, 32200, 0, 0, 0, -32200, '2015-08-04', NULL, NULL, NULL, 1, 20, 'Active', 'Purchase', NULL, '2015-10-10', '07:24:13 AM'),
(1798, 2, 3, 8, 0, 0, NULL, 11829.7968, 0, 0, 0, -42287.1666, '2015-08-04', NULL, NULL, NULL, 24, 20, 'Buy', 'Purchase', NULL, '2015-10-10', '07:27:21 AM'),
(1799, 1, 2, 6, 0, 0, NULL, NULL, 11829.7968, 0, 0, 42288.181, '2015-08-04', NULL, NULL, NULL, 18, 20, 'Sell', 'Sell', NULL, '2015-10-10', '07:27:21 AM'),
(1800, 2, 3, 8, 24, 0, 0, 0, 0, 11829.7968, 0, -30457.3698, '2015-08-04', NULL, NULL, NULL, 25, 20, 'Payment', 'Purchase', NULL, '2015-10-10', '07:28:27 AM'),
(1801, 1, 2, 6, 0, 10, 0, NULL, 0, 0, 11829.7968, 30458.3842, '2015-08-04', '', 0, '0000-00-00', 19, 20, 'Receive', 'Sell', NULL, '2015-10-10', '07:29:13 AM'),
(1802, 2, 3, 8, 0, 0, NULL, 550.9024, 0, 0, 0, -31008.2722, '2015-08-04', NULL, NULL, NULL, 26, 20, 'Buy', 'Purchase', NULL, '2015-10-10', '07:48:52 AM'),
(1803, 1, 2, 6, 0, 0, NULL, NULL, 550.9024, 0, 0, 31009.2866, '2015-08-04', NULL, NULL, NULL, 20, 20, 'Sell', 'Sell', NULL, '2015-10-10', '07:48:52 AM'),
(1804, 2, 3, 8, 25, 0, 0, 0, 0, 551.4, 0, -30456.8722, '2015-08-04', NULL, NULL, NULL, 27, 20, 'Payment', 'Purchase', NULL, '2015-10-10', '07:51:37 AM'),
(1805, 1, 2, 6, 0, 10, 0, NULL, 0, 0, 551.4, 30457.8866, '2015-08-04', '', 0, '0000-00-00', 21, 20, 'Receive', 'Sell', NULL, '2015-10-10', '07:52:10 AM'),
(1806, 5, 3, 8, 0, 0, NULL, 233.32075471698, 0, 0, 0, -883.32075471698, '2015-08-04', NULL, NULL, NULL, 10, 20, 'Buy', 'Purchase', NULL, '2015-10-10', '07:53:29 AM'),
(1807, 6, 5, 7, 0, 0, NULL, NULL, 233.32075471698, 0, 0, 883.32075471698, '2015-08-04', NULL, NULL, NULL, 8, 20, 'Sell', 'Sell', NULL, '2015-10-10', '07:53:29 AM'),
(1808, 3, 3, 8, 0, 0, NULL, NULL, 6660, 0, 0, 24220, '2015-08-04', NULL, NULL, NULL, 11, 20, 'Sell', 'Sell', NULL, '2015-10-10', '08:00:14 AM'),
(1809, 4, 4, 9, 0, 0, NULL, 6660, 0, 0, 0, -24220, '2015-08-04', NULL, NULL, NULL, 9, 20, 'Buy', 'Purchase', NULL, '2015-10-10', '08:00:14 AM'),
(1810, 3, 3, 8, 0, 0, NULL, NULL, 9850, 0, 0, 34070, '2015-08-04', NULL, NULL, NULL, 12, 20, 'Sell', 'Sell', NULL, '2015-10-10', '08:00:53 AM'),
(1811, 4, 4, 9, 0, 0, NULL, 9850, 0, 0, 0, -34070, '2015-08-04', NULL, NULL, NULL, 10, 20, 'Buy', 'Purchase', NULL, '2015-10-10', '08:00:53 AM'),
(1812, 4, 4, 9, 0, 0, 0, 0, 0, 16510, 0, -17560, '2015-08-04', NULL, NULL, NULL, 11, 20, 'Payment', 'Purchase', NULL, '2015-10-10', '08:02:09 AM'),
(1813, 3, 3, 8, 22, 0, 0, NULL, 0, 0, 6660, 27410, '2015-08-04', '', 0, '0000-00-00', 13, 20, 'Receive', 'Sell', NULL, '2015-10-10', '08:03:01 AM'),
(1814, 3, 3, 8, 23, 0, 0, NULL, 0, 0, 9850, 17560, '2015-08-04', '', 0, '0000-00-00', 14, 20, 'Receive', 'Sell', NULL, '2015-10-10', '08:03:28 AM'),
(1815, 345, 1, 1, 0, 5, 0, NULL, 0, 0, 1550, 1112900, '2015-08-04', '', 0, '0000-00-00', 31, 20, 'Receive', 'Sell', NULL, '2015-10-10', '08:19:35 AM'),
(1816, 345, 1, 1, 0, 5, 0, NULL, 0, 0, 10850, 1102050, '2015-08-04', '', 0, '0000-00-00', 32, 20, 'Receive', 'Sell', NULL, '2015-10-10', '08:20:13 AM'),
(1817, 366, 1, 1, 0, 5, 0, NULL, 0, 0, 6200, 137950, '2015-08-04', '', 0, '0000-00-00', 6, 20, 'Receive', 'Sell', NULL, '2015-10-10', '08:20:47 AM'),
(1818, 345, 1, 1, 0, 5, 0, NULL, 0, 0, 3100, 1098950, '2015-08-04', '', 0, '0000-00-00', 33, 20, 'Receive', 'Sell', NULL, '2015-10-10', '08:21:34 AM'),
(1819, 366, 1, 1, 0, 5, 0, NULL, 0, 0, 3100, 134850, '2015-08-04', '', 0, '0000-00-00', 7, 20, 'Receive', 'Sell', NULL, '2015-10-10', '08:22:21 AM'),
(1820, 345, 1, 1, 0, 5, 0, NULL, 0, 0, 6200, 1092750, '2015-08-04', '', 0, '0000-00-00', 34, 20, 'Receive', 'Sell', NULL, '2015-10-10', '08:22:58 AM'),
(1821, 736, 3, 8, 22, 0, NULL, NULL, 8950, 0, 0, 8950, '2015-08-04', NULL, NULL, NULL, 1, 20, 'Sell', 'Sell', NULL, '2015-10-10', '08:28:58 AM'),
(1822, 687, 11, 18, 0, 0, 0, 0, 0, 5000, 0, 742760, '2015-08-05', NULL, NULL, NULL, 2, 20, 'Payment', 'Purchase', NULL, '2015-10-11', '01:12:45 AM'),
(1823, 2, 3, 8, 0, 0, NULL, 7679.7399, 0, 0, 0, -38136.6121, '2015-08-05', NULL, NULL, NULL, 28, 20, 'Buy', 'Purchase', NULL, '2015-10-11', '01:16:24 AM'),
(1824, 1, 2, 6, 0, 0, NULL, NULL, 7679.7399, 0, 0, 38137.6265, '2015-08-05', NULL, NULL, NULL, 22, 20, 'Sell', 'Sell', NULL, '2015-10-11', '01:16:24 AM'),
(1825, 2, 3, 8, 22, 0, 0, 0, 0, 7679.74, 0, -30456.8721, '2015-08-05', NULL, NULL, NULL, 29, 20, 'Payment', 'Purchase', NULL, '2015-10-11', '01:18:58 AM'),
(1826, 1, 2, 6, 0, 0, 0, NULL, 0, 0, 7679.74, 30457.8865, '2015-08-05', '', 0, '0000-00-00', 23, 20, 'Receive', 'Sell', NULL, '2015-10-11', '01:22:07 AM'),
(1827, 2, 3, 8, 0, 0, NULL, 8726.9772, 0, 0, 0, -39183.8493, '2015-08-05', NULL, NULL, NULL, 30, 20, 'Buy', 'Purchase', NULL, '2015-10-11', '08:30:55 AM'),
(1828, 1, 2, 6, 0, 0, NULL, NULL, 8726.9772, 0, 0, 39184.8637, '2015-08-05', NULL, NULL, NULL, 24, 20, 'Sell', 'Sell', NULL, '2015-10-11', '08:30:55 AM'),
(1829, 2, 3, 8, 23, 0, 0, 0, 0, 8726.98, 0, -30456.8693, '2015-08-05', NULL, NULL, NULL, 31, 20, 'Payment', 'Purchase', NULL, '2015-10-11', '08:31:55 AM'),
(1830, 4, 4, 9, 0, 0, 0, NULL, 0, 0, 8726.98, -26286.98, '2015-08-05', '', 0, '0000-00-00', 12, 20, 'Receive', 'Sell', NULL, '2015-10-11', '08:32:56 AM'),
(1831, 2, 3, 8, 0, 0, NULL, 11829.7968, 0, 0, 0, -42286.6661, '2015-08-05', NULL, NULL, NULL, 32, 20, 'Buy', 'Purchase', NULL, '2015-10-11', '08:36:32 AM'),
(1832, 1, 2, 6, 0, 0, NULL, NULL, 11829.7968, 0, 0, 51014.6605, '2015-08-05', NULL, NULL, NULL, 25, 20, 'Sell', 'Sell', NULL, '2015-10-11', '08:36:32 AM'),
(1833, 2, 3, 8, 24, 0, 0, 0, 0, 11829.79, 0, -30456.8761, '2015-08-05', NULL, NULL, NULL, 33, 20, 'Payment', 'Purchase', NULL, '2015-10-11', '08:37:40 AM'),
(1834, 1, 2, 6, 0, 10, 0, NULL, 0, 0, 11829.79, 39184.8705, '2015-08-05', '', 0, '0000-00-00', 26, 20, 'Receive', 'Sell', NULL, '2015-10-11', '08:38:51 AM'),
(1835, 2, 3, 8, 0, 0, NULL, 550.9023, 0, 0, 0, -31007.7784, '2015-08-05', NULL, NULL, NULL, 34, 20, 'Buy', 'Purchase', NULL, '2015-10-11', '08:40:46 AM'),
(1836, 1, 2, 6, 0, 0, NULL, NULL, 550.9023, 0, 0, 39735.7728, '2015-08-05', NULL, NULL, NULL, 27, 20, 'Sell', 'Sell', NULL, '2015-10-11', '08:40:46 AM'),
(1837, 2, 3, 8, 25, 0, 0, 0, 0, 550.91, 0, -30456.8684, '2015-08-05', NULL, NULL, NULL, 35, 20, 'Payment', 'Purchase', NULL, '2015-10-11', '08:42:28 AM'),
(1838, 1, 2, 6, 0, 0, 0, NULL, 0, 0, 550.91, 39184.8628, '2015-08-05', '', 0, '0000-00-00', 28, 20, 'Receive', 'Sell', NULL, '2015-10-11', '08:43:31 AM'),
(1839, 5, 3, 8, 0, 0, NULL, 466.64150943396, 0, 0, 0, -1349.9622641509, '2015-08-05', NULL, NULL, NULL, 11, 20, 'Buy', 'Purchase', NULL, '2015-10-11', '08:44:47 AM'),
(1840, 6, 5, 7, 0, 0, NULL, NULL, 466.64150943396, 0, 0, 1349.9622641509, '2015-08-05', NULL, NULL, NULL, 9, 20, 'Sell', 'Sell', NULL, '2015-10-11', '08:44:47 AM'),
(1841, 5, 3, 8, 0, 0, NULL, 466.64150943396, 0, 0, 0, -1816.6037735849, '2015-08-05', NULL, NULL, NULL, 12, 20, 'Buy', 'Purchase', NULL, '2015-10-11', '08:48:46 AM'),
(1842, 6, 5, 7, 0, 0, NULL, NULL, 466.64150943396, 0, 0, 1816.6037735849, '2015-08-05', NULL, NULL, NULL, 10, 20, 'Sell', 'Sell', NULL, '2015-10-11', '08:48:46 AM'),
(1843, 5, 3, 8, 0, 0, NULL, 355.26572528883, 0, 0, 0, -2171.8694988737, '2015-08-05', NULL, NULL, NULL, 13, 20, 'Buy', 'Purchase', NULL, '2015-10-11', '08:49:41 AM'),
(1844, 6, 5, 7, 0, 0, NULL, NULL, 355.26572528883, 0, 0, 2171.8694988737, '2015-08-05', NULL, NULL, NULL, 11, 20, 'Sell', 'Sell', NULL, '2015-10-11', '08:49:41 AM'),
(1845, 5, 3, 8, 0, 0, NULL, 192, 0, 0, 0, -2363.8694988737, '2015-08-05', NULL, NULL, NULL, 14, 20, 'Buy', 'Purchase', NULL, '2015-10-11', '08:50:41 AM'),
(1846, 6, 5, 7, 0, 0, NULL, NULL, 192, 0, 0, 2363.8694988737, '2015-08-05', NULL, NULL, NULL, 12, 20, 'Sell', 'Sell', NULL, '2015-10-11', '08:50:41 AM'),
(1847, 5, 3, 8, 0, 0, NULL, 142.8275862069, 0, 0, 0, -2506.6970850806, '2015-08-05', NULL, NULL, NULL, 15, 20, 'Buy', 'Purchase', NULL, '2015-10-11', '08:51:24 AM'),
(1848, 6, 5, 7, 0, 0, NULL, NULL, 142.8275862069, 0, 0, 2506.6970850806, '2015-08-05', NULL, NULL, NULL, 13, 20, 'Sell', 'Sell', NULL, '2015-10-11', '08:51:24 AM'),
(1849, 3, 3, 8, 0, 0, NULL, NULL, 7380, 0, 0, 24940, '2015-08-05', NULL, NULL, NULL, 15, 20, 'Sell', 'Sell', NULL, '2015-10-11', '09:01:07 AM'),
(1850, 4, 4, 9, 0, 0, NULL, 7380, 0, 0, 0, -24940, '2015-08-05', NULL, NULL, NULL, 12, 20, 'Buy', 'Purchase', NULL, '2015-10-11', '09:01:07 AM'),
(1851, 3, 3, 8, 22, 0, 0, 0, 0, 7380, 0, 32320, '2015-08-05', NULL, NULL, NULL, 16, 20, 'Payment', 'Purchase', NULL, '2015-10-11', '09:03:59 AM'),
(1852, 4, 4, 9, 0, 0, 0, 0, 0, 7380, 0, -18906.98, '2015-08-05', NULL, NULL, NULL, 13, 20, 'Payment', 'Purchase', NULL, '2015-10-11', '09:07:49 AM'),
(1853, 3, 3, 8, 0, 0, NULL, NULL, 10300, 0, 0, 35240, '2015-08-05', NULL, NULL, NULL, 16, 20, 'Sell', 'Sell', NULL, '2015-10-11', '09:09:57 AM'),
(1854, 4, 4, 9, 0, 0, NULL, 10300, 0, 0, 0, -29206.98, '2015-08-05', NULL, NULL, NULL, 14, 20, 'Buy', 'Purchase', NULL, '2015-10-11', '09:09:57 AM'),
(1855, 4, 4, 9, 0, 0, 0, 0, 0, 10300, 0, -18906.98, '2015-08-05', NULL, NULL, NULL, 15, 20, 'Payment', 'Purchase', NULL, '2015-10-11', '09:10:44 AM'),
(1856, 3, 3, 8, 23, 0, 0, NULL, 0, 0, 10300, 22020, '2015-08-05', '', 0, '0000-00-00', 17, 20, 'Receive', 'Sell', NULL, '2015-10-11', '09:11:36 AM'),
(1857, 728, 2, 6, 0, 0, NULL, 20912, 0, 0, 0, -20912, '2015-08-05', NULL, NULL, NULL, 1, 20, 'Active', 'Purchase', NULL, '2015-10-11', '09:19:44 AM'),
(1858, 728, 2, 6, 0, 0, 0, 0, 0, 20912, 0, 0, '2015-08-05', NULL, NULL, NULL, 2, 20, 'Payment', 'Purchase', NULL, '2015-10-11', '09:20:28 AM'),
(1859, 704, 15, 32, 0, 0, 0, 0, 0, 20000, 0, 8076750, '2015-08-05', NULL, NULL, NULL, 2, 20, 'Payment', 'Purchase', NULL, '2015-10-11', '09:33:52 AM'),
(1860, 737, 5, 7, 0, 0, NULL, 3360, 0, 0, 0, -3360, '2015-08-05', NULL, NULL, NULL, 1, 20, 'Active', 'Purchase', NULL, '2015-10-11', '09:41:49 AM'),
(1861, 737, 5, 7, 0, 0, 0, 0, 0, 3360, 0, 0, '2015-08-05', NULL, NULL, NULL, 2, 20, 'Payment', 'Purchase', NULL, '2015-10-11', '09:43:24 AM'),
(1862, 345, 1, 1, 0, 5, 0, NULL, 0, 0, 31310, 1061440, '2015-08-05', '', 0, '0000-00-00', 35, 20, 'Receive', 'Sell', NULL, '2015-10-11', '09:52:32 AM'),
(1863, 171, 1, 1, 0, 5, 0, NULL, 0, 0, 1550, 75640, '2015-08-05', '', 0, '0000-00-00', 11, 20, 'Receive', 'Sell', NULL, '2015-10-11', '09:53:16 AM'),
(1864, 293, 1, 1, 0, 5, 0, NULL, 0, 0, 1860, 186930, '2015-08-05', '', 0, '0000-00-00', 11, 20, 'Receive', 'Sell', NULL, '2015-10-11', '09:54:04 AM'),
(1865, 2, 3, 8, 0, 0, NULL, 7679.7399, 0, 0, 0, -38136.6083, '2015-08-06', NULL, NULL, NULL, 36, 20, 'Buy', 'Purchase', NULL, '2015-10-19', '02:15:48 AM'),
(1866, 1, 2, 6, 0, 0, NULL, NULL, 7679.7399, 0, 0, 46864.6027, '2015-08-06', NULL, NULL, NULL, 29, 20, 'Sell', 'Sell', NULL, '2015-10-19', '02:15:48 AM'),
(1867, 2, 3, 8, 0, 0, NULL, 8726.9772, 0, 0, 0, -46863.5855, '2015-08-06', NULL, NULL, NULL, 37, 20, 'Buy', 'Purchase', NULL, '2015-10-19', '02:16:56 AM'),
(1868, 1, 2, 6, 0, 0, NULL, NULL, 8726.9772, 0, 0, 55591.5799, '2015-08-06', NULL, NULL, NULL, 30, 20, 'Sell', 'Sell', NULL, '2015-10-19', '02:16:56 AM'),
(1869, 2, 3, 8, 0, 0, NULL, 13265.0053, 0, 0, 0, -60128.5908, '2015-08-06', NULL, NULL, NULL, 38, 20, 'Buy', 'Purchase', NULL, '2015-10-19', '02:18:16 AM'),
(1870, 1, 2, 6, 0, 0, NULL, NULL, 13265.0053, 0, 0, 68856.5852, '2015-08-06', NULL, NULL, NULL, 31, 20, 'Sell', 'Sell', NULL, '2015-10-19', '02:18:16 AM'),
(1871, 2, 3, 8, 0, 0, NULL, 734.5365, 0, 0, 0, -60863.1273, '2015-08-06', NULL, NULL, NULL, 39, 20, 'Buy', 'Purchase', NULL, '2015-10-19', '02:19:37 AM'),
(1872, 1, 2, 6, 0, 0, NULL, NULL, 734.5365, 0, 0, 69591.1217, '2015-08-06', NULL, NULL, NULL, 32, 20, 'Sell', 'Sell', NULL, '2015-10-19', '02:19:37 AM'),
(1873, 2, 3, 8, 22, 0, 0, 0, 0, 7679.7399, 0, -53183.3874, '2015-08-06', NULL, NULL, NULL, 40, 20, 'Payment', 'Purchase', NULL, '2015-10-19', '04:49:32 AM'),
(1874, 2, 3, 8, 23, 0, 0, 0, 0, 8726.9772, 0, -44456.4102, '2015-08-06', NULL, NULL, NULL, 41, 20, 'Payment', 'Purchase', NULL, '2015-10-19', '04:50:44 AM'),
(1875, 2, 3, 8, 24, 0, 0, 0, 0, 13265.0053, 0, -31191.4049, '2015-08-06', NULL, NULL, NULL, 42, 20, 'Payment', 'Purchase', NULL, '2015-10-19', '04:51:28 AM'),
(1876, 2, 3, 8, 25, 0, 0, 0, 0, 734.5356, 0, -30456.8693, '2015-08-06', NULL, NULL, NULL, 43, 20, 'Payment', 'Purchase', NULL, '2015-10-19', '04:52:11 AM'),
(1877, 1, 2, 6, 0, 10, 0, NULL, 0, 0, 30406.26, 39184.8617, '2015-08-06', '', 0, '0000-00-00', 33, 20, 'Receive', 'Sell', NULL, '2015-10-19', '05:14:07 AM'),
(1878, 5, 3, 8, 0, 0, NULL, 233.32075471698, 0, 0, 0, -2740.0178397976, '2015-08-06', NULL, NULL, NULL, 16, 20, 'Buy', 'Purchase', NULL, '2015-10-19', '05:31:56 AM'),
(1879, 6, 5, 7, 0, 0, NULL, NULL, 233.32075471698, 0, 0, 2740.0178397976, '2015-08-06', NULL, NULL, NULL, 14, 20, 'Sell', 'Sell', NULL, '2015-10-19', '05:31:56 AM'),
(1880, 695, 2, 6, 0, 0, 0, 0, 0, 32000, 0, 32000, '2015-08-06', NULL, NULL, NULL, 1, 20, 'Payment', 'Purchase', NULL, '2015-10-24', '00:45:08 AM'),
(1881, 2, 3, 8, 0, 0, NULL, 7679.7399, 0, 0, 0, -38136.6092, '2015-08-07', NULL, NULL, NULL, 44, 20, 'Buy', 'Purchase', NULL, '2015-10-24', '01:45:28 AM'),
(1882, 1, 2, 6, 0, 0, NULL, NULL, 7679.7399, 0, 0, 46864.6016, '2015-08-07', NULL, NULL, NULL, 34, 20, 'Sell', 'Sell', NULL, '2015-10-24', '01:45:28 AM'),
(1883, 2, 3, 8, 0, 0, NULL, 8726.9772, 0, 0, 0, -46863.5864, '2015-08-07', NULL, NULL, NULL, 45, 20, 'Buy', 'Purchase', NULL, '2015-10-24', '01:46:32 AM'),
(1884, 1, 2, 6, 0, 0, NULL, NULL, 8726.9772, 0, 0, 55591.5788, '2015-08-07', NULL, NULL, NULL, 35, 20, 'Sell', 'Sell', NULL, '2015-10-24', '01:46:32 AM'),
(1885, 2, 3, 8, 0, 0, NULL, 11829.7968, 0, 0, 0, -58693.3832, '2015-08-07', NULL, NULL, NULL, 46, 20, 'Buy', 'Purchase', NULL, '2015-10-24', '01:47:45 AM'),
(1886, 1, 2, 6, 0, 0, NULL, NULL, 11829.7968, 0, 0, 67421.3756, '2015-08-07', NULL, NULL, NULL, 36, 20, 'Sell', 'Sell', NULL, '2015-10-24', '01:47:45 AM'),
(1887, 2, 3, 8, 0, 0, NULL, 367.2683, 0, 0, 0, -59060.6515, '2015-08-07', NULL, NULL, NULL, 47, 20, 'Buy', 'Purchase', NULL, '2015-10-24', '01:59:24 AM'),
(1888, 1, 2, 6, 0, 0, NULL, NULL, 367.2683, 0, 0, 67788.6439, '2015-08-07', NULL, NULL, NULL, 37, 20, 'Sell', 'Sell', NULL, '2015-10-24', '01:59:24 AM'),
(1889, 2, 3, 8, 0, 0, NULL, 311.7493, 0, 0, 0, -59372.4008, '2015-08-06', NULL, NULL, NULL, 48, 20, 'Buy', 'Purchase', NULL, '2015-10-24', '02:01:03 AM'),
(1890, 1, 2, 6, 0, 0, NULL, NULL, 311.7493, 0, 0, 68100.3932, '2015-08-06', NULL, NULL, NULL, 38, 20, 'Sell', 'Sell', NULL, '2015-10-24', '02:01:03 AM'),
(1891, 2, 3, 8, 25, 0, 0, 0, 0, 311.7493, 0, -59060.6515, '2015-08-06', NULL, NULL, NULL, 49, 20, 'Payment', 'Purchase', NULL, '2015-10-24', '02:01:52 AM'),
(1892, 1, 2, 6, 0, 10, 0, NULL, 0, 0, 311.7493, 67788.6439, '2015-08-06', '', 0, '0000-00-00', 39, 20, 'Receive', 'Sell', NULL, '2015-10-24', '02:02:45 AM'),
(1893, 2, 3, 8, 0, 0, NULL, 311.7494, 0, 0, 0, -59372.4009, '2015-08-07', NULL, NULL, NULL, 50, 20, 'Buy', 'Purchase', NULL, '2015-10-24', '02:10:07 AM'),
(1894, 1, 2, 6, 0, 0, NULL, NULL, 311.7494, 0, 0, 68100.3933, '2015-08-07', NULL, NULL, NULL, 40, 20, 'Sell', 'Sell', NULL, '2015-10-24', '02:10:07 AM'),
(1895, 2, 3, 8, 22, 0, 0, 0, 0, 7679.7399, 0, -51692.661, '2015-08-07', NULL, NULL, NULL, 51, 20, 'Payment', 'Purchase', NULL, '2015-10-24', '02:11:35 AM'),
(1896, 2, 3, 8, 23, 0, 0, 0, 0, 8726.9772, 0, -42965.6838, '2015-08-07', NULL, NULL, NULL, 52, 20, 'Payment', 'Purchase', NULL, '2015-10-24', '02:12:07 AM'),
(1897, 2, 3, 8, 24, 0, 0, 0, 0, 11829.7968, 0, -31135.887, '2015-08-07', NULL, NULL, NULL, 53, 20, 'Payment', 'Purchase', NULL, '2015-10-24', '02:12:42 AM'),
(1898, 2, 3, 8, 25, 0, 0, 0, 0, 367.2689, 0, -30768.6181, '2015-08-07', NULL, NULL, NULL, 54, 20, 'Payment', 'Purchase', NULL, '2015-10-24', '02:13:15 AM'),
(1899, 2, 3, 8, 25, 0, 0, 0, 0, 311.7493, 0, -30456.8688, '2015-08-07', NULL, NULL, NULL, 55, 20, 'Payment', 'Purchase', NULL, '2015-10-24', '02:13:47 AM'),
(1900, 4, 4, 9, 0, 0, 0, NULL, 0, 0, 28915.53, -47822.51, '2015-08-07', '', 0, '0000-00-00', 16, 20, 'Receive', 'Sell', NULL, '2015-10-24', '02:15:12 AM'),
(1901, 5, 3, 8, 0, 0, NULL, 913.17391304346, 0, 0, 0, -3653.1917528411, '2015-08-07', NULL, NULL, NULL, 17, 20, 'Buy', 'Purchase', NULL, '2015-10-24', '02:18:02 AM'),
(1902, 6, 5, 7, 0, 0, NULL, NULL, 913.17391304346, 0, 0, 3653.1917528411, '2015-08-07', NULL, NULL, NULL, 15, 20, 'Sell', 'Sell', NULL, '2015-10-24', '02:18:02 AM'),
(1903, 719, 3, 8, 0, 0, NULL, NULL, 0, 0, 0, -55167, '2015-08-06', NULL, NULL, NULL, 8, 20, 'Sell', 'Sell', NULL, '2015-10-24', '02:34:47 AM'),
(1904, 719, 3, 8, 0, 0, NULL, NULL, 0, 0, 0, -55167, '2015-08-06', NULL, NULL, NULL, 9, 20, 'Sell', 'Sell', NULL, '2015-10-24', '02:38:51 AM'),
(1905, 719, 3, 8, 0, 0, NULL, NULL, 0, 0, 0, -55167, '2015-08-06', NULL, NULL, NULL, 10, 20, 'Sell', 'Sell', NULL, '2015-10-24', '02:40:26 AM'),
(1906, 719, 3, 8, 0, 0, NULL, NULL, 0, 0, 0, -55167, '2015-08-06', NULL, NULL, NULL, 11, 20, 'Sell', 'Sell', NULL, '2015-10-24', '02:41:25 AM'),
(1907, 3, 3, 8, 0, 0, NULL, NULL, 7200, 0, 0, 29220, '2015-08-08', NULL, NULL, NULL, 18, 20, 'Sell', 'Sell', NULL, '2015-10-24', '02:45:41 AM'),
(1908, 4, 4, 9, 0, 0, NULL, 7200, 0, 0, 0, -26106.98, '2015-08-08', NULL, NULL, NULL, 16, 20, 'Buy', 'Purchase', NULL, '2015-10-24', '02:45:41 AM'),
(1909, 3, 3, 8, 0, 0, NULL, NULL, 9900, 0, 0, 39120, '2015-08-08', NULL, NULL, NULL, 19, 20, 'Sell', 'Sell', NULL, '2015-10-24', '02:46:19 AM'),
(1910, 4, 4, 9, 0, 0, NULL, 9900, 0, 0, 0, -36006.98, '2015-08-08', NULL, NULL, NULL, 17, 20, 'Buy', 'Purchase', NULL, '2015-10-24', '02:46:19 AM'),
(1911, 4, 4, 9, 0, 0, 0, 0, 0, 17100, 0, -18906.98, '2015-08-06', NULL, NULL, NULL, 18, 20, 'Payment', 'Purchase', NULL, '2015-10-24', '02:47:38 AM'),
(1912, 3, 3, 8, 22, 0, 0, NULL, 0, 0, 7200, 31920, '2015-08-06', '', 0, '0000-00-00', 20, 20, 'Receive', 'Sell', NULL, '2015-10-24', '02:48:34 AM'),
(1913, 3, 3, 8, 23, 0, 0, NULL, 0, 0, 9900, 22020, '2015-08-06', '', 0, '0000-00-00', 21, 20, 'Receive', 'Sell', NULL, '2015-10-24', '02:49:04 AM'),
(1914, 3, 3, 8, 0, 0, NULL, NULL, 7920, 0, 0, 29940, '2015-08-08', NULL, NULL, NULL, 22, 20, 'Sell', 'Sell', NULL, '2015-10-24', '03:23:05 AM'),
(1915, 4, 4, 9, 0, 0, NULL, 7920, 0, 0, 0, -26826.98, '2015-08-08', NULL, NULL, NULL, 19, 20, 'Buy', 'Purchase', NULL, '2015-10-24', '03:23:05 AM'),
(1916, 3, 3, 8, 0, 0, NULL, NULL, 9260, 0, 0, 39200, '2015-08-08', NULL, NULL, NULL, 23, 20, 'Sell', 'Sell', NULL, '2015-10-24', '03:23:43 AM'),
(1917, 4, 4, 9, 0, 0, NULL, 9260, 0, 0, 0, -36086.98, '2015-08-08', NULL, NULL, NULL, 20, 20, 'Buy', 'Purchase', NULL, '2015-10-24', '03:23:43 AM'),
(1918, 4, 4, 9, 0, 0, 0, 0, 0, 17180, 0, -18906.98, '2015-08-07', NULL, NULL, NULL, 21, 20, 'Payment', 'Purchase', NULL, '2015-10-24', '03:24:33 AM'),
(1919, 3, 3, 8, 22, 0, 0, NULL, 0, 0, 7920, 31280, '2015-08-07', '', 0, '0000-00-00', 24, 20, 'Receive', 'Sell', NULL, '2015-10-24', '03:25:09 AM'),
(1920, 3, 3, 8, 23, 0, 0, NULL, 0, 0, 9260, 22020, '2015-08-07', '', 0, '0000-00-00', 25, 20, 'Receive', 'Sell', NULL, '2015-10-24', '03:25:36 AM'),
(1921, 719, 3, 8, 0, 0, NULL, NULL, 0, 0, 0, -55167, '2015-08-07', NULL, NULL, NULL, 12, 20, 'Sell', 'Sell', NULL, '2015-10-26', '01:09:13 AM'),
(1922, 719, 3, 8, 0, 0, NULL, NULL, 0, 0, 0, -55167, '2015-08-08', NULL, NULL, NULL, 13, 20, 'Sell', 'Sell', NULL, '2015-10-26', '01:10:23 AM'),
(1923, 719, 3, 8, 0, 0, NULL, NULL, 0, 0, 0, -55167, '2015-08-10', NULL, NULL, NULL, 14, 20, 'Sell', 'Sell', NULL, '2015-10-26', '01:14:47 AM'),
(1924, 719, 3, 8, 0, 0, NULL, NULL, 0, 0, 0, -55167, '2015-08-12', NULL, NULL, NULL, 15, 20, 'Sell', 'Sell', NULL, '2015-10-26', '01:17:56 AM'),
(1925, 719, 3, 8, 0, 0, NULL, NULL, 0, 0, 0, -55167, '2015-08-14', NULL, NULL, NULL, 16, 20, 'Sell', 'Sell', NULL, '2015-10-26', '01:18:46 AM'),
(1926, 719, 3, 8, 0, 0, NULL, NULL, 0, 0, 0, -55167, '2015-08-16', NULL, NULL, NULL, 17, 20, 'Sell', 'Sell', NULL, '2015-10-26', '01:19:56 AM');
INSERT INTO `fna_partybill` (`PARTYBILLID`, `PARTYID`, `PROJECTID`, `SUBPROJECTID`, `BATCHNO`, `PRODCATTYPEID`, `RECEIVENUMBER`, `PUR_BILLAMOUNT`, `SELL_BILLAMOUNT`, `PAYMENTAMOUNT`, `RECEIVEAMOUNT`, `BALANCEAMOUNT`, `ENTRYDATE`, `BANKNAME`, `CHEQUENUMBER`, `CHEQUEDATE`, `PARTYFLAG`, `USERID`, `STATUS`, `PURSELLFLAG`, `FLAG`, `ENTDATE`, `ENTTIME`) VALUES
(1927, 719, 3, 8, 0, 0, NULL, NULL, 0, 0, 0, -55167, '2015-08-20', NULL, NULL, NULL, 18, 20, 'Sell', 'Sell', NULL, '2015-10-26', '01:21:04 AM'),
(1928, 719, 3, 8, 0, 0, NULL, NULL, 0, 0, 0, -55167, '2015-08-23', NULL, NULL, NULL, 19, 20, 'Sell', 'Sell', NULL, '2015-10-26', '01:21:52 AM'),
(1929, 719, 3, 8, 0, 0, NULL, NULL, 0, 0, 0, -55167, '2015-08-24', NULL, NULL, NULL, 20, 20, 'Sell', 'Sell', NULL, '2015-10-26', '01:22:33 AM'),
(1930, 719, 3, 8, 0, 0, NULL, NULL, 0, 0, 0, -55167, '2015-08-27', NULL, NULL, NULL, 21, 20, 'Sell', 'Sell', NULL, '2015-10-26', '01:23:16 AM'),
(1931, 719, 3, 8, 0, 0, NULL, NULL, 0, 0, 0, -55167, '2015-08-30', NULL, NULL, NULL, 22, 20, 'Sell', 'Sell', NULL, '2015-10-26', '01:24:01 AM'),
(1932, 719, 3, 8, 0, 0, NULL, NULL, 0, 0, 0, -55167, '2015-09-05', NULL, NULL, NULL, 23, 20, 'Sell', 'Sell', NULL, '2015-10-26', '01:25:10 AM'),
(1933, 719, 3, 8, 0, 0, NULL, NULL, 0, 0, 0, -55167, '2015-09-06', NULL, NULL, NULL, 24, 20, 'Sell', 'Sell', NULL, '2015-10-26', '01:25:44 AM'),
(1934, 736, 3, 8, 0, 0, NULL, NULL, 600, 0, 0, 9550, '2015-09-17', NULL, NULL, NULL, 2, 20, 'Sell', 'Sell', NULL, '2015-10-26', '01:37:34 AM'),
(1935, 736, 3, 8, 22, 0, 0, NULL, 0, 0, 600, 8950, '2015-09-17', '', 0, '0000-00-00', 3, 20, 'Receive', 'Sell', NULL, '2015-10-26', '01:39:11 AM'),
(1936, 719, 3, 8, 0, 0, NULL, NULL, 0, 0, 0, -55167, '2015-09-18', NULL, NULL, NULL, 25, 20, 'Sell', 'Sell', NULL, '2015-10-26', '01:46:45 AM'),
(1937, 719, 3, 8, 0, 0, NULL, NULL, 0, 0, 0, -55167, '2015-09-22', NULL, NULL, NULL, 26, 20, 'Sell', 'Sell', NULL, '2015-10-26', '01:47:28 AM'),
(1938, 719, 3, 8, 0, 0, NULL, NULL, 0, 0, 0, -55167, '2015-09-25', NULL, NULL, NULL, 27, 20, 'Sell', 'Sell', NULL, '2015-10-26', '01:48:18 AM'),
(1939, 736, 3, 8, 0, 0, NULL, NULL, 500, 0, 0, 9450, '2015-10-28', NULL, NULL, NULL, 4, 20, 'Sell', 'Sell', NULL, '2015-10-26', '01:57:11 AM'),
(1940, 736, 3, 8, 22, 0, 0, NULL, 0, 0, 500, 8950, '2015-09-28', '', 0, '0000-00-00', 5, 20, 'Receive', 'Sell', NULL, '2015-10-26', '02:08:52 AM'),
(1941, 33, 5, 7, 0, 0, NULL, 8000, 0, 0, 0, -8000, '2015-08-07', NULL, NULL, NULL, 3, 20, 'Active', 'Purchase', NULL, '2015-10-26', '05:40:31 AM'),
(1942, 33, 5, 7, 0, 0, NULL, 7000, 0, 0, 0, -15000, '2015-08-07', NULL, NULL, NULL, 4, 20, 'Active', 'Purchase', NULL, '2015-10-26', '05:40:31 AM'),
(1943, 33, 5, 7, 0, 0, NULL, 12000, 0, 0, 0, -27000, '2015-08-07', NULL, NULL, NULL, 5, 20, 'Active', 'Purchase', NULL, '2015-10-26', '05:40:31 AM'),
(1944, 33, 5, 7, 0, 0, NULL, 5330, 0, 0, 0, -32330, '2015-08-07', NULL, NULL, NULL, 6, 20, 'Active', 'Purchase', NULL, '2015-10-26', '05:40:31 AM'),
(1945, 732, 14, 50, 0, 0, 0, NULL, 0, 0, 1085, -4330, '2015-08-07', '', 0, '0000-00-00', 2, 20, 'Receive', 'Sell', NULL, '2015-10-26', '06:28:07 AM'),
(1946, 345, 1, 1, 0, 5, 0, NULL, 0, 0, 14880, 1046560, '2015-08-07', '', 0, '0000-00-00', 36, 20, 'Receive', 'Sell', NULL, '2015-10-26', '06:31:54 AM'),
(1947, 366, 1, 1, 0, 5, 0, NULL, 0, 0, 6200, 128650, '2015-08-07', '', 0, '0000-00-00', 8, 20, 'Receive', 'Sell', NULL, '2015-10-26', '06:32:41 AM'),
(1948, 155, 1, 1, 0, 5, 0, NULL, 0, 0, 310, 371070, '2015-08-07', '', 0, '0000-00-00', 37, 20, 'Receive', 'Sell', NULL, '2015-10-26', '06:33:10 AM'),
(1949, 345, 1, 1, 0, 5, 0, NULL, 0, 0, 17980, 1028580, '2015-08-06', '', 0, '0000-00-00', 37, 20, 'Receive', 'Sell', NULL, '2015-10-26', '06:35:52 AM'),
(1950, 366, 1, 1, 0, 5, 0, NULL, 0, 0, 3100, 125550, '2015-08-06', '', 0, '0000-00-00', 9, 20, 'Receive', 'Sell', NULL, '2015-10-26', '06:36:30 AM'),
(1951, 171, 1, 1, 0, 5, 0, NULL, 0, 0, 1550, 74090, '2015-08-06', '', 0, '0000-00-00', 12, 20, 'Receive', 'Sell', NULL, '2015-10-26', '06:37:13 AM'),
(1952, 293, 1, 1, 0, 5, 0, NULL, 0, 0, 1240, 185690, '2015-08-06', '', 0, '0000-00-00', 12, 20, 'Receive', 'Sell', NULL, '2015-10-26', '06:37:53 AM'),
(1953, 748, 9, 16, 0, 0, 0, NULL, 0, 0, 60, -60, '2015-08-07', '', 0, '0000-00-00', 1, 20, 'Receive', 'Sell', NULL, '2015-10-26', '06:50:43 AM'),
(1954, 740, 4, 9, 0, 0, 0, NULL, 0, 0, 13000, -13000, '2015-08-06', '', 0, '0000-00-00', 1, 20, 'Receive', 'Sell', NULL, '2015-10-26', '07:02:30 AM'),
(1955, 740, 4, 9, 0, 0, 0, NULL, 0, 0, 25350, -38350, '2015-08-06', '', 0, '0000-00-00', 2, 20, 'Receive', 'Sell', NULL, '2015-10-26', '07:03:39 AM'),
(1956, 2, 3, 8, 0, 0, NULL, 7505.2004, 0, 0, 0, -37962.0692, '2015-08-08', NULL, NULL, NULL, 56, 20, 'Buy', 'Purchase', NULL, '2015-11-01', '01:35:29 AM'),
(1957, 1, 2, 6, 0, 0, NULL, NULL, 7505.2004, 0, 0, 75605.5937, '2015-08-08', NULL, NULL, NULL, 41, 20, 'Sell', 'Sell', NULL, '2015-11-01', '01:35:29 AM'),
(1958, 2, 3, 8, 0, 0, NULL, 8726.9772, 0, 0, 0, -46689.0464, '2015-08-08', NULL, NULL, NULL, 57, 20, 'Buy', 'Purchase', NULL, '2015-11-01', '01:37:31 AM'),
(1959, 1, 2, 6, 0, 0, NULL, NULL, 8726.9772, 0, 0, 84332.5709, '2015-08-08', NULL, NULL, NULL, 42, 20, 'Sell', 'Sell', NULL, '2015-11-01', '01:37:31 AM'),
(1960, 733, 2, 6, 0, 0, NULL, 200, 0, 0, 0, -400, '2015-08-08', NULL, NULL, NULL, 2, 20, 'Active', 'Purchase', NULL, '2015-11-01', '04:12:41 AM'),
(1961, 733, 2, 6, 0, 0, 0, 0, 0, 200, 0, -200, '2015-08-08', NULL, NULL, NULL, 3, 20, 'Payment', 'Purchase', NULL, '2015-11-01', '04:13:13 AM'),
(1962, 2, 3, 8, 0, 0, NULL, 12538.4202, 0, 0, 0, -59227.4666, '2015-08-08', NULL, NULL, NULL, 58, 20, 'Buy', 'Purchase', NULL, '2015-11-01', '06:46:05 AM'),
(1963, 1, 2, 6, 0, 0, NULL, NULL, 12538.4202, 0, 0, 96870.9911, '2015-08-08', NULL, NULL, NULL, 43, 20, 'Sell', 'Sell', NULL, '2015-11-01', '06:46:05 AM'),
(1964, 2, 3, 8, 0, 0, NULL, 1364.2201, 0, 0, 0, -60591.6867, '2015-08-08', NULL, NULL, NULL, 59, 20, 'Buy', 'Purchase', NULL, '2015-11-01', '06:47:52 AM'),
(1965, 1, 2, 6, 0, 0, NULL, NULL, 1364.2201, 0, 0, 98235.2112, '2015-08-08', NULL, NULL, NULL, 44, 20, 'Sell', 'Sell', NULL, '2015-11-01', '06:47:52 AM'),
(1966, 2, 3, 8, 22, 0, 0, 0, 0, 7505.2004, 0, -53086.4863, '2015-08-08', NULL, NULL, NULL, 60, 20, 'Payment', 'Purchase', NULL, '2015-11-01', '06:49:12 AM'),
(1967, 2, 3, 8, 23, 0, 0, 0, 0, 8726.9772, 0, -44359.5091, '2015-08-08', NULL, NULL, NULL, 61, 20, 'Payment', 'Purchase', NULL, '2015-11-01', '06:50:06 AM'),
(1968, 2, 3, 8, 24, 0, 0, 0, 0, 12538.4202, 0, -31821.0889, '2015-08-08', NULL, NULL, NULL, 62, 20, 'Payment', 'Purchase', NULL, '2015-11-01', '06:51:12 AM'),
(1969, 2, 3, 8, 25, 0, 0, 0, 0, 1364.2201, 0, -30456.8688, '2015-08-08', NULL, NULL, NULL, 63, 20, 'Payment', 'Purchase', NULL, '2015-11-01', '06:52:18 AM'),
(1970, 1, 2, 6, 0, 10, 0, NULL, 0, 0, 30134.82, 68100.3912, '2015-08-08', '', 0, '0000-00-00', 45, 20, 'Receive', 'Sell', NULL, '2015-11-01', '06:54:20 AM'),
(1971, 719, 3, 8, 0, 0, NULL, NULL, 0, 0, 0, -55167, '2015-08-09', NULL, NULL, NULL, 28, 20, 'Sell', 'Sell', NULL, '2015-11-01', '07:44:46 AM'),
(1972, 719, 3, 8, 0, 0, NULL, NULL, 0, 0, 0, -55167, '2015-08-09', NULL, NULL, NULL, 29, 20, 'Sell', 'Sell', NULL, '2015-11-01', '07:47:34 AM'),
(1973, 719, 3, 8, 0, 0, NULL, NULL, 0, 0, 0, -55167, '2015-08-11', NULL, NULL, NULL, 30, 20, 'Sell', 'Sell', NULL, '2015-11-01', '07:49:24 AM'),
(1974, 719, 3, 8, 0, 0, NULL, NULL, 0, 0, 0, -55167, '2015-08-12', NULL, NULL, NULL, 31, 20, 'Sell', 'Sell', NULL, '2015-11-01', '07:51:15 AM'),
(1975, 719, 3, 8, 0, 0, NULL, NULL, 0, 0, 0, -55167, '2015-08-13', NULL, NULL, NULL, 32, 20, 'Sell', 'Sell', NULL, '2015-11-01', '07:53:15 AM'),
(1976, 719, 3, 8, 0, 0, NULL, NULL, 0, 0, 0, -55167, '2015-08-14', NULL, NULL, NULL, 33, 20, 'Sell', 'Sell', NULL, '2015-11-01', '08:03:22 AM'),
(1977, 719, 3, 8, 0, 0, NULL, NULL, 0, 0, 0, -55167, '2015-08-15', NULL, NULL, NULL, 34, 20, 'Sell', 'Sell', NULL, '2015-11-01', '08:05:03 AM'),
(1978, 719, 3, 8, 0, 0, NULL, NULL, 0, 0, 0, -55167, '2015-08-16', NULL, NULL, NULL, 35, 20, 'Sell', 'Sell', NULL, '2015-11-01', '08:06:41 AM'),
(1979, 719, 3, 8, 0, 0, NULL, NULL, 0, 0, 0, -55167, '2015-08-19', NULL, NULL, NULL, 36, 20, 'Sell', 'Sell', NULL, '2015-11-01', '08:22:22 AM'),
(1980, 719, 3, 8, 0, 0, NULL, NULL, 0, 0, 0, -55167, '2015-08-20', NULL, NULL, NULL, 37, 20, 'Sell', 'Sell', NULL, '2015-11-01', '08:23:20 AM'),
(1981, 719, 3, 8, 0, 0, NULL, NULL, 0, 0, 0, -55167, '2015-08-30', NULL, NULL, NULL, 38, 20, 'Sell', 'Sell', NULL, '2015-11-01', '08:28:16 AM'),
(1982, 719, 3, 8, 0, 0, NULL, NULL, 0, 0, 0, -55167, '2015-08-08', NULL, NULL, NULL, 39, 20, 'Sell', 'Sell', NULL, '2015-11-01', '08:32:35 AM'),
(1983, 719, 3, 8, 0, 0, NULL, NULL, 0, 0, 0, -55167, '2015-08-09', NULL, NULL, NULL, 40, 20, 'Sell', 'Sell', NULL, '2015-11-01', '08:33:05 AM'),
(1984, 719, 3, 8, 0, 0, NULL, NULL, 0, 0, 0, -55167, '2015-08-10', NULL, NULL, NULL, 41, 20, 'Sell', 'Sell', NULL, '2015-11-01', '08:33:47 AM'),
(1985, 719, 3, 8, 0, 0, NULL, NULL, 0, 0, 0, -55167, '2015-08-11', NULL, NULL, NULL, 42, 20, 'Sell', 'Sell', NULL, '2015-11-01', '08:34:16 AM'),
(1986, 719, 3, 8, 0, 0, NULL, NULL, 0, 0, 0, -55167, '2015-08-12', NULL, NULL, NULL, 43, 20, 'Sell', 'Sell', NULL, '2015-11-01', '08:34:42 AM'),
(1987, 719, 3, 8, 0, 0, NULL, NULL, 0, 0, 0, -55167, '2015-08-13', NULL, NULL, NULL, 44, 20, 'Sell', 'Sell', NULL, '2015-11-01', '08:35:35 AM'),
(1988, 719, 3, 8, 0, 0, NULL, NULL, 0, 0, 0, -55167, '2015-08-14', NULL, NULL, NULL, 45, 20, 'Sell', 'Sell', NULL, '2015-11-01', '08:35:59 AM'),
(1989, 719, 3, 8, 0, 0, NULL, NULL, 0, 0, 0, -55167, '2015-08-15', NULL, NULL, NULL, 46, 20, 'Sell', 'Sell', NULL, '2015-11-01', '08:36:26 AM'),
(1990, 719, 3, 8, 0, 0, NULL, NULL, 0, 0, 0, -55167, '2015-08-16', NULL, NULL, NULL, 47, 20, 'Sell', 'Sell', NULL, '2015-11-01', '08:36:53 AM'),
(1991, 719, 3, 8, 0, 0, NULL, NULL, 0, 0, 0, -55167, '2015-08-19', NULL, NULL, NULL, 48, 20, 'Sell', 'Sell', NULL, '2015-11-01', '08:37:32 AM'),
(1992, 719, 3, 8, 0, 0, NULL, NULL, 0, 0, 0, -55167, '2015-08-21', NULL, NULL, NULL, 49, 20, 'Sell', 'Sell', NULL, '2015-11-01', '08:38:03 AM'),
(1993, 719, 3, 8, 0, 0, NULL, NULL, 0, 0, 0, -55167, '2015-08-23', NULL, NULL, NULL, 50, 20, 'Sell', 'Sell', NULL, '2015-11-01', '08:38:28 AM'),
(1994, 719, 3, 8, 0, 0, NULL, NULL, 0, 0, 0, -55167, '2015-08-26', NULL, NULL, NULL, 51, 20, 'Sell', 'Sell', NULL, '2015-11-01', '08:39:01 AM'),
(1995, 719, 3, 8, 0, 0, NULL, NULL, 0, 0, 0, -55167, '2015-08-30', NULL, NULL, NULL, 52, 20, 'Sell', 'Sell', NULL, '2015-11-01', '08:39:41 AM'),
(1996, 719, 3, 8, 0, 0, NULL, NULL, 0, 0, 0, -55167, '2015-08-08', NULL, NULL, NULL, 53, 20, 'Sell', 'Sell', NULL, '2015-11-01', '08:41:23 AM'),
(1997, 719, 3, 8, 0, 0, NULL, NULL, 0, 0, 0, -55167, '2015-08-09', NULL, NULL, NULL, 54, 20, 'Sell', 'Sell', NULL, '2015-11-01', '08:41:48 AM'),
(1998, 719, 3, 8, 0, 0, NULL, NULL, 0, 0, 0, -55167, '2015-08-10', NULL, NULL, NULL, 55, 20, 'Sell', 'Sell', NULL, '2015-11-01', '08:42:22 AM'),
(1999, 719, 3, 8, 0, 0, NULL, NULL, 0, 0, 0, -55167, '2015-08-11', NULL, NULL, NULL, 56, 20, 'Sell', 'Sell', NULL, '2015-11-01', '08:42:55 AM'),
(2000, 719, 3, 8, 0, 0, NULL, NULL, 0, 0, 0, -55167, '2015-08-12', NULL, NULL, NULL, 57, 20, 'Sell', 'Sell', NULL, '2015-11-01', '08:43:18 AM'),
(2001, 719, 3, 8, 0, 0, NULL, NULL, 0, 0, 0, -55167, '2015-08-13', NULL, NULL, NULL, 58, 20, 'Sell', 'Sell', NULL, '2015-11-01', '08:43:43 AM'),
(2002, 719, 3, 8, 0, 0, NULL, NULL, 0, 0, 0, -55167, '2015-08-15', NULL, NULL, NULL, 59, 20, 'Sell', 'Sell', NULL, '2015-11-01', '08:44:20 AM'),
(2003, 719, 3, 8, 0, 0, NULL, NULL, 0, 0, 0, -55167, '2015-08-17', NULL, NULL, NULL, 60, 20, 'Sell', 'Sell', NULL, '2015-11-01', '08:44:54 AM'),
(2004, 719, 3, 8, 0, 0, NULL, NULL, 0, 0, 0, -55167, '2015-08-20', NULL, NULL, NULL, 61, 20, 'Sell', 'Sell', NULL, '2015-11-01', '08:45:29 AM'),
(2005, 719, 3, 8, 0, 0, NULL, NULL, 0, 0, 0, -55167, '2015-08-21', NULL, NULL, NULL, 62, 20, 'Sell', 'Sell', NULL, '2015-11-01', '08:45:56 AM'),
(2006, 719, 3, 8, 0, 0, NULL, NULL, 0, 0, 0, -55167, '2015-08-22', NULL, NULL, NULL, 63, 20, 'Sell', 'Sell', NULL, '2015-11-01', '08:46:22 AM'),
(2007, 719, 3, 8, 0, 0, NULL, NULL, 0, 0, 0, -55167, '2015-08-23', NULL, NULL, NULL, 64, 20, 'Sell', 'Sell', NULL, '2015-11-01', '08:46:48 AM'),
(2008, 719, 3, 8, 0, 0, NULL, NULL, 0, 0, 0, -55167, '2015-08-24', NULL, NULL, NULL, 65, 20, 'Sell', 'Sell', NULL, '2015-11-01', '08:47:17 AM'),
(2009, 719, 3, 8, 0, 0, NULL, NULL, 0, 0, 0, -55167, '2015-08-25', NULL, NULL, NULL, 66, 20, 'Sell', 'Sell', NULL, '2015-11-01', '08:47:39 AM'),
(2010, 719, 3, 8, 0, 0, NULL, NULL, 0, 0, 0, -55167, '2015-08-27', NULL, NULL, NULL, 67, 20, 'Sell', 'Sell', NULL, '2015-11-01', '08:48:03 AM'),
(2011, 719, 3, 8, 0, 0, NULL, NULL, 0, 0, 0, -55167, '2015-08-29', NULL, NULL, NULL, 68, 20, 'Sell', 'Sell', NULL, '2015-11-01', '08:48:31 AM'),
(2012, 719, 3, 8, 0, 0, NULL, NULL, 0, 0, 0, -55167, '2015-08-30', NULL, NULL, NULL, 69, 20, 'Sell', 'Sell', NULL, '2015-11-01', '08:48:59 AM'),
(2013, 719, 3, 8, 0, 0, NULL, NULL, 0, 0, 0, -55167, '2015-08-31', NULL, NULL, NULL, 70, 20, 'Sell', 'Sell', NULL, '2015-11-01', '08:49:41 AM'),
(2014, 3, 3, 8, 0, 0, NULL, NULL, 7690, 0, 0, 29710, '2015-08-08', NULL, NULL, NULL, 26, 20, 'Sell', 'Sell', NULL, '2015-11-02', '05:00:06 AM'),
(2015, 4, 4, 9, 0, 0, NULL, 7690, 0, 0, 0, -26596.98, '2015-08-08', NULL, NULL, NULL, 22, 20, 'Buy', 'Purchase', NULL, '2015-11-02', '05:00:06 AM'),
(2016, 3, 3, 8, 0, 0, NULL, NULL, 9930, 0, 0, 39640, '2015-08-31', NULL, NULL, NULL, 27, 20, 'Sell', 'Sell', NULL, '2015-11-02', '05:01:00 AM'),
(2017, 4, 4, 9, 0, 0, NULL, 9930, 0, 0, 0, -36526.98, '2015-08-31', NULL, NULL, NULL, 23, 20, 'Buy', 'Purchase', NULL, '2015-11-02', '05:01:00 AM'),
(2018, 4, 4, 9, 0, 0, 0, 0, 0, 17620, 0, -18906.98, '2015-08-08', NULL, NULL, NULL, 24, 20, 'Payment', 'Purchase', NULL, '2015-11-02', '05:02:34 AM'),
(2019, 3, 3, 8, 22, 0, 0, NULL, 0, 0, 7690, 31950, '2015-08-08', '', 0, '0000-00-00', 28, 20, 'Receive', 'Sell', NULL, '2015-11-02', '05:03:15 AM'),
(2020, 3, 3, 8, 23, 0, 0, NULL, 0, 0, 9930, 22020, '2015-08-08', '', 0, '0000-00-00', 29, 20, 'Receive', 'Sell', NULL, '2015-11-02', '05:03:40 AM'),
(2021, 5, 3, 8, 0, 0, NULL, 115, 0, 0, 0, -3768.1917528411, '2015-08-08', NULL, NULL, NULL, 18, 20, 'Buy', 'Purchase', NULL, '2015-11-02', '05:33:21 AM'),
(2022, 6, 5, 7, 0, 0, NULL, NULL, 115, 0, 0, 3768.1917528411, '2015-08-08', NULL, NULL, NULL, 16, 20, 'Sell', 'Sell', NULL, '2015-11-02', '05:33:21 AM'),
(2023, 345, 1, 1, 0, 5, 0, NULL, 0, 0, 8370, 1020210, '2015-08-08', '', 0, '0000-00-00', 38, 20, 'Receive', 'Sell', NULL, '2015-11-02', '05:43:26 AM'),
(2024, 366, 1, 1, 0, 5, 0, NULL, 0, 0, 9610, 115940, '2015-08-08', '', 0, '0000-00-00', 10, 20, 'Receive', 'Sell', NULL, '2015-11-02', '05:44:00 AM'),
(2025, 736, 3, 8, 22, 0, 0, NULL, 0, 0, 56, 8894, '2015-08-08', '', 0, '0000-00-00', 6, 20, 'Receive', 'Sell', NULL, '2015-11-02', '05:58:02 AM'),
(2026, 736, 3, 8, 22, 0, 0, NULL, 0, 0, 960, 7934, '2015-08-08', '', 0, '0000-00-00', 7, 20, 'Receive', 'Sell', NULL, '2015-11-02', '05:59:08 AM'),
(2027, 736, 3, 8, 23, 0, 0, NULL, 0, 0, 2005, 5929, '2015-08-08', '', 0, '0000-00-00', 8, 20, 'Receive', 'Sell', NULL, '2015-11-02', '06:00:25 AM');

-- --------------------------------------------------------

--
-- Table structure for table `fna_product`
--

CREATE TABLE IF NOT EXISTS `fna_product` (
  `PRODUCTID` int(11) NOT NULL AUTO_INCREMENT,
  `PRODCATTYPEID` int(10) DEFAULT NULL,
  `PROJECTID` int(11) NOT NULL,
  `SUBPROJECTID` int(11) NOT NULL,
  `PRODUCTNAME` varchar(100) DEFAULT NULL,
  `USERID` int(11) DEFAULT NULL,
  `STATUS` varchar(20) DEFAULT NULL,
  `FLAG` int(11) DEFAULT NULL,
  `ENTDATE` date DEFAULT NULL,
  `ENTTIME` varchar(100) DEFAULT NULL,
  PRIMARY KEY (`PRODUCTID`)
) ENGINE=InnoDB  DEFAULT CHARSET=latin1 AUTO_INCREMENT=186 ;

--
-- Dumping data for table `fna_product`
--

INSERT INTO `fna_product` (`PRODUCTID`, `PRODCATTYPEID`, `PROJECTID`, `SUBPROJECTID`, `PRODUCTNAME`, `USERID`, `STATUS`, `FLAG`, `ENTDATE`, `ENTTIME`) VALUES
(28, 6, 1, 2, 'Greem Mango -12', 20, 'Active', NULL, '2014-11-26', '05:42:36 AM'),
(29, 6, 1, 2, 'Pineapple Crass-12', 20, 'Active', NULL, '2014-11-26', '05:44:03 AM'),
(30, 6, 1, 2, 'Mango Pulp Gutti-13', 20, 'Active', NULL, '2014-11-26', '05:46:00 AM'),
(31, 6, 1, 2, 'Green Mango Assina-13', 20, 'Active', NULL, '2014-11-26', '05:47:16 AM'),
(32, 6, 1, 2, 'Chaina', 20, 'Active', NULL, '2014-11-26', '05:47:58 AM'),
(33, 6, 1, 2, 'Nata de co co', 20, 'Active', NULL, '2014-11-26', '05:48:37 AM'),
(34, 6, 1, 2, 'Fat', 20, 'Active', NULL, '2014-11-26', '05:49:24 AM'),
(35, 6, 1, 2, 'Orange Contant', 20, 'Active', NULL, '2014-11-26', '05:50:32 AM'),
(36, 6, 1, 2, 'Pineapple -13', 20, 'Active', NULL, '2014-11-26', '05:51:23 AM'),
(37, 6, 1, 2, 'Guava-13', 20, 'Active', NULL, '2014-11-26', '05:52:10 AM'),
(38, 6, 1, 2, 'Banana -13', 20, 'Active', NULL, '2014-11-26', '05:52:41 AM'),
(39, 6, 1, 2, 'Tamato -13', 20, 'Active', NULL, '2014-11-26', '05:53:31 AM'),
(40, 6, 1, 2, 'Tamarind(Tetul)', 20, 'Active', NULL, '2014-11-26', '05:54:00 AM'),
(41, 6, 1, 2, 'Carrot-14', 20, 'Active', NULL, '2014-11-26', '05:56:30 AM'),
(42, 6, 1, 2, 'Plums(Boroi)-14', 20, 'Active', NULL, '2014-11-26', '05:57:36 AM'),
(43, 6, 1, 2, 'Green Mango -14', 20, 'Active', NULL, '2014-11-26', '05:58:50 AM'),
(44, 6, 1, 2, 'Mango Pulp Gutti-14', 20, 'Active', NULL, '2014-11-26', '06:00:17 AM'),
(45, 6, 1, 2, 'Naga Chilli/14-15', 20, 'Active', NULL, '2014-11-26', '06:02:47 AM'),
(46, 6, 1, 2, 'Assina-14 (125kg)', 20, 'Active', NULL, '2014-11-26', '06:03:39 AM'),
(47, 6, 1, 2, 'Assina Bar (150kg)', 20, 'Active', NULL, '2014-11-26', '06:05:16 AM'),
(48, 6, 1, 2, 'Assina Bar (125kg)', 20, 'Active', NULL, '2014-11-26', '06:05:48 AM'),
(49, 6, 1, 2, 'Guava-14', 20, 'Active', NULL, '2014-11-26', '06:06:23 AM'),
(50, 6, 1, 2, 'Assina Pulp (150kg)-14', 20, 'Active', NULL, '2014-11-26', '06:07:25 AM'),
(51, 6, 1, 2, 'Pineapple Pulp-14', 20, 'Active', NULL, '2014-11-26', '06:08:26 AM'),
(52, 6, 1, 2, 'Assina -14 (con)', 20, 'Active', NULL, '2014-11-26', '06:09:26 AM'),
(53, 6, 1, 2, 'Pineapple Crash-14', 20, 'Active', NULL, '2014-11-26', '06:10:55 AM'),
(54, 6, 1, 2, 'Asseptic', 20, 'Active', NULL, '2014-11-26', '06:12:03 AM'),
(55, 6, 1, 2, 'Banana Pulp 14', 20, 'Active', NULL, '2014-11-26', '06:12:37 AM'),
(56, 7, 1, 2, 'Chilli Bogura L.C', 20, 'Active', NULL, '2014-11-26', '06:15:38 AM'),
(57, 7, 1, 2, 'Cassia Leaf (Tejpata)', 20, 'Active', NULL, '2014-11-26', '06:19:04 AM'),
(58, 7, 1, 2, 'Cassia leaf -Tejpata(exp)', 20, 'Active', NULL, '2014-11-26', '06:20:55 AM'),
(59, 7, 1, 2, 'Mango Powder', 20, 'Active', NULL, '2014-11-26', '06:21:43 AM'),
(60, 7, 1, 2, 'Ginger Powder', 20, 'Active', NULL, '2014-11-26', '06:24:24 AM'),
(61, 7, 1, 2, 'Nat Mag Powder', 20, 'Active', NULL, '2014-11-26', '06:24:56 AM'),
(62, 7, 1, 2, 'Gur Liquti', 20, 'Active', NULL, '2014-11-26', '06:28:17 AM'),
(63, 7, 1, 2, 'Gur Patali', 20, 'Active', NULL, '2014-11-26', '06:28:49 AM'),
(64, 7, 1, 2, 'Chilli Bundu', 20, 'Active', NULL, '2014-11-26', '06:29:34 AM'),
(65, 7, 1, 2, 'Chilli Bindu Local (exp)', 20, 'Active', NULL, '2014-11-26', '06:31:54 AM'),
(66, 7, 1, 2, 'Chilli Bogura (exp)', 20, 'Active', NULL, '2014-11-26', '06:33:33 AM'),
(67, 7, 1, 2, 'Chilli L.C (jeli)', 20, 'Active', NULL, '2014-11-26', '06:34:54 AM'),
(68, 6, 1, 2, 'Assina Pulp 150kg', 20, 'Active', NULL, '2014-11-28', '05:48:24 AM'),
(69, 6, 1, 2, 'Assina 2014 (con)', 20, 'Active', NULL, '2014-11-28', '05:49:18 AM'),
(70, 7, 1, 2, 'Cassia leaf Powder', 20, 'Active', NULL, '2014-11-28', '06:51:20 AM'),
(71, 5, 1, 1, 'Alu', 20, 'Active', NULL, '2014-11-29', '16:44:45 PM'),
(72, 8, 1, 3, 'Khejur', 20, 'Active', NULL, '2014-12-05', '13:11:04 PM'),
(83, 10, 2, 6, 'Vutta', 20, 'Active', NULL, '2015-02-12', '10:51:40 AM'),
(84, 10, 2, 6, 'Rice Palish', 20, 'Active', NULL, '2015-02-12', '10:52:01 AM'),
(85, 10, 2, 6, 'Soyabin Khail', 20, 'Active', NULL, '2015-02-12', '10:52:24 AM'),
(86, 10, 2, 6, 'Protein Concentrate', 20, 'Active', NULL, '2015-02-12', '10:52:52 AM'),
(87, 10, 2, 6, 'Lime Stone', 20, 'Active', NULL, '2015-02-12', '10:53:12 AM'),
(88, 10, 2, 6, 'Salt', 20, 'Active', NULL, '2015-02-12', '10:53:29 AM'),
(89, 10, 2, 6, 'D.C.P', 20, 'Active', NULL, '2015-02-12', '10:53:48 AM'),
(90, 10, 2, 6, 'Mithionin', 20, 'Active', NULL, '2015-02-12', '10:54:08 AM'),
(91, 10, 2, 6, 'Lycin', 20, 'Active', NULL, '2015-02-12', '10:54:26 AM'),
(92, 10, 2, 6, 'Kolin', 20, 'Active', NULL, '2015-02-12', '10:54:44 AM'),
(93, 10, 2, 6, 'Takcin Binder', 20, 'Active', NULL, '2015-02-12', '10:55:16 AM'),
(94, 10, 2, 6, 'Salstop', 20, 'Active', NULL, '2015-02-12', '10:55:34 AM'),
(95, 10, 2, 6, 'Vitamin G.S', 20, 'Active', NULL, '2015-02-12', '10:56:00 AM'),
(96, 10, 2, 6, 'Rena Brider', 20, 'Active', NULL, '2015-02-12', '10:56:27 AM'),
(97, 10, 2, 6, 'Coxidiostate', 20, 'Active', NULL, '2015-02-12', '10:56:58 AM'),
(98, 10, 2, 6, 'Prole-1', 20, 'Active', NULL, '2015-02-12', '10:57:19 AM'),
(99, 10, 2, 6, 'Energiger Pump', 20, 'Active', NULL, '2015-02-12', '10:57:49 AM'),
(100, 10, 2, 6, 'Feed Angime', 20, 'Active', NULL, '2015-02-12', '10:58:17 AM'),
(101, 10, 2, 6, 'Jhinuk', 20, 'Active', NULL, '2015-02-12', '10:58:41 AM'),
(102, 10, 2, 6, 'Prole-2', 20, 'Active', NULL, '2015-02-12', '10:59:03 AM'),
(103, 10, 2, 6, 'M.C.P', 20, 'Active', NULL, '2015-02-12', '10:59:21 AM'),
(104, 10, 2, 6, 'Edugime 898', 20, 'Active', NULL, '2015-02-12', '10:59:50 AM'),
(105, 10, 2, 6, 'Microvit', 20, 'Active', NULL, '2015-02-12', '11:00:27 AM'),
(106, 10, 2, 6, 'Lycins A.D.M', 20, 'Active', NULL, '2015-02-12', '11:01:03 AM'),
(107, 10, 2, 6, 'Rodimithin N.P-9', 20, 'Active', NULL, '2015-02-12', '11:01:36 AM'),
(108, 11, 5, 7, 'Colidox', 20, 'Active', NULL, '2015-02-22', '14:29:52 PM'),
(109, 11, 5, 7, 'Microguard', 20, 'Active', NULL, '2015-02-22', '14:30:35 PM'),
(110, 11, 5, 7, 'AD-3 E', 20, 'Active', NULL, '2015-02-22', '14:31:02 PM'),
(111, 11, 5, 7, 'Sancalpe', 20, 'Active', NULL, '2015-02-22', '14:31:20 PM'),
(112, 11, 5, 7, 'B1+B2+B6', 20, 'Active', NULL, '2015-02-23', '05:31:54 AM'),
(113, 11, 5, 7, 'Livertonic', 20, 'Active', NULL, '2015-02-23', '05:35:43 AM'),
(114, 11, 5, 7, 'Dablu S', 20, 'Active', NULL, '2015-02-23', '05:38:09 AM'),
(115, 11, 5, 7, 'cokcitril', 20, 'Active', NULL, '2015-02-23', '05:38:48 AM'),
(116, 11, 5, 7, 'Rena-K', 20, 'Active', NULL, '2015-02-23', '05:40:21 AM'),
(117, 11, 5, 7, 'E-sell', 20, 'Active', NULL, '2015-02-23', '05:41:54 AM'),
(118, 11, 5, 7, 'Renamicin', 20, 'Active', NULL, '2015-02-23', '05:54:02 AM'),
(119, 11, 5, 7, 'Acoa 4pa', 20, 'Active', NULL, '2015-02-23', '05:56:21 AM'),
(120, 11, 5, 7, 'Stacebalance', 20, 'Active', NULL, '2015-02-23', '06:05:46 AM'),
(121, 11, 5, 7, 'Rena-c', 20, 'Active', NULL, '2015-02-23', '06:20:16 AM'),
(122, 11, 5, 7, 'Electrolite-plus', 20, 'Active', NULL, '2015-02-23', '06:25:46 AM'),
(123, 11, 5, 7, 'Emuton', 20, 'Active', NULL, '2015-02-23', '06:27:35 AM'),
(124, 11, 5, 7, 'Prolin', 20, 'Active', NULL, '2015-02-23', '06:30:40 AM'),
(125, 11, 5, 7, 'Micronid', 20, 'Active', NULL, '2015-02-23', '06:33:15 AM'),
(126, 11, 5, 7, 'Toxcinil Plus', 20, 'Active', NULL, '2015-02-23', '06:35:29 AM'),
(127, 11, 5, 7, 'Amnovite', 20, 'Active', NULL, '2015-02-23', '06:37:33 AM'),
(128, 11, 5, 7, 'Anzim Plus', 20, 'Active', NULL, '2015-02-23', '06:39:07 AM'),
(129, 11, 5, 7, 'G-Promin', 20, 'Active', NULL, '2015-02-23', '06:39:59 AM'),
(130, 11, 5, 7, 'Brosco vit', 20, 'Active', NULL, '2015-02-23', '06:41:51 AM'),
(131, 11, 5, 7, 'B-Com vit', 20, 'Active', NULL, '2015-02-23', '06:42:59 AM'),
(132, 11, 5, 7, 'Ativet', 20, 'Active', NULL, '2015-02-23', '06:43:47 AM'),
(133, 11, 5, 7, 'Nepro', 20, 'Active', NULL, '2015-02-23', '06:47:05 AM'),
(134, 11, 5, 7, 'Refence', 20, 'Active', NULL, '2015-02-23', '06:49:30 AM'),
(135, 11, 5, 7, 'Amon Care', 20, 'Active', NULL, '2015-02-23', '06:50:36 AM'),
(136, 11, 5, 7, 'Amynovit', 20, 'Active', NULL, '2015-02-23', '06:51:57 AM'),
(137, 11, 5, 7, 'Energy Plus', 20, 'Active', NULL, '2015-02-23', '06:52:47 AM'),
(138, 11, 5, 7, 'Neotriluck', 20, 'Active', NULL, '2015-02-23', '06:54:19 AM'),
(139, 11, 5, 7, 'Veski Boust', 20, 'Active', NULL, '2015-02-23', '06:56:29 AM'),
(140, 11, 5, 7, 'Colin Florid ', 20, 'Active', NULL, '2015-02-23', '07:01:14 AM'),
(141, 11, 5, 7, 'F.R.AC', 20, 'Active', NULL, '2015-02-23', '07:03:17 AM'),
(142, 11, 5, 7, 'Lysovit ', 20, 'Active', NULL, '2015-02-23', '07:04:38 AM'),
(143, 11, 5, 7, 'Doxcivet', 20, 'Active', NULL, '2015-02-23', '07:14:16 AM'),
(144, 11, 5, 7, 'Mycrostope', 20, 'Active', NULL, '2015-02-23', '07:15:19 AM'),
(145, 11, 5, 7, 'Zing vet', 20, 'Active', NULL, '2015-02-23', '07:17:31 AM'),
(146, 11, 5, 7, 'Frast Cool ', 20, 'Active', NULL, '2015-02-23', '07:19:57 AM'),
(147, 11, 5, 7, 'Origo Steme ', 20, 'Active', NULL, '2015-02-23', '07:21:34 AM'),
(148, 6, 1, 2, 'Chalta Brind', 20, 'Active', NULL, '2015-05-30', '13:27:22 PM'),
(149, 6, 1, 2, 'Mango Brind', 20, 'Active', NULL, '2015-05-30', '13:27:42 PM'),
(151, 13, 1, 4, 'Mango pest', 20, 'Active', NULL, '2015-05-31', '15:21:09 PM'),
(152, 13, 1, 4, 'Tetul', 20, 'Active', NULL, '2015-05-31', '15:21:27 PM'),
(153, 13, 1, 4, 'Tomato Pest', 20, 'Active', NULL, '2015-05-31', '15:21:46 PM'),
(154, 13, 1, 4, 'Green Mango', 20, 'Active', NULL, '2015-05-31', '15:22:08 PM'),
(155, 13, 1, 4, 'Pineapple Pulp', 20, 'Active', NULL, '2015-05-31', '15:22:26 PM'),
(156, 13, 1, 4, 'Paka Mango Pulp', 20, 'Active', NULL, '2015-05-31', '15:23:03 PM'),
(157, 13, 1, 4, 'Mango Pulp', 20, 'Active', NULL, '2015-05-31', '15:23:21 PM'),
(158, 13, 1, 4, 'Guty', 20, 'Active', NULL, '2015-05-31', '15:29:08 PM'),
(159, 13, 1, 4, 'Ashina', 20, 'Active', NULL, '2015-06-01', '12:13:34 PM'),
(160, 15, 1, 13, 'Chilli (Morich)', 20, 'Active', NULL, '2015-06-01', '12:25:14 PM'),
(161, 9, 1, 5, 'Tetul', 20, 'Active', NULL, '2015-06-01', '12:36:35 PM'),
(162, 16, 1, 14, 'Tetul', 20, 'Active', NULL, '2015-06-01', '12:51:46 PM'),
(163, 8, 1, 3, 'Apple', 20, 'Active', NULL, '2015-06-01', '14:31:24 PM'),
(164, 8, 1, 3, 'Orange(Komla)', 20, 'Active', NULL, '2015-06-01', '14:32:45 PM'),
(165, 8, 1, 3, 'Angur', 20, 'Active', NULL, '2015-06-02', '14:00:43 PM'),
(166, 11, 5, 7, 'Ascurex', 20, 'Active', NULL, '2015-10-03', '11:55:59 AM'),
(167, 11, 5, 7, 'B+C', 20, 'Active', NULL, '2015-10-03', '11:56:18 AM'),
(168, 11, 5, 7, 'V Corn S', 20, 'Active', NULL, '2015-10-03', '11:57:09 AM'),
(169, 11, 5, 7, 'B Tox', 20, 'Active', NULL, '2015-10-03', '11:57:45 AM'),
(170, 11, 5, 7, 'Kill Vexin', 20, 'Active', NULL, '2015-10-03', '11:58:11 AM'),
(171, 11, 5, 7, 'T H 4', 20, 'Active', NULL, '2015-10-03', '11:58:41 AM'),
(172, 11, 5, 7, 'CEC', 20, 'Active', NULL, '2015-10-03', '11:59:00 AM'),
(173, 11, 5, 7, 'Ranivet', 20, 'Active', NULL, '2015-10-03', '11:59:21 AM'),
(174, 11, 5, 7, 'Aligo Steam', 20, 'Active', NULL, '2015-10-03', '11:59:52 AM'),
(175, 6, 1, 2, 'Nagapest-100', 20, 'Active', NULL, '2015-10-08', '07:19:51 AM'),
(176, 6, 1, 2, 'Aseptic Bag', 20, 'Active', NULL, '2015-10-08', '07:27:29 AM'),
(177, 6, 1, 2, 'Tometo Pest-125', 20, 'Active', NULL, '2015-10-08', '07:28:08 AM'),
(178, 6, 1, 2, 'Tometo Aseptic-125', 20, 'Active', NULL, '2015-10-08', '07:28:55 AM'),
(179, 6, 1, 2, 'Karot Pest-125', 20, 'Active', NULL, '2015-10-08', '07:29:31 AM'),
(180, 6, 1, 2, 'Tetul Green Pest-125', 20, 'Active', NULL, '2015-10-08', '07:30:01 AM'),
(181, 6, 1, 2, 'Guti-2015', 20, 'Active', NULL, '2015-10-08', '07:30:27 AM'),
(182, 6, 1, 2, 'Ashina Reprocess', 20, 'Active', NULL, '2015-10-08', '07:31:12 AM'),
(183, 14, 1, 4, 'Morich LC', 20, 'Active', NULL, '2015-10-08', '07:32:03 AM'),
(184, 7, 1, 2, 'Chilli Powder', 20, 'Active', NULL, '2015-10-09', '06:57:13 AM'),
(185, 11, 5, 7, 'Lasota', 20, 'Active', NULL, '2015-10-11', '09:40:34 AM');

-- --------------------------------------------------------

--
-- Table structure for table `fna_productcattype`
--

CREATE TABLE IF NOT EXISTS `fna_productcattype` (
  `PRODCATTYPEID` int(11) NOT NULL AUTO_INCREMENT,
  `PROJECTID` int(11) NOT NULL,
  `SUBPROJECTID` int(11) NOT NULL,
  `CATEGORYTYPENAME` varchar(100) DEFAULT NULL,
  `USERID` int(11) DEFAULT NULL,
  `STATUS` varchar(20) DEFAULT NULL,
  `FLAG` int(11) DEFAULT NULL,
  `ENTDATE` date DEFAULT NULL,
  `ENTTIME` varchar(100) DEFAULT NULL,
  PRIMARY KEY (`PRODCATTYPEID`)
) ENGINE=InnoDB  DEFAULT CHARSET=latin1 AUTO_INCREMENT=18 ;

--
-- Dumping data for table `fna_productcattype`
--

INSERT INTO `fna_productcattype` (`PRODCATTYPEID`, `PROJECTID`, `SUBPROJECTID`, `CATEGORYTYPENAME`, `USERID`, `STATUS`, `FLAG`, `ENTDATE`, `ENTTIME`) VALUES
(5, 1, 1, 'Alu', 20, 'Active', NULL, '2014-11-12', '15:50:36 PM'),
(6, 1, 2, 'Pulp', 20, 'Active', NULL, '2014-11-12', '15:50:48 PM'),
(7, 1, 2, 'Spicy', 20, 'Active', NULL, '2014-11-12', '15:51:01 PM'),
(8, 1, 3, 'Fruits', 20, 'Active', NULL, '2014-11-12', '15:51:16 PM'),
(9, 1, 5, 'Nantoo', 20, 'Active', NULL, '2014-11-21', '09:55:02 AM'),
(10, 2, 6, 'Feed', 20, 'Active', NULL, '2014-12-10', '18:49:18 PM'),
(11, 5, 7, 'Medicine', 20, 'Active', NULL, '2014-12-22', '15:12:08 PM'),
(13, 1, 4, 'Pulp', 20, 'Active', NULL, '2015-05-31', '15:19:15 PM'),
(14, 1, 4, 'Spicy', 20, 'Active', NULL, '2015-05-31', '15:19:27 PM'),
(15, 1, 13, 'Spicy', 20, 'Active', NULL, '2015-06-01', '12:24:44 PM'),
(16, 1, 14, 'Pulp', 20, 'Active', NULL, '2015-06-01', '12:51:30 PM'),
(17, 5, 7, 'Lasota', 20, 'Active', NULL, '2015-10-11', '09:38:59 AM');

-- --------------------------------------------------------

--
-- Table structure for table `fna_productfare`
--

CREATE TABLE IF NOT EXISTS `fna_productfare` (
  `PRODUCTFAREID` int(11) NOT NULL AUTO_INCREMENT,
  `PRODCATTYPEID` int(11) NOT NULL,
  `PRODUCTID` int(10) DEFAULT NULL,
  `PROJECTID` int(11) NOT NULL,
  `SUBPROJECTID` int(11) NOT NULL,
  `PARTYID` int(11) NOT NULL,
  `PACKINGUNITID` int(11) NOT NULL,
  `UNITFARE` double DEFAULT NULL,
  `STARTDATE` date DEFAULT NULL,
  `ENDDATE` date DEFAULT NULL,
  `USERID` int(11) DEFAULT NULL,
  `STATUS` varchar(20) DEFAULT NULL,
  `FLAG` int(11) DEFAULT NULL,
  `ENTDATE` date DEFAULT NULL,
  `ENTTIME` varchar(100) DEFAULT NULL,
  PRIMARY KEY (`PRODUCTFAREID`)
) ENGINE=InnoDB  DEFAULT CHARSET=latin1 AUTO_INCREMENT=677 ;

--
-- Dumping data for table `fna_productfare`
--

INSERT INTO `fna_productfare` (`PRODUCTFAREID`, `PRODCATTYPEID`, `PRODUCTID`, `PROJECTID`, `SUBPROJECTID`, `PARTYID`, `PACKINGUNITID`, `UNITFARE`, `STARTDATE`, `ENDDATE`, `USERID`, `STATUS`, `FLAG`, `ENTDATE`, `ENTTIME`) VALUES
(1, 6, 18, 1, 2, 0, 0, 2.5, '2014-06-01', '2015-05-31', 20, 'Active', NULL, '2014-11-25', '17:47:55 PM'),
(2, 6, 54, 1, 2, 0, 0, 4, '2014-04-01', '2015-03-31', 20, 'Active', NULL, '2014-11-26', '06:41:34 AM'),
(3, 6, 39, 1, 2, 0, 0, 2.8499999046325684, '2014-04-01', '2014-05-31', 20, 'Active', NULL, '2014-11-26', '06:46:19 AM'),
(4, 6, 32, 1, 2, 0, 0, 2.8499999046325684, '2014-06-01', '2014-05-31', 20, 'Active', NULL, '2014-11-26', '06:47:45 AM'),
(5, 6, 48, 1, 2, 0, 0, 2.8499999046325684, '2014-06-01', '2014-05-31', 20, 'Active', NULL, '2014-11-26', '06:55:03 AM'),
(6, 6, 47, 1, 2, 0, 0, 2.8499999046325684, '2013-10-01', '2015-11-20', 20, 'Active', NULL, '2014-11-26', '09:44:03 AM'),
(7, 6, 50, 1, 2, 0, 0, 2.8499999046325684, '2013-11-01', '2015-11-28', 20, 'Active', NULL, '2014-11-26', '09:45:03 AM'),
(8, 6, 46, 1, 2, 0, 0, 2.8499999046325684, '2013-11-01', '2015-11-01', 20, 'Active', NULL, '2014-11-26', '09:46:00 AM'),
(9, 6, 38, 1, 2, 0, 0, 2.8499999046325684, '2013-11-01', '2015-11-27', 20, 'Active', NULL, '2014-11-26', '09:46:55 AM'),
(10, 6, 55, 1, 2, 0, 0, 2.8499999046325684, '2013-11-01', '2015-11-28', 20, 'Active', NULL, '2014-11-26', '09:47:43 AM'),
(11, 6, 41, 1, 2, 0, 0, 2.8499999046325684, '2013-11-01', '2015-11-29', 20, 'Active', NULL, '2014-11-26', '09:48:26 AM'),
(12, 6, 34, 1, 2, 0, 0, 5.5, '2013-11-01', '2015-11-30', 20, 'Active', NULL, '2014-11-26', '09:50:23 AM'),
(13, 6, 28, 1, 2, 0, 0, 2.8499999046325684, '2013-11-01', '2015-11-30', 20, 'Active', NULL, '2014-11-26', '09:52:09 AM'),
(14, 6, 43, 1, 2, 0, 0, 2.8499999046325684, '2013-11-01', '2015-11-30', 20, 'Active', NULL, '2014-11-26', '09:53:07 AM'),
(15, 6, 31, 1, 2, 0, 0, 2.8499999046325684, '2013-11-01', '2015-11-30', 20, 'Active', NULL, '2014-11-26', '09:53:46 AM'),
(16, 6, 37, 1, 2, 0, 0, 2.8499999046325684, '2013-11-01', '2015-11-30', 20, 'Active', NULL, '2014-11-26', '09:54:50 AM'),
(17, 6, 49, 1, 2, 0, 0, 2.8499999046325684, '2013-11-01', '2015-11-30', 20, 'Active', NULL, '2014-11-26', '09:55:56 AM'),
(18, 6, 30, 1, 2, 0, 0, 2.8499999046325684, '2013-11-01', '2015-11-30', 20, 'Active', NULL, '2014-11-26', '09:56:35 AM'),
(19, 6, 44, 1, 2, 0, 0, 2.8499999046325684, '2013-11-01', '2015-11-30', 20, 'Active', NULL, '2014-11-26', '09:57:23 AM'),
(20, 6, 45, 1, 2, 0, 0, 2.8499999046325684, '2013-11-01', '2015-11-30', 20, 'Active', NULL, '2014-11-26', '09:58:38 AM'),
(21, 6, 33, 1, 2, 0, 0, 5.5, '2013-11-01', '2015-11-30', 20, 'Active', NULL, '2014-11-26', '10:37:54 AM'),
(22, 6, 42, 1, 2, 0, 0, 8.5, '2013-11-01', '2015-11-30', 20, 'Active', NULL, '2014-11-26', '10:39:32 AM'),
(23, 7, 57, 1, 2, 0, 0, 2.8499999046325684, '2013-11-02', '2015-11-30', 20, 'Active', NULL, '2014-11-26', '10:40:25 AM'),
(24, 6, 40, 1, 2, 0, 0, 4.5, '2013-11-01', '2015-11-30', 20, 'Active', NULL, '2014-11-26', '10:42:23 AM'),
(25, 6, 51, 1, 2, 0, 0, 2.8499999046325684, '2013-11-01', '2015-11-30', 20, 'Active', NULL, '2014-11-26', '10:43:11 AM'),
(26, 6, 29, 1, 2, 0, 0, 2.8499999046325684, '2013-11-01', '2015-11-30', 20, 'Active', NULL, '2014-11-26', '10:43:55 AM'),
(27, 6, 53, 1, 2, 0, 0, 2.8499999046325684, '2013-11-01', '2015-11-30', 20, 'Active', NULL, '2014-11-26', '10:45:20 AM'),
(28, 6, 36, 1, 2, 0, 0, 2.8499999046325684, '2013-11-01', '2015-11-30', 20, 'Active', NULL, '2014-11-26', '10:45:59 AM'),
(29, 6, 35, 1, 2, 0, 0, 2.8499999046325684, '2013-11-01', '2015-11-30', 20, 'Active', NULL, '2014-11-26', '10:46:39 AM'),
(30, 7, 58, 1, 2, 0, 0, 6.5, '2013-11-01', '2015-11-29', 20, 'Active', NULL, '2014-11-26', '10:49:39 AM'),
(31, 7, 65, 1, 2, 0, 0, 8.5, '2013-11-01', '2015-11-30', 20, 'Active', NULL, '2014-11-26', '10:51:02 AM'),
(32, 7, 66, 1, 2, 0, 0, 8.5, '2013-11-01', '2015-11-30', 20, 'Active', NULL, '2014-11-26', '10:52:08 AM'),
(33, 7, 56, 1, 2, 0, 0, 8.5, '2013-11-01', '2015-11-30', 20, 'Active', NULL, '2014-11-26', '10:52:49 AM'),
(34, 7, 64, 1, 2, 0, 0, 8.5, '2013-11-01', '2015-11-30', 20, 'Active', NULL, '2014-11-26', '10:53:26 AM'),
(35, 7, 67, 1, 2, 0, 0, 8.5, '2013-11-01', '2015-11-30', 20, 'Active', NULL, '2014-11-26', '10:54:46 AM'),
(36, 7, 60, 1, 2, 0, 0, 2.8499999046325684, '2013-11-01', '2015-11-30', 20, 'Active', NULL, '2014-11-26', '10:55:36 AM'),
(37, 7, 62, 1, 2, 0, 0, 2.8499999046325684, '2013-11-01', '2015-11-30', 20, 'Active', NULL, '2014-11-26', '10:56:40 AM'),
(38, 7, 63, 1, 2, 0, 0, 2.8499999046325684, '2013-11-01', '2015-11-30', 20, 'Active', NULL, '2014-11-26', '10:57:25 AM'),
(39, 7, 59, 1, 2, 0, 0, 2.8499999046325684, '2013-11-01', '2015-11-30', 20, 'Active', NULL, '2014-11-26', '10:58:21 AM'),
(40, 7, 61, 1, 2, 0, 0, 2.8499999046325684, '2013-11-01', '2015-11-30', 20, 'Active', NULL, '2014-11-26', '11:00:38 AM'),
(41, 6, 68, 1, 2, 0, 0, 2.8499999046325684, '2013-11-01', '2015-11-30', 20, 'Active', NULL, '2014-11-28', '05:53:53 AM'),
(42, 6, 52, 1, 2, 0, 0, 2.8499999046325684, '2013-11-01', '2015-11-30', 20, 'Active', NULL, '2014-11-28', '06:49:42 AM'),
(43, 6, 69, 1, 2, 0, 0, 2.8499999046325684, '2013-11-01', '2015-11-30', 20, 'Active', NULL, '2014-11-28', '06:52:40 AM'),
(44, 7, 70, 1, 2, 0, 0, 2.8499999046325684, '2013-11-01', '2015-11-30', 20, 'Active', NULL, '2014-11-28', '06:53:35 AM'),
(47, 6, 148, 1, 2, 0, 0, 4.5, '2015-01-01', '2015-12-31', 20, 'Active', NULL, '2015-05-30', '13:38:31 PM'),
(48, 6, 149, 1, 2, 0, 0, 4.5, '2015-01-01', '2015-12-31', 20, 'Active', NULL, '2015-05-30', '13:39:01 PM'),
(49, 13, 154, 1, 4, 0, 0, 4, '2015-01-01', '2015-12-31', 20, 'Active', NULL, '2015-05-31', '15:23:57 PM'),
(50, 13, 151, 1, 4, 0, 0, 4, '2015-01-01', '2015-12-31', 20, 'Active', NULL, '2015-05-31', '15:24:21 PM'),
(51, 13, 157, 1, 4, 0, 0, 4, '2015-01-01', '2015-12-31', 20, 'Active', NULL, '2015-05-31', '15:24:46 PM'),
(52, 13, 156, 1, 4, 0, 0, 4, '2015-01-01', '2015-12-31', 20, 'Active', NULL, '2015-05-31', '15:25:08 PM'),
(53, 13, 155, 1, 4, 0, 0, 4, '2015-01-01', '2015-12-31', 20, 'Active', NULL, '2015-05-31', '15:26:04 PM'),
(54, 13, 152, 1, 4, 0, 0, 10, '2015-01-01', '2015-12-31', 20, 'Active', NULL, '2015-05-31', '15:26:26 PM'),
(55, 13, 153, 1, 4, 0, 0, 4, '2015-01-01', '2015-12-31', 20, 'Active', NULL, '2015-05-31', '15:26:54 PM'),
(56, 13, 158, 1, 4, 0, 0, 4, '2015-01-01', '2015-12-31', 20, 'Active', NULL, '2015-05-31', '15:29:32 PM'),
(57, 13, 159, 1, 4, 0, 0, 4, '2015-01-01', '2015-12-31', 20, 'Active', NULL, '2015-06-01', '12:14:03 PM'),
(58, 15, 160, 1, 13, 0, 0, 10, '2015-01-01', '2015-12-31', 20, 'Active', NULL, '2015-06-01', '12:25:44 PM'),
(59, 9, 161, 1, 5, 0, 0, 6, '2015-01-01', '2015-12-31', 20, 'Active', NULL, '2015-06-01', '12:37:43 PM'),
(60, 16, 162, 1, 14, 0, 0, 6, '2015-01-01', '2015-12-31', 20, 'Active', NULL, '2015-06-01', '12:52:11 PM'),
(64, 8, 72, 1, 3, 65, 24, 60, '2015-01-01', '2015-12-31', 20, 'Active', NULL, '2015-06-01', '14:11:00 PM'),
(65, 8, 72, 1, 3, 66, 24, 50, '2015-01-01', '2015-12-31', 20, 'Active', NULL, '2015-06-01', '14:12:46 PM'),
(66, 8, 163, 1, 3, 65, 24, 60, '2015-01-01', '2015-12-31', 20, 'Active', NULL, '2015-05-29', '15:49:20 PM'),
(67, 8, 163, 1, 3, 65, 30, 50, '2015-01-01', '2015-12-31', 20, 'Active', NULL, '2015-05-29', '15:49:58 PM'),
(68, 8, 163, 1, 3, 65, 29, 25, '2015-01-01', '2015-12-31', 20, 'Active', NULL, '2015-05-29', '15:50:31 PM'),
(69, 8, 164, 1, 3, 65, 24, 60, '2015-01-01', '2015-12-31', 20, 'Active', NULL, '2015-05-29', '15:51:14 PM'),
(70, 8, 164, 1, 3, 65, 30, 50, '2015-01-01', '2015-12-31', 20, 'Active', NULL, '2015-05-29', '15:51:42 PM'),
(71, 8, 164, 1, 3, 65, 29, 25, '2015-01-01', '2015-12-31', 20, 'Active', NULL, '2015-05-29', '15:52:15 PM'),
(72, 8, 72, 1, 3, 65, 30, 50, '2015-01-01', '2015-12-31', 20, 'Active', NULL, '2015-05-29', '15:53:16 PM'),
(73, 8, 72, 1, 3, 65, 29, 25, '2015-01-01', '2015-12-31', 20, 'Active', NULL, '2015-05-29', '15:53:45 PM'),
(74, 8, 165, 1, 3, 65, 29, 25, '2015-01-01', '2015-12-31', 20, 'Active', NULL, '2015-06-02', '14:20:48 PM'),
(75, 8, 165, 1, 3, 65, 30, 50, '2015-01-01', '2015-12-31', 20, 'Active', NULL, '2015-06-02', '14:21:13 PM'),
(76, 8, 165, 1, 3, 65, 24, 60, '2015-01-01', '2015-12-31', 20, 'Active', NULL, '2015-06-02', '14:21:41 PM'),
(77, 5, 71, 1, 1, 68, 23, 380, '2015-01-01', '2015-12-31', 20, 'Active', NULL, '2015-06-02', '14:48:58 PM'),
(78, 5, 71, 1, 1, 69, 23, 310, '2015-01-01', '2015-12-31', 20, 'Active', NULL, '2015-06-02', '14:50:29 PM'),
(79, 5, 71, 1, 1, 70, 23, 310, '2015-01-01', '2015-12-31', 20, 'Active', NULL, '2015-06-02', '14:50:59 PM'),
(80, 5, 71, 1, 1, 71, 23, 310, '2015-01-01', '2015-12-31', 20, 'Active', NULL, '2015-06-02', '14:51:27 PM'),
(81, 5, 71, 1, 1, 72, 23, 380, '2015-01-01', '2015-12-31', 20, 'Active', NULL, '2015-06-04', '02:08:53 AM'),
(82, 5, 71, 1, 1, 73, 23, 380, '2015-01-01', '2015-12-31', 20, 'Active', NULL, '2015-06-04', '02:20:09 AM'),
(83, 5, 71, 1, 1, 74, 23, 380, '2015-01-01', '2015-12-31', 20, 'Active', NULL, '2015-06-04', '03:06:51 AM'),
(84, 5, 71, 1, 1, 75, 23, 380, '2015-01-01', '2015-12-31', 20, 'Active', NULL, '2015-06-04', '04:07:53 AM'),
(85, 5, 71, 1, 1, 76, 23, 380, '2015-01-01', '2015-11-30', 20, 'Active', NULL, '2015-06-04', '04:10:18 AM'),
(86, 5, 71, 1, 1, 77, 23, 380, '2015-01-01', '2015-12-31', 20, 'Active', NULL, '2015-06-04', '04:14:46 AM'),
(87, 5, 71, 1, 1, 78, 23, 380, '2015-01-01', '2015-12-31', 20, 'Active', NULL, '2015-06-06', '02:36:15 AM'),
(88, 5, 71, 1, 1, 79, 23, 380, '2015-01-01', '2015-12-31', 20, 'Active', NULL, '2015-06-06', '04:36:10 AM'),
(89, 5, 71, 1, 1, 80, 23, 380, '2015-01-01', '2015-12-31', 20, 'Active', NULL, '2015-06-06', '04:37:21 AM'),
(90, 5, 71, 1, 1, 81, 23, 380, '2015-01-01', '2015-12-31', 20, 'Active', NULL, '2015-06-06', '05:43:57 AM'),
(91, 5, 71, 1, 1, 82, 23, 310, '2015-01-01', '2015-12-31', 20, 'Active', NULL, '2015-06-06', '05:46:08 AM'),
(92, 5, 71, 1, 1, 83, 23, 310, '2015-01-01', '2015-12-31', 20, 'Active', NULL, '2015-06-06', '05:53:22 AM'),
(93, 5, 71, 1, 1, 84, 23, 310, '2015-01-01', '2015-12-31', 20, 'Active', NULL, '2015-06-06', '05:58:29 AM'),
(94, 5, 71, 1, 1, 85, 23, 380, '2015-01-01', '2015-12-31', 20, 'Active', NULL, '2015-06-06', '06:00:44 AM'),
(95, 5, 71, 1, 1, 86, 23, 380, '2015-01-01', '2015-12-31', 20, 'Active', NULL, '2015-06-06', '06:12:38 AM'),
(96, 5, 71, 1, 1, 87, 23, 380, '2015-01-01', '2015-12-31', 20, 'Active', NULL, '2015-06-06', '06:27:38 AM'),
(97, 5, 71, 1, 1, 88, 23, 380, '2015-01-01', '2015-12-31', 20, 'Active', NULL, '2015-06-06', '06:43:34 AM'),
(98, 5, 71, 1, 1, 89, 23, 310, '2015-01-01', '2015-12-31', 20, 'Active', NULL, '2015-06-06', '06:45:32 AM'),
(99, 5, 71, 1, 1, 90, 23, 380, '2015-01-01', '2015-12-31', 20, 'Active', NULL, '2015-06-09', '01:46:31 AM'),
(100, 5, 71, 1, 1, 91, 23, 380, '2015-01-01', '2015-12-31', 20, 'Active', NULL, '2015-06-09', '01:53:56 AM'),
(101, 5, 71, 1, 1, 92, 23, 380, '2015-01-01', '2015-12-31', 20, 'Active', NULL, '2015-06-09', '02:05:37 AM'),
(102, 5, 71, 1, 1, 93, 23, 380, '2015-01-01', '2015-12-31', 20, 'Active', NULL, '2015-06-09', '02:12:57 AM'),
(103, 5, 71, 1, 1, 94, 23, 380, '2015-01-01', '2015-12-31', 20, 'Active', NULL, '2015-06-09', '02:59:40 AM'),
(104, 5, 71, 1, 1, 95, 23, 380, '2015-01-01', '2015-12-31', 20, 'Active', NULL, '2015-06-09', '03:23:30 AM'),
(105, 5, 71, 1, 1, 96, 23, 380, '2015-01-01', '2015-12-31', 20, 'Active', NULL, '2015-06-09', '03:27:37 AM'),
(106, 5, 71, 1, 1, 97, 23, 380, '2015-01-01', '2015-12-31', 20, 'Active', NULL, '2015-06-09', '03:31:23 AM'),
(107, 5, 71, 1, 1, 98, 23, 380, '2015-02-16', '2015-12-31', 20, 'Active', NULL, '2015-06-09', '03:34:46 AM'),
(108, 5, 71, 1, 1, 99, 23, 380, '2015-01-01', '2015-12-31', 20, 'Active', NULL, '2015-06-09', '03:40:10 AM'),
(109, 5, 71, 1, 1, 100, 23, 380, '2015-01-01', '2015-12-31', 20, 'Active', NULL, '2015-06-09', '03:43:58 AM'),
(110, 5, 71, 1, 1, 101, 23, 380, '2015-01-01', '2015-12-31', 20, 'Active', NULL, '2015-06-09', '03:50:56 AM'),
(111, 5, 71, 1, 1, 102, 23, 380, '2015-01-01', '2015-12-31', 20, 'Active', NULL, '2015-06-09', '03:58:49 AM'),
(112, 5, 71, 1, 1, 103, 23, 380, '2015-01-01', '2015-12-31', 20, 'Active', NULL, '2015-06-09', '04:47:57 AM'),
(113, 5, 71, 1, 1, 104, 23, 380, '2015-01-01', '2015-12-31', 20, 'Active', NULL, '2015-06-09', '05:05:57 AM'),
(114, 5, 71, 1, 1, 105, 23, 380, '2015-01-01', '2015-12-31', 20, 'Active', NULL, '2015-06-09', '05:12:54 AM'),
(115, 5, 71, 1, 1, 106, 23, 380, '2015-01-01', '2015-12-31', 20, 'Active', NULL, '2015-06-09', '05:16:14 AM'),
(116, 5, 71, 1, 1, 107, 23, 380, '2015-01-01', '2015-12-31', 20, 'Active', NULL, '2015-06-09', '05:24:16 AM'),
(117, 5, 71, 1, 1, 108, 23, 380, '2015-01-01', '2015-12-31', 20, 'Active', NULL, '2015-06-09', '05:54:50 AM'),
(118, 5, 71, 1, 1, 109, 23, 380, '2015-01-01', '2015-12-31', 20, 'Active', NULL, '2015-06-09', '05:58:56 AM'),
(119, 5, 71, 1, 1, 110, 23, 310, '2015-01-01', '2015-12-31', 20, 'Active', NULL, '2015-06-09', '06:02:08 AM'),
(120, 5, 71, 1, 1, 111, 23, 380, '2015-01-01', '2015-12-31', 20, 'Active', NULL, '2015-06-09', '23:47:55 PM'),
(121, 5, 71, 1, 1, 112, 23, 380, '2015-01-01', '2015-12-31', 20, 'Active', NULL, '2015-06-09', '23:58:26 PM'),
(122, 5, 71, 1, 1, 113, 23, 380, '2015-01-01', '2015-12-31', 20, 'Active', NULL, '2015-06-10', '00:01:47 AM'),
(123, 5, 71, 1, 1, 114, 23, 380, '2015-01-01', '2015-12-31', 20, 'Active', NULL, '2015-06-10', '00:08:28 AM'),
(124, 5, 71, 1, 1, 115, 23, 380, '2015-01-01', '2015-12-31', 20, 'Active', NULL, '2015-06-10', '00:15:24 AM'),
(125, 5, 71, 1, 1, 116, 23, 380, '2015-01-01', '2015-12-31', 20, 'Active', NULL, '2015-06-10', '00:18:44 AM'),
(126, 5, 71, 1, 1, 117, 23, 380, '2015-01-01', '2015-12-31', 20, 'Active', NULL, '2015-06-10', '00:22:46 AM'),
(127, 5, 71, 1, 1, 118, 23, 380, '2015-01-01', '2015-12-31', 20, 'Active', NULL, '2015-06-10', '00:33:24 AM'),
(128, 5, 71, 1, 1, 119, 23, 380, '2015-01-01', '2015-12-31', 20, 'Active', NULL, '2015-06-10', '00:36:00 AM'),
(129, 5, 71, 1, 1, 120, 23, 380, '2015-01-01', '2015-12-31', 20, 'Active', NULL, '2015-06-10', '00:39:31 AM'),
(130, 5, 71, 1, 1, 121, 23, 380, '2015-01-01', '2015-12-31', 20, 'Active', NULL, '2015-06-10', '00:49:36 AM'),
(131, 5, 71, 1, 1, 122, 23, 380, '2015-01-01', '2015-12-31', 20, 'Active', NULL, '2015-06-10', '00:55:33 AM'),
(132, 5, 71, 1, 1, 123, 23, 310, '2015-01-01', '2015-12-31', 20, 'Active', NULL, '2015-06-10', '01:05:43 AM'),
(133, 5, 71, 1, 1, 124, 23, 380, '2015-01-01', '2015-12-31', 20, 'Active', NULL, '2015-06-10', '01:11:27 AM'),
(134, 5, 71, 1, 1, 125, 23, 380, '2015-01-01', '2015-12-31', 20, 'Active', NULL, '2015-06-10', '01:13:32 AM'),
(135, 5, 71, 1, 1, 126, 23, 380, '2015-01-01', '2015-12-31', 20, 'Active', NULL, '2015-06-10', '01:16:27 AM'),
(136, 5, 71, 1, 1, 127, 23, 380, '2015-01-01', '2015-12-31', 20, 'Active', NULL, '2015-06-10', '01:23:52 AM'),
(137, 5, 71, 1, 1, 128, 23, 380, '2015-01-01', '2015-12-31', 20, 'Active', NULL, '2015-06-10', '01:28:21 AM'),
(138, 5, 71, 1, 1, 129, 23, 310, '2015-01-01', '2015-12-31', 20, 'Active', NULL, '2015-06-10', '01:31:30 AM'),
(139, 5, 71, 1, 1, 130, 23, 380, '2015-01-01', '2015-12-31', 20, 'Active', NULL, '2015-06-10', '01:35:06 AM'),
(140, 5, 71, 1, 1, 132, 23, 380, '2015-01-01', '2015-12-31', 20, 'Active', NULL, '2015-06-10', '01:47:47 AM'),
(141, 5, 71, 1, 1, 133, 23, 380, '2015-01-01', '2015-12-31', 20, 'Active', NULL, '2015-06-10', '02:08:26 AM'),
(142, 5, 71, 1, 1, 134, 23, 380, '2015-01-01', '2015-12-31', 20, 'Active', NULL, '2015-06-10', '02:15:24 AM'),
(143, 5, 71, 1, 1, 135, 23, 380, '2015-01-01', '2015-12-31', 20, 'Active', NULL, '2015-06-10', '02:18:36 AM'),
(144, 5, 71, 1, 1, 136, 23, 380, '2015-01-01', '2015-12-31', 20, 'Active', NULL, '2015-06-10', '02:28:39 AM'),
(145, 5, 71, 1, 1, 137, 23, 380, '2015-01-01', '2015-12-31', 20, 'Active', NULL, '2015-06-10', '02:31:53 AM'),
(146, 5, 71, 1, 1, 138, 23, 380, '2015-01-01', '2015-12-31', 20, 'Active', NULL, '2015-06-10', '02:36:32 AM'),
(147, 5, 71, 1, 1, 139, 23, 380, '2015-01-01', '2015-12-31', 20, 'Active', NULL, '2015-06-10', '02:40:59 AM'),
(148, 5, 71, 1, 1, 140, 23, 380, '2015-01-01', '2015-12-31', 20, 'Active', NULL, '2015-06-10', '02:45:58 AM'),
(149, 5, 71, 1, 1, 141, 23, 380, '2015-01-01', '2015-12-31', 20, 'Active', NULL, '2015-06-10', '03:30:21 AM'),
(150, 5, 71, 1, 1, 143, 23, 380, '2015-01-01', '2015-12-31', 20, 'Active', NULL, '2015-06-10', '03:41:07 AM'),
(151, 5, 71, 1, 1, 144, 23, 380, '2015-01-01', '2015-12-31', 20, 'Active', NULL, '2015-06-10', '03:44:21 AM'),
(152, 5, 71, 1, 1, 145, 23, 380, '2015-01-01', '2015-12-31', 20, 'Active', NULL, '2015-06-10', '03:48:31 AM'),
(153, 5, 71, 1, 1, 146, 23, 380, '2015-01-01', '2015-12-31', 20, 'Active', NULL, '2015-06-10', '03:50:31 AM'),
(154, 5, 71, 1, 1, 147, 23, 380, '2015-01-01', '2015-12-31', 20, 'Active', NULL, '2015-06-10', '04:54:27 AM'),
(155, 5, 71, 1, 1, 148, 23, 380, '2015-01-01', '2015-12-31', 20, 'Active', NULL, '2015-06-10', '04:58:23 AM'),
(156, 5, 71, 1, 1, 149, 23, 380, '2015-01-01', '2015-12-31', 20, 'Active', NULL, '2015-06-10', '05:10:55 AM'),
(157, 5, 71, 1, 1, 150, 23, 380, '2015-01-01', '2015-12-31', 20, 'Active', NULL, '2015-06-10', '05:15:08 AM'),
(158, 5, 71, 1, 1, 151, 23, 380, '2015-01-01', '2015-12-31', 20, 'Active', NULL, '2015-06-10', '05:18:31 AM'),
(159, 5, 71, 1, 1, 152, 23, 380, '2015-01-01', '2015-12-31', 20, 'Active', NULL, '2015-06-10', '05:22:16 AM'),
(160, 5, 71, 1, 1, 153, 23, 380, '2015-01-01', '2015-12-31', 20, 'Active', NULL, '2015-06-10', '05:35:43 AM'),
(161, 5, 71, 1, 1, 154, 23, 310, '2015-01-01', '2015-12-31', 20, 'Active', NULL, '2015-06-10', '06:37:08 AM'),
(162, 5, 71, 1, 1, 155, 23, 310, '2015-01-01', '2015-12-31', 20, 'Active', NULL, '2015-06-10', '06:45:40 AM'),
(163, 5, 71, 1, 1, 156, 23, 380, '2015-01-01', '2015-12-31', 20, 'Active', NULL, '2015-06-10', '06:49:47 AM'),
(164, 5, 71, 1, 1, 157, 23, 380, '2015-01-01', '2015-12-31', 20, 'Active', NULL, '2015-06-10', '07:08:19 AM'),
(165, 5, 71, 1, 1, 158, 23, 380, '2015-01-01', '2015-12-31', 20, 'Active', NULL, '2015-06-10', '10:38:49 AM'),
(166, 5, 71, 1, 1, 159, 23, 380, '2015-01-01', '2015-12-31', 20, 'Active', NULL, '2015-06-10', '10:42:33 AM'),
(167, 5, 71, 1, 1, 160, 23, 380, '2015-01-01', '2015-12-31', 20, 'Active', NULL, '2015-06-10', '10:48:59 AM'),
(168, 5, 71, 1, 1, 161, 23, 380, '2015-01-01', '2015-12-31', 20, 'Active', NULL, '2015-06-10', '10:51:32 AM'),
(169, 5, 71, 1, 1, 162, 23, 380, '2015-01-01', '2015-12-31', 20, 'Active', NULL, '2015-06-10', '10:54:26 AM'),
(170, 5, 71, 1, 1, 163, 23, 380, '2015-01-01', '2015-12-31', 20, 'Active', NULL, '2015-06-10', '10:56:47 AM'),
(171, 5, 71, 1, 1, 164, 23, 380, '2015-01-01', '2015-12-31', 20, 'Active', NULL, '2015-06-10', '10:59:22 AM'),
(172, 5, 71, 1, 1, 165, 23, 380, '2015-01-01', '2015-12-31', 20, 'Active', NULL, '2015-06-10', '11:06:13 AM'),
(173, 5, 71, 1, 1, 166, 23, 380, '2015-01-01', '2015-12-31', 20, 'Active', NULL, '2015-06-10', '11:09:38 AM'),
(174, 5, 71, 1, 1, 167, 23, 310, '2015-01-01', '2015-12-31', 20, 'Active', NULL, '2015-06-10', '11:30:29 AM'),
(175, 5, 71, 1, 1, 168, 23, 380, '2015-01-01', '2015-12-31', 20, 'Active', NULL, '2015-06-10', '11:36:05 AM'),
(176, 5, 71, 1, 1, 169, 23, 380, '2015-01-01', '2015-12-31', 20, 'Active', NULL, '2015-06-10', '11:43:57 AM'),
(177, 5, 71, 1, 1, 170, 23, 380, '2015-01-01', '2015-12-31', 20, 'Active', NULL, '2015-06-10', '11:47:34 AM'),
(178, 5, 71, 1, 1, 171, 23, 310, '2015-01-01', '2015-12-31', 20, 'Active', NULL, '2015-06-10', '23:56:58 PM'),
(179, 5, 71, 1, 1, 172, 23, 380, '2015-01-01', '2015-12-31', 20, 'Active', NULL, '2015-06-11', '00:05:24 AM'),
(180, 5, 71, 1, 1, 173, 23, 310, '2015-01-01', '2015-12-31', 20, 'Active', NULL, '2015-06-11', '00:08:29 AM'),
(181, 5, 71, 1, 1, 175, 23, 380, '2015-01-01', '2015-12-31', 20, 'Active', NULL, '2015-06-11', '00:14:16 AM'),
(182, 5, 71, 1, 1, 176, 23, 380, '2015-01-01', '2015-12-31', 20, 'Active', NULL, '2015-06-11', '00:17:24 AM'),
(183, 5, 71, 1, 1, 174, 31, 210, '2015-01-01', '2015-12-31', 20, 'Active', NULL, '2015-06-11', '00:29:25 AM'),
(184, 5, 71, 1, 1, 177, 23, 380, '2015-01-01', '2015-12-31', 20, 'Active', NULL, '2015-06-11', '00:34:17 AM'),
(185, 5, 71, 1, 1, 178, 23, 380, '2015-01-01', '2015-12-31', 20, 'Active', NULL, '2015-06-11', '00:37:42 AM'),
(186, 5, 71, 1, 1, 179, 23, 380, '2015-01-01', '2015-12-31', 20, 'Active', NULL, '2015-06-11', '00:41:24 AM'),
(187, 5, 71, 1, 1, 180, 23, 380, '2015-01-01', '2015-12-31', 20, 'Active', NULL, '2015-06-11', '00:46:29 AM'),
(188, 5, 71, 1, 1, 181, 23, 380, '2015-01-01', '2015-12-31', 20, 'Active', NULL, '2015-06-11', '00:51:07 AM'),
(189, 5, 71, 1, 1, 182, 23, 380, '2015-01-01', '2015-12-31', 20, 'Active', NULL, '2015-06-11', '00:54:08 AM'),
(190, 5, 71, 1, 1, 183, 23, 380, '2015-01-01', '2015-12-31', 20, 'Active', NULL, '2015-06-11', '00:57:57 AM'),
(191, 5, 71, 1, 1, 184, 23, 380, '2015-01-01', '2015-12-31', 20, 'Active', NULL, '2015-06-11', '01:01:34 AM'),
(192, 5, 71, 1, 1, 185, 23, 380, '2015-01-01', '2015-12-31', 20, 'Active', NULL, '2015-06-11', '01:07:34 AM'),
(193, 5, 71, 1, 1, 186, 23, 380, '2015-01-01', '2015-12-31', 20, 'Active', NULL, '2015-06-11', '01:12:10 AM'),
(194, 5, 71, 1, 1, 187, 23, 380, '2015-01-01', '2015-12-31', 20, 'Active', NULL, '2015-06-11', '01:15:22 AM'),
(195, 5, 71, 1, 1, 188, 23, 380, '2015-01-01', '2015-12-31', 20, 'Active', NULL, '2015-06-11', '01:46:18 AM'),
(196, 5, 71, 1, 1, 189, 23, 380, '2015-01-01', '2015-12-31', 20, 'Active', NULL, '2015-06-11', '01:48:28 AM'),
(197, 5, 71, 1, 1, 190, 23, 380, '2015-01-01', '2015-12-31', 20, 'Active', NULL, '2015-06-11', '01:55:49 AM'),
(198, 5, 71, 1, 1, 191, 23, 380, '2015-01-01', '2015-12-31', 20, 'Active', NULL, '2015-06-11', '01:59:21 AM'),
(199, 5, 71, 1, 1, 192, 23, 380, '2015-01-01', '2015-12-31', 20, 'Active', NULL, '2015-06-11', '02:02:35 AM'),
(200, 5, 71, 1, 1, 193, 23, 181, '2015-01-01', '2015-12-31', 20, 'Active', NULL, '2015-06-11', '02:05:19 AM'),
(201, 5, 71, 1, 1, 194, 23, 380, '2015-01-01', '2015-12-31', 20, 'Active', NULL, '2015-06-11', '02:10:25 AM'),
(202, 5, 71, 1, 1, 195, 23, 380, '2015-01-01', '2015-12-31', 20, 'Active', NULL, '2015-06-11', '02:13:53 AM'),
(203, 5, 71, 1, 1, 196, 23, 380, '2015-01-01', '2015-12-31', 20, 'Active', NULL, '2015-06-11', '02:16:43 AM'),
(204, 5, 71, 1, 1, 197, 23, 380, '2015-01-01', '2015-12-31', 20, 'Active', NULL, '2015-06-11', '02:39:47 AM'),
(205, 5, 71, 1, 1, 198, 23, 380, '2015-01-01', '2015-12-31', 20, 'Active', NULL, '2015-06-11', '03:15:40 AM'),
(206, 5, 71, 1, 1, 199, 23, 380, '2015-01-01', '2015-12-31', 20, 'Active', NULL, '2015-06-11', '03:18:33 AM'),
(207, 5, 71, 1, 1, 200, 23, 380, '2015-01-01', '2015-12-31', 20, 'Active', NULL, '2015-06-11', '03:24:43 AM'),
(208, 5, 71, 1, 1, 201, 23, 380, '2015-01-01', '2015-12-31', 20, 'Active', NULL, '2015-06-11', '04:20:33 AM'),
(209, 5, 71, 1, 1, 202, 23, 380, '2015-01-01', '2015-12-31', 20, 'Active', NULL, '2015-06-11', '04:26:36 AM'),
(210, 5, 71, 1, 1, 203, 23, 380, '2015-01-01', '2015-12-31', 20, 'Active', NULL, '2015-06-11', '04:29:31 AM'),
(211, 5, 71, 1, 1, 204, 23, 380, '2015-01-01', '2015-12-31', 20, 'Active', NULL, '2015-06-11', '04:33:37 AM'),
(212, 5, 71, 1, 1, 205, 23, 380, '2015-01-01', '2015-12-31', 20, 'Active', NULL, '2015-06-11', '04:37:32 AM'),
(213, 5, 71, 1, 1, 206, 23, 380, '2015-01-01', '2015-12-31', 20, 'Active', NULL, '2015-06-11', '04:40:32 AM'),
(214, 5, 71, 1, 1, 207, 23, 380, '2015-01-01', '2015-12-31', 20, 'Active', NULL, '2015-06-11', '04:42:54 AM'),
(215, 5, 71, 1, 1, 208, 23, 380, '2015-01-01', '2015-12-31', 20, 'Active', NULL, '2015-06-11', '04:51:46 AM'),
(216, 5, 71, 1, 1, 209, 23, 380, '2015-01-01', '2015-12-31', 20, 'Active', NULL, '2015-06-11', '04:54:16 AM'),
(217, 5, 71, 1, 1, 210, 23, 380, '2015-01-01', '2015-12-31', 20, 'Active', NULL, '2015-06-11', '04:57:04 AM'),
(218, 5, 71, 1, 1, 211, 23, 380, '2015-01-01', '2015-12-31', 20, 'Active', NULL, '2015-06-11', '05:00:37 AM'),
(219, 5, 71, 1, 1, 212, 23, 380, '2015-01-01', '2015-12-31', 20, 'Active', NULL, '2015-06-14', '05:53:14 AM'),
(220, 5, 71, 1, 1, 213, 23, 380, '2015-01-01', '2015-12-31', 20, 'Active', NULL, '2015-06-14', '06:00:03 AM'),
(221, 5, 71, 1, 1, 214, 23, 380, '2015-01-01', '2015-12-31', 20, 'Active', NULL, '2015-06-14', '06:04:01 AM'),
(222, 5, 71, 1, 1, 216, 23, 380, '2015-01-01', '2015-12-31', 20, 'Active', NULL, '2015-06-15', '01:06:35 AM'),
(223, 5, 71, 1, 1, 217, 23, 380, '2015-01-01', '2015-12-31', 20, 'Active', NULL, '2015-06-15', '01:14:27 AM'),
(224, 5, 71, 1, 1, 218, 23, 380, '2015-01-01', '2015-12-31', 20, 'Active', NULL, '2015-06-15', '01:18:00 AM'),
(225, 5, 71, 1, 1, 219, 23, 380, '2015-01-01', '2015-12-01', 20, 'Active', NULL, '2015-06-15', '01:25:16 AM'),
(226, 5, 71, 1, 1, 220, 23, 380, '2015-01-01', '2015-12-31', 20, 'Active', NULL, '2015-06-15', '01:28:28 AM'),
(227, 5, 71, 1, 1, 221, 23, 380, '2015-01-01', '2015-12-31', 20, 'Active', NULL, '2015-06-15', '01:47:41 AM'),
(228, 5, 71, 1, 1, 222, 23, 380, '2015-01-01', '2015-12-31', 20, 'Active', NULL, '2015-06-15', '01:55:23 AM'),
(229, 5, 71, 1, 1, 223, 23, 380, '2015-01-01', '2015-12-31', 20, 'Active', NULL, '2015-06-15', '02:14:27 AM'),
(230, 5, 71, 1, 1, 224, 23, 310, '2015-01-01', '2015-12-31', 20, 'Active', NULL, '2015-06-15', '02:19:27 AM'),
(231, 5, 71, 1, 1, 225, 23, 310, '2015-01-01', '2015-12-31', 20, 'Active', NULL, '2015-06-15', '02:33:20 AM'),
(232, 5, 71, 1, 1, 226, 23, 380, '2015-01-01', '2015-12-31', 20, 'Active', NULL, '2015-06-15', '02:51:44 AM'),
(233, 5, 71, 1, 1, 227, 23, 380, '2015-01-01', '2015-12-31', 20, 'Active', NULL, '2015-06-15', '02:58:05 AM'),
(234, 5, 71, 1, 1, 228, 23, 380, '2015-01-01', '2015-12-31', 20, 'Active', NULL, '2015-06-15', '06:32:08 AM'),
(235, 5, 71, 1, 1, 229, 23, 380, '2015-01-01', '2015-12-31', 20, 'Active', NULL, '2015-06-15', '06:35:06 AM'),
(236, 5, 71, 1, 1, 230, 23, 380, '2015-01-01', '2015-12-31', 20, 'Active', NULL, '2015-06-15', '06:37:56 AM'),
(237, 5, 71, 1, 1, 231, 23, 380, '2015-01-01', '2015-12-31', 20, 'Active', NULL, '2015-06-15', '06:43:06 AM'),
(238, 5, 71, 1, 1, 232, 23, 380, '2015-01-01', '2015-12-31', 20, 'Active', NULL, '2015-06-15', '06:57:16 AM'),
(239, 5, 71, 1, 1, 233, 23, 380, '2015-01-01', '2015-12-31', 20, 'Active', NULL, '2015-06-16', '02:57:41 AM'),
(240, 5, 71, 1, 1, 234, 23, 380, '2015-01-01', '2015-12-31', 20, 'Active', NULL, '2015-06-16', '03:00:05 AM'),
(241, 5, 71, 1, 1, 235, 23, 380, '2015-01-01', '2015-12-31', 20, 'Active', NULL, '2015-06-16', '03:02:48 AM'),
(242, 5, 71, 1, 1, 236, 23, 380, '2015-01-01', '2015-12-31', 20, 'Active', NULL, '2015-06-16', '04:33:54 AM'),
(243, 5, 71, 1, 1, 238, 23, 310, '2015-01-01', '2015-12-31', 20, 'Active', NULL, '2015-06-16', '05:03:05 AM'),
(244, 5, 71, 1, 1, 239, 23, 380, '2015-01-01', '2015-12-31', 20, 'Active', NULL, '2015-06-16', '05:06:49 AM'),
(245, 5, 71, 1, 1, 240, 23, 380, '2015-01-01', '2015-12-31', 20, 'Active', NULL, '2015-06-16', '05:10:44 AM'),
(246, 5, 71, 1, 1, 241, 23, 380, '2015-01-01', '2015-12-31', 20, 'Active', NULL, '2015-06-16', '05:19:53 AM'),
(247, 5, 71, 1, 1, 242, 23, 380, '2015-01-01', '2015-12-31', 20, 'Active', NULL, '2015-06-16', '05:22:58 AM'),
(248, 5, 71, 1, 1, 243, 23, 380, '2015-01-01', '2015-12-31', 20, 'Active', NULL, '2015-06-16', '05:31:41 AM'),
(249, 5, 71, 1, 1, 244, 23, 380, '2015-01-01', '2015-12-31', 20, 'Active', NULL, '2015-06-16', '05:34:47 AM'),
(250, 5, 71, 1, 1, 245, 23, 380, '2015-01-01', '2015-12-31', 20, 'Active', NULL, '2015-06-16', '05:37:47 AM'),
(251, 5, 71, 1, 1, 246, 23, 380, '2015-01-01', '2015-12-31', 20, 'Active', NULL, '2015-06-16', '05:42:39 AM'),
(252, 5, 71, 1, 1, 247, 23, 380, '2015-01-01', '2015-12-31', 20, 'Active', NULL, '2015-06-16', '05:50:05 AM'),
(253, 5, 71, 1, 1, 248, 23, 380, '2015-01-01', '2015-12-31', 20, 'Active', NULL, '2015-06-16', '05:58:24 AM'),
(254, 5, 71, 1, 1, 249, 23, 380, '2015-01-01', '2015-12-31', 20, 'Active', NULL, '2015-06-16', '06:01:52 AM'),
(255, 5, 71, 1, 1, 250, 23, 380, '2015-01-01', '2015-12-31', 20, 'Active', NULL, '2015-06-16', '06:05:20 AM'),
(256, 5, 71, 1, 1, 251, 23, 380, '2015-01-01', '2015-12-31', 20, 'Active', NULL, '2015-06-16', '06:07:37 AM'),
(257, 5, 71, 1, 1, 252, 31, 210, '2015-01-01', '2015-12-31', 20, 'Active', NULL, '2015-06-16', '06:10:25 AM'),
(258, 5, 71, 1, 1, 253, 23, 380, '2015-01-01', '2015-12-31', 20, 'Active', NULL, '2015-06-16', '06:13:48 AM'),
(259, 5, 71, 1, 1, 254, 23, 380, '2015-01-01', '2015-12-31', 20, 'Active', NULL, '2015-06-16', '06:38:27 AM'),
(260, 5, 71, 1, 1, 255, 23, 380, '2015-01-01', '2015-12-31', 20, 'Active', NULL, '2015-06-16', '06:42:14 AM'),
(261, 5, 71, 1, 1, 256, 23, 380, '2015-01-01', '2015-12-31', 20, 'Active', NULL, '2015-06-16', '06:48:00 AM'),
(262, 5, 71, 1, 1, 257, 23, 380, '2015-01-01', '2015-12-31', 20, 'Active', NULL, '2015-06-16', '07:06:03 AM'),
(263, 5, 71, 1, 1, 258, 23, 380, '2015-01-01', '2015-12-31', 20, 'Active', NULL, '2015-06-16', '07:11:19 AM'),
(264, 5, 71, 1, 1, 259, 23, 310, '2015-01-01', '2015-12-31', 20, 'Active', NULL, '2015-06-16', '07:17:57 AM'),
(265, 5, 71, 1, 1, 260, 23, 310, '2015-01-01', '2015-12-31', 20, 'Active', NULL, '2015-06-16', '07:21:16 AM'),
(266, 5, 71, 1, 1, 261, 23, 380, '2015-01-01', '2015-12-31', 20, 'Active', NULL, '2015-06-16', '07:36:46 AM'),
(267, 5, 71, 1, 1, 262, 23, 380, '2015-01-01', '2015-12-31', 20, 'Active', NULL, '2015-06-16', '07:39:00 AM'),
(268, 5, 71, 1, 1, 263, 23, 380, '2015-01-01', '2015-12-31', 20, 'Active', NULL, '2015-06-17', '04:54:43 AM'),
(269, 5, 71, 1, 1, 264, 23, 380, '2015-01-01', '2015-12-31', 20, 'Active', NULL, '2015-06-17', '05:01:35 AM'),
(270, 5, 71, 1, 1, 265, 23, 380, '2015-01-01', '2015-12-31', 20, 'Active', NULL, '2015-06-17', '05:05:05 AM'),
(271, 5, 71, 1, 1, 266, 23, 380, '2015-01-01', '2015-12-31', 20, 'Active', NULL, '2015-06-17', '05:15:39 AM'),
(272, 5, 71, 1, 1, 267, 31, 210, '2015-01-01', '2015-12-31', 20, 'Active', NULL, '2015-06-17', '05:33:41 AM'),
(273, 5, 71, 1, 1, 268, 23, 310, '2015-01-01', '2015-12-31', 20, 'Active', NULL, '2015-06-17', '06:10:48 AM'),
(274, 5, 71, 1, 1, 269, 23, 380, '2015-01-01', '2015-12-31', 20, 'Active', NULL, '2015-06-18', '04:47:46 AM'),
(275, 5, 71, 1, 1, 270, 23, 380, '2015-01-01', '2015-12-31', 20, 'Active', NULL, '2015-06-18', '04:50:53 AM'),
(276, 5, 71, 1, 1, 271, 23, 380, '2015-01-01', '2015-12-31', 20, 'Active', NULL, '2015-06-18', '04:54:29 AM'),
(277, 5, 71, 1, 1, 272, 23, 380, '2015-01-01', '2015-12-31', 20, 'Active', NULL, '2015-06-18', '04:57:11 AM'),
(278, 5, 71, 1, 1, 273, 23, 380, '2015-01-01', '2015-12-31', 20, 'Active', NULL, '2015-06-18', '05:14:40 AM'),
(279, 5, 71, 1, 1, 274, 23, 380, '2015-01-01', '2015-12-31', 20, 'Active', NULL, '2015-06-18', '05:21:18 AM'),
(280, 5, 71, 1, 1, 275, 23, 380, '2015-01-01', '2015-12-31', 20, 'Active', NULL, '2015-06-18', '05:31:58 AM'),
(281, 5, 71, 1, 1, 276, 23, 380, '2015-01-01', '2014-12-31', 20, 'Active', NULL, '2015-06-18', '05:36:19 AM'),
(282, 5, 71, 1, 1, 277, 23, 380, '2015-01-01', '2015-12-31', 20, 'Active', NULL, '2015-06-18', '05:40:01 AM'),
(283, 5, 71, 1, 1, 278, 23, 380, '2015-01-01', '2015-12-31', 20, 'Active', NULL, '2015-06-18', '05:42:21 AM'),
(284, 5, 71, 1, 1, 279, 23, 380, '2015-01-01', '2015-12-31', 20, 'Active', NULL, '2015-06-18', '05:44:50 AM'),
(285, 5, 71, 1, 1, 280, 23, 380, '2015-01-01', '2015-12-31', 20, 'Active', NULL, '2015-06-18', '05:47:34 AM'),
(286, 5, 71, 1, 1, 281, 23, 380, '2015-01-01', '2015-12-31', 20, 'Active', NULL, '2015-06-18', '05:53:26 AM'),
(287, 5, 71, 1, 1, 282, 23, 380, '2015-01-01', '2015-12-31', 20, 'Active', NULL, '2015-06-18', '05:56:22 AM'),
(288, 5, 71, 1, 1, 283, 23, 380, '2015-01-01', '2015-12-31', 20, 'Active', NULL, '2015-06-18', '05:58:40 AM'),
(289, 5, 71, 1, 1, 284, 23, 380, '2015-01-01', '2015-12-31', 20, 'Active', NULL, '2015-06-18', '06:02:18 AM'),
(290, 5, 71, 1, 1, 285, 23, 380, '2015-01-01', '2015-12-31', 20, 'Active', NULL, '2015-06-18', '06:05:15 AM'),
(291, 5, 71, 1, 1, 286, 23, 380, '2015-01-01', '2015-12-31', 20, 'Active', NULL, '2015-06-18', '06:08:08 AM'),
(292, 5, 71, 1, 1, 287, 23, 380, '2015-01-01', '2015-12-31', 20, 'Active', NULL, '2015-06-18', '06:10:45 AM'),
(293, 5, 71, 1, 1, 288, 23, 380, '2015-01-01', '2015-12-31', 20, 'Active', NULL, '2015-06-18', '06:23:42 AM'),
(294, 5, 71, 1, 1, 289, 23, 380, '2015-01-01', '2015-12-31', 20, 'Active', NULL, '2015-06-18', '06:30:02 AM'),
(295, 5, 71, 1, 1, 290, 23, 310, '2015-01-01', '2015-12-31', 20, 'Active', NULL, '2015-06-19', '05:02:40 AM'),
(296, 5, 71, 1, 1, 291, 23, 380, '2015-01-01', '2015-12-31', 20, 'Active', NULL, '2015-06-19', '05:08:21 AM'),
(297, 5, 71, 1, 1, 292, 23, 310, '2015-01-01', '2015-12-31', 20, 'Active', NULL, '2015-06-19', '05:13:38 AM'),
(298, 5, 71, 1, 1, 293, 23, 310, '2015-01-01', '2015-12-31', 20, 'Active', NULL, '2015-06-19', '05:19:30 AM'),
(299, 5, 71, 1, 1, 294, 23, 380, '2015-01-01', '2015-12-31', 20, 'Active', NULL, '2015-06-19', '05:32:08 AM'),
(300, 5, 71, 1, 1, 295, 23, 380, '2015-01-01', '2015-12-31', 20, 'Active', NULL, '2015-06-19', '05:38:09 AM'),
(301, 5, 71, 1, 1, 296, 23, 380, '2015-01-01', '2015-12-31', 20, 'Active', NULL, '2015-06-19', '05:42:23 AM'),
(302, 5, 71, 1, 1, 297, 23, 380, '2015-01-01', '2015-12-31', 20, 'Active', NULL, '2015-06-19', '05:45:18 AM'),
(303, 5, 71, 1, 1, 298, 23, 310, '2015-01-01', '2015-12-31', 20, 'Active', NULL, '2015-06-19', '05:53:51 AM'),
(304, 5, 71, 1, 1, 299, 23, 380, '2015-01-01', '2015-12-31', 20, 'Active', NULL, '2015-06-19', '06:02:20 AM'),
(305, 5, 71, 1, 1, 300, 23, 380, '2015-01-01', '2015-12-31', 20, 'Active', NULL, '2015-06-19', '06:08:25 AM'),
(306, 5, 71, 1, 1, 301, 23, 380, '2015-01-01', '2015-12-31', 20, 'Active', NULL, '2015-06-19', '06:15:21 AM'),
(307, 5, 71, 1, 1, 304, 23, 380, '2015-01-01', '2015-12-31', 20, 'Active', NULL, '2015-06-19', '06:37:41 AM'),
(308, 5, 71, 1, 1, 305, 23, 380, '2015-01-01', '2015-12-31', 20, 'Active', NULL, '2015-06-19', '06:41:02 AM'),
(309, 5, 71, 1, 1, 306, 23, 380, '2015-01-01', '2015-12-31', 20, 'Active', NULL, '2015-06-20', '00:42:09 AM'),
(310, 5, 71, 1, 1, 307, 23, 380, '2015-01-01', '2015-12-31', 20, 'Active', NULL, '2015-06-20', '00:45:41 AM'),
(311, 5, 71, 1, 1, 308, 23, 380, '2015-01-01', '2015-12-31', 20, 'Active', NULL, '2015-06-20', '00:50:42 AM'),
(312, 5, 71, 1, 1, 309, 23, 380, '2015-01-01', '2015-12-31', 20, 'Active', NULL, '2015-06-20', '00:56:39 AM'),
(313, 5, 71, 1, 1, 310, 23, 380, '2015-01-01', '2015-12-31', 20, 'Active', NULL, '2015-06-20', '00:58:57 AM'),
(314, 5, 71, 1, 1, 311, 23, 380, '2015-01-01', '2015-12-31', 20, 'Active', NULL, '2015-06-20', '01:02:13 AM'),
(315, 5, 71, 1, 1, 312, 23, 380, '2015-01-01', '2015-12-31', 20, 'Active', NULL, '2015-06-20', '01:05:26 AM'),
(316, 5, 71, 1, 1, 313, 23, 310, '2015-01-01', '2015-12-31', 20, 'Active', NULL, '2015-06-20', '01:19:27 AM'),
(317, 5, 71, 1, 1, 314, 23, 380, '2015-01-01', '2015-12-31', 20, 'Active', NULL, '2015-06-20', '01:21:38 AM'),
(318, 5, 71, 1, 1, 315, 23, 380, '2015-01-01', '2015-12-31', 20, 'Active', NULL, '2015-06-20', '01:24:14 AM'),
(319, 5, 71, 1, 1, 316, 23, 380, '2015-01-01', '2015-12-31', 20, 'Active', NULL, '2015-06-20', '01:27:28 AM'),
(320, 5, 71, 1, 1, 317, 23, 380, '2015-01-01', '2015-12-31', 20, 'Active', NULL, '2015-06-20', '01:29:56 AM'),
(321, 5, 71, 1, 1, 318, 23, 380, '2015-01-01', '2015-12-31', 20, 'Active', NULL, '2015-06-20', '01:32:49 AM'),
(322, 5, 71, 1, 1, 319, 23, 380, '2015-01-01', '2015-12-31', 20, 'Active', NULL, '2015-06-20', '01:35:21 AM'),
(323, 5, 71, 1, 1, 320, 23, 380, '2015-01-01', '2015-12-31', 20, 'Active', NULL, '2015-06-20', '01:43:01 AM'),
(324, 5, 71, 1, 1, 321, 23, 380, '2015-01-01', '2015-12-31', 20, 'Active', NULL, '2015-06-20', '01:45:09 AM'),
(325, 5, 71, 1, 1, 322, 23, 380, '2015-01-01', '2015-12-31', 20, 'Active', NULL, '2015-06-20', '01:47:29 AM'),
(326, 5, 71, 1, 1, 323, 23, 310, '2015-01-01', '2015-12-31', 20, 'Active', NULL, '2015-06-20', '01:54:11 AM'),
(327, 5, 71, 1, 1, 324, 23, 380, '2015-01-01', '2015-12-31', 20, 'Active', NULL, '2015-06-20', '01:56:56 AM'),
(328, 5, 71, 1, 1, 325, 23, 380, '2015-01-01', '2015-12-31', 20, 'Active', NULL, '2015-06-20', '01:59:46 AM'),
(329, 5, 71, 1, 1, 326, 23, 380, '2015-01-01', '2015-12-31', 20, 'Active', NULL, '2015-06-20', '02:03:36 AM'),
(330, 5, 71, 1, 1, 327, 23, 380, '2015-01-01', '2015-12-31', 20, 'Active', NULL, '2015-06-20', '02:07:26 AM'),
(331, 5, 71, 1, 1, 328, 23, 380, '2015-01-01', '2015-12-31', 20, 'Active', NULL, '2015-06-20', '02:20:57 AM'),
(332, 5, 71, 1, 1, 329, 23, 380, '2015-01-01', '2015-12-31', 20, 'Active', NULL, '2015-06-20', '02:23:59 AM'),
(333, 5, 71, 1, 1, 330, 23, 380, '2015-01-01', '2015-12-31', 20, 'Active', NULL, '2015-06-20', '02:34:30 AM'),
(334, 5, 71, 1, 1, 331, 23, 380, '2015-01-01', '2015-12-31', 20, 'Active', NULL, '2015-06-20', '02:49:05 AM'),
(335, 5, 71, 1, 1, 332, 23, 380, '2015-01-01', '2015-12-31', 20, 'Active', NULL, '2015-06-20', '02:56:12 AM'),
(336, 5, 71, 1, 1, 333, 23, 380, '2015-01-01', '2015-12-31', 20, 'Active', NULL, '2015-06-20', '02:58:37 AM'),
(337, 5, 71, 1, 1, 334, 23, 380, '2015-01-01', '2015-12-31', 20, 'Active', NULL, '2015-06-20', '04:52:52 AM'),
(338, 5, 71, 1, 1, 335, 23, 380, '2015-01-01', '2015-12-31', 20, 'Active', NULL, '2015-06-20', '04:54:57 AM'),
(339, 5, 71, 1, 1, 336, 23, 380, '2015-01-01', '2015-12-31', 20, 'Active', NULL, '2015-06-20', '04:57:28 AM'),
(340, 5, 71, 1, 1, 337, 23, 380, '2015-01-01', '2015-12-31', 20, 'Active', NULL, '2015-06-20', '05:10:27 AM'),
(341, 5, 71, 1, 1, 338, 23, 380, '2015-01-01', '2015-12-31', 20, 'Active', NULL, '2015-06-20', '05:15:38 AM'),
(342, 5, 71, 1, 1, 339, 23, 380, '2015-01-01', '2015-12-31', 20, 'Active', NULL, '2015-06-20', '05:21:42 AM'),
(343, 5, 71, 1, 1, 340, 23, 380, '2015-01-01', '2015-12-31', 20, 'Active', NULL, '2015-06-20', '23:48:35 PM'),
(344, 5, 71, 1, 1, 341, 23, 380, '2015-01-01', '2015-12-31', 20, 'Active', NULL, '2015-06-20', '23:53:47 PM'),
(345, 5, 71, 1, 1, 342, 23, 310, '2015-01-01', '2015-12-31', 20, 'Active', NULL, '2015-06-21', '00:05:14 AM'),
(346, 5, 71, 1, 1, 343, 31, 210, '2015-01-01', '2015-12-31', 20, 'Active', NULL, '2015-06-21', '00:16:19 AM'),
(347, 5, 71, 1, 1, 344, 23, 380, '2015-01-01', '2015-12-31', 20, 'Active', NULL, '2015-06-21', '00:25:28 AM'),
(348, 5, 71, 1, 1, 345, 23, 310, '2015-01-01', '2015-12-31', 20, 'Active', NULL, '2015-06-21', '00:34:58 AM'),
(349, 5, 71, 1, 1, 346, 23, 380, '2015-01-01', '2015-12-31', 20, 'Active', NULL, '2015-06-21', '00:41:13 AM'),
(350, 5, 71, 1, 1, 347, 23, 380, '2015-01-01', '2015-12-31', 20, 'Active', NULL, '2015-06-21', '00:44:59 AM'),
(351, 5, 71, 1, 1, 348, 23, 380, '2015-01-01', '2015-12-31', 20, 'Active', NULL, '2015-06-21', '01:15:23 AM'),
(352, 5, 71, 1, 1, 349, 23, 380, '2015-01-01', '2015-12-31', 20, 'Active', NULL, '2015-06-21', '01:17:24 AM'),
(353, 5, 71, 1, 1, 350, 23, 380, '2015-01-01', '2015-12-31', 20, 'Active', NULL, '2015-06-21', '01:19:23 AM'),
(354, 5, 71, 1, 1, 352, 23, 380, '2015-01-01', '2015-12-31', 20, 'Active', NULL, '2015-06-21', '01:22:40 AM'),
(355, 5, 71, 1, 1, 353, 23, 380, '2015-01-01', '2015-12-31', 20, 'Active', NULL, '2015-06-21', '01:52:23 AM'),
(356, 5, 71, 1, 1, 354, 23, 380, '2015-01-01', '2015-12-31', 20, 'Active', NULL, '2015-06-21', '01:55:29 AM'),
(357, 5, 71, 1, 1, 355, 23, 380, '2015-01-01', '2015-12-31', 20, 'Active', NULL, '2015-06-21', '02:27:09 AM'),
(358, 5, 71, 1, 1, 356, 23, 380, '2015-01-01', '2015-12-31', 20, 'Active', NULL, '2015-06-21', '02:34:54 AM'),
(359, 5, 71, 1, 1, 357, 23, 380, '2015-01-01', '2015-12-01', 20, 'Active', NULL, '2015-06-21', '02:36:51 AM'),
(360, 5, 71, 1, 1, 358, 23, 380, '2015-01-01', '2015-12-31', 20, 'Active', NULL, '2015-06-21', '02:39:52 AM'),
(361, 5, 71, 1, 1, 359, 23, 380, '2015-01-01', '2015-12-31', 20, 'Active', NULL, '2015-06-21', '02:42:51 AM'),
(362, 5, 71, 1, 1, 360, 23, 380, '2015-01-01', '2015-12-31', 20, 'Active', NULL, '2015-06-21', '02:47:12 AM'),
(363, 5, 71, 1, 1, 361, 23, 380, '2015-01-01', '2015-12-31', 20, 'Active', NULL, '2015-06-21', '02:57:52 AM'),
(364, 5, 71, 1, 1, 362, 23, 380, '2015-01-01', '2015-12-31', 20, 'Active', NULL, '2015-06-21', '03:02:03 AM'),
(365, 5, 71, 1, 1, 363, 23, 380, '2015-01-01', '2015-12-31', 20, 'Active', NULL, '2015-06-21', '03:05:26 AM'),
(366, 5, 71, 1, 1, 364, 23, 380, '2015-01-01', '2015-12-31', 20, 'Active', NULL, '2015-06-21', '03:07:55 AM'),
(367, 5, 71, 1, 1, 365, 23, 380, '2015-01-01', '2015-12-31', 20, 'Active', NULL, '2015-06-21', '03:09:46 AM'),
(368, 5, 71, 1, 1, 366, 23, 310, '2015-01-01', '2015-12-31', 20, 'Active', NULL, '2015-06-21', '03:39:27 AM'),
(369, 5, 71, 1, 1, 367, 23, 380, '2015-01-01', '2015-12-31', 20, 'Active', NULL, '2015-06-21', '03:57:16 AM'),
(370, 5, 71, 1, 1, 368, 23, 380, '2015-01-01', '2015-12-31', 20, 'Active', NULL, '2015-06-21', '05:01:04 AM'),
(371, 5, 71, 1, 1, 369, 23, 380, '2015-01-01', '2015-12-31', 20, 'Active', NULL, '2015-06-21', '05:03:21 AM'),
(372, 5, 71, 1, 1, 370, 23, 380, '2015-01-01', '2015-12-31', 20, 'Active', NULL, '2015-06-21', '05:05:29 AM'),
(373, 5, 71, 1, 1, 371, 23, 380, '2015-01-01', '2015-12-31', 20, 'Active', NULL, '2015-06-21', '05:07:30 AM'),
(374, 5, 71, 1, 1, 372, 23, 380, '2015-01-01', '2015-12-31', 20, 'Active', NULL, '2015-06-21', '05:09:45 AM'),
(375, 5, 71, 1, 1, 373, 23, 380, '2015-01-01', '2015-12-31', 20, 'Active', NULL, '2015-06-21', '05:13:01 AM'),
(376, 5, 71, 1, 1, 374, 23, 380, '2015-01-01', '2015-12-31', 20, 'Active', NULL, '2015-06-21', '05:14:44 AM'),
(377, 5, 71, 1, 1, 375, 23, 380, '2015-01-01', '2015-12-31', 20, 'Active', NULL, '2015-06-21', '05:16:28 AM'),
(378, 5, 71, 1, 1, 376, 23, 380, '2015-01-01', '2015-12-31', 20, 'Active', NULL, '2015-06-21', '05:18:22 AM'),
(379, 5, 71, 1, 1, 377, 23, 380, '2015-01-01', '2015-12-31', 20, 'Active', NULL, '2015-06-21', '05:20:38 AM'),
(380, 5, 71, 1, 1, 378, 23, 310, '2015-01-01', '2015-12-31', 20, 'Active', NULL, '2015-06-21', '05:27:27 AM'),
(381, 5, 71, 1, 1, 379, 23, 380, '2015-01-01', '2015-12-31', 20, 'Active', NULL, '2015-06-21', '05:29:48 AM'),
(382, 5, 71, 1, 1, 380, 23, 380, '2015-01-01', '2015-12-31', 20, 'Active', NULL, '2015-06-21', '05:31:34 AM'),
(383, 5, 71, 1, 1, 381, 23, 380, '2015-01-01', '2015-12-31', 20, 'Active', NULL, '2015-06-23', '00:02:54 AM'),
(384, 5, 71, 1, 1, 382, 23, 380, '2015-01-01', '2015-12-31', 20, 'Active', NULL, '2015-06-23', '00:13:38 AM'),
(385, 5, 71, 1, 1, 383, 23, 380, '2015-01-01', '2015-12-31', 20, 'Active', NULL, '2015-06-23', '00:16:20 AM'),
(386, 5, 71, 1, 1, 384, 23, 380, '2015-01-01', '2015-12-31', 20, 'Active', NULL, '2015-06-23', '00:24:43 AM'),
(387, 5, 71, 1, 1, 385, 23, 380, '2015-01-01', '2015-12-31', 20, 'Active', NULL, '2015-06-23', '00:27:28 AM'),
(388, 5, 71, 1, 1, 386, 23, 380, '2015-01-01', '2015-12-31', 20, 'Active', NULL, '2015-06-23', '00:30:11 AM'),
(389, 5, 71, 1, 1, 387, 23, 380, '2015-01-01', '2015-12-31', 20, 'Active', NULL, '2015-06-23', '00:35:59 AM'),
(390, 5, 71, 1, 1, 388, 23, 380, '2015-01-01', '2015-12-31', 20, 'Active', NULL, '2015-06-23', '00:38:18 AM'),
(391, 5, 71, 1, 1, 389, 23, 380, '2015-01-01', '2015-12-31', 20, 'Active', NULL, '2015-06-23', '00:41:56 AM'),
(392, 5, 71, 1, 1, 390, 23, 380, '2015-01-01', '2015-12-31', 20, 'Active', NULL, '2015-06-23', '00:44:24 AM'),
(393, 5, 71, 1, 1, 391, 23, 380, '2015-01-01', '2015-12-31', 20, 'Active', NULL, '2015-06-23', '00:46:38 AM'),
(394, 5, 71, 1, 1, 392, 23, 380, '2015-01-01', '2015-12-31', 20, 'Active', NULL, '2015-06-23', '00:48:56 AM'),
(395, 5, 71, 1, 1, 393, 23, 380, '2015-01-01', '2015-12-31', 20, 'Active', NULL, '2015-06-23', '00:51:15 AM'),
(396, 5, 71, 1, 1, 394, 23, 380, '2015-01-01', '2015-12-31', 20, 'Active', NULL, '2015-06-23', '01:03:08 AM'),
(397, 5, 71, 1, 1, 395, 23, 380, '2015-01-01', '2015-12-31', 20, 'Active', NULL, '2015-06-23', '01:47:44 AM'),
(398, 5, 71, 1, 1, 396, 23, 380, '2015-01-01', '2015-12-31', 20, 'Active', NULL, '2015-06-23', '01:52:44 AM'),
(399, 5, 71, 1, 1, 397, 23, 380, '2015-01-01', '2015-12-31', 20, 'Active', NULL, '2015-06-23', '02:18:25 AM'),
(400, 5, 71, 1, 1, 398, 23, 380, '2015-01-01', '2015-12-31', 20, 'Active', NULL, '2015-06-23', '02:23:08 AM'),
(401, 5, 71, 1, 1, 399, 23, 380, '2015-01-01', '2015-12-31', 20, 'Active', NULL, '2015-06-23', '02:25:44 AM'),
(402, 5, 71, 1, 1, 400, 23, 310, '2015-01-01', '2015-12-31', 20, 'Active', NULL, '2015-06-23', '03:02:43 AM'),
(403, 5, 71, 1, 1, 402, 23, 380, '2015-01-01', '2015-12-31', 20, 'Active', NULL, '2015-06-23', '03:13:33 AM'),
(404, 5, 71, 1, 1, 403, 23, 380, '2015-01-01', '2015-12-31', 20, 'Active', NULL, '2015-06-23', '03:16:55 AM'),
(405, 5, 71, 1, 1, 404, 23, 380, '2015-01-01', '2015-12-31', 20, 'Active', NULL, '2015-06-23', '03:20:19 AM'),
(406, 5, 71, 1, 1, 405, 23, 380, '2015-01-01', '2015-12-31', 20, 'Active', NULL, '2015-06-23', '03:24:24 AM'),
(407, 5, 71, 1, 1, 406, 23, 380, '2015-01-01', '2015-12-31', 20, 'Active', NULL, '2015-06-23', '03:27:38 AM'),
(408, 5, 71, 1, 1, 407, 23, 380, '2015-01-01', '2015-12-31', 20, 'Active', NULL, '2015-06-23', '04:14:09 AM'),
(409, 5, 71, 1, 1, 408, 23, 380, '2015-01-01', '2015-12-31', 20, 'Active', NULL, '2015-06-23', '04:19:12 AM'),
(410, 5, 71, 1, 1, 409, 23, 380, '2015-01-01', '2015-12-31', 20, 'Active', NULL, '2015-06-23', '04:24:27 AM'),
(411, 5, 71, 1, 1, 410, 23, 380, '2015-01-01', '2015-12-31', 20, 'Active', NULL, '2015-06-23', '04:27:03 AM'),
(412, 5, 71, 1, 1, 411, 23, 380, '2015-01-01', '2015-12-31', 20, 'Active', NULL, '2015-06-23', '04:29:35 AM'),
(413, 5, 71, 1, 1, 412, 23, 380, '2015-01-01', '2015-12-31', 20, 'Active', NULL, '2015-06-23', '04:31:23 AM'),
(414, 5, 71, 1, 1, 413, 23, 380, '2015-01-01', '2015-12-31', 20, 'Active', NULL, '2015-06-23', '04:33:16 AM'),
(415, 5, 71, 1, 1, 414, 23, 380, '2015-01-01', '2015-12-31', 20, 'Active', NULL, '2015-06-23', '05:27:03 AM'),
(416, 5, 71, 1, 1, 415, 23, 380, '2015-01-01', '2015-12-31', 20, 'Active', NULL, '2015-06-23', '05:47:20 AM'),
(417, 5, 71, 1, 1, 416, 23, 380, '2015-01-01', '2015-12-31', 20, 'Active', NULL, '2015-06-23', '05:48:57 AM'),
(418, 5, 71, 1, 1, 417, 23, 380, '2015-01-01', '2015-12-31', 20, 'Active', NULL, '2015-06-23', '05:50:09 AM'),
(419, 5, 71, 1, 1, 418, 23, 380, '2015-01-01', '2015-12-31', 20, 'Active', NULL, '2015-06-23', '05:51:22 AM'),
(420, 5, 71, 1, 1, 419, 23, 380, '2015-01-01', '2015-12-31', 20, 'Active', NULL, '2015-06-23', '05:52:33 AM'),
(421, 5, 71, 1, 1, 420, 23, 380, '2015-01-01', '2015-12-31', 20, 'Active', NULL, '2015-06-23', '05:54:15 AM'),
(422, 5, 71, 1, 1, 421, 23, 380, '2015-01-01', '2015-12-31', 20, 'Active', NULL, '2015-06-23', '06:05:15 AM'),
(423, 5, 71, 1, 1, 422, 23, 380, '2015-01-01', '2015-12-31', 20, 'Active', NULL, '2015-06-23', '06:07:37 AM'),
(424, 5, 71, 1, 1, 423, 23, 380, '2015-01-01', '2015-12-31', 20, 'Active', NULL, '2015-06-23', '06:17:26 AM'),
(425, 5, 71, 1, 1, 424, 23, 380, '2015-01-01', '2015-12-31', 20, 'Active', NULL, '2015-06-23', '06:18:05 AM'),
(426, 5, 71, 1, 1, 425, 23, 380, '2015-01-01', '2015-12-31', 20, 'Active', NULL, '2015-06-23', '06:18:42 AM'),
(427, 5, 71, 1, 1, 426, 23, 380, '2015-01-01', '2015-12-31', 20, 'Active', NULL, '2015-06-23', '06:19:21 AM'),
(428, 5, 71, 1, 1, 427, 23, 380, '2015-01-01', '2015-12-31', 20, 'Active', NULL, '2015-06-23', '06:19:57 AM'),
(429, 5, 71, 1, 1, 428, 23, 380, '2015-01-01', '2015-12-31', 20, 'Active', NULL, '2015-06-23', '06:20:44 AM'),
(430, 5, 71, 1, 1, 429, 23, 380, '2015-01-02', '2015-12-31', 20, 'Active', NULL, '2015-06-23', '06:21:19 AM'),
(431, 5, 71, 1, 1, 430, 23, 380, '2015-01-01', '2015-12-31', 20, 'Active', NULL, '2015-06-23', '06:21:57 AM'),
(432, 5, 71, 1, 1, 431, 23, 380, '2015-01-01', '2015-12-31', 20, 'Active', NULL, '2015-06-23', '06:22:38 AM'),
(433, 5, 71, 1, 1, 432, 23, 380, '2015-01-01', '2015-12-31', 20, 'Active', NULL, '2015-06-23', '23:05:03 PM'),
(434, 5, 71, 1, 1, 433, 23, 380, '2015-01-01', '2015-12-31', 20, 'Active', NULL, '2015-06-23', '23:06:59 PM'),
(435, 5, 71, 1, 1, 434, 23, 380, '2015-01-01', '2015-12-31', 20, 'Active', NULL, '2015-06-23', '23:14:03 PM'),
(436, 5, 71, 1, 1, 435, 23, 380, '2015-01-01', '2015-12-31', 20, 'Active', NULL, '2015-06-23', '23:15:56 PM'),
(437, 5, 71, 1, 1, 436, 23, 380, '2015-01-01', '2015-12-31', 20, 'Active', NULL, '2015-06-23', '23:19:01 PM'),
(438, 5, 71, 1, 1, 437, 23, 380, '2015-01-01', '2015-12-31', 20, 'Active', NULL, '2015-06-24', '00:25:34 AM'),
(439, 5, 71, 1, 1, 438, 23, 310, '2015-01-01', '2015-12-31', 20, 'Active', NULL, '2015-06-24', '00:31:48 AM'),
(440, 5, 71, 1, 1, 439, 23, 380, '2015-01-01', '2015-12-31', 20, 'Active', NULL, '2015-06-24', '01:23:46 AM'),
(441, 5, 71, 1, 1, 440, 23, 380, '2015-01-01', '2015-12-31', 20, 'Active', NULL, '2015-06-24', '01:24:42 AM'),
(442, 5, 71, 1, 1, 442, 23, 380, '2015-01-01', '2015-12-31', 20, 'Active', NULL, '2015-06-24', '01:25:22 AM'),
(443, 5, 71, 1, 1, 443, 23, 380, '2015-01-01', '2015-12-31', 20, 'Active', NULL, '2015-06-24', '01:26:08 AM'),
(444, 5, 71, 1, 1, 444, 23, 380, '2015-01-01', '2015-12-31', 20, 'Active', NULL, '2015-06-24', '01:26:53 AM'),
(445, 5, 71, 1, 1, 445, 23, 380, '2015-01-01', '2014-12-31', 20, 'Active', NULL, '2015-06-24', '01:27:26 AM'),
(446, 5, 71, 1, 1, 446, 23, 380, '2015-01-01', '2015-12-31', 20, 'Active', NULL, '2015-06-24', '01:27:56 AM'),
(447, 5, 71, 1, 1, 447, 23, 380, '2015-01-01', '2015-12-31', 20, 'Active', NULL, '2015-06-24', '01:28:29 AM'),
(448, 5, 71, 1, 1, 448, 23, 380, '2015-01-01', '2015-12-31', 20, 'Active', NULL, '2015-06-24', '01:29:05 AM'),
(449, 5, 71, 1, 1, 449, 23, 310, '2015-01-01', '2015-12-31', 20, 'Active', NULL, '2015-06-24', '01:29:47 AM'),
(450, 5, 71, 1, 1, 450, 23, 380, '2015-01-01', '2015-12-31', 20, 'Active', NULL, '2015-06-24', '01:30:36 AM'),
(451, 5, 71, 1, 1, 451, 23, 380, '2015-01-01', '2015-12-31', 20, 'Active', NULL, '2015-06-24', '01:31:16 AM'),
(452, 5, 71, 1, 1, 452, 23, 380, '2015-01-01', '2015-12-31', 20, 'Active', NULL, '2015-06-24', '01:48:29 AM'),
(453, 5, 71, 1, 1, 453, 23, 380, '2015-01-01', '2015-12-31', 20, 'Active', NULL, '2015-06-24', '01:49:07 AM'),
(454, 5, 71, 1, 1, 454, 23, 380, '2015-01-01', '2015-12-31', 20, 'Active', NULL, '2015-06-24', '01:49:40 AM'),
(455, 5, 71, 1, 1, 455, 23, 380, '2015-01-01', '2015-12-31', 20, 'Active', NULL, '2015-06-24', '01:50:31 AM'),
(456, 5, 71, 1, 1, 456, 23, 380, '2015-01-01', '2015-12-31', 20, 'Active', NULL, '2015-06-24', '01:51:12 AM'),
(457, 5, 71, 1, 1, 457, 23, 380, '2015-01-01', '2015-12-31', 20, 'Active', NULL, '2015-06-24', '01:51:48 AM'),
(458, 5, 71, 1, 1, 458, 23, 380, '2015-01-01', '2015-12-31', 20, 'Active', NULL, '2015-06-24', '05:05:16 AM'),
(459, 5, 71, 1, 1, 459, 23, 380, '2015-01-01', '2015-12-31', 20, 'Active', NULL, '2015-06-24', '05:06:03 AM'),
(460, 5, 71, 1, 1, 460, 23, 380, '2015-01-01', '2015-12-31', 20, 'Active', NULL, '2015-06-24', '05:06:50 AM');
INSERT INTO `fna_productfare` (`PRODUCTFAREID`, `PRODCATTYPEID`, `PRODUCTID`, `PROJECTID`, `SUBPROJECTID`, `PARTYID`, `PACKINGUNITID`, `UNITFARE`, `STARTDATE`, `ENDDATE`, `USERID`, `STATUS`, `FLAG`, `ENTDATE`, `ENTTIME`) VALUES
(461, 5, 71, 1, 1, 461, 23, 380, '2015-01-01', '2015-12-31', 20, 'Active', NULL, '2015-06-24', '05:08:32 AM'),
(462, 5, 71, 1, 1, 462, 23, 380, '2015-01-01', '2015-12-31', 20, 'Active', NULL, '2015-06-24', '05:10:42 AM'),
(463, 5, 71, 1, 1, 463, 23, 380, '2015-01-01', '2015-12-31', 20, 'Active', NULL, '2015-06-24', '05:12:07 AM'),
(464, 5, 71, 1, 1, 464, 23, 310, '2015-01-01', '2015-12-31', 20, 'Active', NULL, '2015-06-24', '05:13:35 AM'),
(465, 5, 71, 1, 1, 465, 23, 380, '2015-01-01', '2015-12-31', 20, 'Active', NULL, '2015-06-24', '05:14:21 AM'),
(466, 5, 71, 1, 1, 466, 23, 380, '2015-01-01', '2015-12-31', 20, 'Active', NULL, '2015-06-24', '05:15:31 AM'),
(467, 5, 71, 1, 1, 467, 23, 380, '2015-01-01', '2015-12-31', 20, 'Active', NULL, '2015-06-24', '05:17:51 AM'),
(468, 5, 71, 1, 1, 468, 23, 380, '2015-01-01', '2015-12-31', 20, 'Active', NULL, '2015-06-24', '05:18:50 AM'),
(469, 5, 71, 1, 1, 470, 23, 380, '2015-01-01', '2015-12-31', 20, 'Active', NULL, '2015-06-24', '05:19:43 AM'),
(470, 5, 71, 1, 1, 471, 23, 380, '2015-01-01', '2015-12-31', 20, 'Active', NULL, '2015-06-24', '05:20:58 AM'),
(471, 5, 71, 1, 1, 472, 23, 380, '2015-01-01', '2015-12-31', 20, 'Active', NULL, '2015-06-24', '05:21:49 AM'),
(472, 5, 71, 1, 1, 473, 23, 380, '2015-01-01', '2015-12-31', 20, 'Active', NULL, '2015-06-24', '05:22:31 AM'),
(473, 5, 71, 1, 1, 474, 23, 380, '2015-01-01', '2015-12-31', 20, 'Active', NULL, '2015-06-24', '05:23:24 AM'),
(474, 5, 71, 1, 1, 475, 23, 380, '2015-01-01', '2015-12-31', 20, 'Active', NULL, '2015-06-24', '05:23:57 AM'),
(475, 5, 71, 1, 1, 476, 23, 380, '2015-01-01', '2015-12-31', 20, 'Active', NULL, '2015-06-24', '05:24:45 AM'),
(476, 5, 71, 1, 1, 477, 23, 380, '2015-01-02', '2015-12-31', 20, 'Active', NULL, '2015-06-24', '05:25:49 AM'),
(477, 5, 71, 1, 1, 478, 23, 380, '2015-01-01', '2015-12-31', 20, 'Active', NULL, '2015-06-24', '05:26:42 AM'),
(478, 5, 71, 1, 1, 479, 23, 380, '2015-01-01', '2015-12-31', 20, 'Active', NULL, '2015-06-24', '05:27:26 AM'),
(479, 5, 71, 1, 1, 480, 23, 380, '2015-01-01', '2015-12-31', 20, 'Active', NULL, '2015-06-24', '05:28:12 AM'),
(480, 5, 71, 1, 1, 481, 23, 380, '2015-01-01', '2015-12-31', 20, 'Active', NULL, '2015-06-24', '05:29:35 AM'),
(481, 5, 71, 1, 1, 483, 23, 380, '2015-01-01', '2015-12-31', 20, 'Active', NULL, '2015-06-24', '05:31:35 AM'),
(482, 5, 71, 1, 1, 482, 23, 310, '2015-01-01', '2015-12-31', 20, 'Active', NULL, '2015-06-24', '06:00:41 AM'),
(483, 5, 71, 1, 1, 484, 23, 380, '2015-01-01', '2015-12-31', 20, 'Active', NULL, '2015-06-25', '00:29:01 AM'),
(484, 5, 71, 1, 1, 485, 23, 380, '2015-01-01', '2015-12-31', 20, 'Active', NULL, '2015-06-25', '00:29:41 AM'),
(485, 5, 71, 1, 1, 486, 23, 380, '2015-01-01', '2015-12-31', 20, 'Active', NULL, '2015-06-25', '00:30:30 AM'),
(486, 5, 71, 1, 1, 487, 23, 310, '2015-01-01', '2015-12-31', 20, 'Active', NULL, '2015-06-25', '00:31:09 AM'),
(487, 5, 71, 1, 1, 488, 23, 380, '2015-01-01', '2015-12-31', 20, 'Active', NULL, '2015-06-25', '00:31:53 AM'),
(488, 5, 71, 1, 1, 489, 23, 380, '2015-01-01', '2015-12-31', 20, 'Active', NULL, '2015-06-25', '00:33:00 AM'),
(489, 5, 71, 1, 1, 490, 23, 380, '2015-01-01', '2015-12-31', 20, 'Active', NULL, '2015-06-25', '00:34:04 AM'),
(490, 5, 71, 1, 1, 491, 23, 380, '2015-01-01', '2015-12-31', 20, 'Active', NULL, '2015-06-25', '00:34:51 AM'),
(491, 5, 71, 1, 1, 492, 23, 380, '2015-01-01', '2015-12-31', 20, 'Active', NULL, '2015-06-25', '00:35:38 AM'),
(492, 5, 71, 1, 1, 493, 23, 380, '2015-01-01', '2015-12-31', 20, 'Active', NULL, '2015-06-25', '00:36:21 AM'),
(493, 5, 71, 1, 1, 494, 23, 380, '2015-01-01', '2015-12-31', 20, 'Active', NULL, '2015-06-25', '00:37:09 AM'),
(494, 5, 71, 1, 1, 495, 23, 380, '2015-01-01', '2015-12-31', 20, 'Active', NULL, '2015-06-25', '00:37:55 AM'),
(495, 5, 71, 1, 1, 496, 23, 380, '2015-01-01', '2015-12-31', 20, 'Active', NULL, '2015-06-25', '00:38:44 AM'),
(496, 5, 71, 1, 1, 504, 23, 380, '2015-01-01', '2015-12-31', 20, 'Active', NULL, '2015-06-25', '00:47:51 AM'),
(497, 5, 71, 1, 1, 498, 23, 380, '2015-01-01', '2015-12-31', 20, 'Active', NULL, '2015-06-25', '00:48:27 AM'),
(498, 5, 71, 1, 1, 499, 23, 380, '2015-01-01', '2015-12-31', 20, 'Active', NULL, '2015-06-25', '00:49:01 AM'),
(499, 5, 71, 1, 1, 500, 23, 380, '2015-01-01', '2015-12-31', 20, 'Active', NULL, '2015-06-25', '00:49:42 AM'),
(500, 5, 71, 1, 1, 501, 23, 380, '2015-01-01', '2015-12-31', 20, 'Active', NULL, '2015-06-25', '00:50:18 AM'),
(501, 5, 71, 1, 1, 502, 23, 380, '2015-01-01', '2015-12-31', 20, 'Active', NULL, '2015-06-25', '00:50:55 AM'),
(502, 5, 71, 1, 1, 503, 23, 380, '2015-01-01', '2015-12-31', 20, 'Active', NULL, '2015-06-25', '00:52:09 AM'),
(503, 5, 71, 1, 1, 505, 23, 380, '2015-01-01', '2015-12-31', 20, 'Active', NULL, '2015-06-25', '03:31:38 AM'),
(504, 5, 71, 1, 1, 506, 23, 380, '2015-01-01', '2015-12-31', 20, 'Active', NULL, '2015-06-25', '03:32:16 AM'),
(505, 5, 71, 1, 1, 507, 23, 380, '2015-01-01', '2015-12-31', 20, 'Active', NULL, '2015-06-25', '03:32:54 AM'),
(506, 5, 71, 1, 1, 508, 23, 380, '2015-01-01', '2015-12-31', 20, 'Active', NULL, '2015-06-25', '03:35:10 AM'),
(507, 5, 71, 1, 1, 509, 23, 380, '2015-01-01', '2015-12-31', 20, 'Active', NULL, '2015-06-25', '03:35:59 AM'),
(508, 5, 71, 1, 1, 510, 23, 380, '2015-01-01', '2015-12-31', 20, 'Active', NULL, '2015-06-25', '03:36:44 AM'),
(509, 5, 71, 1, 1, 511, 23, 380, '2015-01-01', '2015-12-31', 20, 'Active', NULL, '2015-06-25', '03:37:27 AM'),
(510, 5, 71, 1, 1, 512, 23, 380, '2015-01-01', '2015-12-31', 20, 'Active', NULL, '2015-06-25', '03:38:02 AM'),
(511, 5, 71, 1, 1, 513, 23, 380, '2015-01-01', '2015-12-31', 20, 'Active', NULL, '2015-06-25', '03:38:35 AM'),
(512, 5, 71, 1, 1, 514, 23, 380, '2015-01-01', '2015-12-31', 20, 'Active', NULL, '2015-06-25', '03:39:06 AM'),
(513, 5, 71, 1, 1, 515, 23, 380, '2015-01-01', '2015-12-31', 20, 'Active', NULL, '2015-06-25', '03:39:52 AM'),
(514, 5, 71, 1, 1, 516, 23, 380, '2015-01-01', '2015-12-31', 20, 'Active', NULL, '2015-06-25', '03:42:47 AM'),
(515, 5, 71, 1, 1, 525, 23, 380, '2015-01-01', '2015-12-31', 20, 'Active', NULL, '2015-06-25', '03:49:17 AM'),
(516, 5, 71, 1, 1, 518, 23, 380, '2015-01-01', '2015-12-31', 20, 'Active', NULL, '2015-06-25', '03:49:53 AM'),
(517, 5, 71, 1, 1, 519, 23, 380, '2015-01-01', '2015-12-31', 20, 'Active', NULL, '2015-06-25', '03:50:23 AM'),
(518, 5, 71, 1, 1, 521, 23, 380, '2015-01-01', '2015-12-31', 20, 'Active', NULL, '2015-06-25', '03:51:21 AM'),
(519, 5, 71, 1, 1, 522, 23, 380, '2015-01-01', '2015-12-31', 20, 'Active', NULL, '2015-06-25', '03:52:08 AM'),
(520, 5, 71, 1, 1, 523, 23, 380, '2015-01-01', '2015-12-31', 20, 'Active', NULL, '2015-06-25', '03:52:43 AM'),
(521, 5, 71, 1, 1, 524, 23, 380, '2015-01-01', '2015-12-31', 20, 'Active', NULL, '2015-06-25', '03:53:19 AM'),
(522, 5, 71, 1, 1, 526, 23, 380, '2015-01-01', '2015-12-31', 20, 'Active', NULL, '2015-06-25', '06:33:07 AM'),
(523, 5, 71, 1, 1, 531, 23, 380, '2015-01-01', '2015-12-31', 20, 'Active', NULL, '2015-06-26', '05:50:14 AM'),
(524, 5, 71, 1, 1, 533, 23, 380, '2015-01-01', '2015-12-31', 20, 'Active', NULL, '2015-06-26', '05:51:18 AM'),
(525, 5, 71, 1, 1, 534, 23, 380, '2015-01-01', '2015-12-31', 20, 'Active', NULL, '2015-06-26', '05:52:37 AM'),
(526, 5, 71, 1, 1, 532, 23, 380, '2015-01-01', '2015-12-31', 20, 'Active', NULL, '2015-06-26', '05:53:12 AM'),
(527, 5, 71, 1, 1, 535, 23, 380, '2015-01-01', '2015-12-31', 20, 'Active', NULL, '2015-06-26', '05:54:02 AM'),
(528, 5, 71, 1, 1, 536, 23, 380, '2015-01-01', '2015-12-31', 20, 'Active', NULL, '2015-06-26', '05:54:41 AM'),
(529, 5, 71, 1, 1, 537, 23, 380, '2015-01-01', '2015-12-31', 20, 'Active', NULL, '2015-06-26', '05:55:30 AM'),
(530, 5, 71, 1, 1, 538, 23, 380, '2015-01-01', '2015-12-31', 20, 'Active', NULL, '2015-06-26', '05:57:06 AM'),
(531, 5, 71, 1, 1, 539, 23, 380, '2015-01-01', '2015-12-31', 20, 'Active', NULL, '2015-06-26', '05:58:45 AM'),
(532, 5, 71, 1, 1, 540, 23, 380, '2015-01-01', '2015-12-31', 20, 'Active', NULL, '2015-06-26', '05:59:29 AM'),
(533, 5, 71, 1, 1, 541, 23, 380, '2015-01-01', '2015-12-31', 20, 'Active', NULL, '2015-06-26', '06:00:08 AM'),
(534, 5, 71, 1, 1, 529, 23, 380, '2015-01-01', '2015-12-31', 20, 'Active', NULL, '2015-06-26', '06:08:15 AM'),
(535, 5, 71, 1, 1, 530, 23, 380, '2015-01-01', '2015-12-31', 20, 'Active', NULL, '2015-06-26', '06:10:05 AM'),
(536, 5, 71, 1, 1, 543, 23, 310, '2015-01-01', '2015-12-31', 20, 'Active', NULL, '2015-06-26', '06:45:04 AM'),
(537, 5, 71, 1, 1, 544, 23, 380, '2015-01-01', '2015-12-31', 20, 'Active', NULL, '2015-06-26', '06:54:23 AM'),
(538, 5, 71, 1, 1, 545, 23, 380, '2015-01-01', '2015-12-31', 20, 'Active', NULL, '2015-06-26', '06:59:10 AM'),
(539, 5, 71, 1, 1, 546, 23, 380, '2015-01-01', '2015-12-31', 20, 'Active', NULL, '2015-06-26', '07:03:58 AM'),
(540, 5, 71, 1, 1, 547, 23, 380, '2015-01-01', '2015-12-31', 20, 'Active', NULL, '2015-06-26', '07:13:32 AM'),
(541, 5, 71, 1, 1, 548, 23, 380, '2015-01-01', '2015-12-31', 20, 'Active', NULL, '2015-06-26', '07:14:10 AM'),
(542, 5, 71, 1, 1, 549, 23, 310, '2015-01-01', '2015-12-31', 20, 'Active', NULL, '2015-06-26', '07:14:53 AM'),
(543, 5, 71, 1, 1, 550, 23, 380, '2015-01-01', '2015-12-31', 20, 'Active', NULL, '2015-06-27', '00:48:26 AM'),
(544, 5, 71, 1, 1, 551, 23, 380, '2015-01-01', '2015-12-31', 20, 'Active', NULL, '2015-06-27', '00:49:03 AM'),
(545, 5, 71, 1, 1, 552, 23, 380, '2015-01-01', '2015-12-31', 20, 'Active', NULL, '2015-06-27', '00:49:52 AM'),
(546, 5, 71, 1, 1, 553, 23, 310, '2015-01-01', '2015-12-31', 20, 'Active', NULL, '2015-06-27', '00:50:44 AM'),
(547, 5, 71, 1, 1, 554, 23, 380, '2015-01-01', '2015-12-31', 20, 'Active', NULL, '2015-06-27', '00:51:23 AM'),
(548, 5, 71, 1, 1, 555, 23, 380, '2015-01-01', '2015-12-31', 20, 'Active', NULL, '2015-06-27', '00:52:04 AM'),
(549, 5, 71, 1, 1, 556, 23, 380, '2015-01-01', '2015-12-31', 20, 'Active', NULL, '2015-06-27', '00:52:37 AM'),
(550, 5, 71, 1, 1, 557, 23, 380, '2015-01-01', '2015-12-31', 20, 'Active', NULL, '2015-06-27', '00:53:14 AM'),
(551, 5, 71, 1, 1, 558, 23, 310, '2015-01-01', '2015-12-31', 20, 'Active', NULL, '2015-06-27', '01:21:25 AM'),
(552, 5, 71, 1, 1, 559, 23, 310, '2015-01-01', '2015-12-31', 20, 'Active', NULL, '2015-06-27', '01:22:11 AM'),
(553, 5, 71, 1, 1, 560, 23, 310, '2015-01-01', '2015-12-31', 20, 'Active', NULL, '2015-06-27', '01:33:30 AM'),
(554, 5, 71, 1, 1, 561, 23, 380, '2015-01-01', '2015-12-31', 20, 'Active', NULL, '2015-06-27', '01:34:10 AM'),
(555, 5, 71, 1, 1, 562, 23, 380, '2015-01-01', '2015-12-31', 20, 'Active', NULL, '2015-06-27', '01:34:57 AM'),
(556, 5, 71, 1, 1, 563, 23, 380, '2015-01-01', '2015-12-31', 20, 'Active', NULL, '2015-06-27', '01:35:33 AM'),
(557, 5, 71, 1, 1, 564, 23, 380, '2015-01-01', '2015-12-31', 20, 'Active', NULL, '2015-06-27', '01:36:10 AM'),
(558, 5, 71, 1, 1, 565, 23, 380, '2015-01-01', '2015-12-31', 20, 'Active', NULL, '2015-06-27', '01:37:03 AM'),
(559, 5, 71, 1, 1, 566, 23, 380, '2015-01-01', '2015-12-31', 20, 'Active', NULL, '2015-06-27', '01:37:53 AM'),
(560, 5, 71, 1, 1, 567, 23, 380, '2015-01-01', '2015-12-31', 20, 'Active', NULL, '2015-06-27', '02:29:10 AM'),
(561, 5, 71, 1, 1, 568, 23, 380, '2015-01-01', '2015-12-31', 20, 'Active', NULL, '2015-06-27', '02:31:19 AM'),
(562, 5, 71, 1, 1, 569, 23, 380, '2015-01-01', '2015-12-31', 20, 'Active', NULL, '2015-06-27', '02:32:01 AM'),
(563, 5, 71, 1, 1, 570, 23, 380, '2015-01-01', '2015-12-31', 20, 'Active', NULL, '2015-06-27', '02:33:13 AM'),
(564, 5, 71, 1, 1, 571, 23, 380, '2015-01-01', '2015-12-31', 20, 'Active', NULL, '2015-06-27', '02:33:57 AM'),
(565, 5, 71, 1, 1, 572, 23, 380, '2015-01-01', '2015-12-31', 20, 'Active', NULL, '2015-06-27', '02:36:17 AM'),
(566, 5, 71, 1, 1, 573, 23, 380, '2015-01-01', '2015-12-31', 20, 'Active', NULL, '2015-06-27', '02:36:52 AM'),
(567, 5, 71, 1, 1, 574, 23, 380, '2015-01-01', '2015-12-31', 20, 'Active', NULL, '2015-06-27', '02:37:24 AM'),
(568, 5, 71, 1, 1, 575, 23, 380, '2015-01-01', '2015-12-31', 20, 'Active', NULL, '2015-06-27', '03:34:20 AM'),
(569, 5, 71, 1, 1, 576, 23, 380, '2015-01-01', '2015-12-31', 20, 'Active', NULL, '2015-06-27', '03:34:58 AM'),
(570, 5, 71, 1, 1, 577, 23, 380, '2015-01-01', '2015-12-31', 20, 'Active', NULL, '2015-06-27', '04:08:57 AM'),
(571, 5, 71, 1, 1, 578, 23, 380, '2015-01-01', '2015-12-31', 20, 'Active', NULL, '2015-06-27', '04:09:29 AM'),
(572, 5, 71, 1, 1, 579, 23, 380, '2015-01-01', '2015-12-31', 20, 'Active', NULL, '2015-06-27', '04:10:12 AM'),
(573, 5, 71, 1, 1, 580, 23, 380, '2015-01-01', '2015-12-31', 20, 'Active', NULL, '2015-06-27', '04:10:53 AM'),
(574, 5, 71, 1, 1, 581, 23, 380, '2015-01-01', '2015-12-31', 20, 'Active', NULL, '2015-06-27', '04:11:32 AM'),
(575, 5, 71, 1, 1, 582, 23, 380, '2015-01-01', '2015-12-31', 20, 'Active', NULL, '2015-06-27', '04:12:08 AM'),
(576, 5, 71, 1, 1, 583, 23, 380, '2015-01-01', '2015-12-31', 20, 'Active', NULL, '2015-06-27', '04:12:51 AM'),
(577, 5, 71, 1, 1, 584, 23, 380, '2015-01-01', '2015-12-31', 20, 'Active', NULL, '2015-06-27', '04:13:30 AM'),
(578, 5, 71, 1, 1, 585, 23, 380, '2015-01-01', '2015-12-31', 20, 'Active', NULL, '2015-06-27', '04:14:13 AM'),
(579, 5, 71, 1, 1, 586, 23, 310, '2015-01-01', '2015-12-31', 20, 'Active', NULL, '2015-06-27', '04:15:09 AM'),
(580, 5, 71, 1, 1, 587, 23, 380, '2015-01-01', '2015-12-31', 20, 'Active', NULL, '2015-06-27', '04:44:43 AM'),
(581, 5, 71, 1, 1, 588, 23, 380, '2015-01-01', '2015-12-31', 20, 'Active', NULL, '2015-06-27', '04:56:24 AM'),
(582, 5, 71, 1, 1, 589, 23, 380, '2015-01-01', '2015-12-31', 20, 'Active', NULL, '2015-06-27', '05:17:17 AM'),
(583, 5, 71, 1, 1, 590, 23, 380, '2015-01-01', '2015-12-31', 20, 'Active', NULL, '2015-06-27', '05:36:30 AM'),
(584, 5, 71, 1, 1, 591, 23, 380, '2015-01-01', '2015-12-31', 20, 'Active', NULL, '2015-06-27', '05:38:00 AM'),
(585, 5, 71, 1, 1, 592, 23, 380, '2015-01-01', '2015-12-31', 20, 'Active', NULL, '2015-06-27', '05:38:52 AM'),
(586, 5, 71, 1, 1, 593, 23, 380, '2015-01-01', '2015-12-31', 20, 'Active', NULL, '2015-06-27', '05:39:38 AM'),
(587, 5, 71, 1, 1, 594, 23, 380, '2015-01-01', '2015-12-31', 20, 'Active', NULL, '2015-06-27', '05:40:09 AM'),
(588, 5, 71, 1, 1, 595, 23, 380, '2015-01-01', '2015-12-31', 20, 'Active', NULL, '2015-06-27', '05:40:45 AM'),
(589, 5, 71, 1, 1, 596, 23, 380, '2015-01-01', '2015-12-31', 20, 'Active', NULL, '2015-06-27', '23:53:09 PM'),
(590, 5, 71, 1, 1, 597, 23, 310, '2015-01-01', '2015-12-31', 20, 'Active', NULL, '2015-06-27', '23:55:09 PM'),
(591, 5, 71, 1, 1, 598, 23, 380, '2015-01-01', '2015-12-31', 20, 'Active', NULL, '2015-06-27', '23:55:46 PM'),
(592, 5, 71, 1, 1, 599, 23, 380, '2015-01-01', '2015-12-31', 20, 'Active', NULL, '2015-06-27', '23:56:29 PM'),
(593, 5, 71, 1, 1, 600, 23, 380, '2015-01-01', '2015-12-31', 20, 'Active', NULL, '2015-06-27', '23:57:52 PM'),
(594, 5, 71, 1, 1, 601, 23, 380, '2015-01-01', '2015-12-31', 20, 'Active', NULL, '2015-06-27', '23:58:36 PM'),
(595, 5, 71, 1, 1, 602, 23, 380, '2015-01-01', '2015-12-31', 20, 'Active', NULL, '2015-06-27', '23:59:15 PM'),
(596, 5, 71, 1, 1, 603, 23, 380, '2015-01-01', '2015-12-31', 20, 'Active', NULL, '2015-06-27', '23:59:55 PM'),
(597, 5, 71, 1, 1, 604, 23, 380, '2015-01-01', '2015-12-31', 20, 'Active', NULL, '2015-06-28', '00:54:50 AM'),
(598, 5, 71, 1, 1, 605, 23, 310, '2015-01-01', '2015-12-31', 20, 'Active', NULL, '2015-06-28', '00:55:51 AM'),
(599, 5, 71, 1, 1, 606, 23, 310, '2015-01-01', '2015-12-31', 20, 'Active', NULL, '2015-06-28', '00:56:28 AM'),
(600, 5, 71, 1, 1, 607, 23, 380, '2015-01-01', '2015-12-31', 20, 'Active', NULL, '2015-06-28', '00:57:01 AM'),
(601, 5, 71, 1, 1, 608, 23, 380, '2015-01-01', '2015-12-31', 20, 'Active', NULL, '2015-06-28', '01:17:48 AM'),
(602, 5, 71, 1, 1, 609, 23, 380, '2015-01-01', '2015-12-31', 20, 'Active', NULL, '2015-06-28', '01:18:53 AM'),
(603, 5, 71, 1, 1, 610, 23, 380, '2015-01-01', '2015-12-31', 20, 'Active', NULL, '2015-06-28', '01:19:24 AM'),
(604, 5, 71, 1, 1, 611, 23, 380, '2015-01-01', '2015-12-31', 20, 'Active', NULL, '2015-06-28', '01:20:08 AM'),
(605, 5, 71, 1, 1, 612, 23, 380, '2015-01-01', '2015-12-31', 20, 'Active', NULL, '2015-06-28', '01:20:48 AM'),
(606, 5, 71, 1, 1, 613, 23, 380, '2015-01-01', '2015-12-31', 20, 'Active', NULL, '2015-06-28', '01:46:11 AM'),
(607, 5, 71, 1, 1, 614, 23, 380, '2015-01-01', '2015-12-31', 20, 'Active', NULL, '2015-06-28', '01:46:43 AM'),
(608, 5, 71, 1, 1, 615, 23, 380, '2015-01-01', '2015-12-31', 20, 'Active', NULL, '2015-06-28', '01:47:17 AM'),
(609, 5, 71, 1, 1, 616, 23, 310, '2015-01-01', '2015-12-31', 20, 'Active', NULL, '2015-06-28', '01:48:01 AM'),
(610, 5, 71, 1, 1, 617, 23, 380, '2015-01-01', '2015-12-31', 20, 'Active', NULL, '2015-06-28', '01:49:33 AM'),
(611, 5, 71, 1, 1, 618, 23, 380, '2015-01-01', '2015-12-31', 20, 'Active', NULL, '2015-06-28', '01:50:29 AM'),
(612, 5, 71, 1, 1, 619, 23, 380, '2015-01-01', '2015-12-31', 20, 'Active', NULL, '2015-06-28', '01:53:20 AM'),
(613, 5, 71, 1, 1, 620, 23, 380, '2015-01-01', '2015-12-31', 20, 'Active', NULL, '2015-06-28', '01:53:50 AM'),
(614, 5, 71, 1, 1, 621, 23, 380, '2015-01-01', '2015-12-31', 20, 'Active', NULL, '2015-06-28', '01:54:34 AM'),
(615, 5, 71, 1, 1, 622, 23, 380, '2015-01-01', '2015-12-31', 20, 'Active', NULL, '2015-06-28', '01:55:11 AM'),
(616, 5, 71, 1, 1, 623, 23, 380, '2015-01-01', '2015-12-31', 20, 'Active', NULL, '2015-06-28', '01:55:48 AM'),
(617, 5, 71, 1, 1, 624, 23, 380, '2015-01-01', '2015-12-31', 20, 'Active', NULL, '2015-06-28', '01:56:24 AM'),
(618, 5, 71, 1, 1, 625, 23, 380, '2015-01-01', '2015-12-31', 20, 'Active', NULL, '2015-06-28', '02:19:58 AM'),
(619, 5, 71, 1, 1, 626, 23, 380, '2015-01-01', '2015-12-31', 20, 'Active', NULL, '2015-06-28', '02:20:33 AM'),
(620, 5, 71, 1, 1, 627, 23, 310, '2015-01-01', '2015-12-31', 20, 'Active', NULL, '2015-06-28', '02:21:05 AM'),
(621, 5, 71, 1, 1, 628, 23, 310, '2015-01-01', '2015-12-31', 20, 'Active', NULL, '2015-06-28', '02:21:51 AM'),
(622, 5, 71, 1, 1, 629, 23, 380, '2015-01-01', '2015-12-31', 20, 'Active', NULL, '2015-06-28', '02:56:33 AM'),
(623, 5, 71, 1, 1, 630, 23, 380, '2015-01-01', '2015-12-31', 20, 'Active', NULL, '2015-06-28', '02:57:58 AM'),
(624, 5, 71, 1, 1, 631, 23, 380, '2015-01-01', '2015-12-31', 20, 'Active', NULL, '2015-06-28', '02:58:43 AM'),
(625, 5, 71, 1, 1, 632, 23, 380, '2015-01-01', '2015-12-31', 20, 'Active', NULL, '2015-06-28', '03:15:22 AM'),
(626, 5, 71, 1, 1, 633, 23, 380, '2015-01-01', '2015-12-31', 20, 'Active', NULL, '2015-06-28', '03:16:05 AM'),
(627, 5, 71, 1, 1, 634, 23, 380, '2015-01-01', '2015-12-31', 20, 'Active', NULL, '2015-06-28', '03:16:38 AM'),
(628, 5, 71, 1, 1, 635, 23, 380, '2015-01-01', '2015-12-31', 20, 'Active', NULL, '2015-06-28', '03:17:10 AM'),
(629, 5, 71, 1, 1, 642, 23, 380, '2015-01-01', '2015-12-31', 20, 'Active', NULL, '2015-06-28', '04:06:47 AM'),
(630, 5, 71, 1, 1, 643, 23, 380, '2015-01-01', '2015-12-31', 20, 'Active', NULL, '2015-06-28', '04:07:38 AM'),
(631, 5, 71, 1, 1, 644, 23, 380, '2015-01-01', '2015-12-31', 20, 'Active', NULL, '2015-06-28', '04:08:12 AM'),
(632, 5, 71, 1, 1, 636, 23, 380, '2015-01-01', '2015-12-31', 20, 'Active', NULL, '2015-06-28', '04:09:53 AM'),
(633, 5, 71, 1, 1, 637, 23, 380, '2015-01-01', '2015-12-31', 20, 'Active', NULL, '2015-06-28', '04:10:30 AM'),
(634, 5, 71, 1, 1, 638, 23, 380, '2015-01-01', '2015-12-31', 20, 'Active', NULL, '2015-06-28', '04:11:51 AM'),
(635, 5, 71, 1, 1, 639, 23, 380, '2015-01-01', '2015-12-31', 20, 'Active', NULL, '2015-06-28', '04:12:39 AM'),
(636, 5, 71, 1, 1, 640, 23, 380, '2015-01-01', '2015-12-31', 20, 'Active', NULL, '2015-06-28', '04:13:27 AM'),
(637, 5, 71, 1, 1, 641, 23, 380, '2015-01-01', '2015-12-31', 20, 'Active', NULL, '2015-06-28', '04:14:02 AM'),
(638, 5, 71, 1, 1, 645, 23, 310, '2015-01-01', '2015-12-31', 20, 'Active', NULL, '2015-06-28', '05:07:19 AM'),
(639, 5, 71, 1, 1, 646, 23, 969, '2015-01-01', '2015-12-31', 20, 'Active', NULL, '2015-06-28', '05:21:46 AM'),
(640, 5, 71, 1, 1, 647, 23, 380, '2015-01-01', '2015-12-31', 20, 'Active', NULL, '2015-06-28', '05:22:27 AM'),
(641, 5, 71, 1, 1, 648, 23, 310, '2015-01-01', '2015-12-31', 20, 'Active', NULL, '2015-06-28', '05:28:26 AM'),
(642, 5, 71, 1, 1, 649, 23, 380, '2015-01-01', '2015-12-31', 20, 'Active', NULL, '2015-06-28', '05:29:02 AM'),
(643, 5, 71, 1, 1, 650, 23, 380, '2015-01-01', '2015-12-31', 20, 'Active', NULL, '2015-06-28', '05:29:47 AM'),
(644, 5, 71, 1, 1, 651, 23, 380, '2015-01-01', '2015-12-31', 20, 'Active', NULL, '2015-06-28', '05:30:42 AM'),
(645, 5, 71, 1, 1, 652, 23, 380, '2015-01-01', '2015-12-31', 20, 'Active', NULL, '2015-06-28', '05:43:22 AM'),
(646, 5, 71, 1, 1, 653, 23, 380, '2015-01-01', '2015-12-31', 20, 'Active', NULL, '2015-06-28', '05:43:58 AM'),
(647, 5, 71, 1, 1, 654, 23, 380, '2015-01-01', '2015-12-31', 20, 'Active', NULL, '2015-06-28', '05:44:31 AM'),
(648, 5, 71, 1, 1, 655, 23, 380, '2015-01-01', '2015-12-31', 20, 'Active', NULL, '2015-06-28', '05:45:11 AM'),
(649, 5, 71, 1, 1, 656, 23, 380, '2015-01-01', '2015-12-31', 20, 'Active', NULL, '2015-06-28', '05:45:45 AM'),
(650, 5, 71, 1, 1, 657, 23, 380, '2015-01-01', '2015-12-31', 20, 'Active', NULL, '2015-06-28', '05:46:21 AM'),
(651, 5, 71, 1, 1, 658, 23, 380, '2015-01-01', '2015-12-31', 20, 'Active', NULL, '2015-06-28', '05:46:53 AM'),
(652, 5, 71, 1, 1, 659, 23, 380, '2015-01-01', '2015-12-31', 20, 'Active', NULL, '2015-06-28', '05:47:32 AM'),
(653, 5, 71, 1, 1, 660, 23, 380, '2015-01-01', '2015-12-31', 20, 'Active', NULL, '2015-06-28', '05:48:22 AM'),
(654, 5, 71, 1, 1, 661, 23, 380, '2015-01-01', '2015-12-31', 20, 'Active', NULL, '2015-06-28', '05:49:44 AM'),
(655, 5, 71, 1, 1, 662, 23, 380, '2015-01-01', '2015-12-31', 20, 'Active', NULL, '2015-06-28', '05:51:02 AM'),
(656, 5, 71, 1, 1, 663, 23, 380, '2015-01-01', '2015-12-31', 20, 'Active', NULL, '2015-06-29', '00:36:09 AM'),
(657, 5, 71, 1, 1, 664, 23, 380, '2015-01-01', '2015-12-31', 20, 'Active', NULL, '2015-06-29', '00:37:15 AM'),
(658, 5, 71, 1, 1, 665, 23, 380, '2015-01-01', '2015-12-31', 20, 'Active', NULL, '2015-06-29', '00:39:40 AM'),
(659, 5, 71, 1, 1, 666, 23, 380, '2015-01-01', '2015-12-31', 20, 'Active', NULL, '2015-06-29', '00:40:21 AM'),
(660, 5, 71, 1, 1, 667, 23, 380, '2015-01-01', '2015-12-31', 20, 'Active', NULL, '2015-06-29', '00:41:04 AM'),
(661, 5, 71, 1, 1, 668, 23, 380, '2015-01-01', '2015-12-31', 20, 'Active', NULL, '2015-06-29', '00:41:43 AM'),
(662, 5, 71, 1, 1, 670, 23, 380, '2015-01-01', '2015-12-31', 20, 'Active', NULL, '2015-06-29', '00:43:22 AM'),
(663, 5, 71, 1, 1, 671, 23, 380, '2015-01-01', '2015-12-31', 20, 'Active', NULL, '2015-06-29', '00:44:50 AM'),
(664, 5, 71, 1, 1, 83, 31, 210, '2015-01-01', '2015-12-31', 20, 'Active', NULL, '2015-06-29', '01:29:51 AM'),
(665, 5, 71, 1, 1, 672, 23, 380, '2015-01-01', '2015-12-31', 20, 'Active', NULL, '2015-06-29', '01:42:59 AM'),
(666, 5, 71, 1, 1, 673, 23, 380, '2015-01-01', '2015-12-31', 20, 'Active', NULL, '2015-06-29', '01:55:54 AM'),
(667, 6, 175, 1, 2, 0, 0, 2.85, '2015-01-01', '2015-12-31', 20, 'Active', NULL, '2015-10-08', '07:21:38 AM'),
(668, 6, 176, 1, 2, 0, 0, 4, '2015-01-01', '2015-12-31', 20, 'Active', NULL, '2015-10-08', '07:44:26 AM'),
(669, 6, 177, 1, 2, 0, 0, 2.85, '2015-01-01', '2015-12-31', 20, 'Active', NULL, '2015-10-08', '07:45:32 AM'),
(670, 6, 178, 1, 2, 0, 0, 2.85, '2015-01-01', '2015-12-31', 20, 'Active', NULL, '2015-10-08', '07:46:05 AM'),
(671, 6, 179, 1, 2, 0, 0, 2.85, '2015-01-01', '2015-12-31', 20, 'Active', NULL, '2015-10-08', '07:46:46 AM'),
(672, 6, 180, 1, 2, 0, 0, 2.85, '2015-01-01', '2015-12-31', 20, 'Active', NULL, '2015-10-08', '07:47:23 AM'),
(673, 6, 181, 1, 2, 0, 0, 2.85, '2015-01-01', '2015-12-31', 20, 'Active', NULL, '2015-10-08', '07:47:56 AM'),
(674, 6, 182, 1, 2, 0, 0, 2.85, '2015-01-01', '2015-12-31', 20, 'Active', NULL, '2015-10-08', '07:48:33 AM'),
(675, 14, 183, 1, 4, 0, 0, 10, '2015-01-01', '2015-12-31', 20, 'Active', NULL, '2015-10-08', '07:49:27 AM'),
(676, 7, 184, 1, 2, 0, 0, 8.5, '2015-01-01', '2015-12-31', 20, 'Active', NULL, '2015-10-09', '07:00:13 AM');

-- --------------------------------------------------------

--
-- Table structure for table `fna_productloadunload`
--

CREATE TABLE IF NOT EXISTS `fna_productloadunload` (
  `PRODUCTLOADUNLOADID` int(11) NOT NULL AUTO_INCREMENT,
  `PROJECTID` int(11) NOT NULL,
  `SUBPROJECTID` int(11) NOT NULL,
  `PARTYID` int(10) DEFAULT NULL,
  `LABOURID` int(10) DEFAULT NULL,
  `ENTRYDATE` date DEFAULT NULL,
  `RECEIVENUMBER` int(10) DEFAULT NULL,
  `DELIVERYCHALLANNUMBER` int(10) DEFAULT NULL,
  `LOTNO` varchar(100) NOT NULL,
  `USERID` int(11) DEFAULT NULL,
  `STATUS` varchar(20) DEFAULT NULL,
  `FLAG` int(11) DEFAULT NULL,
  `ENTDATE` date DEFAULT NULL,
  `ENTTIME` varchar(100) DEFAULT NULL,
  PRIMARY KEY (`PRODUCTLOADUNLOADID`)
) ENGINE=InnoDB  DEFAULT CHARSET=latin1 AUTO_INCREMENT=1115 ;

--
-- Dumping data for table `fna_productloadunload`
--

INSERT INTO `fna_productloadunload` (`PRODUCTLOADUNLOADID`, `PROJECTID`, `SUBPROJECTID`, `PARTYID`, `LABOURID`, `ENTRYDATE`, `RECEIVENUMBER`, `DELIVERYCHALLANNUMBER`, `LOTNO`, `USERID`, `STATUS`, `FLAG`, `ENTDATE`, `ENTTIME`) VALUES
(69, 1, 1, 68, 7, '2015-01-01', 60, NULL, '1', 20, 'Active', NULL, '2015-06-02', '15:12:18 PM'),
(70, 1, 1, 69, 7, '2015-01-01', 61, NULL, '2', 20, 'Active', NULL, '2015-06-02', '15:12:55 PM'),
(71, 1, 1, 70, 7, '2015-01-01', 62, NULL, '3', 20, 'Active', NULL, '2015-06-02', '15:13:23 PM'),
(72, 1, 1, 71, 7, '2015-01-01', 63, NULL, '4', 20, 'Active', NULL, '2015-06-02', '15:13:50 PM'),
(73, 1, 1, 69, 7, '2015-02-16', 64, NULL, '5', 20, 'Active', NULL, '2015-06-04', '02:00:42 AM'),
(74, 1, 1, 72, 7, '2015-02-16', 65, NULL, '6', 20, 'Active', NULL, '2015-06-04', '02:09:44 AM'),
(75, 1, 1, 70, 7, '2015-02-16', 66, NULL, '7', 20, 'Active', NULL, '2015-06-04', '02:13:09 AM'),
(76, 1, 1, 71, 7, '2015-02-03', 67, NULL, '8', 20, 'Active', NULL, '2015-06-04', '02:14:30 AM'),
(77, 1, 1, 71, 7, '2015-02-16', 68, NULL, '9', 20, 'Active', NULL, '2015-06-04', '02:16:43 AM'),
(78, 1, 1, 69, 7, '2015-02-16', 69, NULL, '10', 20, 'Active', NULL, '2015-06-04', '02:17:45 AM'),
(79, 1, 1, 73, 7, '2015-02-16', 70, NULL, '11', 20, 'Active', NULL, '2015-06-04', '02:21:16 AM'),
(80, 1, 1, 74, 7, '2015-02-16', 71, NULL, '12', 20, 'Active', NULL, '2015-06-04', '03:07:36 AM'),
(81, 1, 1, 75, 7, '2015-02-16', 72, NULL, '13', 20, 'Active', NULL, '2015-06-04', '04:08:33 AM'),
(82, 1, 1, 76, 7, '2015-02-16', 73, NULL, '14', 20, 'Active', NULL, '2015-06-04', '04:11:12 AM'),
(83, 1, 1, 77, 7, '2015-02-16', 74, NULL, '15', 20, 'Active', NULL, '2015-06-04', '04:15:34 AM'),
(84, 1, 1, 78, 7, '2015-02-16', 75, NULL, '16', 20, 'Active', NULL, '2015-06-06', '02:37:00 AM'),
(85, 1, 1, 79, 7, '2015-02-16', 76, NULL, '17', 20, 'Active', NULL, '2015-06-06', '04:40:32 AM'),
(86, 1, 1, 80, 7, '2015-02-16', 77, NULL, '18', 20, 'Active', NULL, '2015-06-06', '04:41:31 AM'),
(87, 1, 1, 70, 7, '2015-02-16', 78, NULL, '19', 20, 'Active', NULL, '2015-06-06', '04:42:34 AM'),
(88, 1, 1, 81, 7, '2015-02-16', 79, NULL, '20', 20, 'Active', NULL, '2015-06-06', '05:44:51 AM'),
(89, 1, 1, 82, 7, '2015-02-16', 80, NULL, '21', 20, 'Active', NULL, '2015-06-06', '05:48:10 AM'),
(90, 1, 1, 83, 7, '2015-02-16', 81, NULL, '22', 20, 'Active', NULL, '2015-06-06', '05:54:26 AM'),
(91, 1, 1, 84, 7, '2015-02-16', 82, NULL, '23', 20, 'Active', NULL, '2015-06-06', '05:59:16 AM'),
(92, 1, 1, 85, 7, '2015-02-16', 83, NULL, '24', 20, 'Active', NULL, '2015-06-06', '06:08:56 AM'),
(93, 1, 1, 86, 7, '2015-02-16', 84, NULL, '25', 20, 'Active', NULL, '2015-06-06', '06:13:25 AM'),
(94, 1, 1, 87, 7, '2015-02-16', 85, NULL, '26', 20, 'Active', NULL, '2015-06-06', '06:28:34 AM'),
(95, 1, 1, 71, 7, '2015-02-16', 86, NULL, '27', 20, 'Active', NULL, '2015-06-06', '06:42:33 AM'),
(96, 1, 1, 88, 7, '2015-02-16', 87, NULL, '28', 20, 'Active', NULL, '2015-06-06', '06:44:31 AM'),
(97, 1, 1, 89, 7, '2015-02-16', 88, NULL, '29', 20, 'Active', NULL, '2015-06-06', '06:46:26 AM'),
(98, 1, 1, 88, 7, '2015-02-16', 89, NULL, '30', 20, 'Active', NULL, '2015-06-06', '06:51:41 AM'),
(99, 1, 1, 82, 7, '2015-02-17', 90, NULL, '31', 20, 'Active', NULL, '2015-06-06', '06:52:44 AM'),
(100, 1, 1, 90, 7, '2015-02-16', 91, NULL, '32', 20, 'Active', NULL, '2015-06-09', '01:48:19 AM'),
(101, 1, 1, 83, 7, '2015-02-16', 92, NULL, '33', 20, 'Active', NULL, '2015-06-09', '01:49:57 AM'),
(102, 1, 1, 91, 7, '2015-02-16', 93, NULL, '34', 20, 'Active', NULL, '2015-06-09', '01:54:35 AM'),
(103, 1, 1, 92, 7, '2015-02-16', 94, NULL, '35', 20, 'Active', NULL, '2015-06-09', '02:06:51 AM'),
(104, 1, 1, 93, 7, '2015-02-16', 95, NULL, '36', 20, 'Active', NULL, '2015-06-09', '02:13:56 AM'),
(105, 1, 1, 69, 7, '2015-02-16', 96, NULL, '37', 20, 'Active', NULL, '2015-06-09', '02:47:58 AM'),
(106, 1, 1, 69, 7, '2015-02-16', 97, NULL, '38', 20, 'Active', NULL, '2015-06-09', '02:55:32 AM'),
(107, 1, 1, 94, 7, '2015-02-16', 98, NULL, '39', 20, 'Active', NULL, '2015-06-09', '03:00:33 AM'),
(108, 1, 1, 95, 7, '2015-02-16', 99, NULL, '40', 20, 'Active', NULL, '2015-06-09', '03:24:28 AM'),
(109, 1, 1, 96, 7, '2015-02-16', 100, NULL, '41', 20, 'Active', NULL, '2015-06-09', '03:28:54 AM'),
(110, 1, 1, 97, 7, '2015-02-16', 101, NULL, '42', 20, 'Active', NULL, '2015-06-09', '03:32:16 AM'),
(111, 1, 1, 98, 7, '2015-02-16', 102, NULL, '43', 20, 'Active', NULL, '2015-06-09', '03:36:22 AM'),
(112, 1, 1, 99, 7, '2015-02-16', 103, NULL, '44', 20, 'Active', NULL, '2015-06-09', '03:41:08 AM'),
(113, 1, 1, 100, 7, '2015-02-16', 104, NULL, '45', 20, 'Active', NULL, '2015-06-09', '03:48:29 AM'),
(114, 1, 1, 101, 7, '2015-03-16', 105, NULL, '46', 20, 'Active', NULL, '2015-06-09', '03:51:50 AM'),
(115, 1, 1, 102, 7, '2015-02-16', 106, NULL, '47', 20, 'Active', NULL, '2015-06-09', '04:00:10 AM'),
(116, 1, 1, 103, 7, '2015-02-16', 107, NULL, '48', 20, 'Active', NULL, '2015-06-09', '04:48:38 AM'),
(117, 1, 1, 104, 7, '2015-02-16', 108, NULL, '49', 20, 'Active', NULL, '2015-06-09', '05:06:53 AM'),
(118, 1, 1, 69, 7, '2015-02-16', 109, NULL, '50', 20, 'Active', NULL, '2015-06-09', '05:08:21 AM'),
(119, 1, 1, 105, 7, '2015-02-16', 110, NULL, '51', 20, 'Active', NULL, '2015-06-09', '05:13:48 AM'),
(120, 1, 1, 106, 7, '2015-02-16', 111, NULL, '52', 20, 'Active', NULL, '2015-06-09', '05:17:01 AM'),
(121, 1, 1, 82, 7, '2015-02-16', 112, NULL, '53', 20, 'Active', NULL, '2015-06-09', '05:18:17 AM'),
(122, 1, 1, 82, 7, '2015-02-16', 113, NULL, '54', 20, 'Active', NULL, '2015-06-09', '05:19:13 AM'),
(123, 1, 1, 107, 7, '2015-02-16', 114, NULL, '55', 20, 'Active', NULL, '2015-06-09', '05:25:04 AM'),
(124, 1, 1, 108, 7, '2015-02-16', 115, NULL, '56', 20, 'Active', NULL, '2015-06-09', '05:56:37 AM'),
(125, 1, 1, 109, 7, '2015-02-16', 116, NULL, '57', 20, 'Active', NULL, '2015-06-09', '05:59:44 AM'),
(126, 1, 1, 110, 7, '2015-02-16', 117, NULL, '58', 20, 'Active', NULL, '2015-06-09', '06:02:53 AM'),
(127, 1, 1, 110, 7, '2015-02-16', 118, NULL, '59', 20, 'Active', NULL, '2015-06-09', '06:04:45 AM'),
(128, 1, 1, 83, 7, '2015-02-16', 119, NULL, '60', 20, 'Active', NULL, '2015-06-09', '06:06:06 AM'),
(129, 1, 1, 83, 7, '2015-02-16', 120, NULL, '61', 20, 'Active', NULL, '2015-06-09', '06:07:00 AM'),
(130, 1, 1, 111, 7, '2015-02-16', 121, NULL, '62', 20, 'Active', NULL, '2015-06-09', '23:48:59 PM'),
(131, 1, 1, 112, 7, '2015-02-16', 122, NULL, '63', 20, 'Active', NULL, '2015-06-09', '23:59:14 PM'),
(132, 1, 1, 113, 7, '2015-02-16', 123, NULL, '64', 20, 'Active', NULL, '2015-06-10', '00:02:58 AM'),
(133, 1, 1, 114, 7, '2015-02-16', 124, NULL, '65', 20, 'Active', NULL, '2015-06-10', '00:09:42 AM'),
(134, 1, 1, 115, 7, '2015-02-16', 125, NULL, '66', 20, 'Active', NULL, '2015-06-10', '00:16:20 AM'),
(135, 1, 1, 116, 7, '2015-02-16', 126, NULL, '67', 20, 'Active', NULL, '2015-06-10', '00:20:01 AM'),
(136, 1, 1, 117, 7, '2015-02-16', 127, NULL, '68', 20, 'Active', NULL, '2015-06-10', '00:23:30 AM'),
(137, 1, 1, 118, 7, '2015-02-16', 128, NULL, '69', 20, 'Active', NULL, '2015-06-10', '00:34:28 AM'),
(138, 1, 1, 119, 7, '2015-02-16', 129, NULL, '70', 20, 'Active', NULL, '2015-06-10', '00:36:49 AM'),
(139, 1, 1, 120, 7, '2015-02-16', 130, NULL, '71', 20, 'Active', NULL, '2015-06-10', '00:40:15 AM'),
(140, 1, 1, 121, 7, '2015-02-16', 131, NULL, '72', 20, 'Active', NULL, '2015-06-10', '00:50:37 AM'),
(141, 1, 1, 122, 7, '2015-02-16', 132, NULL, '73', 20, 'Active', NULL, '2015-06-10', '00:56:19 AM'),
(142, 1, 1, 123, 7, '2015-02-16', 133, NULL, '74', 20, 'Active', NULL, '2015-06-10', '01:07:25 AM'),
(143, 1, 1, 123, 7, '2015-02-16', 134, NULL, '75', 20, 'Active', NULL, '2015-06-10', '01:08:22 AM'),
(144, 1, 1, 124, 7, '2015-02-16', 135, NULL, '76', 20, 'Active', NULL, '2015-06-10', '01:12:09 AM'),
(145, 1, 1, 125, 7, '2015-02-16', 136, NULL, '77', 20, 'Active', NULL, '2015-06-10', '01:14:25 AM'),
(146, 1, 1, 126, 7, '2015-02-16', 137, NULL, '78', 20, 'Active', NULL, '2015-06-10', '01:17:05 AM'),
(147, 1, 1, 127, 7, '2015-02-16', 138, NULL, '79', 20, 'Active', NULL, '2015-06-10', '01:24:39 AM'),
(148, 1, 1, 128, 7, '2015-02-16', 139, NULL, '80', 20, 'Active', NULL, '2015-06-10', '01:28:59 AM'),
(149, 1, 1, 129, 7, '2015-02-16', 140, NULL, '81', 20, 'Active', NULL, '2015-06-10', '01:32:20 AM'),
(150, 1, 1, 89, 7, '2015-02-16', 141, NULL, '82', 20, 'Active', NULL, '2015-06-10', '01:33:25 AM'),
(151, 1, 1, 130, 7, '2015-02-16', 142, NULL, '83', 20, 'Active', NULL, '2015-06-10', '01:36:02 AM'),
(152, 1, 1, 83, 7, '2015-02-16', 143, NULL, '84', 20, 'Active', NULL, '2015-06-10', '01:38:30 AM'),
(153, 1, 1, 132, 7, '2015-02-16', 144, NULL, '85', 20, 'Active', NULL, '2015-06-10', '01:48:54 AM'),
(154, 1, 1, 123, 7, '2015-02-16', 145, NULL, '86', 20, 'Active', NULL, '2015-06-10', '01:50:38 AM'),
(155, 1, 1, 123, 7, '2015-02-16', 146, NULL, '87', 20, 'Active', NULL, '2015-06-10', '01:51:28 AM'),
(156, 1, 1, 123, 7, '2015-02-16', 147, NULL, '88', 20, 'Active', NULL, '2015-06-10', '01:52:15 AM'),
(157, 1, 1, 123, 7, '2015-02-16', 148, NULL, '89', 20, 'Active', NULL, '2015-06-10', '01:53:04 AM'),
(158, 1, 1, 123, 7, '2015-02-16', 149, NULL, '90', 20, 'Active', NULL, '2015-06-10', '01:53:55 AM'),
(159, 1, 1, 123, 7, '2015-02-16', 150, NULL, '91', 20, 'Active', NULL, '2015-06-10', '01:54:56 AM'),
(160, 1, 1, 123, 7, '2015-02-16', 151, NULL, '92', 20, 'Active', NULL, '2015-06-10', '01:55:59 AM'),
(161, 1, 1, 83, 7, '2015-02-16', 152, NULL, '93', 20, 'Active', NULL, '2015-06-10', '01:57:12 AM'),
(162, 1, 1, 133, 7, '2015-02-16', 153, NULL, '94', 20, 'Active', NULL, '2015-06-10', '02:09:46 AM'),
(163, 1, 1, 132, 7, '2015-02-16', 154, NULL, '95', 20, 'Active', NULL, '2015-06-10', '02:10:37 AM'),
(164, 1, 1, 134, 7, '2015-02-16', 155, NULL, '96', 20, 'Active', NULL, '2015-06-10', '02:16:17 AM'),
(165, 1, 1, 135, 7, '2015-02-16', 156, NULL, '97', 20, 'Active', NULL, '2015-06-10', '02:19:33 AM'),
(166, 1, 1, 136, 7, '2015-02-16', 157, NULL, '98', 20, 'Active', NULL, '2015-06-10', '02:29:41 AM'),
(167, 1, 1, 137, 7, '2015-02-16', 158, NULL, '99', 20, 'Active', NULL, '2015-06-10', '02:32:46 AM'),
(168, 1, 1, 138, 7, '2015-02-16', 159, NULL, '100', 20, 'Active', NULL, '2015-06-10', '02:37:39 AM'),
(169, 1, 1, 138, 7, '2015-02-16', 160, NULL, '101', 20, 'Active', NULL, '2015-06-10', '02:38:33 AM'),
(170, 1, 1, 139, 7, '2015-02-16', 161, NULL, '102', 20, 'Active', NULL, '2015-06-10', '02:42:30 AM'),
(171, 1, 1, 140, 7, '2015-02-16', 162, NULL, '103', 20, 'Active', NULL, '2015-06-10', '02:48:02 AM'),
(172, 1, 1, 141, 7, '2015-02-16', 163, NULL, '104', 20, 'Active', NULL, '2015-06-10', '03:31:42 AM'),
(173, 1, 1, 142, 7, '2015-02-16', 164, NULL, '105', 20, 'Active', NULL, '2015-06-10', '03:35:10 AM'),
(174, 1, 1, 143, 7, '2015-02-16', 165, NULL, '106', 20, 'Active', NULL, '2015-06-10', '03:41:57 AM'),
(175, 1, 1, 144, 7, '2015-02-16', 166, NULL, '107', 20, 'Active', NULL, '2015-06-10', '03:45:46 AM'),
(176, 1, 1, 145, 7, '2015-02-16', 167, NULL, '108', 20, 'Active', NULL, '2015-06-10', '03:49:18 AM'),
(177, 1, 1, 146, 7, '2015-02-16', 168, NULL, '109', 20, 'Active', NULL, '2015-06-10', '03:53:14 AM'),
(178, 1, 1, 147, 7, '2015-02-16', 169, NULL, '110', 20, 'Active', NULL, '2015-06-10', '04:55:39 AM'),
(179, 1, 1, 148, 7, '2015-02-16', 170, NULL, '111', 20, 'Active', NULL, '2015-06-10', '05:00:03 AM'),
(180, 1, 1, 148, 7, '2015-02-16', 171, NULL, '112', 20, 'Active', NULL, '2015-06-10', '05:01:50 AM'),
(181, 1, 1, 71, 7, '2015-02-16', 172, NULL, '113', 20, 'Active', NULL, '2015-06-10', '05:04:07 AM'),
(182, 1, 1, 149, 7, '2015-02-16', 173, NULL, '114', 20, 'Active', NULL, '2015-06-10', '05:11:55 AM'),
(183, 1, 1, 149, 7, '2015-02-16', 174, NULL, '115', 20, 'Active', NULL, '2015-06-10', '05:12:44 AM'),
(184, 1, 1, 150, 7, '2015-02-16', 175, NULL, '116', 20, 'Active', NULL, '2015-06-10', '05:16:06 AM'),
(185, 1, 1, 151, 7, '2015-02-16', 176, NULL, '117', 20, 'Active', NULL, '2015-06-10', '05:19:37 AM'),
(186, 1, 1, 152, 7, '2015-02-16', 177, NULL, '119', 20, 'Active', NULL, '2015-06-10', '05:24:08 AM'),
(187, 1, 1, 153, 7, '2015-02-16', 178, NULL, '118', 20, 'Active', NULL, '2015-06-10', '05:46:55 AM'),
(188, 1, 1, 154, 7, '2015-02-16', 179, NULL, '120', 20, 'Active', NULL, '2015-06-10', '06:38:34 AM'),
(189, 1, 1, 154, 7, '2015-02-16', 180, NULL, '121', 20, 'Active', NULL, '2015-06-10', '06:39:40 AM'),
(190, 1, 1, 155, 7, '2015-02-16', 181, NULL, '122', 20, 'Active', NULL, '2015-06-10', '06:46:57 AM'),
(191, 1, 1, 155, 7, '2015-02-16', 182, NULL, '123', 20, 'Active', NULL, '2015-06-10', '06:48:02 AM'),
(192, 1, 1, 156, 7, '2015-02-16', 183, NULL, '124', 20, 'Active', NULL, '2015-06-10', '06:50:44 AM'),
(193, 1, 1, 156, 7, '2015-02-16', 184, NULL, '125', 20, 'Active', NULL, '2015-06-10', '06:51:40 AM'),
(194, 1, 1, 156, 7, '2015-02-16', 185, NULL, '126', 20, 'Active', NULL, '2015-06-10', '06:52:33 AM'),
(195, 1, 1, 157, 7, '2015-02-16', 186, NULL, '127', 20, 'Active', NULL, '2015-06-10', '07:09:09 AM'),
(196, 1, 1, 158, 7, '2015-02-16', 187, NULL, '128', 20, 'Active', NULL, '2015-06-10', '10:39:43 AM'),
(197, 1, 1, 159, 7, '2015-02-16', 188, NULL, '129', 20, 'Active', NULL, '2015-06-10', '10:43:50 AM'),
(198, 1, 1, 160, 7, '2015-02-16', 189, NULL, '130', 20, 'Active', NULL, '2015-06-10', '10:49:39 AM'),
(199, 1, 1, 161, 7, '2015-02-16', 190, NULL, '131', 20, 'Active', NULL, '2015-06-10', '10:52:40 AM'),
(200, 1, 1, 162, 7, '2015-02-16', 191, NULL, '132', 20, 'Active', NULL, '2015-06-10', '10:55:20 AM'),
(201, 1, 1, 163, 7, '2015-02-16', 192, NULL, '133', 20, 'Active', NULL, '2015-06-10', '10:57:30 AM'),
(202, 1, 1, 164, 7, '2015-02-16', 193, NULL, '134', 20, 'Active', NULL, '2015-06-10', '11:00:33 AM'),
(203, 1, 1, 127, 7, '2015-02-16', 194, NULL, '135', 20, 'Active', NULL, '2015-06-10', '11:03:48 AM'),
(204, 1, 1, 165, 7, '2015-02-16', 195, NULL, '136', 20, 'Active', NULL, '2015-06-10', '11:07:06 AM'),
(205, 1, 1, 166, 7, '2015-02-16', 196, NULL, '137', 20, 'Active', NULL, '2015-06-10', '11:10:35 AM'),
(206, 1, 1, 69, 7, '2015-02-16', 197, NULL, '138', 20, 'Active', NULL, '2015-06-10', '11:11:37 AM'),
(207, 1, 1, 69, 7, '2015-02-16', 198, NULL, '139', 20, 'Active', NULL, '2015-06-10', '11:12:29 AM'),
(208, 1, 1, 123, 7, '2015-02-09', 199, NULL, '140', 20, 'Active', NULL, '2015-06-10', '11:19:27 AM'),
(209, 1, 1, 123, 7, '2015-02-16', 200, NULL, '141', 20, 'Active', NULL, '2015-06-10', '11:20:11 AM'),
(210, 1, 1, 123, 7, '2015-02-16', 201, NULL, '142', 20, 'Active', NULL, '2015-06-10', '11:21:09 AM'),
(211, 1, 1, 123, 7, '2015-02-16', 202, NULL, '143', 20, 'Active', NULL, '2015-06-10', '11:21:59 AM'),
(212, 1, 1, 123, 7, '2015-02-16', 203, NULL, '144', 20, 'Active', NULL, '2015-06-10', '11:22:48 AM'),
(213, 1, 1, 123, 7, '2015-02-16', 204, NULL, '145', 20, 'Active', NULL, '2015-06-10', '11:23:38 AM'),
(214, 1, 1, 123, 7, '2015-02-16', 205, NULL, '146', 20, 'Active', NULL, '2015-06-10', '11:24:22 AM'),
(215, 1, 1, 123, 7, '2015-02-16', 206, NULL, '147', 20, 'Active', NULL, '2015-06-10', '11:25:08 AM'),
(216, 1, 1, 82, 7, '2015-02-16', 207, NULL, '148', 20, 'Active', NULL, '2015-06-10', '11:26:32 AM'),
(217, 1, 1, 70, 7, '2015-02-16', 208, NULL, '149', 20, 'Active', NULL, '2015-06-10', '11:27:35 AM'),
(218, 1, 1, 167, 7, '2015-02-16', 209, NULL, '150', 20, 'Active', NULL, '2015-06-10', '11:31:16 AM'),
(219, 1, 1, 167, 7, '2015-02-16', 210, NULL, '151', 20, 'Active', NULL, '2015-06-10', '11:32:10 AM'),
(220, 1, 1, 167, 7, '2015-02-16', 211, NULL, '152', 20, 'Active', NULL, '2015-06-10', '11:32:59 AM'),
(221, 1, 1, 168, 7, '2015-02-16', 212, NULL, '153', 20, 'Active', NULL, '2015-06-10', '11:37:23 AM'),
(222, 1, 1, 169, 7, '2015-02-16', 213, NULL, '154', 20, 'Active', NULL, '2015-06-10', '11:44:51 AM'),
(223, 1, 1, 170, 7, '2015-02-16', 214, NULL, '155', 20, 'Active', NULL, '2015-06-10', '11:48:30 AM'),
(224, 1, 1, 171, 7, '2015-02-16', 215, NULL, '156', 20, 'Active', NULL, '2015-06-10', '23:59:07 PM'),
(225, 1, 1, 172, 7, '2015-02-16', 216, NULL, '157', 20, 'Active', NULL, '2015-06-11', '00:06:21 AM'),
(226, 1, 1, 173, 7, '2015-01-01', 217, NULL, '158', 20, 'Active', NULL, '2015-06-11', '00:09:46 AM'),
(227, 1, 1, 175, 7, '2015-02-16', 218, NULL, '160', 20, 'Active', NULL, '2015-06-11', '00:15:01 AM'),
(228, 1, 1, 176, 7, '2015-02-16', 219, NULL, '161', 20, 'Active', NULL, '2015-06-11', '00:18:15 AM'),
(229, 1, 1, 174, 7, '2015-02-16', 220, NULL, '159', 20, 'Active', NULL, '2015-06-11', '00:31:27 AM'),
(230, 1, 1, 177, 7, '2015-02-16', 221, NULL, '163', 20, 'Active', NULL, '2015-06-11', '00:35:22 AM'),
(231, 1, 1, 178, 7, '2015-02-16', 222, NULL, '164', 20, 'Active', NULL, '2015-06-11', '00:38:37 AM'),
(232, 1, 1, 179, 7, '2015-02-16', 223, NULL, '165', 20, 'Active', NULL, '2015-06-11', '00:42:16 AM'),
(233, 1, 1, 180, 7, '2015-02-16', 224, NULL, '166', 20, 'Active', NULL, '2015-06-11', '00:47:14 AM'),
(234, 1, 1, 132, 7, '2015-02-17', 225, NULL, '167', 20, 'Active', NULL, '2015-06-11', '00:49:19 AM'),
(235, 1, 1, 181, 7, '2015-02-16', 226, NULL, '168', 20, 'Active', NULL, '2015-06-11', '00:51:49 AM'),
(236, 1, 1, 182, 7, '2015-02-16', 227, NULL, '169', 20, 'Active', NULL, '2015-06-11', '00:55:08 AM'),
(237, 1, 1, 183, 7, '2015-02-16', 228, NULL, '170', 20, 'Active', NULL, '2015-06-11', '00:58:42 AM'),
(238, 1, 1, 184, 7, '2015-02-16', 229, NULL, '171', 20, 'Active', NULL, '2015-06-11', '01:03:41 AM'),
(239, 1, 1, 185, 7, '2015-02-16', 230, NULL, '172', 20, 'Active', NULL, '2015-06-11', '01:08:45 AM'),
(240, 1, 1, 154, 7, '2015-02-17', 231, NULL, '173', 20, 'Active', NULL, '2015-06-11', '01:10:37 AM'),
(241, 1, 1, 186, 7, '2015-02-16', 232, NULL, '174', 20, 'Active', NULL, '2015-06-11', '01:13:10 AM'),
(242, 1, 1, 187, 7, '2015-02-16', 233, NULL, '175', 20, 'Active', NULL, '2015-06-11', '01:16:25 AM'),
(243, 1, 1, 188, 7, '2015-02-16', 234, NULL, '176', 20, 'Active', NULL, '2015-06-11', '01:47:02 AM'),
(244, 1, 1, 189, 7, '2015-02-16', 235, NULL, '177', 20, 'Active', NULL, '2015-06-11', '01:50:04 AM'),
(245, 1, 1, 190, 7, '2015-02-16', 236, NULL, '178', 20, 'Active', NULL, '2015-06-11', '01:56:41 AM'),
(246, 1, 1, 191, 7, '2015-01-01', 237, NULL, '179', 20, 'Active', NULL, '2015-06-11', '02:00:23 AM'),
(247, 1, 1, 192, 7, '2015-02-16', 238, NULL, '180', 20, 'Active', NULL, '2015-06-11', '02:03:53 AM'),
(248, 1, 1, 193, 7, '2015-02-16', 239, NULL, '181', 20, 'Active', NULL, '2015-06-11', '02:06:07 AM'),
(249, 1, 1, 147, 7, '2015-02-17', 240, NULL, '182', 20, 'Active', NULL, '2015-06-11', '02:07:18 AM'),
(250, 1, 1, 194, 7, '2015-02-16', 241, NULL, '183', 20, 'Active', NULL, '2015-06-11', '02:11:31 AM'),
(251, 1, 1, 195, 7, '2015-02-16', 242, NULL, '184', 20, 'Active', NULL, '2015-06-11', '02:14:45 AM'),
(252, 1, 1, 196, 7, '2015-02-16', 243, NULL, '185', 20, 'Active', NULL, '2015-06-11', '02:17:32 AM'),
(253, 1, 1, 98, 7, '2015-02-16', 244, NULL, '186', 20, 'Active', NULL, '2015-06-11', '02:21:13 AM'),
(254, 1, 1, 197, 7, '2015-02-16', 245, NULL, '187', 20, 'Active', NULL, '2015-06-11', '02:40:36 AM'),
(255, 1, 1, 198, 7, '2015-02-16', 246, NULL, '188', 20, 'Active', NULL, '2015-06-11', '03:16:25 AM'),
(256, 1, 1, 199, 7, '2015-02-16', 247, NULL, '189', 20, 'Active', NULL, '2015-06-11', '03:19:34 AM'),
(257, 1, 1, 200, 7, '2015-02-16', 248, NULL, '190', 20, 'Active', NULL, '2015-06-11', '03:25:32 AM'),
(258, 1, 1, 123, 7, '2015-02-16', 249, NULL, '191', 20, 'Active', NULL, '2015-06-11', '03:26:35 AM'),
(259, 1, 1, 123, 7, '2015-02-17', 250, NULL, '192', 20, 'Active', NULL, '2015-06-11', '03:27:33 AM'),
(260, 1, 1, 123, 7, '2015-01-01', 251, NULL, '193', 20, 'Active', NULL, '2015-06-11', '03:29:21 AM'),
(261, 1, 1, 123, 7, '2015-02-18', 252, NULL, '194', 20, 'Active', NULL, '2015-06-11', '03:30:18 AM'),
(262, 1, 1, 123, 7, '2015-02-19', 253, NULL, '195', 20, 'Active', NULL, '2015-06-11', '03:35:58 AM'),
(263, 1, 1, 123, 7, '2015-02-19', 254, NULL, '196', 20, 'Active', NULL, '2015-06-11', '03:37:03 AM'),
(264, 1, 1, 201, 7, '2015-02-16', 255, NULL, '197', 20, 'Active', NULL, '2015-06-11', '04:22:52 AM'),
(265, 1, 1, 202, 7, '2015-02-17', 256, NULL, '198', 20, 'Active', NULL, '2015-06-11', '04:27:35 AM'),
(266, 1, 1, 203, 7, '2015-02-16', 257, NULL, '199', 20, 'Active', NULL, '2015-06-11', '04:30:30 AM'),
(267, 1, 1, 204, 7, '2015-02-16', 258, NULL, '200', 20, 'Active', NULL, '2015-06-11', '04:34:19 AM'),
(268, 1, 1, 205, 7, '2015-02-16', 259, NULL, '201', 20, 'Active', NULL, '2015-06-11', '04:38:25 AM'),
(269, 1, 1, 206, 7, '2015-02-16', 260, NULL, '202', 20, 'Active', NULL, '2015-06-11', '04:41:19 AM'),
(270, 1, 1, 207, 7, '2015-02-16', 261, NULL, '203', 20, 'Active', NULL, '2015-06-11', '04:43:52 AM'),
(271, 1, 1, 208, 7, '2015-02-17', 262, NULL, '204', 20, 'Active', NULL, '2015-06-11', '04:52:37 AM'),
(272, 1, 1, 209, 7, '2015-02-16', 263, NULL, '205', 20, 'Active', NULL, '2015-06-11', '04:55:06 AM'),
(273, 1, 1, 210, 7, '2015-02-16', 264, NULL, '206', 20, 'Active', NULL, '2015-06-11', '04:58:31 AM'),
(274, 1, 1, 211, 7, '2015-02-16', 265, NULL, '207', 20, 'Active', NULL, '2015-06-11', '05:02:34 AM'),
(275, 1, 1, 212, 7, '2015-02-16', 266, NULL, '208', 20, 'Active', NULL, '2015-06-14', '05:54:32 AM'),
(276, 1, 1, 212, 7, '2015-02-16', 267, NULL, '209', 20, 'Active', NULL, '2015-06-14', '05:55:36 AM'),
(277, 1, 1, 213, 7, '2015-02-16', 268, NULL, '210', 20, 'Active', NULL, '2015-06-14', '06:01:06 AM'),
(278, 1, 1, 214, 7, '2015-02-16', 269, NULL, '211', 20, 'Active', NULL, '2015-06-14', '06:05:05 AM'),
(279, 1, 1, 159, 7, '2015-02-17', 270, NULL, '212', 20, 'Active', NULL, '2015-06-15', '00:58:30 AM'),
(280, 1, 1, 216, 7, '2015-02-16', 271, NULL, '213', 20, 'Active', NULL, '2015-06-15', '01:07:31 AM'),
(281, 1, 1, 81, 7, '2015-02-17', 272, NULL, '214', 20, 'Active', NULL, '2015-06-15', '01:10:13 AM'),
(282, 1, 1, 155, 7, '2015-02-18', 273, NULL, '215', 20, 'Active', NULL, '2015-06-15', '01:11:37 AM'),
(283, 1, 1, 162, 7, '2015-02-17', 274, NULL, '216', 20, 'Active', NULL, '2015-06-15', '01:12:28 AM'),
(284, 1, 1, 217, 7, '2015-02-16', 275, NULL, '217', 20, 'Active', NULL, '2015-06-15', '01:15:20 AM'),
(285, 1, 1, 218, 7, '2015-02-16', 276, NULL, '218', 20, 'Active', NULL, '2015-06-15', '01:19:01 AM'),
(286, 1, 1, 219, 7, '2015-02-16', 277, NULL, '219', 20, 'Active', NULL, '2015-06-15', '01:26:11 AM'),
(287, 1, 1, 220, 7, '2015-02-16', 278, NULL, '220', 20, 'Active', NULL, '2015-06-15', '01:29:24 AM'),
(288, 1, 1, 221, 7, '2015-02-16', 279, NULL, '221', 20, 'Active', NULL, '2015-06-15', '01:51:50 AM'),
(289, 1, 1, 82, 7, '2015-02-18', 280, NULL, '222', 20, 'Active', NULL, '2015-06-15', '01:53:03 AM'),
(290, 1, 1, 222, 7, '2015-02-16', 281, NULL, '223', 20, 'Active', NULL, '2015-06-15', '01:56:16 AM'),
(291, 1, 1, 123, 7, '2015-02-18', 282, NULL, '224', 20, 'Active', NULL, '2015-06-15', '01:57:55 AM'),
(292, 1, 1, 123, 7, '2015-01-01', 283, NULL, '225', 20, 'Active', NULL, '2015-06-15', '02:10:12 AM'),
(293, 1, 1, 123, 7, '2015-02-16', 284, NULL, '226', 20, 'Active', NULL, '2015-06-15', '02:11:03 AM'),
(294, 1, 1, 155, 7, '2015-02-19', 285, NULL, '227', 20, 'Active', NULL, '2015-06-15', '02:12:30 AM'),
(295, 1, 1, 223, 7, '2015-02-16', 286, NULL, '228', 20, 'Active', NULL, '2015-06-15', '02:15:20 AM'),
(296, 1, 1, 224, 7, '2015-02-17', 287, NULL, '229', 20, 'Active', NULL, '2015-06-15', '02:20:56 AM'),
(297, 1, 1, 86, 7, '2015-02-17', 288, NULL, '230', 20, 'Active', NULL, '2015-06-15', '02:24:25 AM'),
(298, 1, 1, 86, 7, '2015-02-18', 289, NULL, '231', 20, 'Active', NULL, '2015-06-15', '02:25:13 AM'),
(299, 1, 1, 224, 7, '2015-02-19', 290, NULL, '233', 20, 'Active', NULL, '2015-06-15', '02:27:28 AM'),
(300, 1, 1, 162, 7, '2015-02-17', 291, NULL, '235', 20, 'Active', NULL, '2015-06-15', '02:28:48 AM'),
(301, 1, 1, 84, 7, '2015-02-17', 292, NULL, '236', 20, 'Active', NULL, '2015-06-15', '02:29:57 AM'),
(302, 1, 1, 80, 7, '2015-02-18', 293, NULL, '237', 20, 'Active', NULL, '2015-06-15', '02:30:47 AM'),
(303, 1, 1, 225, 7, '2015-02-16', 294, NULL, '238', 20, 'Active', NULL, '2015-06-15', '02:34:20 AM'),
(304, 1, 1, 155, 7, '2015-02-20', 295, NULL, '240', 20, 'Active', NULL, '2015-06-15', '02:40:33 AM'),
(305, 1, 1, 155, 7, '2015-02-20', 296, NULL, '241', 20, 'Active', NULL, '2015-06-15', '02:41:23 AM'),
(306, 1, 1, 155, 7, '2015-02-20', 297, NULL, '242', 20, 'Active', NULL, '2015-06-15', '02:42:12 AM'),
(307, 1, 1, 155, 7, '2015-02-20', 298, NULL, '243', 20, 'Active', NULL, '2015-06-15', '02:43:01 AM'),
(308, 1, 1, 116, 7, '2015-02-18', 299, NULL, '245', 20, 'Active', NULL, '2015-06-15', '02:49:54 AM'),
(309, 1, 1, 226, 7, '2015-02-18', 300, NULL, '246', 20, 'Active', NULL, '2015-06-15', '02:52:34 AM'),
(310, 1, 1, 227, 7, '2015-02-16', 301, NULL, '247', 20, 'Active', NULL, '2015-06-15', '02:59:10 AM'),
(311, 1, 1, 228, 7, '2015-02-19', 302, NULL, '248', 20, 'Active', NULL, '2015-06-15', '06:33:04 AM'),
(312, 1, 1, 229, 7, '2015-02-16', 303, NULL, '249', 20, 'Active', NULL, '2015-06-15', '06:35:59 AM'),
(313, 1, 1, 230, 7, '2015-02-16', 304, NULL, '250', 20, 'Active', NULL, '2015-06-15', '06:38:54 AM'),
(314, 1, 1, 224, 7, '2015-02-19', 305, NULL, '251', 20, 'Active', NULL, '2015-06-15', '06:40:00 AM'),
(315, 1, 1, 231, 7, '2015-02-16', 306, NULL, '252', 20, 'Active', NULL, '2015-06-15', '06:44:07 AM'),
(316, 1, 1, 232, 7, '2015-02-16', 307, NULL, '253', 20, 'Active', NULL, '2015-06-15', '06:58:12 AM'),
(317, 1, 1, 115, 7, '2015-02-16', 308, NULL, '254', 20, 'Active', NULL, '2015-06-16', '02:53:49 AM'),
(318, 1, 1, 233, 7, '2015-02-16', 309, NULL, '255', 20, 'Active', NULL, '2015-06-16', '02:58:31 AM'),
(319, 1, 1, 234, 7, '2015-02-16', 310, NULL, '256', 20, 'Active', NULL, '2015-06-16', '03:00:54 AM'),
(320, 1, 1, 235, 7, '2015-02-16', 311, NULL, '257', 20, 'Active', NULL, '2015-06-16', '03:03:52 AM'),
(321, 1, 1, 235, 7, '2015-02-17', 312, NULL, '258', 20, 'Active', NULL, '2015-06-16', '03:05:19 AM'),
(322, 1, 1, 235, 7, '2015-02-18', 313, NULL, '259', 20, 'Active', NULL, '2015-06-16', '03:06:30 AM'),
(323, 1, 1, 235, 7, '2015-02-19', 314, NULL, '260', 20, 'Active', NULL, '2015-06-16', '03:07:19 AM'),
(324, 1, 1, 155, 7, '2015-02-19', 315, NULL, '261', 20, 'Active', NULL, '2015-06-16', '03:08:05 AM'),
(325, 1, 1, 155, 7, '2015-02-20', 316, NULL, '262', 20, 'Active', NULL, '2015-06-16', '03:08:58 AM'),
(326, 1, 1, 155, 7, '2015-02-22', 317, NULL, '263', 20, 'Active', NULL, '2015-06-16', '04:30:34 AM'),
(327, 1, 1, 236, 7, '2015-02-16', 318, NULL, '264', 20, 'Active', NULL, '2015-06-16', '04:35:44 AM'),
(328, 1, 1, 238, 7, '2015-02-16', 319, NULL, '266', 20, 'Active', NULL, '2015-06-16', '05:03:57 AM'),
(329, 1, 1, 239, 7, '2015-02-16', 320, NULL, '267', 20, 'Active', NULL, '2015-06-16', '05:07:45 AM'),
(330, 1, 1, 240, 7, '2015-02-16', 321, NULL, '268', 20, 'Active', NULL, '2015-06-16', '05:12:51 AM'),
(331, 1, 1, 241, 7, '2015-03-16', 322, NULL, '269', 20, 'Active', NULL, '2015-06-16', '05:20:55 AM'),
(332, 1, 1, 242, 7, '2015-02-16', 323, NULL, '270', 20, 'Active', NULL, '2015-06-16', '05:23:46 AM'),
(333, 1, 1, 243, 7, '2015-02-16', 324, NULL, '271', 20, 'Active', NULL, '2015-06-16', '05:32:37 AM'),
(334, 1, 1, 244, 7, '2015-02-16', 325, NULL, '272', 20, 'Active', NULL, '2015-06-16', '05:35:50 AM'),
(335, 1, 1, 245, 7, '2015-02-16', 326, NULL, '273', 20, 'Active', NULL, '2015-06-16', '05:39:37 AM'),
(336, 1, 1, 155, 7, '2015-02-18', 327, NULL, '274', 20, 'Active', NULL, '2015-06-16', '05:40:37 AM'),
(337, 1, 1, 246, 7, '2015-02-16', 328, NULL, '275', 20, 'Active', NULL, '2015-06-16', '05:43:20 AM'),
(338, 1, 1, 247, 7, '2015-02-16', 329, NULL, '276', 20, 'Active', NULL, '2015-06-16', '05:53:46 AM'),
(339, 1, 1, 248, 7, '2015-02-16', 330, NULL, '277', 20, 'Active', NULL, '2015-06-16', '05:59:18 AM'),
(340, 1, 1, 249, 7, '2015-02-16', 331, NULL, '278', 20, 'Active', NULL, '2015-06-16', '06:03:10 AM'),
(341, 1, 1, 250, 7, '2015-02-16', 332, NULL, '279', 20, 'Active', NULL, '2015-06-16', '06:06:14 AM'),
(342, 1, 1, 251, 7, '2015-02-16', 333, NULL, '280', 20, 'Active', NULL, '2015-06-16', '06:08:22 AM'),
(343, 1, 1, 252, 7, '2015-02-16', 334, NULL, '281', 20, 'Active', NULL, '2015-06-16', '06:11:34 AM'),
(344, 1, 1, 253, 7, '2015-02-16', 335, NULL, '282', 20, 'Active', NULL, '2015-06-16', '06:14:30 AM'),
(345, 1, 1, 254, 7, '2015-02-16', 336, NULL, '283', 20, 'Active', NULL, '2015-06-16', '06:39:55 AM'),
(346, 1, 1, 255, 7, '2015-02-16', 337, NULL, '284', 20, 'Active', NULL, '2015-06-16', '06:43:27 AM'),
(347, 1, 1, 256, 7, '2015-02-16', 338, NULL, '285', 20, 'Active', NULL, '2015-06-16', '06:48:38 AM'),
(348, 1, 1, 129, 7, '2015-02-22', 339, NULL, '286', 20, 'Active', NULL, '2015-06-16', '07:03:00 AM'),
(349, 1, 1, 257, 7, '2015-02-16', 340, NULL, '287', 20, 'Active', NULL, '2015-06-16', '07:07:15 AM'),
(350, 1, 1, 258, 7, '2015-02-16', 341, NULL, '288', 20, 'Active', NULL, '2015-06-16', '07:12:17 AM'),
(351, 1, 1, 259, 7, '2015-02-16', 342, NULL, '289', 20, 'Active', NULL, '2015-06-16', '07:18:39 AM'),
(352, 1, 1, 260, 7, '2015-02-16', 343, NULL, '290', 20, 'Active', NULL, '2015-06-16', '07:22:05 AM'),
(353, 1, 1, 260, 7, '2015-02-17', 344, NULL, '291', 20, 'Active', NULL, '2015-06-16', '07:23:16 AM'),
(354, 1, 1, 260, 7, '2015-02-18', 345, NULL, '292', 20, 'Active', NULL, '2015-06-16', '07:24:06 AM'),
(355, 1, 1, 260, 7, '2015-02-19', 346, NULL, '293', 20, 'Active', NULL, '2015-06-16', '07:25:01 AM'),
(356, 1, 1, 260, 7, '2015-02-21', 347, NULL, '294', 20, 'Active', NULL, '2015-06-16', '07:26:03 AM'),
(357, 1, 1, 260, 7, '2015-02-23', 348, NULL, '295', 20, 'Active', NULL, '2015-06-16', '07:27:01 AM'),
(358, 1, 1, 260, 7, '2015-02-24', 349, NULL, '296', 20, 'Active', NULL, '2015-06-16', '07:27:52 AM'),
(359, 1, 1, 260, 7, '2015-02-25', 350, NULL, '297', 20, 'Active', NULL, '2015-06-16', '07:29:00 AM'),
(360, 1, 1, 224, 7, '2015-02-18', 351, NULL, '298', 20, 'Active', NULL, '2015-06-16', '07:29:58 AM'),
(361, 1, 1, 252, 7, '2015-02-17', 352, NULL, '299', 20, 'Active', NULL, '2015-06-16', '07:31:14 AM'),
(362, 1, 1, 261, 7, '2015-02-16', 353, NULL, '300', 20, 'Active', NULL, '2015-06-16', '07:37:31 AM'),
(363, 1, 1, 262, 7, '2015-02-16', 354, NULL, '301', 20, 'Active', NULL, '2015-06-16', '07:39:56 AM'),
(364, 1, 1, 263, 7, '2015-02-16', 355, NULL, '302', 20, 'Active', NULL, '2015-06-17', '04:55:46 AM'),
(365, 1, 1, 264, 7, '2015-02-16', 356, NULL, '303', 20, 'Active', NULL, '2015-06-17', '05:03:24 AM'),
(366, 1, 1, 265, 7, '2015-02-16', 357, NULL, '304', 20, 'Active', NULL, '2015-06-17', '05:05:55 AM'),
(367, 1, 1, 266, 7, '2015-02-16', 358, NULL, '305', 20, 'Active', NULL, '2015-06-17', '05:16:21 AM'),
(368, 1, 1, 82, 7, '2015-02-22', 359, NULL, '306', 20, 'Active', NULL, '2015-06-17', '05:17:23 AM'),
(369, 1, 1, 82, 7, '2015-02-22', 360, NULL, '307', 20, 'Active', NULL, '2015-06-17', '05:18:32 AM'),
(370, 1, 1, 82, 7, '2015-02-23', 361, NULL, '308', 20, 'Active', NULL, '2015-06-17', '05:19:18 AM'),
(371, 1, 1, 174, 7, '2015-02-18', 362, NULL, '309', 20, 'Active', NULL, '2015-06-17', '05:23:32 AM'),
(372, 1, 1, 267, 7, '2015-02-17', 363, NULL, '310', 20, 'Active', NULL, '2015-06-17', '05:35:21 AM'),
(373, 1, 1, 267, 7, '2015-02-18', 364, NULL, '311', 20, 'Active', NULL, '2015-06-17', '05:36:51 AM'),
(374, 1, 1, 110, 7, '2015-02-18', 365, NULL, '312', 20, 'Active', NULL, '2015-06-17', '05:42:45 AM'),
(375, 1, 1, 110, 7, '2015-02-19', 366, NULL, '313', 20, 'Active', NULL, '2015-06-17', '05:43:50 AM'),
(376, 1, 1, 167, 7, '2015-02-22', 367, NULL, '314', 20, 'Active', NULL, '2015-06-17', '05:46:54 AM'),
(377, 1, 1, 167, 7, '2015-02-23', 368, NULL, '315', 20, 'Active', NULL, '2015-06-17', '05:47:54 AM'),
(378, 1, 1, 167, 7, '2015-02-23', 369, NULL, '316', 20, 'Active', NULL, '2015-06-17', '05:49:08 AM'),
(379, 1, 1, 252, 7, '2015-02-19', 370, NULL, '317', 20, 'Active', NULL, '2015-06-17', '06:04:54 AM'),
(380, 1, 1, 268, 7, '2015-02-16', 371, NULL, '318', 20, 'Active', NULL, '2015-06-17', '06:11:54 AM'),
(381, 1, 1, 268, 7, '2015-02-17', 372, NULL, '319', 20, 'Active', NULL, '2015-06-17', '06:12:45 AM'),
(382, 1, 1, 269, 7, '2015-02-16', 373, NULL, '320', 20, 'Active', NULL, '2015-06-18', '04:48:38 AM'),
(383, 1, 1, 270, 7, '2015-02-16', 374, NULL, '321', 20, 'Active', NULL, '2015-06-18', '04:51:42 AM'),
(384, 1, 1, 271, 7, '2015-02-16', 375, NULL, '322', 20, 'Active', NULL, '2015-06-18', '04:55:34 AM'),
(385, 1, 1, 272, 7, '2015-02-16', 376, NULL, '323', 20, 'Active', NULL, '2015-06-18', '04:58:10 AM'),
(386, 1, 1, 273, 7, '2015-02-16', 377, NULL, '324', 20, 'Active', NULL, '2015-06-18', '05:16:00 AM'),
(387, 1, 1, 274, 7, '2015-02-16', 378, NULL, '325', 20, 'Active', NULL, '2015-06-18', '05:24:10 AM'),
(388, 1, 1, 274, 7, '2015-02-16', 379, NULL, '326', 20, 'Active', NULL, '2015-06-18', '05:25:38 AM'),
(389, 1, 1, 275, 7, '2015-02-16', 380, NULL, '327', 20, 'Active', NULL, '2015-06-18', '05:32:57 AM'),
(390, 1, 1, 194, 7, '2015-02-19', 381, NULL, '328', 20, 'Active', NULL, '2015-06-18', '05:34:27 AM'),
(391, 1, 1, 276, 7, '2015-02-16', 382, NULL, '329', 20, 'Active', NULL, '2015-06-18', '05:37:36 AM'),
(392, 1, 1, 259, 7, '2015-02-22', 383, NULL, '330', 20, 'Active', NULL, '2015-06-18', '05:38:26 AM'),
(393, 1, 1, 277, 7, '2015-02-17', 384, NULL, '331', 20, 'Active', NULL, '2015-06-18', '05:40:38 AM'),
(394, 1, 1, 278, 7, '2015-02-17', 385, NULL, '332', 20, 'Active', NULL, '2015-06-18', '05:43:02 AM'),
(395, 1, 1, 279, 7, '2015-02-16', 386, NULL, '333', 20, 'Active', NULL, '2015-06-18', '05:45:41 AM'),
(396, 1, 1, 280, 7, '2015-02-18', 387, NULL, '334', 20, 'Active', NULL, '2015-06-18', '05:48:46 AM'),
(397, 1, 1, 68, 7, '2015-02-18', 388, NULL, '335', 20, 'Active', NULL, '2015-06-18', '05:51:45 AM'),
(398, 1, 1, 281, 7, '2015-02-17', 389, NULL, '336', 20, 'Active', NULL, '2015-06-18', '05:54:13 AM'),
(399, 1, 1, 282, 7, '2015-02-18', 390, NULL, '337', 20, 'Active', NULL, '2015-06-18', '05:57:07 AM'),
(400, 1, 1, 283, 7, '2015-02-17', 391, NULL, '338', 20, 'Active', NULL, '2015-06-18', '05:59:31 AM'),
(401, 1, 1, 284, 7, '2015-02-16', 392, NULL, '339', 20, 'Active', NULL, '2015-06-18', '06:03:10 AM'),
(402, 1, 1, 285, 7, '2015-02-17', 393, NULL, '340', 20, 'Active', NULL, '2015-06-18', '06:05:59 AM'),
(403, 1, 1, 286, 7, '2015-02-16', 394, NULL, '341', 20, 'Active', NULL, '2015-06-18', '06:08:48 AM'),
(404, 1, 1, 287, 7, '2015-02-16', 395, NULL, '342', 20, 'Active', NULL, '2015-06-18', '06:11:48 AM'),
(405, 1, 1, 155, 7, '2015-02-23', 396, NULL, '343', 20, 'Active', NULL, '2015-06-18', '06:12:38 AM'),
(406, 1, 1, 155, 7, '2015-02-24', 397, NULL, '344', 20, 'Active', NULL, '2015-06-18', '06:13:25 AM'),
(407, 1, 1, 155, 7, '2015-02-25', 398, NULL, '345', 20, 'Active', NULL, '2015-06-18', '06:14:12 AM'),
(408, 1, 1, 90, 7, '2015-02-17', 399, NULL, '346', 20, 'Active', NULL, '2015-06-18', '06:15:27 AM'),
(409, 1, 1, 225, 7, '2015-02-17', 400, NULL, '347', 20, 'Active', NULL, '2015-06-18', '06:16:17 AM'),
(410, 1, 1, 86, 7, '2015-02-20', 401, NULL, '348', 20, 'Active', NULL, '2015-06-18', '06:17:18 AM'),
(411, 1, 1, 129, 7, '2015-02-20', 402, NULL, '349', 20, 'Active', NULL, '2015-06-18', '06:18:58 AM'),
(412, 1, 1, 224, 7, '2015-02-24', 403, NULL, '350', 20, 'Active', NULL, '2015-06-18', '06:21:10 AM'),
(413, 1, 1, 224, 7, '2015-02-26', 404, NULL, '351', 20, 'Active', NULL, '2015-06-18', '06:21:57 AM'),
(414, 1, 1, 288, 7, '2015-02-17', 405, NULL, '352', 20, 'Active', NULL, '2015-06-18', '06:24:31 AM'),
(415, 1, 1, 289, 7, '2015-02-16', 406, NULL, '353', 20, 'Active', NULL, '2015-06-18', '06:31:17 AM'),
(416, 1, 1, 144, 7, '2015-02-26', 407, NULL, '354', 20, 'Active', NULL, '2015-06-18', '06:32:44 AM'),
(417, 1, 1, 172, 7, '2015-02-24', 408, NULL, '355', 20, 'Active', NULL, '2015-06-18', '06:33:53 AM'),
(418, 1, 1, 290, 7, '2015-02-17', 409, NULL, '356', 20, 'Active', NULL, '2015-06-19', '05:05:26 AM'),
(419, 1, 1, 291, 7, '2015-02-16', 410, NULL, '357', 20, 'Active', NULL, '2015-06-19', '05:10:31 AM'),
(420, 1, 1, 292, 7, '2015-02-16', 411, NULL, '358', 20, 'Active', NULL, '2015-06-19', '05:14:30 AM'),
(421, 1, 1, 293, 7, '2015-02-16', 412, NULL, '359', 20, 'Active', NULL, '2015-06-19', '05:23:35 AM'),
(422, 1, 1, 293, 7, '2015-02-17', 413, NULL, '360', 20, 'Active', NULL, '2015-06-19', '05:24:40 AM'),
(423, 1, 1, 293, 7, '2015-02-18', 414, NULL, '361', 20, 'Active', NULL, '2015-06-19', '05:25:33 AM'),
(424, 1, 1, 293, 7, '2015-02-19', 415, NULL, '362', 20, 'Active', NULL, '2015-06-19', '05:26:43 AM'),
(425, 1, 1, 82, 7, '2015-02-24', 416, NULL, '363', 20, 'Active', NULL, '2015-06-19', '05:27:44 AM'),
(426, 1, 1, 82, 7, '2015-02-26', 417, NULL, '364', 20, 'Active', NULL, '2015-06-19', '05:28:57 AM'),
(427, 1, 1, 224, 7, '2015-02-26', 418, NULL, '365', 20, 'Active', NULL, '2015-06-19', '05:29:54 AM'),
(428, 1, 1, 294, 7, '2015-02-16', 419, NULL, '366', 20, 'Active', NULL, '2015-06-19', '05:33:37 AM'),
(429, 1, 1, 155, 7, '2015-02-26', 420, NULL, '367', 20, 'Active', NULL, '2015-06-19', '05:35:22 AM'),
(430, 1, 1, 295, 7, '2015-02-18', 421, NULL, '368', 20, 'Active', NULL, '2015-06-19', '05:39:00 AM'),
(431, 1, 1, 123, 7, '2015-02-27', 422, NULL, '369', 20, 'Active', NULL, '2015-06-19', '05:40:01 AM'),
(432, 1, 1, 296, 7, '2015-02-17', 423, NULL, '370', 20, 'Active', NULL, '2015-06-19', '05:43:12 AM'),
(433, 1, 1, 297, 7, '2015-02-17', 424, NULL, '371', 20, 'Active', NULL, '2015-06-19', '05:46:24 AM'),
(434, 1, 1, 108, 7, '2015-02-19', 425, NULL, '372', 20, 'Active', NULL, '2015-06-19', '05:47:45 AM'),
(435, 1, 1, 83, 7, '2015-02-24', 426, NULL, '373', 20, 'Active', NULL, '2015-06-19', '05:50:21 AM'),
(436, 1, 1, 298, 7, '2015-02-16', 427, NULL, '374', 20, 'Active', NULL, '2015-06-19', '05:54:56 AM'),
(437, 1, 1, 110, 7, '2015-02-20', 428, NULL, '375', 20, 'Active', NULL, '2015-06-19', '05:56:23 AM'),
(438, 1, 1, 110, 7, '2015-02-26', 429, NULL, '376', 20, 'Active', NULL, '2015-06-19', '05:57:24 AM'),
(439, 1, 1, 171, 7, '2015-02-25', 430, NULL, '377', 20, 'Active', NULL, '2015-06-19', '05:58:21 AM'),
(440, 1, 1, 267, 7, '2015-02-26', 431, NULL, '378', 20, 'Active', NULL, '2015-06-19', '05:59:25 AM'),
(441, 1, 1, 267, 7, '2015-02-27', 432, NULL, '379', 20, 'Active', NULL, '2015-06-19', '06:00:25 AM'),
(442, 1, 1, 299, 7, '2015-02-17', 433, NULL, '380', 20, 'Active', NULL, '2015-06-19', '06:03:18 AM'),
(443, 1, 1, 300, 7, '2015-02-25', 434, NULL, '381', 20, 'Active', NULL, '2015-06-19', '06:09:12 AM'),
(444, 1, 1, 76, 7, '2015-02-18', 435, NULL, '382', 20, 'Active', NULL, '2015-06-19', '06:12:07 AM'),
(445, 1, 1, 76, 7, '2015-02-20', 436, NULL, '383', 20, 'Active', NULL, '2015-06-19', '06:13:06 AM'),
(446, 1, 1, 301, 7, '2014-02-17', 437, NULL, '384', 20, 'Active', NULL, '2015-06-19', '06:22:37 AM'),
(447, 1, 1, 301, 7, '2015-02-17', 438, NULL, '385', 20, 'Active', NULL, '2015-06-19', '06:23:34 AM'),
(448, 1, 1, 302, 7, '2015-02-17', 439, NULL, '386', 20, 'Active', NULL, '2015-06-19', '06:26:42 AM'),
(449, 1, 1, 69, 7, '2015-02-20', 440, NULL, '387', 20, 'Active', NULL, '2015-06-19', '06:29:14 AM'),
(450, 1, 1, 106, 7, '2015-02-26', 441, NULL, '388', 20, 'Active', NULL, '2015-06-19', '06:30:57 AM'),
(451, 1, 1, 303, 7, '2015-02-18', 442, NULL, '389', 20, 'Active', NULL, '2015-06-19', '06:35:06 AM'),
(452, 1, 1, 304, 7, '2015-02-26', 443, NULL, '390', 20, 'Active', NULL, '2015-06-19', '06:38:51 AM'),
(453, 1, 1, 305, 7, '2015-02-16', 444, NULL, '391', 20, 'Active', NULL, '2015-06-19', '06:41:50 AM'),
(454, 1, 1, 306, 7, '2015-02-16', 445, NULL, '392', 20, 'Active', NULL, '2015-06-20', '00:42:52 AM'),
(455, 1, 1, 149, 7, '2015-02-18', 446, NULL, '393', 20, 'Active', NULL, '2015-06-20', '00:44:04 AM'),
(456, 1, 1, 307, 7, '2015-02-16', 447, NULL, '394', 20, 'Active', NULL, '2015-06-20', '00:46:27 AM'),
(457, 1, 1, 308, 7, '2015-02-16', 448, NULL, '395', 20, 'Active', NULL, '2015-06-20', '00:51:40 AM'),
(458, 1, 1, 309, 7, '2015-02-17', 449, NULL, '396', 20, 'Active', NULL, '2015-06-20', '00:57:18 AM'),
(459, 1, 1, 310, 7, '2015-02-18', 450, NULL, '397', 20, 'Active', NULL, '2015-06-20', '00:59:36 AM'),
(460, 1, 1, 311, 7, '2015-02-19', 451, NULL, '398', 20, 'Active', NULL, '2015-06-20', '01:03:12 AM'),
(461, 1, 1, 312, 7, '2015-02-18', 452, NULL, '399', 20, 'Active', NULL, '2015-06-20', '01:17:38 AM'),
(462, 1, 1, 313, 7, '2015-02-17', 453, NULL, '400', 20, 'Active', NULL, '2015-06-20', '01:20:17 AM'),
(463, 1, 1, 314, 7, '2015-02-16', 454, NULL, '401', 20, 'Active', NULL, '2015-06-20', '01:22:34 AM'),
(464, 1, 1, 315, 7, '2015-02-19', 455, NULL, '402', 20, 'Active', NULL, '2015-06-20', '01:24:56 AM'),
(465, 1, 1, 305, 7, '2015-02-24', 456, NULL, '403', 20, 'Active', NULL, '2015-06-20', '01:25:44 AM'),
(466, 1, 1, 316, 7, '2015-02-18', 457, NULL, '404', 20, 'Active', NULL, '2015-06-20', '01:28:11 AM'),
(467, 1, 1, 317, 7, '2015-02-26', 458, NULL, '405', 20, 'Active', NULL, '2015-06-20', '01:30:41 AM'),
(468, 1, 1, 318, 7, '2015-02-16', 459, NULL, '406', 20, 'Active', NULL, '2015-06-20', '01:33:34 AM'),
(469, 1, 1, 319, 7, '2015-02-25', 460, NULL, '407', 20, 'Active', NULL, '2015-06-20', '01:36:02 AM'),
(470, 1, 1, 320, 7, '2015-02-16', 461, NULL, '408', 20, 'Active', NULL, '2015-06-20', '01:43:38 AM'),
(471, 1, 1, 321, 7, '2015-02-16', 462, NULL, '409', 20, 'Active', NULL, '2015-06-20', '01:45:50 AM'),
(472, 1, 1, 322, 7, '2015-02-25', 463, NULL, '410', 20, 'Active', NULL, '2015-06-20', '01:48:20 AM'),
(473, 1, 1, 323, 7, '2015-02-25', 464, NULL, '411', 20, 'Active', NULL, '2015-06-20', '01:54:58 AM'),
(474, 1, 1, 324, 7, '2015-02-17', 465, NULL, '412', 20, 'Active', NULL, '2015-06-20', '01:57:44 AM'),
(475, 1, 1, 325, 7, '2015-02-25', 466, NULL, '413', 20, 'Active', NULL, '2015-06-20', '02:00:30 AM'),
(476, 1, 1, 129, 7, '2015-02-20', 467, NULL, '414', 20, 'Active', NULL, '2015-06-20', '02:01:27 AM'),
(477, 1, 1, 326, 7, '2015-02-16', 468, NULL, '415', 20, 'Active', NULL, '2015-06-20', '02:04:33 AM'),
(478, 1, 1, 327, 7, '2015-02-25', 469, NULL, '416', 20, 'Active', NULL, '2015-06-20', '02:08:25 AM'),
(479, 1, 1, 328, 7, '2015-02-17', 470, NULL, '417', 20, 'Active', NULL, '2015-06-20', '02:21:47 AM'),
(480, 1, 1, 329, 7, '2015-02-19', 471, NULL, '418', 20, 'Active', NULL, '2015-06-20', '02:26:55 AM'),
(481, 1, 1, 330, 7, '2015-02-17', 472, NULL, '419', 20, 'Active', NULL, '2015-06-20', '02:36:04 AM'),
(482, 1, 1, 144, 7, '2015-02-18', 473, NULL, '420', 20, 'Active', NULL, '2015-06-20', '02:37:25 AM'),
(483, 1, 1, 122, 7, '2015-02-17', 474, NULL, '421', 20, 'Active', NULL, '2015-06-20', '02:38:38 AM'),
(484, 1, 1, 290, 7, '2015-02-24', 475, NULL, '422', 20, 'Active', NULL, '2015-06-20', '02:42:02 AM'),
(485, 1, 1, 290, 7, '2015-02-25', 476, NULL, '423', 20, 'Active', NULL, '2015-06-20', '02:43:05 AM'),
(486, 1, 1, 290, 7, '2015-02-27', 477, NULL, '424', 20, 'Active', NULL, '2015-06-20', '02:43:48 AM'),
(487, 1, 1, 331, 7, '2015-02-17', 478, NULL, '425', 20, 'Active', NULL, '2015-06-20', '02:49:58 AM'),
(488, 1, 1, 332, 7, '2015-02-16', 479, NULL, '426', 20, 'Active', NULL, '2015-06-20', '02:57:04 AM'),
(489, 1, 1, 333, 7, '2015-02-18', 480, NULL, '427', 20, 'Active', NULL, '2015-06-20', '02:59:37 AM'),
(490, 1, 1, 333, 7, '2015-02-17', 481, NULL, '428', 20, 'Active', NULL, '2015-06-20', '03:01:42 AM'),
(491, 1, 1, 334, 7, '2015-02-16', 482, NULL, '429', 20, 'Active', NULL, '2015-06-20', '04:53:39 AM'),
(492, 1, 1, 335, 7, '2015-02-16', 483, NULL, '430', 20, 'Active', NULL, '2015-06-20', '04:55:45 AM'),
(493, 1, 1, 336, 7, '2015-02-17', 484, NULL, '431', 20, 'Active', NULL, '2015-06-20', '04:58:21 AM'),
(494, 1, 1, 123, 7, '2015-02-27', 485, NULL, '432', 20, 'Active', NULL, '2015-06-20', '04:59:06 AM'),
(495, 1, 1, 123, 7, '2015-03-01', 486, NULL, '433', 20, 'Active', NULL, '2015-06-20', '04:59:44 AM'),
(496, 1, 1, 123, 7, '2015-03-01', 487, NULL, '434', 20, 'Active', NULL, '2015-06-20', '05:00:27 AM'),
(497, 1, 1, 123, 7, '2015-03-01', 488, NULL, '435', 20, 'Active', NULL, '2015-06-20', '05:01:07 AM'),
(498, 1, 1, 123, 7, '2015-03-01', 489, NULL, '436', 20, 'Active', NULL, '2015-06-20', '05:02:48 AM'),
(499, 1, 1, 123, 7, '2015-03-01', 490, NULL, '437', 20, 'Active', NULL, '2015-06-20', '05:03:30 AM'),
(500, 1, 1, 337, 7, '2015-02-16', 491, NULL, '438', 20, 'Active', NULL, '2015-06-20', '05:11:33 AM'),
(501, 1, 1, 155, 7, '2015-03-01', 492, NULL, '439', 20, 'Active', NULL, '2015-06-20', '05:12:30 AM'),
(502, 1, 1, 155, 7, '2015-03-01', 493, NULL, '440', 20, 'Active', NULL, '2015-06-20', '05:13:09 AM'),
(503, 1, 1, 155, 7, '2015-03-01', 494, NULL, '441', 20, 'Active', NULL, '2015-06-20', '05:13:50 AM'),
(504, 1, 1, 338, 7, '2015-02-16', 495, NULL, '442', 20, 'Active', NULL, '2015-06-20', '05:18:13 AM'),
(505, 1, 1, 262, 7, '2015-02-16', 496, NULL, '443', 20, 'Active', NULL, '2015-06-20', '05:22:33 AM'),
(506, 1, 1, 340, 7, '2015-02-16', 497, NULL, '444', 20, 'Active', NULL, '2015-06-20', '23:49:30 PM'),
(507, 1, 1, 341, 7, '2015-02-17', 498, NULL, '445', 20, 'Active', NULL, '2015-06-20', '23:55:39 PM'),
(508, 1, 1, 224, 7, '2015-02-26', 499, NULL, '446', 20, 'Active', NULL, '2015-06-20', '23:56:33 PM'),
(509, 1, 1, 167, 7, '2015-02-18', 500, NULL, '447', 20, 'Active', NULL, '2015-06-20', '23:57:28 PM'),
(510, 1, 1, 259, 7, '2015-02-24', 501, NULL, '448', 20, 'Active', NULL, '2015-06-20', '23:58:13 PM'),
(511, 1, 1, 71, 7, '2015-02-24', 502, NULL, '449', 20, 'Active', NULL, '2015-06-20', '23:59:39 PM'),
(512, 1, 1, 225, 7, '2015-02-24', 503, NULL, '450', 20, 'Active', NULL, '2015-06-21', '00:01:06 AM'),
(513, 1, 1, 225, 7, '2015-02-24', 504, NULL, '451', 20, 'Active', NULL, '2015-06-21', '00:02:17 AM'),
(514, 1, 1, 225, 7, '2015-02-25', 505, NULL, '452', 20, 'Active', NULL, '2015-06-21', '00:03:18 AM'),
(515, 1, 1, 342, 7, '2015-02-16', 506, NULL, '453', 20, 'Active', NULL, '2015-06-21', '00:06:10 AM'),
(516, 1, 1, 343, 7, '2015-02-16', 507, NULL, '454', 20, 'Active', NULL, '2015-06-21', '00:20:08 AM'),
(517, 1, 1, 344, 7, '2015-02-16', 508, NULL, '455', 20, 'Active', NULL, '2015-06-21', '00:26:22 AM'),
(518, 1, 1, 110, 7, '2015-06-21', 509, NULL, '457', 20, 'Active', NULL, '2015-06-21', '00:28:11 AM'),
(519, 1, 1, 110, 7, '2015-02-25', 510, NULL, '456', 20, 'Active', NULL, '2015-06-21', '00:29:17 AM'),
(520, 1, 1, 343, 7, '2015-02-17', 511, NULL, '458', 20, 'Active', NULL, '2015-06-21', '00:30:16 AM'),
(521, 1, 1, 345, 7, '2015-02-16', 512, NULL, '459', 20, 'Active', NULL, '2015-06-21', '00:35:55 AM'),
(522, 1, 1, 345, 7, '2015-02-17', 513, NULL, '460', 20, 'Active', NULL, '2015-06-21', '00:37:07 AM'),
(523, 1, 1, 345, 7, '2015-02-18', 514, NULL, '461', 20, 'Active', NULL, '2015-06-21', '00:38:12 AM'),
(524, 1, 1, 346, 7, '2015-02-18', 515, NULL, '462', 20, 'Active', NULL, '2015-06-21', '00:42:24 AM'),
(525, 1, 1, 347, 7, '2015-02-16', 516, NULL, '463', 20, 'Active', NULL, '2015-06-21', '00:45:52 AM'),
(526, 1, 1, 348, 7, '2015-02-17', 517, NULL, '464', 20, 'Active', NULL, '2015-06-21', '01:16:10 AM'),
(527, 1, 1, 349, 7, '2015-02-16', 518, NULL, '465', 20, 'Active', NULL, '2015-06-21', '01:18:01 AM'),
(528, 1, 1, 350, 7, '2015-02-16', 519, NULL, '466', 20, 'Active', NULL, '2015-06-21', '01:20:08 AM'),
(529, 1, 1, 352, 7, '2015-02-16', 520, NULL, '467', 20, 'Active', NULL, '2015-06-21', '01:23:32 AM'),
(530, 1, 1, 352, 7, '2015-02-17', 521, NULL, '468', 20, 'Active', NULL, '2015-06-21', '01:24:15 AM'),
(531, 1, 1, 353, 7, '2015-02-16', 522, NULL, '469', 20, 'Active', NULL, '2015-06-21', '01:53:19 AM'),
(532, 1, 1, 354, 7, '2015-02-17', 523, NULL, '470', 20, 'Active', NULL, '2015-06-21', '01:56:25 AM'),
(533, 1, 1, 355, 7, '2015-02-16', 524, NULL, '471', 20, 'Active', NULL, '2015-06-21', '02:33:26 AM'),
(534, 1, 1, 356, 7, '2015-02-16', 525, NULL, '472', 20, 'Active', NULL, '2015-06-21', '02:35:32 AM'),
(535, 1, 1, 357, 7, '2015-02-16', 526, NULL, '473', 20, 'Active', NULL, '2015-06-21', '02:37:31 AM'),
(536, 1, 1, 358, 7, '2015-02-16', 527, NULL, '474', 20, 'Active', NULL, '2015-06-21', '02:40:54 AM'),
(537, 1, 1, 359, 7, '2015-02-16', 528, NULL, '475', 20, 'Active', NULL, '2015-06-21', '02:43:47 AM'),
(538, 1, 1, 360, 7, '2015-02-16', 529, NULL, '476', 20, 'Active', NULL, '2015-06-21', '02:48:09 AM'),
(539, 1, 1, 361, 7, '2015-02-16', 530, NULL, '477', 20, 'Active', NULL, '2015-06-21', '02:58:56 AM'),
(540, 1, 1, 71, 7, '2015-02-26', 531, NULL, '478', 20, 'Active', NULL, '2015-06-21', '03:00:11 AM'),
(541, 1, 1, 362, 7, '2015-02-16', 532, NULL, '479', 20, 'Active', NULL, '2015-06-21', '03:03:41 AM'),
(542, 1, 1, 363, 7, '2015-02-16', 533, NULL, '480', 20, 'Active', NULL, '2015-06-21', '03:06:35 AM'),
(543, 1, 1, 364, 7, '2015-02-16', 534, NULL, '481', 20, 'Active', NULL, '2015-06-21', '03:08:37 AM'),
(544, 1, 1, 365, 7, '2015-02-16', 535, NULL, '482', 20, 'Active', NULL, '2015-06-21', '03:10:26 AM'),
(545, 1, 1, 366, 7, '2015-02-17', 536, NULL, '483', 20, 'Active', NULL, '2015-06-21', '03:42:57 AM'),
(546, 1, 1, 367, 7, '2015-02-17', 537, NULL, '484', 20, 'Active', NULL, '2015-06-21', '03:58:11 AM'),
(547, 1, 1, 368, 7, '2015-02-16', 538, NULL, '485', 20, 'Active', NULL, '2015-06-21', '05:01:45 AM'),
(548, 1, 1, 369, 7, '2015-02-17', 539, NULL, '486', 20, 'Active', NULL, '2015-06-21', '05:03:59 AM'),
(549, 1, 1, 370, 7, '2015-02-17', 540, NULL, '487', 20, 'Active', NULL, '2015-06-21', '05:06:23 AM'),
(550, 1, 1, 371, 7, '2015-02-16', 541, NULL, '488', 20, 'Active', NULL, '2015-06-21', '05:08:16 AM'),
(551, 1, 1, 372, 7, '2015-02-16', 542, NULL, '489', 20, 'Active', NULL, '2015-06-21', '05:10:26 AM'),
(552, 1, 1, 366, 7, '2015-02-17', 543, NULL, '490', 20, 'Active', NULL, '2015-06-21', '05:11:30 AM'),
(553, 1, 1, 373, 7, '2015-02-17', 544, NULL, '491', 20, 'Active', NULL, '2015-06-21', '05:13:46 AM'),
(554, 1, 1, 374, 7, '2015-02-18', 545, NULL, '492', 20, 'Active', NULL, '2015-06-21', '05:15:24 AM'),
(555, 1, 1, 375, 7, '2015-02-18', 546, NULL, '493', 20, 'Active', NULL, '2015-06-21', '05:17:13 AM'),
(556, 1, 1, 375, 7, '2015-02-16', 547, NULL, '494', 20, 'Active', NULL, '2015-06-21', '05:19:10 AM'),
(557, 1, 1, 377, 7, '2015-02-18', 548, NULL, '495', 20, 'Active', NULL, '2015-06-21', '05:21:29 AM'),
(558, 1, 1, 129, 7, '2015-02-25', 549, NULL, '496', 20, 'Active', NULL, '2015-06-21', '05:22:22 AM'),
(559, 1, 1, 378, 7, '2015-02-17', 550, NULL, '497', 20, 'Active', NULL, '2015-06-21', '05:28:14 AM'),
(560, 1, 1, 379, 7, '2015-02-16', 551, NULL, '498', 20, 'Active', NULL, '2015-06-21', '05:30:31 AM'),
(561, 1, 1, 380, 7, '2015-02-16', 552, NULL, '499', 20, 'Active', NULL, '2015-06-21', '05:32:17 AM'),
(562, 1, 1, 71, 7, '2015-02-26', 553, NULL, '500', 20, 'Active', NULL, '2015-06-23', '00:00:37 AM'),
(563, 1, 1, 381, 7, '2015-02-16', 554, NULL, '501', 20, 'Active', NULL, '2015-06-23', '00:04:09 AM'),
(564, 1, 1, 382, 7, '2015-02-16', 555, NULL, '502', 20, 'Active', NULL, '2015-06-23', '00:14:19 AM'),
(565, 1, 1, 383, 7, '2015-02-16', 556, NULL, '503', 20, 'Active', NULL, '2015-06-23', '00:17:14 AM'),
(566, 1, 1, 259, 7, '2015-02-25', 557, NULL, '504', 20, 'Active', NULL, '2015-06-23', '00:18:11 AM'),
(567, 1, 1, 259, 7, '2015-02-25', 558, NULL, '505', 20, 'Active', NULL, '2015-06-23', '00:18:56 AM'),
(568, 1, 1, 259, 7, '2015-02-26', 559, NULL, '506', 20, 'Active', NULL, '2015-06-23', '00:20:25 AM');
INSERT INTO `fna_productloadunload` (`PRODUCTLOADUNLOADID`, `PROJECTID`, `SUBPROJECTID`, `PARTYID`, `LABOURID`, `ENTRYDATE`, `RECEIVENUMBER`, `DELIVERYCHALLANNUMBER`, `LOTNO`, `USERID`, `STATUS`, `FLAG`, `ENTDATE`, `ENTTIME`) VALUES
(569, 1, 1, 345, 7, '2015-02-18', 560, NULL, '507', 20, 'Active', NULL, '2015-06-23', '00:21:39 AM'),
(570, 1, 1, 71, 7, '2015-02-26', 561, NULL, '508', 20, 'Active', NULL, '2015-06-23', '00:22:43 AM'),
(571, 1, 1, 384, 7, '2015-02-16', 562, NULL, '509', 20, 'Active', NULL, '2015-06-23', '00:25:25 AM'),
(572, 1, 1, 385, 7, '2015-02-16', 563, NULL, '510', 20, 'Active', NULL, '2015-06-23', '00:28:34 AM'),
(573, 1, 1, 386, 7, '2015-02-16', 564, NULL, '511', 20, 'Active', NULL, '2015-06-23', '00:31:24 AM'),
(574, 1, 1, 387, 7, '2015-02-16', 565, NULL, '512', 20, 'Active', NULL, '2015-06-23', '00:36:47 AM'),
(575, 1, 1, 388, 7, '2015-02-16', 566, NULL, '513', 20, 'Active', NULL, '2015-06-23', '00:39:05 AM'),
(576, 1, 1, 389, 7, '2015-02-16', 567, NULL, '514', 20, 'Active', NULL, '2015-06-23', '00:42:44 AM'),
(577, 1, 1, 390, 7, '2015-02-16', 568, NULL, '515', 20, 'Active', NULL, '2015-06-23', '00:45:11 AM'),
(578, 1, 1, 391, 7, '2015-02-16', 569, NULL, '516', 20, 'Active', NULL, '2015-06-23', '00:47:20 AM'),
(579, 1, 1, 392, 7, '2015-02-16', 570, NULL, '517', 20, 'Active', NULL, '2015-06-23', '00:49:47 AM'),
(580, 1, 1, 393, 7, '2015-02-16', 571, NULL, '518', 20, 'Active', NULL, '2015-06-23', '00:52:03 AM'),
(581, 1, 1, 394, 7, '2015-02-16', 572, NULL, '519', 20, 'Active', NULL, '2015-06-23', '01:04:07 AM'),
(582, 1, 1, 395, 7, '2015-02-16', 573, NULL, '520', 20, 'Active', NULL, '2015-06-23', '01:48:26 AM'),
(583, 1, 1, 396, 7, '2015-02-16', 574, NULL, '521', 20, 'Active', NULL, '2015-06-23', '01:53:37 AM'),
(584, 1, 1, 397, 7, '2015-02-16', 575, NULL, '522', 20, 'Active', NULL, '2015-06-23', '02:19:10 AM'),
(585, 1, 1, 82, 7, '2015-02-25', 576, NULL, '523', 20, 'Active', NULL, '2015-06-23', '02:19:55 AM'),
(586, 1, 1, 82, 7, '2015-02-26', 577, NULL, '524', 20, 'Active', NULL, '2015-06-23', '02:20:40 AM'),
(587, 1, 1, 398, 7, '2015-02-18', 578, NULL, '525', 20, 'Active', NULL, '2015-06-23', '02:23:55 AM'),
(588, 1, 1, 399, 7, '2015-02-16', 579, NULL, '526', 20, 'Active', NULL, '2015-06-23', '02:26:40 AM'),
(589, 1, 1, 260, 7, '2015-02-17', 580, NULL, '527', 20, 'Active', NULL, '2015-06-23', '02:27:35 AM'),
(590, 1, 1, 260, 7, '2015-02-19', 581, NULL, '528', 20, 'Active', NULL, '2015-06-23', '02:28:21 AM'),
(591, 1, 1, 260, 7, '2015-02-20', 582, NULL, '529', 20, 'Active', NULL, '2015-06-23', '02:29:42 AM'),
(592, 1, 1, 260, 7, '2015-02-18', 583, NULL, '530', 20, 'Active', NULL, '2015-06-23', '02:39:17 AM'),
(593, 1, 1, 343, 7, '2015-02-19', 584, NULL, '531', 20, 'Active', NULL, '2015-06-23', '02:40:13 AM'),
(594, 1, 1, 345, 7, '2015-02-19', 585, NULL, '532', 20, 'Active', NULL, '2015-06-23', '02:42:35 AM'),
(595, 1, 1, 345, 7, '2015-02-20', 586, NULL, '533', 20, 'Active', NULL, '2015-06-23', '02:43:22 AM'),
(596, 1, 1, 268, 7, '2015-02-25', 587, NULL, '534', 20, 'Active', NULL, '2015-06-23', '02:44:22 AM'),
(597, 1, 1, 346, 7, '2015-02-17', 588, NULL, '536', 20, 'Active', NULL, '2015-06-23', '03:01:01 AM'),
(598, 1, 1, 400, 7, '2015-02-16', 589, NULL, '535', 20, 'Active', NULL, '2015-06-23', '03:03:29 AM'),
(599, 1, 1, 345, 7, '2015-02-18', 590, NULL, '537', 20, 'Active', NULL, '2015-06-23', '03:04:40 AM'),
(600, 1, 1, 402, 7, '2015-02-17', 591, NULL, '538', 20, 'Active', NULL, '2015-06-23', '03:14:39 AM'),
(601, 1, 1, 403, 7, '2015-02-17', 592, NULL, '539', 20, 'Active', NULL, '2015-06-23', '03:17:41 AM'),
(602, 1, 1, 305, 7, '2015-02-17', 593, NULL, '540', 20, 'Active', NULL, '2015-06-23', '03:19:06 AM'),
(603, 1, 1, 404, 7, '2015-02-16', 594, NULL, '541', 20, 'Active', NULL, '2015-06-23', '03:21:01 AM'),
(604, 1, 1, 259, 7, '2015-02-26', 595, NULL, '542', 20, 'Active', NULL, '2015-06-23', '03:22:01 AM'),
(605, 1, 1, 259, 7, '2015-02-27', 596, NULL, '543', 20, 'Active', NULL, '2015-06-23', '03:22:46 AM'),
(606, 1, 1, 405, 7, '2015-02-16', 597, NULL, '544', 20, 'Active', NULL, '2015-06-23', '03:25:08 AM'),
(607, 1, 1, 406, 7, '2015-02-17', 598, NULL, '545', 20, 'Active', NULL, '2015-06-23', '03:29:21 AM'),
(608, 1, 1, 407, 7, '2015-02-17', 599, NULL, '546', 20, 'Active', NULL, '2015-06-23', '04:17:03 AM'),
(609, 1, 1, 408, 7, '2015-02-17', 600, NULL, '547', 20, 'Active', NULL, '2015-06-23', '04:20:11 AM'),
(610, 1, 1, 409, 7, '2015-02-17', 601, NULL, '548', 20, 'Active', NULL, '2015-06-23', '04:25:09 AM'),
(611, 1, 1, 410, 7, '2015-02-17', 602, NULL, '549', 20, 'Active', NULL, '2015-06-23', '04:27:49 AM'),
(612, 1, 1, 411, 7, '2015-02-16', 603, NULL, '550', 20, 'Active', NULL, '2015-06-23', '05:55:22 AM'),
(613, 1, 1, 412, 7, '2015-02-17', 604, NULL, '551', 20, 'Active', NULL, '2015-06-23', '05:56:03 AM'),
(614, 1, 1, 413, 7, '2015-02-16', 605, NULL, '552', 20, 'Active', NULL, '2015-06-23', '05:56:56 AM'),
(615, 1, 1, 414, 7, '2015-02-16', 606, NULL, '553', 20, 'Active', NULL, '2015-06-23', '05:57:42 AM'),
(616, 1, 1, 415, 7, '2015-02-16', 607, NULL, '554', 20, 'Active', NULL, '2015-06-23', '05:58:35 AM'),
(617, 1, 1, 416, 7, '2015-02-16', 608, NULL, '555', 20, 'Active', NULL, '2015-06-23', '05:59:34 AM'),
(618, 1, 1, 417, 7, '2015-02-16', 609, NULL, '556', 20, 'Active', NULL, '2015-06-23', '06:00:15 AM'),
(619, 1, 1, 418, 7, '2015-02-16', 610, NULL, '557', 20, 'Active', NULL, '2015-06-23', '06:00:57 AM'),
(620, 1, 1, 419, 7, '2015-02-17', 611, NULL, '558', 20, 'Active', NULL, '2015-06-23', '06:01:46 AM'),
(621, 1, 1, 420, 7, '2015-02-16', 612, NULL, '559', 20, 'Active', NULL, '2015-06-23', '06:02:32 AM'),
(622, 1, 1, 421, 7, '2015-02-16', 613, NULL, '560', 20, 'Active', NULL, '2015-06-23', '06:06:03 AM'),
(623, 1, 1, 422, 7, '2015-02-16', 614, NULL, '561', 20, 'Active', NULL, '2015-06-23', '06:08:33 AM'),
(624, 1, 1, 368, 7, '2015-02-17', 615, NULL, '562', 20, 'Active', NULL, '2015-06-23', '06:11:05 AM'),
(625, 1, 1, 423, 7, '2015-02-16', 616, NULL, '563', 20, 'Active', NULL, '2015-06-23', '06:23:20 AM'),
(626, 1, 1, 424, 7, '2015-02-16', 617, NULL, '564', 20, 'Active', NULL, '2015-06-23', '06:24:03 AM'),
(627, 1, 1, 425, 7, '2015-02-17', 618, NULL, '565', 20, 'Active', NULL, '2015-06-23', '06:24:50 AM'),
(628, 1, 1, 426, 7, '2015-02-16', 619, NULL, '566', 20, 'Active', NULL, '2015-06-23', '06:25:33 AM'),
(629, 1, 1, 427, 7, '2015-02-16', 620, NULL, '567', 20, 'Active', NULL, '2015-06-23', '06:26:19 AM'),
(630, 1, 1, 428, 7, '2015-02-16', 621, NULL, '568', 20, 'Active', NULL, '2015-06-23', '06:27:44 AM'),
(631, 1, 1, 429, 7, '2015-02-17', 622, NULL, '569', 20, 'Active', NULL, '2015-06-23', '06:28:18 AM'),
(632, 1, 1, 430, 7, '2015-02-16', 623, NULL, '570', 20, 'Active', NULL, '2015-06-23', '06:29:02 AM'),
(633, 1, 1, 431, 7, '2015-02-16', 624, NULL, '571', 20, 'Active', NULL, '2015-06-23', '06:29:51 AM'),
(634, 1, 1, 432, 7, '2015-02-16', 625, NULL, '572', 20, 'Active', NULL, '2015-06-23', '23:09:22 PM'),
(635, 1, 1, 433, 7, '2015-02-16', 626, NULL, '573', 20, 'Active', NULL, '2015-06-23', '23:10:21 PM'),
(636, 1, 1, 435, 7, '2015-02-16', 627, NULL, '574', 20, 'Active', NULL, '2015-06-23', '23:16:44 PM'),
(637, 1, 1, 436, 7, '2015-02-16', 628, NULL, '575', 20, 'Active', NULL, '2015-06-23', '23:19:44 PM'),
(638, 1, 1, 434, 7, '2015-02-16', 629, NULL, '576', 20, 'Active', NULL, '2015-06-23', '23:22:05 PM'),
(639, 1, 1, 434, 7, '2015-02-17', 630, NULL, '577', 20, 'Active', NULL, '2015-06-23', '23:22:57 PM'),
(640, 1, 1, 437, 7, '2015-02-16', 631, NULL, '578', 20, 'Active', NULL, '2015-06-24', '00:26:19 AM'),
(641, 1, 1, 438, 7, '2015-02-17', 632, NULL, '579', 20, 'Active', NULL, '2015-06-24', '00:32:47 AM'),
(642, 1, 1, 70, 7, '2015-02-19', 633, NULL, '584', 20, 'Active', NULL, '2015-06-24', '00:36:31 AM'),
(643, 1, 1, 400, 7, '2015-02-18', 634, NULL, '585', 20, 'Active', NULL, '2015-06-24', '00:37:34 AM'),
(644, 1, 1, 167, 7, '2015-02-25', 635, NULL, '586', 20, 'Active', NULL, '2015-06-24', '00:52:47 AM'),
(645, 1, 1, 167, 7, '2015-02-19', 636, NULL, '587', 20, 'Active', NULL, '2015-06-24', '00:53:40 AM'),
(646, 1, 1, 345, 7, '2015-02-18', 637, NULL, '588', 20, 'Active', NULL, '2015-06-24', '00:54:51 AM'),
(647, 1, 1, 129, 7, '2015-02-20', 638, NULL, '589', 20, 'Active', NULL, '2015-06-24', '00:55:53 AM'),
(648, 1, 1, 268, 7, '2015-02-17', 639, NULL, '590', 20, 'Active', NULL, '2015-06-24', '00:57:13 AM'),
(649, 1, 1, 225, 7, '2015-02-20', 640, NULL, '597', 20, 'Active', NULL, '2015-06-24', '01:00:24 AM'),
(650, 1, 1, 225, 7, '2015-02-20', 641, NULL, '598', 20, 'Active', NULL, '2015-06-24', '01:02:02 AM'),
(651, 1, 1, 439, 7, '2015-02-18', 642, NULL, '580', 20, 'Active', NULL, '2015-06-24', '01:53:02 AM'),
(652, 1, 1, 440, 7, '2015-02-16', 643, NULL, '581', 20, 'Active', NULL, '2015-06-24', '01:54:01 AM'),
(653, 1, 1, 441, 7, '2015-02-17', 644, NULL, '582', 20, 'Active', NULL, '2015-06-24', '01:54:51 AM'),
(654, 1, 1, 442, 7, '2015-02-17', 645, NULL, '583', 20, 'Active', NULL, '2015-06-24', '01:55:47 AM'),
(655, 1, 1, 443, 7, '2015-02-17', 646, NULL, '591', 20, 'Active', NULL, '2015-06-24', '02:04:58 AM'),
(656, 1, 1, 444, 7, '2015-02-24', 647, NULL, '592', 20, 'Active', NULL, '2015-06-24', '02:06:00 AM'),
(657, 1, 1, 445, 7, '2015-02-17', 648, NULL, '593', 20, 'Active', NULL, '2015-06-24', '02:06:57 AM'),
(658, 1, 1, 446, 7, '2015-02-17', 649, NULL, '594', 20, 'Active', NULL, '2015-06-24', '02:07:46 AM'),
(659, 1, 1, 447, 7, '2015-02-16', 650, NULL, '595', 20, 'Active', NULL, '2015-06-24', '02:08:39 AM'),
(660, 1, 1, 448, 7, '2015-02-17', 651, NULL, '596', 20, 'Active', NULL, '2015-06-24', '02:09:39 AM'),
(661, 1, 1, 449, 7, '2015-02-17', 652, NULL, '599', 20, 'Active', NULL, '2015-06-24', '02:10:47 AM'),
(662, 1, 1, 450, 7, '2015-02-16', 653, NULL, '600', 20, 'Active', NULL, '2015-06-24', '02:11:47 AM'),
(663, 1, 1, 451, 7, '2015-02-17', 654, NULL, '601', 20, 'Active', NULL, '2015-06-24', '02:12:40 AM'),
(664, 1, 1, 452, 7, '2015-02-17', 655, NULL, '602', 20, 'Active', NULL, '2015-06-24', '02:13:35 AM'),
(665, 1, 1, 453, 7, '2015-02-24', 656, NULL, '603', 20, 'Active', NULL, '2015-06-24', '02:14:39 AM'),
(666, 1, 1, 454, 7, '2015-02-16', 657, NULL, '604', 20, 'Active', NULL, '2015-06-24', '02:15:32 AM'),
(667, 1, 1, 455, 7, '2015-02-25', 658, NULL, '605', 20, 'Active', NULL, '2015-06-24', '02:16:32 AM'),
(668, 1, 1, 456, 7, '2015-02-17', 659, NULL, '606', 20, 'Active', NULL, '2015-06-24', '02:17:21 AM'),
(669, 1, 1, 457, 7, '2015-02-17', 660, NULL, '607', 20, 'Active', NULL, '2015-06-24', '02:18:37 AM'),
(670, 1, 1, 155, 7, '2015-02-17', 661, NULL, '612', 20, 'Active', NULL, '2015-06-24', '02:47:16 AM'),
(671, 1, 1, 348, 7, '2015-02-17', 662, NULL, '618', 20, 'Active', NULL, '2015-06-24', '02:51:26 AM'),
(672, 1, 1, 367, 7, '2015-02-19', 663, NULL, '620', 20, 'Active', NULL, '2015-06-24', '02:52:37 AM'),
(673, 1, 1, 155, 7, '2015-02-27', 664, NULL, '632', 20, 'Active', NULL, '2015-06-24', '02:57:08 AM'),
(674, 1, 1, 225, 7, '2015-02-18', 665, NULL, '635', 20, 'Active', NULL, '2015-06-24', '02:58:25 AM'),
(675, 1, 1, 167, 7, '2015-02-17', 666, NULL, '638', 20, 'Active', NULL, '2015-06-24', '02:59:28 AM'),
(676, 1, 1, 167, 7, '2015-02-16', 667, NULL, '639', 20, 'Active', NULL, '2015-06-24', '03:47:25 AM'),
(677, 1, 1, 82, 7, '2015-02-25', 668, NULL, '640', 20, 'Active', NULL, '2015-06-24', '03:48:19 AM'),
(678, 1, 1, 458, 7, '2015-02-16', 669, NULL, '608', 20, 'Active', NULL, '2015-06-24', '05:53:48 AM'),
(679, 1, 1, 459, 7, '2015-02-17', 670, NULL, '609', 20, 'Active', NULL, '2015-06-24', '05:54:45 AM'),
(680, 1, 1, 460, 7, '2015-02-18', 671, NULL, '610', 20, 'Active', NULL, '2015-06-24', '05:55:25 AM'),
(681, 1, 1, 461, 7, '2015-02-17', 672, NULL, '611', 20, 'Active', NULL, '2015-06-24', '05:56:07 AM'),
(682, 1, 1, 462, 7, '2015-02-17', 673, NULL, '613', 20, 'Active', NULL, '2015-06-24', '05:57:05 AM'),
(683, 1, 1, 463, 7, '2015-02-17', 674, NULL, '614', 20, 'Active', NULL, '2015-06-24', '05:57:54 AM'),
(684, 1, 1, 482, 7, '2015-02-16', 675, NULL, '615', 20, 'Active', NULL, '2015-06-24', '06:02:36 AM'),
(685, 1, 1, 465, 7, '2015-02-16', 676, NULL, '616', 20, 'Active', NULL, '2015-06-24', '06:03:39 AM'),
(686, 1, 1, 466, 7, '2015-02-16', 677, NULL, '617', 20, 'Active', NULL, '2015-06-24', '06:04:32 AM'),
(687, 1, 1, 467, 7, '2015-02-17', 678, NULL, '619', 20, 'Active', NULL, '2015-06-24', '06:05:18 AM'),
(688, 1, 1, 468, 7, '2015-02-17', 679, NULL, '621', 20, 'Active', NULL, '2015-06-24', '06:06:35 AM'),
(689, 1, 1, 469, 7, '2015-02-16', 680, NULL, '622', 20, 'Active', NULL, '2015-06-24', '06:07:24 AM'),
(690, 1, 1, 470, 7, '2015-02-16', 681, NULL, '623', 20, 'Active', NULL, '2015-06-24', '06:08:53 AM'),
(691, 1, 1, 471, 7, '2015-02-16', 682, NULL, '624', 20, 'Active', NULL, '2015-06-24', '06:09:39 AM'),
(692, 1, 1, 472, 7, '2015-02-17', 683, NULL, '625', 20, 'Active', NULL, '2015-06-24', '06:10:26 AM'),
(693, 1, 1, 473, 7, '2015-02-16', 684, NULL, '626', 20, 'Active', NULL, '2015-06-24', '06:11:26 AM'),
(694, 1, 1, 474, 7, '2015-02-16', 685, NULL, '627', 20, 'Active', NULL, '2015-06-24', '06:13:13 AM'),
(695, 1, 1, 475, 7, '2015-02-17', 686, NULL, '628', 20, 'Active', NULL, '2015-06-24', '06:14:06 AM'),
(696, 1, 1, 476, 7, '2015-02-16', 687, NULL, '629', 20, 'Active', NULL, '2015-06-24', '06:16:42 AM'),
(697, 1, 1, 477, 7, '2015-02-17', 688, NULL, '630', 20, 'Active', NULL, '2015-06-24', '06:17:26 AM'),
(698, 1, 1, 478, 7, '2015-02-17', 689, NULL, '631', 20, 'Active', NULL, '2015-06-24', '06:18:20 AM'),
(699, 1, 1, 479, 7, '2015-02-16', 690, NULL, '633', 20, 'Active', NULL, '2015-06-24', '06:19:10 AM'),
(700, 1, 1, 479, 7, '2015-02-17', 691, NULL, '634', 20, 'Active', NULL, '2015-06-24', '06:20:16 AM'),
(701, 1, 1, 480, 7, '2015-02-16', 692, NULL, '636', 20, 'Active', NULL, '2015-06-24', '06:21:10 AM'),
(702, 1, 1, 480, 7, '2015-02-17', 693, NULL, '637', 20, 'Active', NULL, '2015-06-24', '06:21:57 AM'),
(703, 1, 1, 481, 7, '2015-02-16', 694, NULL, '641', 20, 'Active', NULL, '2015-06-24', '06:22:39 AM'),
(704, 1, 1, 482, 7, '2015-02-17', 695, NULL, '642', 20, 'Active', NULL, '2015-06-24', '06:23:20 AM'),
(705, 1, 1, 483, 7, '2015-02-16', 696, NULL, '643', 20, 'Active', NULL, '2015-06-24', '06:24:04 AM'),
(706, 1, 1, 345, 7, '2015-02-23', 697, NULL, '644', 20, 'Active', NULL, '2015-06-24', '23:39:44 PM'),
(707, 1, 1, 171, 7, '2015-02-18', 698, NULL, '645', 20, 'Active', NULL, '2015-06-24', '23:43:58 PM'),
(708, 1, 1, 434, 7, '2015-02-18', 699, NULL, '649', 20, 'Active', NULL, '2015-06-24', '23:46:09 PM'),
(709, 1, 1, 434, 7, '2015-02-24', 700, NULL, '650', 20, 'Active', NULL, '2015-06-24', '23:47:05 PM'),
(710, 1, 1, 434, 7, '2015-02-18', 701, NULL, '651', 20, 'Active', NULL, '2015-06-24', '23:48:23 PM'),
(711, 1, 1, 434, 7, '2015-02-17', 702, NULL, '652', 20, 'Active', NULL, '2015-06-24', '23:49:27 PM'),
(712, 1, 1, 434, 7, '2015-02-19', 703, NULL, '653', 20, 'Active', NULL, '2015-06-24', '23:50:12 PM'),
(713, 1, 1, 434, 7, '2015-02-24', 704, NULL, '654', 20, 'Active', NULL, '2015-06-24', '23:51:02 PM'),
(714, 1, 1, 400, 7, '2015-02-24', 705, NULL, '656', 20, 'Active', NULL, '2015-06-24', '23:52:06 PM'),
(715, 1, 1, 400, 7, '2015-02-18', 706, NULL, '657', 20, 'Active', NULL, '2015-06-24', '23:53:12 PM'),
(716, 1, 1, 366, 7, '2015-02-18', 707, NULL, '658', 20, 'Active', NULL, '2015-06-24', '23:54:55 PM'),
(717, 1, 1, 345, 7, '2015-02-18', 708, NULL, '660', 20, 'Active', NULL, '2015-06-24', '23:58:13 PM'),
(718, 1, 1, 345, 7, '2015-02-24', 709, NULL, '661', 20, 'Active', NULL, '2015-06-24', '23:59:19 PM'),
(719, 1, 1, 345, 7, '2015-02-26', 710, NULL, '662', 20, 'Active', NULL, '2015-06-25', '00:00:25 AM'),
(720, 1, 1, 391, 7, '2015-02-18', 711, NULL, '670', 20, 'Active', NULL, '2015-06-25', '00:03:25 AM'),
(721, 1, 1, 400, 7, '2015-02-26', 712, NULL, '678', 20, 'Active', NULL, '2015-06-25', '00:06:43 AM'),
(722, 1, 1, 484, 7, '2015-02-17', 713, NULL, '646', 20, 'Active', NULL, '2015-06-25', '00:53:12 AM'),
(723, 1, 1, 485, 7, '2015-02-17', 714, NULL, '647', 20, 'Active', NULL, '2015-06-25', '00:54:01 AM'),
(724, 1, 1, 486, 7, '2015-02-18', 715, NULL, '648', 20, 'Active', NULL, '2015-06-25', '00:55:10 AM'),
(725, 1, 1, 487, 7, '2015-02-16', 716, NULL, '655', 20, 'Active', NULL, '2015-06-25', '00:55:59 AM'),
(726, 1, 1, 488, 7, '2015-02-16', 717, NULL, '659', 20, 'Active', NULL, '2015-06-25', '00:57:09 AM'),
(727, 1, 1, 489, 7, '2015-02-17', 718, NULL, '663', 20, 'Active', NULL, '2015-06-25', '01:03:54 AM'),
(728, 1, 1, 490, 7, '2015-02-16', 719, NULL, '664', 20, 'Active', NULL, '2015-06-25', '01:04:58 AM'),
(729, 1, 1, 491, 7, '2015-02-18', 720, NULL, '665', 20, 'Active', NULL, '2015-06-25', '01:06:04 AM'),
(730, 1, 1, 492, 7, '2015-02-17', 721, NULL, '666', 20, 'Active', NULL, '2015-06-25', '01:06:57 AM'),
(731, 1, 1, 493, 7, '2015-02-16', 722, NULL, '667', 20, 'Active', NULL, '2015-06-25', '01:07:45 AM'),
(732, 1, 1, 494, 7, '2015-02-17', 723, NULL, '668', 20, 'Active', NULL, '2015-06-25', '01:08:41 AM'),
(733, 1, 1, 495, 7, '2015-02-16', 724, NULL, '669', 20, 'Active', NULL, '2015-06-25', '01:10:43 AM'),
(734, 1, 1, 496, 7, '2015-02-16', 725, NULL, '671', 20, 'Active', NULL, '2015-06-25', '01:11:59 AM'),
(735, 1, 1, 504, 7, '2015-02-17', 726, NULL, '672', 20, 'Active', NULL, '2015-06-25', '01:12:50 AM'),
(736, 1, 1, 498, 7, '2015-02-17', 727, NULL, '673', 20, 'Active', NULL, '2015-06-25', '01:13:44 AM'),
(737, 1, 1, 499, 7, '2015-02-18', 728, NULL, '674', 20, 'Active', NULL, '2015-06-25', '01:14:47 AM'),
(738, 1, 1, 500, 7, '2015-02-18', 729, NULL, '675', 20, 'Active', NULL, '2015-06-25', '01:15:48 AM'),
(739, 1, 1, 501, 7, '2015-02-17', 730, NULL, '676', 20, 'Active', NULL, '2015-06-25', '01:17:07 AM'),
(740, 1, 1, 502, 7, '2015-02-17', 731, NULL, '677', 20, 'Active', NULL, '2015-06-25', '01:18:02 AM'),
(741, 1, 1, 503, 7, '2015-02-16', 732, NULL, '679', 20, 'Active', NULL, '2015-06-25', '01:19:07 AM'),
(742, 1, 1, 71, 7, '2015-02-22', 733, NULL, '688', 20, 'Active', NULL, '2015-06-25', '02:10:26 AM'),
(743, 1, 1, 260, 7, '2015-02-25', 734, NULL, '691', 20, 'Active', NULL, '2015-06-25', '02:11:38 AM'),
(744, 1, 1, 260, 7, '2015-02-25', 735, NULL, '692', 20, 'Active', NULL, '2015-06-25', '02:12:40 AM'),
(745, 1, 1, 260, 7, '2015-02-25', 736, NULL, '693', 20, 'Active', NULL, '2015-06-25', '02:13:29 AM'),
(746, 1, 1, 260, 7, '2015-02-25', 737, NULL, '694', 20, 'Active', NULL, '2015-06-25', '02:14:26 AM'),
(747, 1, 1, 260, 7, '2015-02-25', 738, NULL, '695', 20, 'Active', NULL, '2015-06-25', '02:15:16 AM'),
(748, 1, 1, 488, 7, '2015-02-25', 739, NULL, '702', 20, 'Active', NULL, '2015-06-25', '02:18:45 AM'),
(749, 1, 1, 345, 7, '2015-02-25', 740, NULL, '703', 20, 'Active', NULL, '2015-06-25', '02:20:06 AM'),
(750, 1, 1, 171, 7, '2015-02-25', 741, NULL, '701', 20, 'Active', NULL, '2015-06-25', '02:22:33 AM'),
(751, 1, 1, 155, 7, '2015-02-25', 742, NULL, '709', 20, 'Active', NULL, '2015-06-25', '02:24:16 AM'),
(752, 1, 1, 259, 7, '2015-02-25', 743, NULL, '710', 20, 'Active', NULL, '2015-06-25', '02:26:53 AM'),
(753, 1, 1, 259, 7, '2015-02-25', 744, NULL, '711', 20, 'Active', NULL, '2015-06-25', '02:28:37 AM'),
(754, 1, 1, 259, 7, '2015-02-25', 745, NULL, '712', 20, 'Active', NULL, '2015-06-25', '02:29:48 AM'),
(755, 1, 1, 259, 7, '2015-02-25', 746, NULL, '713', 20, 'Active', NULL, '2015-06-25', '02:30:35 AM'),
(756, 1, 1, 259, 7, '2015-02-25', 747, NULL, '714', 20, 'Active', NULL, '2015-06-25', '02:31:31 AM'),
(757, 1, 1, 345, 7, '2015-02-26', 748, NULL, '715', 20, 'Active', NULL, '2015-06-25', '02:32:48 AM'),
(758, 1, 1, 505, 7, '2015-02-16', 749, NULL, '680', 20, 'Active', NULL, '2015-06-25', '03:54:08 AM'),
(759, 1, 1, 506, 7, '2015-02-16', 750, NULL, '681', 20, 'Active', NULL, '2015-06-25', '03:54:48 AM'),
(760, 1, 1, 507, 7, '2015-02-16', 751, NULL, '682', 20, 'Active', NULL, '2015-06-25', '03:55:31 AM'),
(761, 1, 1, 508, 7, '2015-02-16', 752, NULL, '683', 20, 'Active', NULL, '2015-06-25', '03:56:26 AM'),
(762, 1, 1, 509, 7, '2015-02-16', 753, NULL, '684', 20, 'Active', NULL, '2015-06-25', '03:57:07 AM'),
(763, 1, 1, 510, 7, '2015-02-16', 754, NULL, '685', 20, 'Active', NULL, '2015-06-25', '03:57:49 AM'),
(764, 1, 1, 511, 7, '2015-02-16', 755, NULL, '686', 20, 'Active', NULL, '2015-06-25', '03:58:30 AM'),
(765, 1, 1, 512, 7, '2015-02-16', 756, NULL, '687', 20, 'Active', NULL, '2015-06-25', '03:59:28 AM'),
(766, 1, 1, 513, 7, '2015-02-17', 757, NULL, '689', 20, 'Active', NULL, '2015-06-25', '04:02:13 AM'),
(767, 1, 1, 514, 7, '2015-02-16', 758, NULL, '690', 20, 'Active', NULL, '2015-06-25', '04:03:01 AM'),
(768, 1, 1, 515, 7, '2015-02-16', 759, NULL, '696', 20, 'Active', NULL, '2015-06-25', '04:04:43 AM'),
(769, 1, 1, 516, 7, '2015-02-16', 760, NULL, '697', 20, 'Active', NULL, '2015-06-25', '04:05:52 AM'),
(770, 1, 1, 525, 7, '2015-02-16', 761, NULL, '698', 20, 'Active', NULL, '2015-06-25', '04:06:55 AM'),
(771, 1, 1, 518, 7, '2015-02-17', 762, NULL, '699', 20, 'Active', NULL, '2015-06-25', '04:07:46 AM'),
(772, 1, 1, 519, 7, '2015-02-17', 763, NULL, '700', 20, 'Active', NULL, '2015-06-25', '04:08:23 AM'),
(773, 1, 1, 520, 7, '2015-02-16', 764, NULL, '704', 20, 'Active', NULL, '2015-06-25', '04:09:22 AM'),
(774, 1, 1, 521, 7, '2015-02-16', 765, NULL, '705', 20, 'Active', NULL, '2015-06-25', '04:10:10 AM'),
(775, 1, 1, 522, 7, '2015-02-16', 766, NULL, '706', 20, 'Active', NULL, '2015-06-25', '04:10:51 AM'),
(776, 1, 1, 523, 7, '2015-02-17', 767, NULL, '707', 20, 'Active', NULL, '2015-06-25', '04:11:33 AM'),
(777, 1, 1, 524, 7, '2015-02-17', 768, NULL, '708', 20, 'Active', NULL, '2015-06-25', '04:12:30 AM'),
(778, 1, 1, 345, 7, '2015-02-26', 769, NULL, '716', 20, 'Active', NULL, '2015-06-25', '04:57:57 AM'),
(779, 1, 1, 155, 7, '2015-02-24', 770, NULL, '717', 20, 'Active', NULL, '2015-06-25', '04:59:01 AM'),
(780, 1, 1, 345, 7, '2015-02-26', 771, NULL, '718', 20, 'Active', NULL, '2015-06-25', '05:00:35 AM'),
(781, 1, 1, 345, 7, '2015-02-26', 772, NULL, '719', 20, 'Active', NULL, '2015-06-25', '05:03:56 AM'),
(782, 1, 1, 345, 7, '2015-02-24', 773, NULL, '736', 20, 'Active', NULL, '2015-06-25', '05:09:29 AM'),
(783, 1, 1, 171, 7, '2015-02-26', 774, NULL, '737', 20, 'Active', NULL, '2015-06-25', '05:10:36 AM'),
(784, 1, 1, 171, 7, '2015-02-26', 775, NULL, '738', 20, 'Active', NULL, '2015-06-25', '05:11:25 AM'),
(785, 1, 1, 238, 7, '2015-02-24', 776, NULL, '739', 20, 'Active', NULL, '2015-06-25', '05:12:15 AM'),
(786, 1, 1, 238, 7, '2015-02-24', 777, NULL, '740', 20, 'Active', NULL, '2015-06-25', '05:13:08 AM'),
(787, 1, 1, 434, 7, '2015-02-24', 778, NULL, '742', 20, 'Active', NULL, '2015-06-25', '05:14:53 AM'),
(788, 1, 1, 434, 7, '2015-02-24', 779, NULL, '743', 20, 'Active', NULL, '2015-06-25', '05:16:12 AM'),
(789, 1, 1, 434, 7, '2015-02-25', 780, NULL, '744', 20, 'Active', NULL, '2015-06-25', '05:17:04 AM'),
(790, 1, 1, 434, 7, '2015-02-25', 781, NULL, '745', 20, 'Active', NULL, '2015-06-25', '05:17:50 AM'),
(791, 1, 1, 434, 7, '2015-02-25', 782, NULL, '746', 20, 'Active', NULL, '2015-06-25', '05:18:49 AM'),
(792, 1, 1, 434, 7, '2015-02-25', 783, NULL, '747', 20, 'Active', NULL, '2015-06-25', '05:19:45 AM'),
(793, 1, 1, 434, 7, '2015-02-25', 784, NULL, '748', 20, 'Active', NULL, '2015-06-25', '05:20:40 AM'),
(794, 1, 1, 224, 7, '2015-02-25', 785, NULL, '749', 20, 'Active', NULL, '2015-06-25', '05:21:35 AM'),
(795, 1, 1, 110, 7, '2015-02-24', 786, NULL, '750', 20, 'Active', NULL, '2015-06-25', '05:24:03 AM'),
(796, 1, 1, 259, 7, '2015-02-25', 787, NULL, '751', 20, 'Active', NULL, '2015-06-25', '05:24:56 AM'),
(797, 1, 1, 526, 7, '2015-02-16', 788, NULL, '720', 20, 'Active', NULL, '2015-06-26', '06:01:05 AM'),
(798, 1, 1, 527, 7, '2015-02-16', 789, NULL, '721', 20, 'Active', NULL, '2015-06-26', '06:03:09 AM'),
(799, 1, 1, 528, 7, '2015-02-16', 790, NULL, '722', 20, 'Active', NULL, '2015-06-26', '06:03:57 AM'),
(800, 1, 1, 529, 7, '2015-02-17', 791, NULL, '723', 20, 'Active', NULL, '2015-06-26', '06:05:25 AM'),
(801, 1, 1, 530, 7, '2015-02-17', 792, NULL, '724', 20, 'Active', NULL, '2015-06-26', '06:14:13 AM'),
(802, 1, 1, 531, 7, '2015-02-17', 793, NULL, '725', 20, 'Active', NULL, '2015-06-26', '06:15:20 AM'),
(803, 1, 1, 533, 7, '2015-02-17', 794, NULL, '726', 20, 'Active', NULL, '2015-06-26', '06:18:00 AM'),
(804, 1, 1, 534, 7, '2015-02-17', 795, NULL, '727', 20, 'Active', NULL, '2015-06-26', '06:18:51 AM'),
(805, 1, 1, 532, 7, '2015-02-17', 796, NULL, '728', 20, 'Active', NULL, '2015-06-26', '06:19:45 AM'),
(806, 1, 1, 535, 7, '2015-02-18', 797, NULL, '729', 20, 'Active', NULL, '2015-06-26', '06:20:34 AM'),
(807, 1, 1, 536, 7, '2015-06-26', 798, NULL, '730', 20, 'Active', NULL, '2015-06-26', '06:22:10 AM'),
(808, 1, 1, 537, 7, '2015-02-18', 799, NULL, '731', 20, 'Active', NULL, '2015-06-26', '06:23:16 AM'),
(809, 1, 1, 538, 7, '2015-02-17', 800, NULL, '732', 20, 'Active', NULL, '2015-06-26', '06:24:13 AM'),
(810, 1, 1, 539, 7, '2015-02-17', 801, NULL, '733', 20, 'Active', NULL, '2015-06-26', '06:25:17 AM'),
(811, 1, 1, 540, 7, '2015-02-17', 802, NULL, '734', 20, 'Active', NULL, '2015-06-26', '06:26:45 AM'),
(812, 1, 1, 541, 7, '2015-02-16', 803, NULL, '735', 20, 'Active', NULL, '2015-06-26', '06:27:44 AM'),
(813, 1, 1, 259, 7, '2015-02-17', 804, NULL, '752', 20, 'Active', NULL, '2015-06-26', '06:39:59 AM'),
(814, 1, 1, 259, 7, '2015-02-19', 805, NULL, '753', 20, 'Active', NULL, '2015-06-26', '06:40:52 AM'),
(815, 1, 1, 267, 7, '2015-02-17', 806, NULL, '754', 20, 'Active', NULL, '2015-06-26', '06:42:20 AM'),
(816, 1, 1, 267, 7, '2015-02-26', 807, NULL, '755', 20, 'Active', NULL, '2015-06-26', '06:43:10 AM'),
(817, 1, 1, 543, 7, '2015-02-17', 808, NULL, '756', 20, 'Active', NULL, '2015-06-26', '06:46:09 AM'),
(818, 1, 1, 345, 7, '2015-02-25', 809, NULL, '757', 20, 'Active', NULL, '2015-06-26', '06:47:12 AM'),
(819, 1, 1, 252, 7, '2015-02-18', 810, NULL, '758', 20, 'Active', NULL, '2015-06-26', '06:48:42 AM'),
(820, 1, 1, 345, 7, '2015-02-26', 811, NULL, '759', 20, 'Active', NULL, '2015-06-26', '06:49:46 AM'),
(821, 1, 1, 345, 7, '2015-02-20', 812, NULL, '760', 20, 'Active', NULL, '2015-06-26', '06:50:46 AM'),
(822, 1, 1, 544, 7, '2015-02-17', 813, NULL, '761', 20, 'Active', NULL, '2015-06-26', '06:55:30 AM'),
(823, 1, 1, 545, 7, '2015-02-17', 814, NULL, '762', 20, 'Active', NULL, '2015-06-26', '07:00:55 AM'),
(824, 1, 1, 546, 7, '2015-02-16', 815, NULL, '763', 20, 'Active', NULL, '2015-06-26', '07:05:00 AM'),
(825, 1, 1, 347, 7, '2015-02-16', 816, NULL, '764', 20, 'Active', NULL, '2015-06-26', '07:07:12 AM'),
(826, 1, 1, 547, 7, '2015-02-16', 817, NULL, '765', 20, 'Active', NULL, '2015-06-26', '07:15:38 AM'),
(827, 1, 1, 548, 7, '2015-02-16', 818, NULL, '766', 20, 'Active', NULL, '2015-06-26', '07:16:33 AM'),
(828, 1, 1, 549, 7, '2015-02-16', 819, NULL, '767', 20, 'Active', NULL, '2015-06-26', '07:17:23 AM'),
(829, 1, 1, 549, 7, '2015-02-17', 820, NULL, '768', 20, 'Active', NULL, '2015-06-26', '07:18:13 AM'),
(830, 1, 1, 167, 7, '2015-02-25', 821, NULL, '769', 20, 'Active', NULL, '2015-06-26', '07:19:20 AM'),
(831, 1, 1, 167, 7, '2015-02-17', 822, NULL, '770', 20, 'Active', NULL, '2015-06-26', '07:21:04 AM'),
(832, 1, 1, 167, 7, '2015-02-24', 823, NULL, '771', 20, 'Active', NULL, '2015-06-26', '07:22:23 AM'),
(833, 1, 1, 129, 7, '2015-02-25', 824, NULL, '777', 20, 'Active', NULL, '2015-06-26', '23:51:38 PM'),
(834, 1, 1, 225, 7, '2015-02-25', 825, NULL, '781', 20, 'Active', NULL, '2015-06-26', '23:54:29 PM'),
(835, 1, 1, 225, 7, '2015-02-24', 826, NULL, '782', 20, 'Active', NULL, '2015-06-26', '23:55:28 PM'),
(836, 1, 1, 171, 7, '2015-02-24', 827, NULL, '783', 20, 'Active', NULL, '2015-06-26', '23:56:18 PM'),
(837, 1, 1, 238, 7, '2015-02-26', 828, NULL, '784', 20, 'Active', NULL, '2015-06-26', '23:57:59 PM'),
(838, 1, 1, 238, 7, '2015-02-25', 829, NULL, '785', 20, 'Active', NULL, '2015-06-26', '23:59:43 PM'),
(839, 1, 1, 238, 7, '2015-02-25', 830, NULL, '786', 20, 'Active', NULL, '2015-06-27', '00:04:51 AM'),
(840, 1, 1, 238, 7, '2015-02-25', 831, NULL, '787', 20, 'Active', NULL, '2015-06-27', '00:05:43 AM'),
(841, 1, 1, 238, 7, '2015-02-24', 832, NULL, '788', 20, 'Active', NULL, '2015-06-27', '00:06:48 AM'),
(842, 1, 1, 238, 7, '2015-02-25', 833, NULL, '789', 20, 'Active', NULL, '2015-06-27', '00:07:44 AM'),
(843, 1, 1, 345, 7, '2015-02-25', 834, NULL, '790', 20, 'Active', NULL, '2015-06-27', '00:08:52 AM'),
(844, 1, 1, 83, 7, '2015-02-25', 835, NULL, '791', 20, 'Active', NULL, '2015-06-27', '00:11:34 AM'),
(845, 1, 1, 267, 7, '2015-02-25', 836, NULL, '792', 20, 'Active', NULL, '2015-06-27', '00:12:59 AM'),
(846, 1, 1, 174, 7, '2015-02-25', 837, NULL, '793', 20, 'Active', NULL, '2015-06-27', '00:14:16 AM'),
(847, 1, 1, 293, 7, '2015-02-24', 838, NULL, '794', 20, 'Active', NULL, '2015-06-27', '00:16:28 AM'),
(848, 1, 1, 293, 7, '2015-02-25', 839, NULL, '795', 20, 'Active', NULL, '2015-06-27', '00:18:06 AM'),
(849, 1, 1, 155, 7, '2015-02-25', 840, NULL, '796', 20, 'Active', NULL, '2015-06-27', '00:19:27 AM'),
(850, 1, 1, 155, 7, '2015-02-25', 841, NULL, '797', 20, 'Active', NULL, '2015-06-27', '00:21:00 AM'),
(851, 1, 1, 173, 7, '2015-02-25', 842, NULL, '800', 20, 'Active', NULL, '2015-06-27', '00:27:09 AM'),
(852, 1, 1, 225, 7, '2015-02-24', 843, NULL, '808', 20, 'Active', NULL, '2015-06-27', '00:29:24 AM'),
(853, 1, 1, 71, 7, '2015-02-25', 844, NULL, '810', 20, 'Active', NULL, '2015-06-27', '00:31:42 AM'),
(854, 1, 1, 155, 7, '2015-02-24', 845, NULL, '817', 20, 'Active', NULL, '2015-06-27', '00:34:46 AM'),
(855, 1, 1, 259, 7, '2015-02-25', 846, NULL, '818', 20, 'Active', NULL, '2015-06-27', '00:35:32 AM'),
(856, 1, 1, 259, 7, '2015-02-25', 847, NULL, '819', 20, 'Active', NULL, '2015-06-27', '00:36:16 AM'),
(857, 1, 1, 464, 7, '2015-02-18', 848, NULL, '821', 20, 'Active', NULL, '2015-06-27', '00:37:34 AM'),
(858, 1, 1, 550, 7, '2015-02-16', 849, NULL, '772', 20, 'Active', NULL, '2015-06-27', '00:55:04 AM'),
(859, 1, 1, 551, 7, '2015-02-16', 850, NULL, '773', 20, 'Active', NULL, '2015-06-27', '00:56:34 AM'),
(860, 1, 1, 552, 7, '2015-02-24', 851, NULL, '774', 20, 'Active', NULL, '2015-06-27', '01:10:24 AM'),
(861, 1, 1, 553, 7, '2015-02-24', 852, NULL, '775', 20, 'Active', NULL, '2015-06-27', '01:11:26 AM'),
(862, 1, 1, 554, 7, '2015-02-25', 853, NULL, '776', 20, 'Active', NULL, '2015-06-27', '01:12:32 AM'),
(863, 1, 1, 555, 7, '2015-02-16', 854, NULL, '778', 20, 'Active', NULL, '2015-06-27', '01:13:19 AM'),
(864, 1, 1, 556, 7, '2015-02-18', 855, NULL, '779', 20, 'Active', NULL, '2015-06-27', '01:16:37 AM'),
(865, 1, 1, 557, 7, '2015-02-24', 856, NULL, '780', 20, 'Active', NULL, '2015-06-27', '01:17:32 AM'),
(866, 1, 1, 558, 7, '2015-02-25', 857, NULL, '798', 20, 'Active', NULL, '2015-06-27', '01:23:48 AM'),
(867, 1, 1, 559, 7, '2015-02-25', 858, NULL, '799', 20, 'Active', NULL, '2015-06-27', '01:24:42 AM'),
(868, 1, 1, 559, 7, '2015-02-18', 859, NULL, '803', 20, 'Active', NULL, '2015-06-27', '01:25:35 AM'),
(869, 1, 1, 560, 7, '2015-02-17', 860, NULL, '801', 20, 'Active', NULL, '2015-06-27', '01:38:49 AM'),
(870, 1, 1, 561, 7, '2015-02-16', 861, NULL, '802', 20, 'Active', NULL, '2015-06-27', '01:39:35 AM'),
(871, 1, 1, 562, 7, '2015-02-17', 862, NULL, '804', 20, 'Active', NULL, '2015-06-27', '01:41:48 AM'),
(872, 1, 1, 563, 7, '2015-02-18', 863, NULL, '805', 20, 'Active', NULL, '2015-06-27', '01:43:10 AM'),
(873, 1, 1, 564, 7, '2015-02-17', 864, NULL, '806', 20, 'Active', NULL, '2015-06-27', '01:43:55 AM'),
(874, 1, 1, 565, 7, '2015-02-18', 865, NULL, '807', 20, 'Active', NULL, '2015-06-27', '01:45:02 AM'),
(875, 1, 1, 566, 7, '2015-02-17', 866, NULL, '809', 20, 'Active', NULL, '2015-06-27', '01:45:52 AM'),
(876, 1, 1, 567, 7, '2015-02-17', 867, NULL, '811', 20, 'Active', NULL, '2015-06-27', '02:38:53 AM'),
(877, 1, 1, 568, 7, '2015-02-17', 868, NULL, '812', 20, 'Active', NULL, '2015-06-27', '02:39:53 AM'),
(878, 1, 1, 569, 7, '2015-02-17', 869, NULL, '813', 20, 'Active', NULL, '2015-06-27', '02:40:35 AM'),
(879, 1, 1, 570, 7, '2015-02-17', 870, NULL, '814', 20, 'Active', NULL, '2015-06-27', '02:41:18 AM'),
(880, 1, 1, 571, 7, '2015-02-17', 871, NULL, '815', 20, 'Active', NULL, '2015-06-27', '02:42:02 AM'),
(881, 1, 1, 572, 7, '2015-02-17', 872, NULL, '816', 20, 'Active', NULL, '2015-06-27', '02:43:56 AM'),
(882, 1, 1, 573, 7, '2015-02-17', 873, NULL, '822', 20, 'Active', NULL, '2015-06-27', '02:44:37 AM'),
(883, 1, 1, 574, 7, '2015-02-17', 874, NULL, '823', 20, 'Active', NULL, '2015-06-27', '02:45:22 AM'),
(884, 1, 1, 238, 7, '2015-02-18', 875, NULL, '824', 20, 'Active', NULL, '2015-06-27', '02:46:53 AM'),
(885, 1, 1, 434, 7, '2015-02-18', 876, NULL, '825', 20, 'Active', NULL, '2015-06-27', '02:47:56 AM'),
(886, 1, 1, 434, 7, '2015-03-02', 877, NULL, '826', 20, 'Active', NULL, '2015-06-27', '02:50:18 AM'),
(887, 1, 1, 434, 7, '2015-03-02', 878, NULL, '827', 20, 'Active', NULL, '2015-06-27', '02:55:06 AM'),
(888, 1, 1, 434, 7, '2015-03-02', 879, NULL, '828', 20, 'Active', NULL, '2015-06-27', '02:56:03 AM'),
(889, 1, 1, 434, 7, '2015-03-02', 880, NULL, '829', 20, 'Active', NULL, '2015-06-27', '02:56:53 AM'),
(890, 1, 1, 434, 7, '2015-03-02', 881, NULL, '830', 20, 'Active', NULL, '2015-06-27', '02:57:41 AM'),
(891, 1, 1, 434, 7, '2015-03-02', 882, NULL, '831', 20, 'Active', NULL, '2015-06-27', '03:19:43 AM'),
(892, 1, 1, 345, 7, '2015-03-02', 883, NULL, '832', 20, 'Active', NULL, '2015-06-27', '03:20:28 AM'),
(893, 1, 1, 345, 7, '2015-03-02', 884, NULL, '833', 20, 'Active', NULL, '2015-06-27', '03:21:17 AM'),
(894, 1, 1, 155, 7, '2015-03-03', 885, NULL, '834', 20, 'Active', NULL, '2015-06-27', '03:21:59 AM'),
(895, 1, 1, 155, 7, '2015-03-02', 886, NULL, '835', 20, 'Active', NULL, '2015-06-27', '03:22:41 AM'),
(896, 1, 1, 155, 7, '2015-03-03', 887, NULL, '836', 20, 'Active', NULL, '2015-06-27', '03:23:27 AM'),
(897, 1, 1, 268, 7, '2015-03-02', 888, NULL, '837', 20, 'Active', NULL, '2015-06-27', '03:24:11 AM'),
(898, 1, 1, 293, 7, '2015-03-02', 889, NULL, '838', 20, 'Active', NULL, '2015-06-27', '03:25:04 AM'),
(899, 1, 1, 345, 7, '2015-03-04', 890, NULL, '839', 20, 'Active', NULL, '2015-06-27', '03:25:53 AM'),
(900, 1, 1, 575, 7, '2015-03-02', 891, NULL, '840', 20, 'Active', NULL, '2015-06-27', '03:35:52 AM'),
(901, 1, 1, 576, 7, '2015-03-02', 892, NULL, '841', 20, 'Active', NULL, '2015-06-27', '03:36:43 AM'),
(902, 1, 1, 185, 7, '2015-03-02', 893, NULL, '843', 20, 'Active', NULL, '2015-06-27', '03:54:01 AM'),
(903, 1, 1, 129, 7, '2015-03-02', 894, NULL, '848', 20, 'Active', NULL, '2015-06-27', '03:55:31 AM'),
(904, 1, 1, 71, 7, '2015-03-02', 895, NULL, '854', 20, 'Active', NULL, '2015-06-27', '03:57:39 AM'),
(905, 1, 1, 71, 7, '2015-03-02', 896, NULL, '855', 20, 'Active', NULL, '2015-06-27', '03:58:55 AM'),
(906, 1, 1, 71, 7, '2015-03-02', 897, NULL, '856', 20, 'Active', NULL, '2015-06-27', '03:59:37 AM'),
(907, 1, 1, 577, 7, '2015-03-02', 898, NULL, '844', 20, 'Active', NULL, '2015-06-27', '04:30:32 AM'),
(908, 1, 1, 578, 7, '2015-03-02', 899, NULL, '845', 20, 'Active', NULL, '2015-06-27', '04:31:13 AM'),
(909, 1, 1, 579, 7, '2015-03-02', 900, NULL, '846', 20, 'Active', NULL, '2015-06-27', '04:32:07 AM'),
(910, 1, 1, 580, 7, '2015-03-02', 901, NULL, '847', 20, 'Active', NULL, '2015-06-27', '04:33:20 AM'),
(911, 1, 1, 581, 7, '2015-03-02', 902, NULL, '849', 20, 'Active', NULL, '2015-06-27', '04:34:08 AM'),
(912, 1, 1, 582, 7, '2015-03-02', 903, NULL, '850', 20, 'Active', NULL, '2015-06-27', '04:36:31 AM'),
(913, 1, 1, 583, 7, '2015-03-02', 904, NULL, '851', 20, 'Active', NULL, '2015-06-27', '04:37:16 AM'),
(914, 1, 1, 584, 7, '2015-03-02', 905, NULL, '852', 20, 'Active', NULL, '2015-06-27', '04:37:58 AM'),
(915, 1, 1, 585, 7, '2015-03-02', 906, NULL, '853', 20, 'Active', NULL, '2015-06-27', '04:38:45 AM'),
(916, 1, 1, 586, 7, '2015-03-02', 907, NULL, '857', 20, 'Active', NULL, '2015-06-27', '04:39:31 AM'),
(917, 1, 1, 586, 7, '2015-03-02', 908, NULL, '858', 20, 'Active', NULL, '2015-06-27', '04:40:30 AM'),
(918, 1, 1, 586, 7, '2015-03-02', 909, NULL, '859', 20, 'Active', NULL, '2015-06-27', '04:41:54 AM'),
(919, 1, 1, 587, 7, '2015-03-02', 910, NULL, '842', 20, 'Active', NULL, '2015-06-27', '04:45:37 AM'),
(920, 1, 1, 345, 7, '2015-03-02', 911, NULL, '860', 20, 'Active', NULL, '2015-06-27', '04:47:05 AM'),
(921, 1, 1, 488, 7, '2015-03-02', 912, NULL, '861', 20, 'Active', NULL, '2015-06-27', '04:48:04 AM'),
(922, 1, 1, 82, 7, '2015-03-02', 913, NULL, '862', 20, 'Active', NULL, '2015-06-27', '04:48:43 AM'),
(923, 1, 1, 82, 7, '2015-03-02', 914, NULL, '863', 20, 'Active', NULL, '2015-06-27', '04:50:05 AM'),
(924, 1, 1, 488, 7, '2015-03-03', 915, NULL, '864', 20, 'Active', NULL, '2015-06-27', '04:50:57 AM'),
(925, 1, 1, 488, 7, '2015-03-03', 916, NULL, '865', 20, 'Active', NULL, '2015-06-27', '04:53:21 AM'),
(926, 1, 1, 588, 7, '2015-03-02', 917, NULL, '866', 20, 'Active', NULL, '2015-06-27', '04:57:28 AM'),
(927, 1, 1, 589, 7, '2015-03-02', 918, NULL, '867', 20, 'Active', NULL, '2015-06-27', '05:18:17 AM'),
(928, 1, 1, 343, 7, '2015-03-02', 919, NULL, '869', 20, 'Active', NULL, '2015-06-27', '05:20:09 AM'),
(929, 1, 1, 155, 7, '2015-03-02', 920, NULL, '870', 20, 'Active', NULL, '2015-06-27', '05:23:11 AM'),
(930, 1, 1, 129, 7, '2015-03-02', 921, NULL, '871', 20, 'Active', NULL, '2015-06-27', '05:26:43 AM'),
(931, 1, 1, 129, 7, '2015-03-02', 922, NULL, '872', 20, 'Active', NULL, '2015-06-27', '05:27:33 AM'),
(932, 1, 1, 155, 7, '2015-03-02', 923, NULL, '876', 20, 'Active', NULL, '2015-06-27', '05:29:16 AM'),
(933, 1, 1, 155, 7, '2015-03-02', 924, NULL, '877', 20, 'Active', NULL, '2015-06-27', '05:30:04 AM'),
(934, 1, 1, 590, 7, '2015-03-02', 925, NULL, '868', 20, 'Active', NULL, '2015-06-27', '05:41:28 AM'),
(935, 1, 1, 591, 7, '2015-03-02', 926, NULL, '873', 20, 'Active', NULL, '2015-06-27', '05:42:17 AM'),
(936, 1, 1, 592, 7, '2015-03-02', 927, NULL, '874', 20, 'Active', NULL, '2015-06-27', '05:43:57 AM'),
(937, 1, 1, 593, 7, '2015-03-02', 928, NULL, '875', 20, 'Active', NULL, '2015-06-27', '05:45:30 AM'),
(938, 1, 1, 594, 7, '2015-03-02', 929, NULL, '878', 20, 'Active', NULL, '2015-06-27', '05:46:20 AM'),
(939, 1, 1, 595, 7, '2015-03-02', 930, NULL, '879', 20, 'Active', NULL, '2015-06-27', '05:47:07 AM'),
(940, 1, 1, 171, 7, '2015-03-02', 931, NULL, '880', 20, 'Active', NULL, '2015-06-27', '05:48:59 AM'),
(941, 1, 1, 586, 7, '2015-03-02', 932, NULL, '882', 20, 'Active', NULL, '2015-06-27', '23:30:18 PM'),
(942, 1, 1, 293, 7, '2015-03-02', 933, NULL, '884', 20, 'Active', NULL, '2015-06-27', '23:31:56 PM'),
(943, 1, 1, 293, 7, '2015-03-03', 934, NULL, '885', 20, 'Active', NULL, '2015-06-27', '23:32:44 PM'),
(944, 1, 1, 225, 7, '2015-03-02', 935, NULL, '887', 20, 'Active', NULL, '2015-06-27', '23:33:50 PM'),
(945, 1, 1, 224, 7, '2015-03-02', 936, NULL, '890', 20, 'Active', NULL, '2015-06-27', '23:37:16 PM'),
(946, 1, 1, 259, 7, '2015-03-02', 937, NULL, '891', 20, 'Active', NULL, '2015-06-27', '23:38:02 PM'),
(947, 1, 1, 238, 7, '2015-03-02', 938, NULL, '894', 20, 'Active', NULL, '2015-06-27', '23:39:42 PM'),
(948, 1, 1, 596, 7, '2015-03-02', 939, NULL, '881', 20, 'Active', NULL, '2015-06-28', '00:01:03 AM'),
(949, 1, 1, 597, 7, '2015-03-02', 940, NULL, '883', 20, 'Active', NULL, '2015-06-28', '00:02:00 AM'),
(950, 1, 1, 598, 7, '2015-03-02', 941, NULL, '886', 20, 'Active', NULL, '2015-06-28', '00:02:48 AM'),
(951, 1, 1, 599, 7, '2015-03-02', 942, NULL, '888', 20, 'Active', NULL, '2015-06-28', '00:03:53 AM'),
(952, 1, 1, 600, 7, '2015-03-02', 943, NULL, '889', 20, 'Active', NULL, '2015-06-28', '00:08:29 AM'),
(953, 1, 1, 601, 7, '2015-03-02', 944, NULL, '892', 20, 'Active', NULL, '2015-06-28', '00:09:16 AM'),
(954, 1, 1, 602, 7, '2015-03-02', 945, NULL, '893', 20, 'Active', NULL, '2015-06-28', '00:10:03 AM'),
(955, 1, 1, 603, 7, '2015-03-02', 946, NULL, '895', 20, 'Active', NULL, '2015-06-28', '00:11:00 AM'),
(956, 1, 1, 259, 7, '2015-03-02', 947, NULL, '896', 20, 'Active', NULL, '2015-06-28', '00:18:29 AM'),
(957, 1, 1, 259, 7, '2015-03-02', 948, NULL, '897', 20, 'Active', NULL, '2015-06-28', '00:19:26 AM'),
(958, 1, 1, 89, 7, '2015-03-02', 949, NULL, '898', 20, 'Active', NULL, '2015-06-28', '00:20:37 AM'),
(959, 1, 1, 155, 7, '2015-03-02', 950, NULL, '899', 20, 'Active', NULL, '2015-06-28', '00:21:21 AM'),
(960, 1, 1, 558, 7, '2015-03-02', 951, NULL, '902', 20, 'Active', NULL, '2015-06-28', '00:23:08 AM'),
(961, 1, 1, 434, 7, '2015-03-02', 952, NULL, '903', 20, 'Active', NULL, '2015-06-28', '00:24:02 AM'),
(962, 1, 1, 434, 7, '2015-03-02', 953, NULL, '904', 20, 'Active', NULL, '2015-06-28', '00:24:55 AM'),
(963, 1, 1, 434, 7, '2015-03-02', 954, NULL, '905', 20, 'Active', NULL, '2015-06-28', '00:25:42 AM'),
(964, 1, 1, 488, 7, '2015-03-02', 955, NULL, '908', 20, 'Active', NULL, '2015-06-28', '00:26:59 AM'),
(965, 1, 1, 558, 7, '2015-03-02', 956, NULL, '909', 20, 'Active', NULL, '2015-06-28', '00:27:52 AM'),
(966, 1, 1, 155, 7, '2015-03-02', 957, NULL, '910', 20, 'Active', NULL, '2015-06-28', '00:28:36 AM'),
(967, 1, 1, 313, 7, '2015-03-02', 958, NULL, '912', 20, 'Active', NULL, '2015-06-28', '00:29:49 AM'),
(968, 1, 1, 260, 7, '2015-03-02', 959, NULL, '918', 20, 'Active', NULL, '2015-06-28', '00:31:48 AM'),
(969, 1, 1, 604, 7, '2015-03-02', 960, NULL, '900', 20, 'Active', NULL, '2015-06-28', '00:58:00 AM'),
(970, 1, 1, 604, 7, '2015-03-03', 961, NULL, '901', 20, 'Active', NULL, '2015-06-28', '00:58:36 AM'),
(971, 1, 1, 605, 7, '2015-03-02', 962, NULL, '906', 20, 'Active', NULL, '2015-06-28', '00:59:31 AM'),
(972, 1, 1, 606, 7, '2015-03-02', 963, NULL, '907', 20, 'Active', NULL, '2015-06-28', '01:00:18 AM'),
(973, 1, 1, 607, 7, '2015-03-02', 964, NULL, '911', 20, 'Active', NULL, '2015-06-28', '01:01:04 AM'),
(974, 1, 1, 608, 7, '2015-03-02', 965, NULL, '913', 20, 'Active', NULL, '2015-06-28', '01:22:49 AM'),
(975, 1, 1, 609, 7, '2015-03-02', 966, NULL, '914', 20, 'Active', NULL, '2015-06-28', '01:24:57 AM'),
(976, 1, 1, 610, 7, '2015-03-02', 967, NULL, '915', 20, 'Active', NULL, '2015-06-28', '01:26:42 AM'),
(977, 1, 1, 611, 7, '2015-03-02', 968, NULL, '916', 20, 'Active', NULL, '2015-06-28', '01:30:27 AM'),
(978, 1, 1, 612, 7, '2015-03-02', 969, NULL, '917', 20, 'Active', NULL, '2015-06-28', '01:31:27 AM'),
(979, 1, 1, 613, 7, '2015-03-02', 970, NULL, '919', 20, 'Active', NULL, '2015-06-28', '01:57:06 AM'),
(980, 1, 1, 614, 7, '2015-03-02', 971, NULL, '920', 20, 'Active', NULL, '2015-06-28', '01:58:04 AM'),
(981, 1, 1, 615, 7, '2015-03-02', 972, NULL, '921', 20, 'Active', NULL, '2015-06-28', '01:59:38 AM'),
(982, 1, 1, 616, 7, '2015-03-02', 973, NULL, '922', 20, 'Active', NULL, '2015-06-28', '02:00:32 AM'),
(983, 1, 1, 616, 7, '2015-03-03', 974, NULL, '923', 20, 'Active', NULL, '2015-06-28', '02:01:18 AM'),
(984, 1, 1, 617, 7, '2015-03-02', 975, NULL, '924', 20, 'Active', NULL, '2015-06-28', '02:02:27 AM'),
(985, 1, 1, 618, 7, '2015-03-02', 976, NULL, '925', 20, 'Active', NULL, '2015-06-28', '02:03:29 AM'),
(986, 1, 1, 619, 7, '2015-03-02', 977, NULL, '926', 20, 'Active', NULL, '2015-06-28', '02:04:25 AM'),
(987, 1, 1, 620, 7, '2015-03-02', 978, NULL, '927', 20, 'Active', NULL, '2015-06-28', '02:05:07 AM'),
(988, 1, 1, 621, 7, '2015-03-02', 979, NULL, '928', 20, 'Active', NULL, '2015-06-28', '02:05:50 AM'),
(989, 1, 1, 622, 7, '2015-03-02', 980, NULL, '929', 20, 'Active', NULL, '2015-06-28', '02:06:38 AM'),
(990, 1, 1, 623, 7, '2015-03-02', 981, NULL, '930', 20, 'Active', NULL, '2015-06-28', '02:07:46 AM'),
(991, 1, 1, 624, 7, '2015-03-02', 982, NULL, '931', 20, 'Active', NULL, '2015-06-28', '02:08:45 AM'),
(992, 1, 1, 625, 7, '2015-03-02', 983, NULL, '932', 20, 'Active', NULL, '2015-06-28', '02:22:50 AM'),
(993, 1, 1, 626, 7, '2015-03-02', 984, NULL, '933', 20, 'Active', NULL, '2015-06-28', '02:28:39 AM'),
(994, 1, 1, 627, 7, '2015-03-02', 985, NULL, '934', 20, 'Active', NULL, '2015-06-28', '02:29:55 AM'),
(995, 1, 1, 627, 7, '2015-03-02', 986, NULL, '935', 20, 'Active', NULL, '2015-06-28', '02:30:53 AM'),
(996, 1, 1, 628, 7, '2015-03-02', 987, NULL, '936', 20, 'Active', NULL, '2015-06-28', '02:31:58 AM'),
(997, 1, 1, 628, 7, '2015-03-02', 988, NULL, '937', 20, 'Active', NULL, '2015-06-28', '02:32:56 AM'),
(998, 1, 1, 155, 7, '2015-03-03', 989, NULL, '942', 20, 'Active', NULL, '2015-06-28', '02:34:40 AM'),
(999, 1, 1, 616, 7, '2015-03-03', 990, NULL, '946', 20, 'Active', NULL, '2015-06-28', '02:38:02 AM'),
(1000, 1, 1, 616, 7, '2015-03-03', 991, NULL, '947', 20, 'Active', NULL, '2015-06-28', '02:39:48 AM'),
(1001, 1, 1, 616, 7, '2015-03-03', 992, NULL, '948', 20, 'Active', NULL, '2015-06-28', '02:41:13 AM'),
(1002, 1, 1, 129, 7, '2015-03-03', 993, NULL, '955', 20, 'Active', NULL, '2015-06-28', '02:43:12 AM'),
(1003, 1, 1, 235, 7, '2015-03-02', 994, NULL, '958', 20, 'Active', NULL, '2015-06-28', '02:44:22 AM'),
(1004, 1, 1, 83, 7, '2015-03-02', 995, NULL, '960', 20, 'Active', NULL, '2015-06-28', '02:46:46 AM'),
(1005, 1, 1, 616, 7, '2015-03-02', 996, NULL, '962', 20, 'Active', NULL, '2015-06-28', '02:48:24 AM'),
(1006, 1, 1, 616, 7, '2015-03-02', 997, NULL, '963', 20, 'Active', NULL, '2015-06-28', '02:49:14 AM'),
(1007, 1, 1, 616, 7, '2015-03-03', 998, NULL, '964', 20, 'Active', NULL, '2015-06-28', '02:50:03 AM'),
(1008, 1, 1, 628, 7, '2015-03-02', 999, NULL, '965', 20, 'Active', NULL, '2015-06-28', '02:51:17 AM'),
(1009, 1, 1, 628, 7, '2015-03-02', 1000, NULL, '966', 20, 'Active', NULL, '2015-06-28', '02:52:04 AM'),
(1010, 1, 1, 616, 7, '2015-03-03', 1001, NULL, '967', 20, 'Active', NULL, '2015-06-28', '02:52:56 AM'),
(1011, 1, 1, 629, 7, '2015-03-02', 1002, NULL, '961', 20, 'Active', NULL, '2015-06-28', '03:03:10 AM'),
(1012, 1, 1, 630, 7, '2015-03-02', 1003, NULL, '959', 20, 'Active', NULL, '2015-06-28', '03:03:57 AM'),
(1013, 1, 1, 631, 7, '2015-03-02', 1004, NULL, '956', 20, 'Active', NULL, '2015-06-28', '03:04:40 AM'),
(1014, 1, 1, 631, 7, '2015-03-02', 1005, NULL, '957', 20, 'Active', NULL, '2015-06-28', '03:05:20 AM'),
(1015, 1, 1, 632, 7, '2015-03-02', 1006, NULL, '938', 20, 'Active', NULL, '2015-06-28', '03:17:58 AM'),
(1016, 1, 1, 633, 7, '2015-03-02', 1007, NULL, '939', 20, 'Active', NULL, '2015-06-28', '03:18:49 AM'),
(1017, 1, 1, 634, 7, '2015-03-03', 1008, NULL, '940', 20, 'Active', NULL, '2015-06-28', '03:19:31 AM'),
(1018, 1, 1, 635, 7, '2015-03-02', 1009, NULL, '941', 20, 'Active', NULL, '2015-06-28', '03:20:13 AM'),
(1019, 1, 1, 642, 7, '2015-03-02', 1010, NULL, '943', 20, 'Active', NULL, '2015-06-28', '04:14:54 AM'),
(1020, 1, 1, 643, 7, '2015-03-02', 1011, NULL, '944', 20, 'Active', NULL, '2015-06-28', '04:15:35 AM'),
(1021, 1, 1, 644, 7, '2015-03-02', 1012, NULL, '945', 20, 'Active', NULL, '2015-06-28', '04:16:14 AM'),
(1022, 1, 1, 636, 7, '2015-03-02', 1013, NULL, '949', 20, 'Active', NULL, '2015-06-28', '04:17:09 AM'),
(1023, 1, 1, 637, 7, '2015-03-02', 1014, NULL, '950', 20, 'Active', NULL, '2015-06-28', '04:17:42 AM'),
(1024, 1, 1, 638, 7, '2015-03-02', 1015, NULL, '951', 20, 'Active', NULL, '2015-06-28', '04:18:33 AM'),
(1025, 1, 1, 639, 7, '2015-03-02', 1016, NULL, '952', 20, 'Active', NULL, '2015-06-28', '04:19:23 AM'),
(1026, 1, 1, 640, 7, '2015-03-02', 1017, NULL, '953', 20, 'Active', NULL, '2015-06-28', '04:20:17 AM'),
(1027, 1, 1, 641, 7, '2015-03-02', 1018, NULL, '954', 20, 'Active', NULL, '2015-06-28', '04:21:04 AM'),
(1028, 1, 1, 616, 7, '2015-03-02', 1019, NULL, '968', 20, 'Active', NULL, '2015-06-28', '04:30:31 AM'),
(1029, 1, 1, 82, 7, '2015-03-02', 1020, NULL, '971', 20, 'Active', NULL, '2015-06-28', '04:31:40 AM'),
(1030, 1, 1, 82, 7, '2015-03-02', 1021, NULL, '972', 20, 'Active', NULL, '2015-06-28', '04:32:27 AM'),
(1031, 1, 1, 628, 7, '2015-03-03', 1022, NULL, '973', 20, 'Active', NULL, '2015-06-28', '04:33:25 AM'),
(1032, 1, 1, 616, 7, '2015-03-04', 1023, NULL, '974', 20, 'Active', NULL, '2015-06-28', '04:34:28 AM'),
(1033, 1, 1, 616, 7, '2015-03-04', 1024, NULL, '975', 20, 'Active', NULL, '2015-06-28', '04:35:14 AM'),
(1034, 1, 1, 628, 7, '2015-03-02', 1025, NULL, '980', 20, 'Active', NULL, '2015-06-28', '04:57:42 AM'),
(1035, 1, 1, 628, 7, '2015-03-03', 1026, NULL, '981', 20, 'Active', NULL, '2015-06-28', '05:01:46 AM'),
(1036, 1, 1, 628, 7, '2015-03-04', 1027, NULL, '982', 20, 'Active', NULL, '2015-06-28', '05:02:30 AM'),
(1037, 1, 1, 628, 7, '2015-03-04', 1028, NULL, '983', 20, 'Active', NULL, '2015-06-28', '05:03:25 AM'),
(1038, 1, 1, 628, 7, '2015-03-04', 1029, NULL, '984', 20, 'Active', NULL, '2015-06-28', '05:04:09 AM'),
(1039, 1, 1, 129, 7, '2015-03-02', 1030, NULL, '989', 20, 'Active', NULL, '2015-06-28', '05:05:33 AM'),
(1040, 1, 1, 645, 7, '2015-03-03', 1031, NULL, '990', 20, 'Active', NULL, '2015-06-28', '05:08:27 AM'),
(1041, 1, 1, 645, 7, '2015-03-02', 1032, NULL, '991', 20, 'Active', NULL, '2015-06-28', '05:09:13 AM'),
(1042, 1, 1, 645, 7, '2015-03-02', 1033, NULL, '992', 20, 'Active', NULL, '2015-06-28', '05:09:57 AM'),
(1043, 1, 1, 238, 7, '2015-03-02', 1034, NULL, '996', 20, 'Active', NULL, '2015-06-28', '05:12:04 AM'),
(1044, 1, 1, 155, 7, '2015-03-02', 1035, NULL, '998', 20, 'Active', NULL, '2015-06-28', '05:13:11 AM'),
(1045, 1, 1, 238, 7, '2015-03-03', 1036, NULL, '1001', 20, 'Active', NULL, '2015-06-28', '05:14:07 AM'),
(1046, 1, 1, 200, 7, '2015-03-02', 1037, NULL, '1002', 20, 'Active', NULL, '2015-06-28', '05:14:57 AM'),
(1047, 1, 1, 646, 7, '2015-03-02', 1038, NULL, '969', 20, 'Active', NULL, '2015-06-28', '05:23:22 AM'),
(1048, 1, 1, 647, 7, '2015-03-03', 1039, NULL, '970', 20, 'Active', NULL, '2015-06-28', '05:24:06 AM'),
(1049, 1, 1, 648, 7, '2015-03-02', 1040, NULL, '1003', 20, 'Active', NULL, '2015-06-28', '05:32:15 AM'),
(1050, 1, 1, 651, 7, '2015-03-02', 1041, NULL, '997', 20, 'Active', NULL, '2015-06-28', '05:33:01 AM'),
(1051, 1, 1, 650, 7, '2015-03-03', 1042, NULL, '999', 20, 'Active', NULL, '2015-06-28', '05:33:52 AM'),
(1052, 1, 1, 649, 7, '2015-03-02', 1043, NULL, '1000', 20, 'Active', NULL, '2015-06-28', '05:34:36 AM'),
(1053, 1, 1, 652, 7, '2015-03-02', 1044, NULL, '976', 20, 'Active', NULL, '2015-06-29', '00:02:29 AM'),
(1054, 1, 1, 653, 7, '2015-03-03', 1045, NULL, '977', 20, 'Active', NULL, '2015-06-29', '00:04:13 AM'),
(1055, 1, 1, 654, 7, '2015-03-02', 1046, NULL, '978', 20, 'Active', NULL, '2015-06-29', '00:05:00 AM'),
(1056, 1, 1, 655, 7, '2015-03-02', 1047, NULL, '979', 20, 'Active', NULL, '2015-06-29', '00:05:48 AM'),
(1057, 1, 1, 656, 7, '2015-03-02', 1048, NULL, '985', 20, 'Active', NULL, '2015-06-29', '00:06:47 AM'),
(1058, 1, 1, 657, 7, '2015-03-02', 1049, NULL, '986', 20, 'Active', NULL, '2015-06-29', '00:07:29 AM'),
(1059, 1, 1, 658, 7, '2015-03-02', 1050, NULL, '987', 20, 'Active', NULL, '2015-06-29', '00:08:11 AM'),
(1060, 1, 1, 659, 7, '2015-03-02', 1051, NULL, '988', 20, 'Active', NULL, '2015-06-29', '00:08:58 AM'),
(1061, 1, 1, 660, 7, '2015-03-02', 1052, NULL, '993', 20, 'Active', NULL, '2015-06-29', '00:09:43 AM'),
(1062, 1, 1, 661, 7, '2015-03-02', 1053, NULL, '994', 20, 'Active', NULL, '2015-06-29', '00:10:55 AM'),
(1063, 1, 1, 662, 7, '2015-03-02', 1054, NULL, '995', 20, 'Active', NULL, '2015-06-29', '00:14:21 AM'),
(1064, 1, 1, 259, 7, '2015-03-03', 1055, NULL, '1004', 20, 'Active', NULL, '2015-06-29', '00:15:16 AM');
INSERT INTO `fna_productloadunload` (`PRODUCTLOADUNLOADID`, `PROJECTID`, `SUBPROJECTID`, `PARTYID`, `LABOURID`, `ENTRYDATE`, `RECEIVENUMBER`, `DELIVERYCHALLANNUMBER`, `LOTNO`, `USERID`, `STATUS`, `FLAG`, `ENTDATE`, `ENTTIME`) VALUES
(1065, 1, 1, 171, 7, '2015-03-02', 1056, NULL, '1009', 20, 'Active', NULL, '2015-06-29', '00:16:36 AM'),
(1066, 1, 1, 663, 7, '2015-03-02', 1057, NULL, '1005', 20, 'Active', NULL, '2015-06-29', '01:06:10 AM'),
(1067, 1, 1, 664, 7, '2015-03-02', 1058, NULL, '1006', 20, 'Active', NULL, '2015-06-29', '01:07:00 AM'),
(1068, 1, 1, 665, 7, '2015-03-02', 1059, NULL, '1007', 20, 'Active', NULL, '2015-06-29', '01:07:55 AM'),
(1069, 1, 1, 666, 7, '2015-03-02', 1060, NULL, '1008', 20, 'Active', NULL, '2015-06-29', '01:08:41 AM'),
(1070, 1, 1, 667, 7, '2015-03-03', 1061, NULL, '1010', 20, 'Active', NULL, '2015-06-29', '01:09:42 AM'),
(1071, 1, 1, 668, 7, '2015-03-02', 1062, NULL, '1011', 20, 'Active', NULL, '2015-06-29', '01:10:23 AM'),
(1072, 1, 1, 671, 7, '2015-03-02', 1063, NULL, '1012', 20, 'Active', NULL, '2015-06-29', '01:12:45 AM'),
(1073, 1, 1, 670, 7, '2015-03-02', 1064, NULL, '1013', 20, 'Active', NULL, '2015-06-29', '01:13:29 AM'),
(1074, 1, 1, 670, 7, '2015-03-02', 1065, NULL, '1014', 20, 'Active', NULL, '2015-06-29', '01:14:06 AM'),
(1075, 1, 1, 83, 7, '2015-03-24', 1066, NULL, '162', 20, 'Active', NULL, '2015-06-29', '01:30:54 AM'),
(1076, 1, 1, 83, 7, '2015-03-25', 1067, NULL, '232', 20, 'Active', NULL, '2015-06-29', '01:33:55 AM'),
(1077, 1, 1, 83, 7, '2015-03-26', 1068, NULL, '234', 20, 'Active', NULL, '2015-06-29', '01:34:42 AM'),
(1078, 1, 1, 83, 7, '2015-02-26', 1069, NULL, '244', 20, 'Active', NULL, '2015-06-29', '01:35:46 AM'),
(1079, 1, 1, 672, 7, '2015-03-02', 1070, NULL, '265', 20, 'Active', NULL, '2015-06-29', '01:43:39 AM'),
(1080, 1, 1, 542, 7, '2015-03-16', 1071, NULL, '741', 20, 'Active', NULL, '2015-06-29', '01:53:44 AM'),
(1081, 1, 1, 673, 7, '2015-03-02', 1072, NULL, '820', 20, 'Active', NULL, '2015-06-29', '01:56:53 AM'),
(1082, 1, 2, 60, 1, '2015-08-01', 1073, NULL, '', 20, 'Active', NULL, '2015-09-10', '07:35:38 AM'),
(1083, 1, 4, 61, 2, '2015-08-01', 1074, NULL, '', 20, 'Active', NULL, '2015-09-10', '07:49:23 AM'),
(1084, 1, 5, 63, 4, '2015-08-01', 1075, NULL, '', 20, 'Active', NULL, '2015-09-10', '07:51:21 AM'),
(1085, 1, 3, 65, 6, '2015-08-01', 1076, NULL, '', 20, 'Active', NULL, '2015-09-10', '07:52:55 AM'),
(1086, 1, 2, 60, 1, '2015-07-31', 1077, NULL, '', 20, 'Active', NULL, '2015-10-08', '08:29:51 AM'),
(1087, 1, 2, 60, 1, '2015-07-30', 1078, NULL, '', 20, 'Active', NULL, '2015-10-08', '08:33:33 AM'),
(1088, 1, 4, 61, 2, '2015-07-29', 1079, NULL, '', 20, 'Active', NULL, '2015-10-08', '08:36:39 AM'),
(1089, 1, 2, 60, 1, '2015-08-02', 1080, NULL, '', 20, 'Active', NULL, '2015-10-09', '07:02:34 AM'),
(1090, 1, 2, 60, 1, '2015-08-02', NULL, 1, '', 20, 'Active', NULL, '2015-10-09', '07:13:43 AM'),
(1091, 1, 4, 61, 2, '2015-08-02', 1081, NULL, '', 20, 'Active', NULL, '2015-10-09', '07:18:51 AM'),
(1092, 1, 2, 60, 1, '2015-08-03', NULL, 1, '', 20, 'Active', NULL, '2015-08-03', '10:16:23 AM'),
(1093, 1, 4, 61, 2, '2015-08-03', 1082, NULL, '', 20, 'Active', NULL, '2015-08-03', '10:25:03 AM'),
(1094, 1, 1, 345, 7, '2015-08-07', NULL, 1, '460', 20, 'Active', NULL, '2015-10-24', '01:11:46 AM'),
(1095, 1, 1, 345, 7, '2015-08-07', NULL, 1, '533', 20, 'Active', NULL, '2015-10-24', '01:13:28 AM'),
(1096, 1, 1, 366, 7, '2015-08-07', NULL, 1, '490', 20, 'Active', NULL, '2015-10-24', '01:14:20 AM'),
(1097, 1, 1, 345, 7, '2015-08-07', NULL, 1, '661', 20, 'Active', NULL, '2015-10-24', '01:14:59 AM'),
(1098, 1, 1, 345, 7, '2015-08-07', NULL, 1, '460', 20, 'Active', NULL, '2015-10-24', '01:15:54 AM'),
(1099, 1, 1, 345, 7, '2015-08-07', NULL, 1, '533', 20, 'Active', NULL, '2015-10-24', '01:16:50 AM'),
(1100, 1, 1, 155, 7, '2015-08-07', NULL, 1, '227', 20, 'Active', NULL, '2015-10-24', '01:17:31 AM'),
(1101, 1, 1, 345, 7, '2015-08-06', NULL, 1, '460', 20, 'Active', NULL, '2015-10-24', '01:22:12 AM'),
(1102, 1, 1, 366, 7, '2015-08-06', NULL, 1, '490', 20, 'Active', NULL, '2015-10-24', '01:27:25 AM'),
(1103, 1, 1, 345, 7, '2015-08-06', NULL, 1, '532', 20, 'Active', NULL, '2015-10-24', '01:28:10 AM'),
(1104, 1, 1, 345, 7, '2015-08-06', NULL, 1, '532', 20, 'Active', NULL, '2015-10-24', '01:28:53 AM'),
(1105, 1, 1, 345, 7, '2015-08-06', NULL, 1, '460', 20, 'Active', NULL, '2015-10-24', '01:29:59 AM'),
(1106, 1, 1, 345, 7, '2015-08-06', NULL, 1, '661', 20, 'Active', NULL, '2015-10-24', '01:30:43 AM'),
(1107, 1, 1, 171, 7, '2015-08-06', NULL, 1, '377', 20, 'Active', NULL, '2015-10-24', '01:31:27 AM'),
(1108, 1, 1, 345, 7, '2015-08-06', NULL, 1, '661', 20, 'Active', NULL, '2015-10-24', '01:32:36 AM'),
(1109, 1, 1, 345, 7, '2015-08-06', NULL, 1, '460', 20, 'Active', NULL, '2015-10-24', '01:34:09 AM'),
(1110, 1, 1, 345, 7, '2015-08-06', NULL, 1, '461', 20, 'Active', NULL, '2015-10-24', '01:34:48 AM'),
(1111, 1, 1, 293, 7, '2015-08-06', NULL, 1, '794', 20, 'Active', NULL, '2015-10-24', '01:35:41 AM'),
(1112, 1, 1, 345, 7, '2015-08-08', NULL, 1, '533', 20, 'Active', NULL, '2015-11-02', '05:39:38 AM'),
(1113, 1, 1, 345, 7, '2015-08-08', NULL, 1, '460', 20, 'Active', NULL, '2015-11-02', '05:40:35 AM'),
(1114, 1, 1, 366, 7, '2015-08-08', NULL, 1, '490', 20, 'Active', NULL, '2015-11-02', '05:41:27 AM');

-- --------------------------------------------------------

--
-- Table structure for table `fna_productloadunloadbkdn`
--

CREATE TABLE IF NOT EXISTS `fna_productloadunloadbkdn` (
  `PRODUCTLOADUNLOADBKDNID` int(11) NOT NULL AUTO_INCREMENT,
  `PRODUCTLOADUNLOADID` int(11) NOT NULL,
  `PRODCATTYPEID` int(10) DEFAULT NULL,
  `PRODUCTID` int(10) DEFAULT NULL,
  `PACKINGUNITID` int(10) DEFAULT NULL,
  `CHALLANNO` int(11) NOT NULL,
  `QUANTITY` double DEFAULT NULL,
  `WTQNTY` double NOT NULL,
  `CHID` int(10) DEFAULT NULL,
  `POCKET` int(10) DEFAULT NULL,
  `USERID` int(11) DEFAULT NULL,
  `STATUS` varchar(20) DEFAULT NULL,
  `FLAG` int(11) DEFAULT NULL,
  `ENTDATE` date DEFAULT NULL,
  `ENTTIME` varchar(100) DEFAULT NULL,
  PRIMARY KEY (`PRODUCTLOADUNLOADBKDNID`)
) ENGINE=InnoDB  DEFAULT CHARSET=latin1 AUTO_INCREMENT=1156 ;

--
-- Dumping data for table `fna_productloadunloadbkdn`
--

INSERT INTO `fna_productloadunloadbkdn` (`PRODUCTLOADUNLOADBKDNID`, `PRODUCTLOADUNLOADID`, `PRODCATTYPEID`, `PRODUCTID`, `PACKINGUNITID`, `CHALLANNO`, `QUANTITY`, `WTQNTY`, `CHID`, `POCKET`, `USERID`, `STATUS`, `FLAG`, `ENTDATE`, `ENTTIME`) VALUES
(69, 45, 8, 72, 24, 0, 567, 0, 6, 12, 20, 'Active', NULL, '2015-06-02', '14:04:38 PM'),
(70, 46, 8, 72, 24, 0, 557, 0, 6, 12, 20, 'Active', NULL, '2015-06-02', '14:05:19 PM'),
(71, 47, 8, 72, 24, 0, 550, 0, 6, 12, 20, 'Active', NULL, '2015-06-02', '14:05:56 PM'),
(72, 48, 8, 72, 24, 0, 553, 0, 6, 12, 20, 'Active', NULL, '2015-06-02', '14:06:46 PM'),
(73, 49, 8, 163, 30, 0, 450, 0, 6, 10, 20, 'Active', NULL, '2015-06-02', '14:08:03 PM'),
(74, 50, 8, 163, 30, 0, 400, 0, 6, 10, 20, 'Active', NULL, '2015-06-02', '14:08:38 PM'),
(75, 51, 8, 163, 30, 0, 300, 0, 6, 10, 20, 'Active', NULL, '2015-06-02', '14:09:55 PM'),
(76, 52, 8, 72, 24, 0, 40, 0, 6, 12, 20, 'Active', NULL, '2015-06-02', '14:10:43 PM'),
(77, 53, 8, 163, 30, 0, 150, 0, 6, 10, 20, 'Active', NULL, '2015-06-02', '14:11:27 PM'),
(78, 54, 8, 163, 30, 0, 100, 0, 6, 10, 20, 'Active', NULL, '2015-06-02', '14:12:16 PM'),
(79, 55, 8, 163, 30, 0, 593, 0, 6, 10, 20, 'Active', NULL, '2015-06-02', '14:13:03 PM'),
(80, 56, 8, 163, 30, 0, 100, 0, 6, 10, 20, 'Active', NULL, '2015-06-02', '14:13:42 PM'),
(81, 57, 8, 163, 30, 0, 573, 0, 6, 10, 20, 'Active', NULL, '2015-06-02', '14:14:23 PM'),
(82, 58, 8, 163, 30, 0, 583, 0, 6, 10, 20, 'Active', NULL, '2015-06-02', '14:15:11 PM'),
(83, 59, 8, 163, 30, 0, 540, 0, 6, 10, 20, 'Active', NULL, '2015-06-02', '14:15:52 PM'),
(84, 60, 8, 163, 30, 0, 472, 0, 6, 10, 20, 'Active', NULL, '2015-06-02', '14:16:30 PM'),
(85, 61, 8, 163, 30, 0, 575, 0, 6, 10, 20, 'Active', NULL, '2015-06-02', '14:17:23 PM'),
(86, 62, 8, 163, 30, 0, 350, 0, 6, 10, 20, 'Active', NULL, '2015-06-02', '14:18:05 PM'),
(87, 63, 8, 165, 30, 0, 30, 0, 6, 9, 20, 'Active', NULL, '2015-06-02', '14:22:27 PM'),
(88, 64, 8, 165, 30, 0, 33, 0, 6, 7, 20, 'Active', NULL, '2015-06-02', '14:22:56 PM'),
(93, 69, 5, 71, 23, 0, 1, 0, 2, 23, 20, 'Active', NULL, '2015-06-02', '15:12:18 PM'),
(94, 70, 5, 71, 23, 0, 32, 0, 2, 23, 20, 'Active', NULL, '2015-06-02', '15:12:55 PM'),
(95, 71, 5, 71, 23, 0, 200, 0, 2, 23, 20, 'Active', NULL, '2015-06-02', '15:13:23 PM'),
(96, 72, 5, 71, 23, 0, 25, 0, 2, 23, 20, 'Active', NULL, '2015-06-02', '15:13:50 PM'),
(97, 73, 5, 71, 23, 0, 16, 0, 2, 3, 20, 'Active', NULL, '2015-06-04', '02:00:42 AM'),
(98, 74, 5, 71, 23, 0, 5, 0, 2, 3, 20, 'Active', NULL, '2015-06-04', '02:09:44 AM'),
(99, 75, 5, 71, 23, 0, 210, 0, 2, 6, 20, 'Active', NULL, '2015-06-04', '02:13:09 AM'),
(100, 76, 5, 71, 23, 0, 30, 0, 2, 6, 20, 'Active', NULL, '2015-06-04', '02:14:30 AM'),
(101, 77, 5, 71, 23, 0, 70, 0, 2, 6, 20, 'Active', NULL, '2015-06-04', '02:16:43 AM'),
(102, 78, 5, 71, 23, 0, 5, 0, 2, 3, 20, 'Active', NULL, '2015-06-04', '02:17:45 AM'),
(103, 79, 5, 71, 23, 0, 5, 0, 2, 6, 20, 'Active', NULL, '2015-06-04', '02:21:16 AM'),
(104, 80, 5, 71, 23, 0, 6, 0, 2, 5, 20, 'Active', NULL, '2015-06-04', '03:07:36 AM'),
(105, 81, 5, 71, 23, 0, 2, 0, 2, 3, 20, 'Active', NULL, '2015-06-04', '04:08:33 AM'),
(106, 82, 5, 71, 23, 0, 6, 0, 2, 5, 20, 'Active', NULL, '2015-06-04', '04:11:12 AM'),
(107, 83, 5, 71, 23, 0, 4, 0, 2, 3, 20, 'Active', NULL, '2015-06-04', '04:15:34 AM'),
(108, 84, 5, 71, 23, 0, 2, 0, 2, 6, 20, 'Active', NULL, '2015-06-06', '02:37:00 AM'),
(109, 85, 5, 71, 23, 0, 6, 0, 2, 3, 20, 'Active', NULL, '2015-06-06', '04:40:32 AM'),
(110, 86, 5, 71, 23, 0, 4, 0, 2, 3, 20, 'Active', NULL, '2015-06-06', '04:41:31 AM'),
(111, 87, 5, 71, 23, 0, 210, 0, 2, 6, 20, 'Active', NULL, '2015-06-06', '04:42:34 AM'),
(112, 88, 5, 71, 23, 0, 4, 0, 2, 6, 20, 'Active', NULL, '2015-06-06', '05:44:51 AM'),
(113, 89, 5, 71, 23, 0, 30, 0, 2, 3, 20, 'Active', NULL, '2015-06-06', '05:48:10 AM'),
(114, 90, 5, 71, 23, 0, 104, 0, 2, 6, 20, 'Active', NULL, '2015-06-06', '05:54:26 AM'),
(115, 91, 5, 71, 23, 0, 105, 0, 2, 6, 20, 'Active', NULL, '2015-06-06', '05:59:16 AM'),
(116, 92, 5, 71, 23, 0, 2, 0, 2, 6, 20, 'Active', NULL, '2015-06-06', '06:08:56 AM'),
(117, 93, 5, 71, 23, 0, 13, 0, 2, 9, 20, 'Active', NULL, '2015-06-06', '06:13:25 AM'),
(118, 94, 5, 71, 23, 0, 18, 0, 2, 6, 20, 'Active', NULL, '2015-06-06', '06:28:34 AM'),
(119, 95, 5, 71, 23, 0, 12, 0, 2, 9, 20, 'Active', NULL, '2015-06-06', '06:42:33 AM'),
(120, 96, 5, 71, 23, 0, 13, 0, 2, 3, 20, 'Active', NULL, '2015-06-06', '06:44:31 AM'),
(121, 97, 5, 71, 23, 0, 15, 0, 2, 10, 20, 'Active', NULL, '2015-06-06', '06:46:26 AM'),
(122, 98, 5, 71, 23, 0, 20, 0, 2, 6, 20, 'Active', NULL, '2015-06-06', '06:51:41 AM'),
(123, 99, 5, 71, 23, 0, 20, 0, 2, 10, 20, 'Active', NULL, '2015-06-06', '06:52:44 AM'),
(124, 100, 5, 71, 23, 0, 5, 0, 2, 10, 20, 'Active', NULL, '2015-06-09', '01:48:19 AM'),
(125, 101, 5, 71, 23, 0, 100, 0, 2, 10, 20, 'Active', NULL, '2015-06-09', '01:49:57 AM'),
(126, 102, 5, 71, 23, 0, 2, 0, 2, 3, 20, 'Active', NULL, '2015-06-09', '01:54:35 AM'),
(127, 103, 5, 71, 23, 0, 1, 0, 2, 10, 20, 'Active', NULL, '2015-06-09', '02:06:51 AM'),
(128, 104, 5, 71, 23, 0, 5, 0, 2, 10, 20, 'Active', NULL, '2015-06-09', '02:13:56 AM'),
(129, 105, 5, 71, 23, 0, 30, 0, 2, 10, 20, 'Active', NULL, '2015-06-09', '02:47:58 AM'),
(130, 106, 5, 71, 23, 0, 10, 0, 2, 10, 20, 'Active', NULL, '2015-06-09', '02:55:32 AM'),
(131, 107, 5, 71, 23, 0, 3, 0, 2, 10, 20, 'Active', NULL, '2015-06-09', '03:00:33 AM'),
(132, 108, 5, 71, 23, 0, 12, 0, 2, 10, 20, 'Active', NULL, '2015-06-09', '03:24:28 AM'),
(133, 109, 5, 71, 23, 0, 2, 0, 2, 9, 20, 'Active', NULL, '2015-06-09', '03:28:54 AM'),
(134, 110, 5, 71, 23, 0, 4, 0, 2, 9, 20, 'Active', NULL, '2015-06-09', '03:32:16 AM'),
(135, 111, 5, 71, 23, 0, 3, 0, 2, 9, 20, 'Active', NULL, '2015-06-09', '03:36:22 AM'),
(136, 112, 5, 71, 23, 0, 2, 0, 2, 8, 20, 'Active', NULL, '2015-06-09', '03:41:08 AM'),
(137, 113, 5, 71, 23, 0, 3, 0, 2, 8, 20, 'Active', NULL, '2015-06-09', '03:48:29 AM'),
(138, 114, 5, 71, 23, 0, 16, 0, 2, 7, 20, 'Active', NULL, '2015-06-09', '03:51:50 AM'),
(139, 115, 5, 71, 23, 0, 3, 0, 2, 5, 20, 'Active', NULL, '2015-06-09', '04:00:10 AM'),
(140, 116, 5, 71, 23, 0, 4, 0, 2, 6, 20, 'Active', NULL, '2015-06-09', '04:48:38 AM'),
(141, 117, 5, 71, 23, 0, 12, 0, 2, 1, 20, 'Active', NULL, '2015-06-09', '05:06:53 AM'),
(142, 118, 5, 71, 23, 0, 12, 0, 2, 5, 20, 'Active', NULL, '2015-06-09', '05:08:21 AM'),
(143, 119, 5, 71, 23, 0, 6, 0, 2, 9, 20, 'Active', NULL, '2015-06-09', '05:13:48 AM'),
(144, 120, 5, 71, 23, 0, 8, 0, 2, 9, 20, 'Active', NULL, '2015-06-09', '05:17:01 AM'),
(145, 121, 5, 71, 23, 0, 30, 0, 2, 9, 20, 'Active', NULL, '2015-06-09', '05:18:17 AM'),
(146, 122, 5, 71, 23, 0, 28, 0, 2, 9, 20, 'Active', NULL, '2015-06-09', '05:19:13 AM'),
(147, 123, 5, 71, 23, 0, 5, 0, 2, 7, 20, 'Active', NULL, '2015-06-09', '05:25:04 AM'),
(148, 124, 5, 71, 23, 0, 2, 0, 2, 8, 20, 'Active', NULL, '2015-06-09', '05:56:37 AM'),
(149, 125, 5, 71, 23, 0, 3, 0, 2, 7, 20, 'Active', NULL, '2015-06-09', '05:59:44 AM'),
(150, 126, 5, 71, 23, 0, 100, 0, 2, 8, 20, 'Active', NULL, '2015-06-09', '06:02:53 AM'),
(151, 127, 5, 71, 23, 0, 83, 0, 2, 9, 20, 'Active', NULL, '2015-06-09', '06:04:45 AM'),
(152, 128, 5, 71, 23, 0, 72, 0, 2, 9, 20, 'Active', NULL, '2015-06-09', '06:06:06 AM'),
(153, 129, 5, 71, 23, 0, 25, 0, 2, 9, 20, 'Active', NULL, '2015-06-09', '06:07:00 AM'),
(154, 130, 5, 71, 23, 0, 17, 0, 2, 6, 20, 'Active', NULL, '2015-06-09', '23:48:59 PM'),
(155, 131, 5, 71, 23, 0, 4, 0, 2, 5, 20, 'Active', NULL, '2015-06-09', '23:59:14 PM'),
(156, 132, 5, 71, 23, 0, 6, 0, 2, 7, 20, 'Active', NULL, '2015-06-10', '00:02:58 AM'),
(157, 133, 5, 71, 23, 0, 4, 0, 2, 9, 20, 'Active', NULL, '2015-06-10', '00:09:42 AM'),
(158, 134, 5, 71, 23, 0, 3, 0, 2, 6, 20, 'Active', NULL, '2015-06-10', '00:16:20 AM'),
(159, 135, 5, 71, 23, 0, 1, 0, 2, 1, 20, 'Active', NULL, '2015-06-10', '00:20:01 AM'),
(160, 136, 5, 71, 23, 0, 3, 0, 2, 7, 20, 'Active', NULL, '2015-06-10', '00:23:30 AM'),
(161, 137, 5, 71, 23, 0, 6, 0, 2, 5, 20, 'Active', NULL, '2015-06-10', '00:34:28 AM'),
(162, 138, 5, 71, 23, 0, 11, 0, 2, 7, 20, 'Active', NULL, '2015-06-10', '00:36:49 AM'),
(163, 139, 5, 71, 23, 0, 2, 0, 2, 1, 20, 'Active', NULL, '2015-06-10', '00:40:15 AM'),
(164, 140, 5, 71, 23, 0, 2, 0, 2, 9, 20, 'Active', NULL, '2015-06-10', '00:50:37 AM'),
(165, 141, 5, 71, 23, 0, 2, 0, 2, 5, 20, 'Active', NULL, '2015-06-10', '00:56:19 AM'),
(166, 142, 5, 71, 23, 0, 5, 0, 2, 9, 20, 'Active', NULL, '2015-06-10', '01:07:25 AM'),
(167, 143, 5, 71, 23, 0, 24, 0, 2, 9, 20, 'Active', NULL, '2015-06-10', '01:08:22 AM'),
(168, 144, 5, 71, 23, 0, 2, 0, 2, 3, 20, 'Active', NULL, '2015-06-10', '01:12:09 AM'),
(169, 145, 5, 71, 23, 0, 9, 0, 2, 3, 20, 'Active', NULL, '2015-06-10', '01:14:25 AM'),
(170, 146, 5, 71, 23, 0, 5, 0, 2, 6, 20, 'Active', NULL, '2015-06-10', '01:17:05 AM'),
(171, 147, 5, 71, 23, 0, 3, 0, 2, 5, 20, 'Active', NULL, '2015-06-10', '01:24:39 AM'),
(172, 148, 5, 71, 23, 0, 3, 0, 2, 9, 20, 'Active', NULL, '2015-06-10', '01:28:59 AM'),
(173, 149, 5, 71, 23, 0, 18, 0, 2, 9, 20, 'Active', NULL, '2015-06-10', '01:32:20 AM'),
(174, 150, 5, 71, 23, 0, 22, 0, 2, 6, 20, 'Active', NULL, '2015-06-10', '01:33:25 AM'),
(175, 151, 5, 71, 23, 0, 7, 0, 2, 3, 20, 'Active', NULL, '2015-06-10', '01:36:02 AM'),
(176, 152, 5, 71, 31, 0, 152, 0, 2, 9, 20, 'Active', NULL, '2015-06-10', '01:38:30 AM'),
(177, 153, 5, 71, 23, 0, 5, 0, 2, 4, 20, 'Active', NULL, '2015-06-10', '01:48:54 AM'),
(178, 154, 5, 71, 23, 0, 5, 0, 2, 9, 20, 'Active', NULL, '2015-06-10', '01:50:38 AM'),
(179, 155, 5, 71, 23, 0, 9, 0, 2, 5, 20, 'Active', NULL, '2015-06-10', '01:51:28 AM'),
(180, 156, 5, 71, 23, 0, 2, 0, 2, 7, 20, 'Active', NULL, '2015-06-10', '01:52:15 AM'),
(181, 157, 5, 71, 23, 0, 2, 0, 2, 8, 20, 'Active', NULL, '2015-06-10', '01:53:04 AM'),
(182, 158, 5, 71, 23, 0, 4, 0, 2, 8, 20, 'Active', NULL, '2015-06-10', '01:53:55 AM'),
(183, 159, 5, 71, 23, 0, 3, 0, 2, 4, 20, 'Active', NULL, '2015-06-10', '01:54:56 AM'),
(184, 160, 5, 71, 23, 0, 5, 0, 2, 6, 20, 'Active', NULL, '2015-06-10', '01:55:59 AM'),
(185, 161, 5, 71, 31, 0, 136, 0, 2, 7, 20, 'Active', NULL, '2015-06-10', '01:57:12 AM'),
(186, 162, 5, 71, 23, 0, 7, 0, 2, 7, 20, 'Active', NULL, '2015-06-10', '02:09:46 AM'),
(187, 163, 5, 71, 23, 0, 5, 0, 2, 2, 20, 'Active', NULL, '2015-06-10', '02:10:37 AM'),
(188, 164, 5, 71, 23, 0, 5, 0, 2, 9, 20, 'Active', NULL, '2015-06-10', '02:16:17 AM'),
(189, 165, 5, 71, 23, 0, 7, 0, 2, 8, 20, 'Active', NULL, '2015-06-10', '02:19:33 AM'),
(190, 166, 5, 71, 23, 0, 5, 0, 2, 2, 20, 'Active', NULL, '2015-06-10', '02:29:41 AM'),
(191, 167, 5, 71, 23, 0, 6, 0, 2, 6, 20, 'Active', NULL, '2015-06-10', '02:32:46 AM'),
(192, 168, 5, 71, 23, 0, 3, 0, 2, 1, 20, 'Active', NULL, '2015-06-10', '02:37:39 AM'),
(193, 169, 5, 71, 23, 0, 2, 0, 2, 2, 20, 'Active', NULL, '2015-06-10', '02:38:33 AM'),
(194, 170, 5, 71, 23, 0, 5, 0, 2, 3, 20, 'Active', NULL, '2015-06-10', '02:42:30 AM'),
(195, 171, 5, 71, 23, 0, 5, 0, 2, 6, 20, 'Active', NULL, '2015-06-10', '02:48:02 AM'),
(196, 172, 5, 71, 23, 0, 4, 0, 2, 6, 20, 'Active', NULL, '2015-06-10', '03:31:42 AM'),
(197, 173, 5, 71, 23, 0, 2, 0, 2, 3, 20, 'Active', NULL, '2015-06-10', '03:35:10 AM'),
(198, 174, 5, 71, 23, 0, 3, 0, 2, 5, 20, 'Active', NULL, '2015-06-10', '03:41:57 AM'),
(199, 175, 5, 71, 23, 0, 3, 0, 2, 8, 20, 'Active', NULL, '2015-06-10', '03:45:46 AM'),
(200, 176, 5, 71, 23, 0, 6, 0, 2, 9, 20, 'Active', NULL, '2015-06-10', '03:49:18 AM'),
(201, 177, 5, 71, 23, 0, 6, 0, 2, 6, 20, 'Active', NULL, '2015-06-10', '03:53:14 AM'),
(202, 178, 5, 71, 23, 0, 5, 0, 2, 6, 20, 'Active', NULL, '2015-06-10', '04:55:39 AM'),
(203, 179, 5, 71, 23, 0, 3, 0, 2, 6, 20, 'Active', NULL, '2015-06-10', '05:00:03 AM'),
(204, 180, 5, 71, 23, 0, 4, 0, 2, 6, 20, 'Active', NULL, '2015-06-10', '05:01:50 AM'),
(205, 181, 5, 71, 23, 0, 10, 0, 2, 6, 20, 'Active', NULL, '2015-06-10', '05:04:07 AM'),
(206, 182, 5, 71, 23, 0, 10, 0, 2, 6, 20, 'Active', NULL, '2015-06-10', '05:11:55 AM'),
(207, 183, 5, 71, 23, 0, 6, 0, 2, 5, 20, 'Active', NULL, '2015-06-10', '05:12:44 AM'),
(208, 184, 5, 71, 23, 0, 5, 0, 2, 7, 20, 'Active', NULL, '2015-06-10', '05:16:06 AM'),
(209, 185, 5, 71, 23, 0, 11, 0, 2, 9, 20, 'Active', NULL, '2015-06-10', '05:19:37 AM'),
(210, 186, 5, 71, 23, 0, 13, 0, 2, 6, 20, 'Active', NULL, '2015-06-10', '05:24:08 AM'),
(211, 187, 5, 71, 23, 0, 5, 0, 2, 3, 20, 'Active', NULL, '2015-06-10', '05:46:55 AM'),
(212, 188, 5, 71, 23, 0, 45, 0, 2, 5, 20, 'Active', NULL, '2015-06-10', '06:38:34 AM'),
(213, 189, 5, 71, 23, 0, 5, 0, 2, 6, 20, 'Active', NULL, '2015-06-10', '06:39:40 AM'),
(214, 190, 5, 71, 23, 0, 12, 0, 2, 8, 20, 'Active', NULL, '2015-06-10', '06:46:57 AM'),
(215, 191, 5, 71, 23, 0, 12, 0, 2, 11, 20, 'Active', NULL, '2015-06-10', '06:48:02 AM'),
(216, 192, 5, 71, 23, 0, 8, 0, 2, 11, 20, 'Active', NULL, '2015-06-10', '06:50:44 AM'),
(217, 193, 5, 71, 23, 0, 6, 0, 2, 11, 20, 'Active', NULL, '2015-06-10', '06:51:40 AM'),
(218, 194, 5, 71, 23, 0, 2, 0, 2, 3, 20, 'Active', NULL, '2015-06-10', '06:52:33 AM'),
(219, 195, 5, 71, 23, 0, 14, 0, 2, 3, 20, 'Active', NULL, '2015-06-10', '07:09:09 AM'),
(220, 196, 5, 71, 23, 0, 4, 0, 2, 5, 20, 'Active', NULL, '2015-06-10', '10:39:43 AM'),
(221, 197, 5, 71, 23, 0, 1, 0, 2, 6, 20, 'Active', NULL, '2015-06-10', '10:43:50 AM'),
(222, 198, 5, 71, 23, 0, 2, 0, 2, 4, 20, 'Active', NULL, '2015-06-10', '10:49:39 AM'),
(223, 199, 5, 71, 23, 0, 2, 0, 2, 4, 20, 'Active', NULL, '2015-06-10', '10:52:40 AM'),
(224, 200, 5, 71, 23, 0, 3, 0, 2, 5, 20, 'Active', NULL, '2015-06-10', '10:55:20 AM'),
(225, 201, 5, 71, 23, 0, 5, 0, 2, 5, 20, 'Active', NULL, '2015-06-10', '10:57:30 AM'),
(226, 202, 5, 71, 23, 0, 5, 0, 2, 5, 20, 'Active', NULL, '2015-06-10', '11:00:33 AM'),
(227, 203, 5, 71, 23, 0, 4, 0, 2, 6, 20, 'Active', NULL, '2015-06-10', '11:03:48 AM'),
(228, 204, 5, 71, 23, 0, 2, 0, 2, 6, 20, 'Active', NULL, '2015-06-10', '11:07:06 AM'),
(229, 205, 5, 71, 23, 0, 3, 0, 2, 3, 20, 'Active', NULL, '2015-06-10', '11:10:35 AM'),
(230, 206, 5, 71, 23, 0, 40, 0, 2, 5, 20, 'Active', NULL, '2015-06-10', '11:11:37 AM'),
(231, 207, 5, 71, 23, 0, 6, 0, 2, 9, 20, 'Active', NULL, '2015-06-10', '11:12:29 AM'),
(232, 208, 5, 71, 23, 0, 4, 0, 2, 7, 20, 'Active', NULL, '2015-06-10', '11:19:27 AM'),
(233, 209, 5, 71, 23, 0, 3, 0, 2, 9, 20, 'Active', NULL, '2015-06-10', '11:20:11 AM'),
(234, 210, 5, 71, 23, 0, 6, 0, 2, 9, 20, 'Active', NULL, '2015-06-10', '11:21:09 AM'),
(235, 211, 5, 71, 23, 0, 4, 0, 2, 7, 20, 'Active', NULL, '2015-06-10', '11:21:59 AM'),
(236, 212, 5, 71, 23, 0, 3, 0, 2, 8, 20, 'Active', NULL, '2015-06-10', '11:22:48 AM'),
(237, 213, 5, 71, 23, 0, 3, 0, 2, 7, 20, 'Active', NULL, '2015-06-10', '11:23:38 AM'),
(238, 214, 5, 71, 23, 0, 2, 0, 2, 9, 20, 'Active', NULL, '2015-06-10', '11:24:22 AM'),
(239, 215, 5, 71, 23, 0, 4, 0, 2, 9, 20, 'Active', NULL, '2015-06-10', '11:25:08 AM'),
(240, 216, 5, 71, 23, 0, 27, 0, 2, 9, 20, 'Active', NULL, '2015-06-10', '11:26:32 AM'),
(241, 217, 5, 71, 23, 0, 210, 0, 2, 9, 20, 'Active', NULL, '2015-06-10', '11:27:35 AM'),
(242, 218, 5, 71, 23, 0, 25, 0, 2, 9, 20, 'Active', NULL, '2015-06-10', '11:31:16 AM'),
(243, 219, 5, 71, 23, 0, 18, 0, 2, 6, 20, 'Active', NULL, '2015-06-10', '11:32:10 AM'),
(244, 220, 5, 71, 23, 0, 7, 0, 2, 6, 20, 'Active', NULL, '2015-06-10', '11:32:59 AM'),
(245, 221, 5, 71, 23, 0, 2, 0, 2, 6, 20, 'Active', NULL, '2015-06-10', '11:37:23 AM'),
(246, 222, 5, 71, 23, 0, 10, 0, 2, 6, 20, 'Active', NULL, '2015-06-10', '11:44:51 AM'),
(247, 223, 5, 71, 23, 0, 2, 0, 2, 6, 20, 'Active', NULL, '2015-06-10', '11:48:30 AM'),
(248, 224, 5, 71, 23, 0, 10, 0, 2, 9, 20, 'Active', NULL, '2015-06-10', '23:59:07 PM'),
(249, 225, 5, 71, 23, 0, 3, 0, 2, 6, 20, 'Active', NULL, '2015-06-11', '00:06:21 AM'),
(250, 226, 5, 71, 23, 0, 99, 0, 2, 5, 20, 'Active', NULL, '2015-06-11', '00:09:46 AM'),
(251, 227, 5, 71, 23, 0, 1, 0, 2, 9, 20, 'Active', NULL, '2015-06-11', '00:15:01 AM'),
(252, 228, 5, 71, 23, 0, 1, 0, 2, 9, 20, 'Active', NULL, '2015-06-11', '00:18:15 AM'),
(253, 229, 5, 71, 31, 0, 129, 0, 2, 9, 20, 'Active', NULL, '2015-06-11', '00:31:27 AM'),
(254, 230, 5, 71, 23, 0, 2, 0, 2, 9, 20, 'Active', NULL, '2015-06-11', '00:35:22 AM'),
(255, 231, 5, 71, 23, 0, 2, 0, 2, 3, 20, 'Active', NULL, '2015-06-11', '00:38:37 AM'),
(256, 232, 5, 71, 23, 0, 3, 0, 2, 2, 20, 'Active', NULL, '2015-06-11', '00:42:16 AM'),
(257, 233, 5, 71, 23, 0, 4, 0, 2, 6, 20, 'Active', NULL, '2015-06-11', '00:47:14 AM'),
(258, 234, 5, 71, 23, 0, 4, 0, 2, 6, 20, 'Active', NULL, '2015-06-11', '00:49:19 AM'),
(259, 235, 5, 71, 23, 0, 5, 0, 2, 9, 20, 'Active', NULL, '2015-06-11', '00:51:49 AM'),
(260, 236, 5, 71, 23, 0, 10, 0, 2, 9, 20, 'Active', NULL, '2015-06-11', '00:55:08 AM'),
(261, 237, 5, 71, 23, 0, 4, 0, 2, 6, 20, 'Active', NULL, '2015-06-11', '00:58:42 AM'),
(262, 238, 5, 71, 23, 0, 2, 0, 2, 9, 20, 'Active', NULL, '2015-06-11', '01:03:41 AM'),
(263, 239, 5, 71, 23, 0, 6, 0, 2, 9, 20, 'Active', NULL, '2015-06-11', '01:08:45 AM'),
(264, 240, 5, 71, 23, 0, 22, 0, 2, 6, 20, 'Active', NULL, '2015-06-11', '01:10:37 AM'),
(265, 241, 5, 71, 23, 0, 3, 0, 2, 9, 20, 'Active', NULL, '2015-06-11', '01:13:10 AM'),
(266, 242, 5, 71, 23, 0, 4, 0, 2, 7, 20, 'Active', NULL, '2015-06-11', '01:16:25 AM'),
(267, 243, 5, 71, 23, 0, 5, 0, 2, 5, 20, 'Active', NULL, '2015-06-11', '01:47:02 AM'),
(268, 244, 5, 71, 23, 0, 9, 0, 2, 6, 20, 'Active', NULL, '2015-06-11', '01:50:04 AM'),
(269, 245, 5, 71, 23, 0, 6, 0, 2, 6, 20, 'Active', NULL, '2015-06-11', '01:56:41 AM'),
(270, 246, 5, 71, 23, 0, 8, 0, 2, 9, 20, 'Active', NULL, '2015-06-11', '02:00:23 AM'),
(271, 247, 5, 71, 23, 0, 8, 0, 2, 5, 20, 'Active', NULL, '2015-06-11', '02:03:53 AM'),
(272, 248, 5, 71, 23, 0, 7, 0, 2, 6, 20, 'Active', NULL, '2015-06-11', '02:06:07 AM'),
(273, 249, 5, 71, 23, 0, 2, 0, 2, 8, 20, 'Active', NULL, '2015-06-11', '02:07:18 AM'),
(274, 250, 5, 71, 23, 0, 4, 0, 2, 7, 20, 'Active', NULL, '2015-06-11', '02:11:31 AM'),
(275, 251, 5, 71, 23, 0, 5, 0, 2, 6, 20, 'Active', NULL, '2015-06-11', '02:14:45 AM'),
(276, 252, 5, 71, 23, 0, 7, 0, 2, 9, 20, 'Active', NULL, '2015-06-11', '02:17:32 AM'),
(277, 253, 5, 71, 23, 0, 14, 0, 2, 6, 20, 'Active', NULL, '2015-06-11', '02:21:13 AM'),
(278, 254, 5, 71, 23, 0, 7, 0, 2, 4, 20, 'Active', NULL, '2015-06-11', '02:40:36 AM'),
(279, 255, 5, 71, 23, 0, 2, 0, 2, 9, 20, 'Active', NULL, '2015-06-11', '03:16:25 AM'),
(280, 256, 5, 71, 23, 0, 3, 0, 2, 9, 20, 'Active', NULL, '2015-06-11', '03:19:34 AM'),
(281, 257, 5, 71, 23, 0, 8, 0, 2, 6, 20, 'Active', NULL, '2015-06-11', '03:25:32 AM'),
(282, 258, 5, 71, 23, 0, 4, 0, 2, 8, 20, 'Active', NULL, '2015-06-11', '03:26:35 AM'),
(283, 259, 5, 71, 23, 0, 8, 0, 2, 9, 20, 'Active', NULL, '2015-06-11', '03:27:33 AM'),
(284, 260, 5, 71, 23, 0, 3, 0, 2, 6, 20, 'Active', NULL, '2015-06-11', '03:29:21 AM'),
(285, 261, 5, 71, 23, 0, 4, 0, 2, 6, 20, 'Active', NULL, '2015-06-11', '03:30:18 AM'),
(286, 262, 5, 71, 23, 0, 4, 0, 2, 6, 20, 'Active', NULL, '2015-06-11', '03:35:58 AM'),
(287, 263, 5, 71, 23, 0, 8, 0, 2, 8, 20, 'Active', NULL, '2015-06-11', '03:37:03 AM'),
(288, 264, 5, 71, 23, 0, 5, 0, 2, 6, 20, 'Active', NULL, '2015-06-11', '04:22:52 AM'),
(289, 265, 5, 71, 23, 0, 4, 0, 2, 9, 20, 'Active', NULL, '2015-06-11', '04:27:35 AM'),
(290, 266, 5, 71, 23, 0, 6, 0, 2, 6, 20, 'Active', NULL, '2015-06-11', '04:30:30 AM'),
(291, 267, 5, 71, 23, 0, 2, 0, 2, 5, 20, 'Active', NULL, '2015-06-11', '04:34:19 AM'),
(292, 268, 5, 71, 23, 0, 2, 0, 2, 6, 20, 'Active', NULL, '2015-06-11', '04:38:25 AM'),
(293, 269, 5, 71, 23, 0, 3, 0, 2, 6, 20, 'Active', NULL, '2015-06-11', '04:41:19 AM'),
(294, 270, 5, 71, 23, 0, 26, 0, 2, 6, 20, 'Active', NULL, '2015-06-11', '04:43:52 AM'),
(295, 271, 5, 71, 23, 0, 4, 0, 2, 6, 20, 'Active', NULL, '2015-06-11', '04:52:37 AM'),
(296, 272, 5, 71, 23, 0, 14, 0, 2, 6, 20, 'Active', NULL, '2015-06-11', '04:55:06 AM'),
(297, 273, 5, 71, 23, 0, 6, 0, 2, 7, 20, 'Active', NULL, '2015-06-11', '04:58:31 AM'),
(298, 274, 5, 71, 23, 0, 4, 0, 2, 3, 20, 'Active', NULL, '2015-06-11', '05:02:34 AM'),
(299, 275, 5, 71, 23, 0, 5, 0, 2, 6, 20, 'Active', NULL, '2015-06-14', '05:54:32 AM'),
(300, 276, 5, 71, 23, 0, 2, 0, 2, 3, 20, 'Active', NULL, '2015-06-14', '05:55:36 AM'),
(301, 277, 5, 71, 23, 0, 2, 0, 2, 0, 20, 'Active', NULL, '2015-06-14', '06:01:06 AM'),
(302, 278, 5, 71, 23, 0, 8, 0, 2, 5, 20, 'Active', NULL, '2015-06-14', '06:05:05 AM'),
(303, 279, 5, 71, 23, 0, 4, 0, 2, 9, 20, 'Active', NULL, '2015-06-15', '00:58:30 AM'),
(304, 280, 5, 71, 23, 0, 1, 0, 2, 5, 20, 'Active', NULL, '2015-06-15', '01:07:31 AM'),
(305, 281, 5, 71, 23, 0, 15, 0, 2, 2, 20, 'Active', NULL, '2015-06-15', '01:10:13 AM'),
(306, 282, 5, 71, 23, 0, 18, 0, 2, 6, 20, 'Active', NULL, '2015-06-15', '01:11:37 AM'),
(307, 283, 5, 71, 23, 0, 3, 0, 2, 6, 20, 'Active', NULL, '2015-06-15', '01:12:28 AM'),
(308, 284, 5, 71, 23, 0, 2, 0, 2, 9, 20, 'Active', NULL, '2015-06-15', '01:15:20 AM'),
(309, 285, 5, 71, 23, 0, 3, 0, 2, 6, 20, 'Active', NULL, '2015-06-15', '01:19:01 AM'),
(310, 286, 5, 71, 23, 0, 2, 0, 2, 5, 20, 'Active', NULL, '2015-06-15', '01:26:11 AM'),
(311, 287, 5, 71, 23, 0, 15, 0, 2, 6, 20, 'Active', NULL, '2015-06-15', '01:29:24 AM'),
(312, 288, 5, 71, 23, 0, 4, 0, 2, 5, 20, 'Active', NULL, '2015-06-15', '01:51:50 AM'),
(313, 289, 5, 71, 23, 0, 25, 0, 2, 9, 20, 'Active', NULL, '2015-06-15', '01:53:03 AM'),
(314, 290, 5, 71, 23, 0, 23, 0, 2, 5, 20, 'Active', NULL, '2015-06-15', '01:56:16 AM'),
(315, 291, 5, 71, 23, 0, 9, 0, 2, 5, 20, 'Active', NULL, '2015-06-15', '01:57:55 AM'),
(316, 292, 5, 71, 23, 0, 6, 0, 2, 9, 20, 'Active', NULL, '2015-06-15', '02:10:12 AM'),
(317, 293, 5, 71, 23, 0, 2, 0, 2, 6, 20, 'Active', NULL, '2015-06-15', '02:11:03 AM'),
(318, 294, 5, 71, 23, 0, 6, 0, 2, 9, 20, 'Active', NULL, '2015-06-15', '02:12:30 AM'),
(319, 295, 5, 71, 23, 0, 2, 0, 2, 6, 20, 'Active', NULL, '2015-06-15', '02:15:20 AM'),
(320, 296, 5, 71, 23, 0, 6, 0, 2, 9, 20, 'Active', NULL, '2015-06-15', '02:20:56 AM'),
(321, 297, 5, 71, 23, 0, 30, 0, 2, 5, 20, 'Active', NULL, '2015-06-15', '02:24:25 AM'),
(322, 298, 5, 71, 23, 0, 3, 0, 2, 3, 20, 'Active', NULL, '2015-06-15', '02:25:13 AM'),
(323, 299, 5, 71, 23, 0, 4, 0, 2, 6, 20, 'Active', NULL, '2015-06-15', '02:27:28 AM'),
(324, 300, 5, 71, 23, 0, 5, 0, 2, 5, 20, 'Active', NULL, '2015-06-15', '02:28:48 AM'),
(325, 301, 5, 71, 23, 0, 3, 0, 2, 5, 20, 'Active', NULL, '2015-06-15', '02:29:57 AM'),
(326, 302, 5, 71, 23, 0, 2, 0, 2, 9, 20, 'Active', NULL, '2015-06-15', '02:30:47 AM'),
(327, 303, 5, 71, 23, 0, 12, 0, 2, 5, 20, 'Active', NULL, '2015-06-15', '02:34:20 AM'),
(328, 304, 5, 71, 23, 0, 6, 0, 2, 6, 20, 'Active', NULL, '2015-06-15', '02:40:33 AM'),
(329, 305, 5, 71, 23, 0, 17, 0, 2, 5, 20, 'Active', NULL, '2015-06-15', '02:41:23 AM'),
(330, 306, 5, 71, 23, 0, 94, 0, 2, 5, 20, 'Active', NULL, '2015-06-15', '02:42:12 AM'),
(331, 307, 5, 71, 23, 0, 86, 0, 2, 9, 20, 'Active', NULL, '2015-06-15', '02:43:01 AM'),
(332, 308, 5, 71, 23, 0, 2, 0, 2, 3, 20, 'Active', NULL, '2015-06-15', '02:49:54 AM'),
(333, 309, 5, 71, 23, 0, 2, 0, 2, 5, 20, 'Active', NULL, '2015-06-15', '02:52:34 AM'),
(334, 310, 5, 71, 23, 0, 1, 0, 2, 5, 20, 'Active', NULL, '2015-06-15', '02:59:10 AM'),
(335, 311, 5, 71, 23, 0, 7, 0, 2, 5, 20, 'Active', NULL, '2015-06-15', '06:33:04 AM'),
(336, 312, 5, 71, 23, 0, 10, 0, 2, 6, 20, 'Active', NULL, '2015-06-15', '06:35:59 AM'),
(337, 313, 5, 71, 23, 0, 11, 0, 2, 9, 20, 'Active', NULL, '2015-06-15', '06:38:54 AM'),
(338, 314, 5, 71, 23, 0, 3, 0, 2, 6, 20, 'Active', NULL, '2015-06-15', '06:40:00 AM'),
(339, 315, 5, 71, 23, 0, 1, 0, 2, 5, 20, 'Active', NULL, '2015-06-15', '06:44:07 AM'),
(340, 316, 5, 71, 23, 0, 4, 0, 2, 9, 20, 'Active', NULL, '2015-06-15', '06:58:12 AM'),
(341, 317, 5, 71, 23, 0, 1, 0, 2, 9, 20, 'Active', NULL, '2015-06-16', '02:53:49 AM'),
(342, 318, 5, 71, 23, 0, 1, 0, 2, 3, 20, 'Active', NULL, '2015-06-16', '02:58:31 AM'),
(343, 319, 5, 71, 23, 0, 1, 0, 2, 2, 20, 'Active', NULL, '2015-06-16', '03:00:54 AM'),
(344, 320, 5, 71, 23, 0, 3, 0, 2, 3, 20, 'Active', NULL, '2015-06-16', '03:03:52 AM'),
(345, 321, 5, 71, 23, 0, 3, 0, 2, 3, 20, 'Active', NULL, '2015-06-16', '03:05:19 AM'),
(346, 322, 5, 71, 23, 0, 5, 0, 2, 3, 20, 'Active', NULL, '2015-06-16', '03:06:30 AM'),
(347, 323, 5, 71, 23, 0, 2, 0, 2, 3, 20, 'Active', NULL, '2015-06-16', '03:07:19 AM'),
(348, 324, 5, 71, 23, 0, 12, 0, 2, 6, 20, 'Active', NULL, '2015-06-16', '03:08:05 AM'),
(349, 325, 5, 71, 23, 0, 9, 0, 2, 6, 20, 'Active', NULL, '2015-06-16', '03:08:58 AM'),
(350, 326, 5, 71, 23, 0, 4, 0, 2, 5, 20, 'Active', NULL, '2015-06-16', '04:30:34 AM'),
(351, 327, 5, 71, 23, 0, 4, 0, 2, 2, 20, 'Active', NULL, '2015-06-16', '04:35:44 AM'),
(352, 328, 5, 71, 23, 0, 4, 0, 2, 6, 20, 'Active', NULL, '2015-06-16', '05:03:57 AM'),
(353, 329, 5, 71, 23, 0, 9, 0, 2, 9, 20, 'Active', NULL, '2015-06-16', '05:07:45 AM'),
(354, 330, 5, 71, 23, 0, 3, 0, 2, 5, 20, 'Active', NULL, '2015-06-16', '05:12:51 AM'),
(355, 331, 5, 71, 23, 0, 2, 0, 2, 3, 20, 'Active', NULL, '2015-06-16', '05:20:55 AM'),
(356, 332, 5, 71, 23, 0, 5, 0, 2, 5, 20, 'Active', NULL, '2015-06-16', '05:23:46 AM'),
(357, 333, 5, 71, 23, 0, 6, 0, 2, 2, 20, 'Active', NULL, '2015-06-16', '05:32:37 AM'),
(358, 334, 5, 71, 23, 0, 1, 0, 2, 6, 20, 'Active', NULL, '2015-06-16', '05:35:50 AM'),
(359, 335, 5, 71, 23, 0, 2, 0, 2, 6, 20, 'Active', NULL, '2015-06-16', '05:39:37 AM'),
(360, 336, 5, 71, 23, 0, 9, 0, 2, 5, 20, 'Active', NULL, '2015-06-16', '05:40:37 AM'),
(361, 337, 5, 71, 23, 0, 2, 0, 2, 9, 20, 'Active', NULL, '2015-06-16', '05:43:20 AM'),
(362, 338, 5, 71, 23, 0, 4, 0, 2, 6, 20, 'Active', NULL, '2015-06-16', '05:53:46 AM'),
(363, 339, 5, 71, 23, 0, 2, 0, 2, 5, 20, 'Active', NULL, '2015-06-16', '05:59:18 AM'),
(364, 340, 5, 71, 23, 0, 3, 0, 2, 3, 20, 'Active', NULL, '2015-06-16', '06:03:10 AM'),
(365, 341, 5, 71, 23, 0, 3, 0, 2, 3, 20, 'Active', NULL, '2015-06-16', '06:06:14 AM'),
(366, 342, 5, 71, 23, 0, 2, 0, 2, 3, 20, 'Active', NULL, '2015-06-16', '06:08:22 AM'),
(367, 343, 5, 71, 23, 0, 150, 0, 2, 9, 20, 'Active', NULL, '2015-06-16', '06:11:34 AM'),
(368, 344, 5, 71, 23, 0, 4, 0, 2, 3, 20, 'Active', NULL, '2015-06-16', '06:14:30 AM'),
(369, 345, 5, 71, 23, 0, 16, 0, 2, 6, 20, 'Active', NULL, '2015-06-16', '06:39:55 AM'),
(370, 346, 5, 71, 23, 0, 6, 0, 2, 5, 20, 'Active', NULL, '2015-06-16', '06:43:27 AM'),
(371, 347, 5, 71, 23, 0, 5, 0, 2, 9, 20, 'Active', NULL, '2015-06-16', '06:48:38 AM'),
(372, 348, 5, 71, 23, 0, 30, 0, 2, 9, 20, 'Active', NULL, '2015-06-16', '07:03:00 AM'),
(373, 349, 5, 71, 23, 0, 13, 0, 2, 6, 20, 'Active', NULL, '2015-06-16', '07:07:15 AM'),
(374, 350, 5, 71, 23, 0, 19, 0, 2, 9, 20, 'Active', NULL, '2015-06-16', '07:12:17 AM'),
(375, 351, 5, 71, 23, 0, 14, 0, 2, 6, 20, 'Active', NULL, '2015-06-16', '07:18:39 AM'),
(376, 352, 5, 71, 23, 0, 9, 0, 2, 6, 20, 'Active', NULL, '2015-06-16', '07:22:05 AM'),
(377, 353, 5, 71, 23, 0, 30, 0, 2, 9, 20, 'Active', NULL, '2015-06-16', '07:23:16 AM'),
(378, 354, 5, 71, 23, 0, 19, 0, 2, 9, 20, 'Active', NULL, '2015-06-16', '07:24:06 AM'),
(379, 355, 5, 71, 23, 0, 12, 0, 2, 7, 20, 'Active', NULL, '2015-06-16', '07:25:01 AM'),
(380, 356, 5, 71, 23, 0, 9, 0, 2, 9, 20, 'Active', NULL, '2015-06-16', '07:26:03 AM'),
(381, 357, 5, 71, 23, 0, 10, 0, 2, 9, 20, 'Active', NULL, '2015-06-16', '07:27:01 AM'),
(382, 358, 5, 71, 23, 0, 10, 0, 2, 6, 20, 'Active', NULL, '2015-06-16', '07:27:52 AM'),
(383, 359, 5, 71, 23, 0, 8, 0, 2, 6, 20, 'Active', NULL, '2015-06-16', '07:29:00 AM'),
(384, 360, 5, 71, 23, 0, 5, 0, 2, 6, 20, 'Active', NULL, '2015-06-16', '07:29:58 AM'),
(385, 361, 5, 71, 31, 0, 150, 0, 2, 9, 20, 'Active', NULL, '2015-06-16', '07:31:14 AM'),
(386, 362, 5, 71, 23, 0, 4, 0, 2, 6, 20, 'Active', NULL, '2015-06-16', '07:37:31 AM'),
(387, 363, 5, 71, 23, 0, 1, 0, 2, 6, 20, 'Active', NULL, '2015-06-16', '07:39:56 AM'),
(388, 364, 5, 71, 23, 0, 1, 0, 2, 3, 20, 'Active', NULL, '2015-06-17', '04:55:46 AM'),
(389, 365, 5, 71, 23, 0, 5, 0, 2, 9, 20, 'Active', NULL, '2015-06-17', '05:03:24 AM'),
(390, 366, 5, 71, 23, 0, 4, 0, 2, 5, 20, 'Active', NULL, '2015-06-17', '05:05:55 AM'),
(391, 367, 5, 71, 23, 0, 5, 0, 2, 5, 20, 'Active', NULL, '2015-06-17', '05:16:21 AM'),
(392, 368, 5, 71, 23, 0, 10, 0, 2, 3, 20, 'Active', NULL, '2015-06-17', '05:17:23 AM'),
(393, 369, 5, 71, 23, 0, 20, 0, 2, 9, 20, 'Active', NULL, '2015-06-17', '05:18:32 AM'),
(394, 370, 5, 71, 23, 0, 28, 0, 2, 9, 20, 'Active', NULL, '2015-06-17', '05:19:18 AM'),
(395, 371, 5, 71, 31, 0, 116, 0, 2, 10, 20, 'Active', NULL, '2015-06-17', '05:23:32 AM'),
(396, 372, 5, 71, 31, 0, 89, 0, 2, 9, 20, 'Active', NULL, '2015-06-17', '05:35:21 AM'),
(397, 373, 5, 71, 23, 0, 30, 0, 2, 10, 20, 'Active', NULL, '2015-06-17', '05:36:51 AM'),
(398, 374, 5, 71, 23, 0, 85, 0, 2, 9, 20, 'Active', NULL, '2015-06-17', '05:42:45 AM'),
(399, 375, 5, 71, 23, 0, 100, 0, 2, 9, 20, 'Active', NULL, '2015-06-17', '05:43:50 AM'),
(400, 376, 5, 71, 23, 0, 50, 0, 2, 9, 20, 'Active', NULL, '2015-06-17', '05:46:54 AM'),
(401, 377, 5, 71, 23, 0, 50, 0, 2, 9, 20, 'Active', NULL, '2015-06-17', '05:47:54 AM'),
(402, 378, 5, 71, 23, 0, 86, 0, 2, 8, 20, 'Active', NULL, '2015-06-17', '05:49:08 AM'),
(403, 379, 5, 71, 31, 0, 150, 0, 2, 8, 20, 'Active', NULL, '2015-06-17', '06:04:54 AM'),
(404, 380, 5, 71, 23, 0, 130, 0, 2, 9, 20, 'Active', NULL, '2015-06-17', '06:11:54 AM'),
(405, 381, 5, 71, 23, 0, 50, 0, 2, 9, 20, 'Active', NULL, '2015-06-17', '06:12:45 AM'),
(406, 382, 5, 71, 23, 0, 5, 0, 2, 6, 20, 'Active', NULL, '2015-06-18', '04:48:38 AM'),
(407, 383, 5, 71, 23, 0, 2, 0, 2, 6, 20, 'Active', NULL, '2015-06-18', '04:51:42 AM'),
(408, 384, 5, 71, 23, 0, 8, 0, 2, 9, 20, 'Active', NULL, '2015-06-18', '04:55:34 AM'),
(409, 385, 5, 71, 23, 0, 4, 0, 2, 4, 20, 'Active', NULL, '2015-06-18', '04:58:10 AM'),
(410, 386, 5, 71, 23, 0, 13, 0, 2, 9, 20, 'Active', NULL, '2015-06-18', '05:16:00 AM'),
(411, 387, 5, 71, 23, 0, 8, 0, 2, 6, 20, 'Active', NULL, '2015-06-18', '05:24:10 AM'),
(412, 388, 5, 71, 23, 0, 8, 0, 2, 5, 20, 'Active', NULL, '2015-06-18', '05:25:38 AM'),
(413, 389, 5, 71, 23, 0, 5, 0, 2, 5, 20, 'Active', NULL, '2015-06-18', '05:32:57 AM'),
(414, 390, 5, 71, 23, 0, 2, 0, 2, 2, 20, 'Active', NULL, '2015-06-18', '05:34:27 AM'),
(415, 391, 5, 71, 23, 0, 2, 0, 2, 2, 20, 'Active', NULL, '2015-06-18', '05:37:36 AM'),
(416, 392, 5, 71, 23, 0, 19, 0, 2, 6, 20, 'Active', NULL, '2015-06-18', '05:38:26 AM'),
(417, 393, 5, 71, 23, 0, 5, 0, 2, 6, 20, 'Active', NULL, '2015-06-18', '05:40:38 AM'),
(418, 394, 5, 71, 23, 0, 3, 0, 2, 6, 20, 'Active', NULL, '2015-06-18', '05:43:02 AM'),
(419, 395, 5, 71, 23, 0, 4, 0, 2, 6, 20, 'Active', NULL, '2015-06-18', '05:45:41 AM'),
(420, 396, 5, 71, 23, 0, 6, 0, 2, 9, 20, 'Active', NULL, '2015-06-18', '05:48:46 AM'),
(421, 397, 5, 71, 23, 0, 2, 0, 2, 6, 20, 'Active', NULL, '2015-06-18', '05:51:45 AM'),
(422, 398, 5, 71, 23, 0, 3, 0, 2, 9, 20, 'Active', NULL, '2015-06-18', '05:54:13 AM'),
(423, 399, 5, 71, 23, 0, 4, 0, 2, 6, 20, 'Active', NULL, '2015-06-18', '05:57:07 AM'),
(424, 400, 5, 71, 23, 0, 17, 0, 2, 9, 20, 'Active', NULL, '2015-06-18', '05:59:31 AM'),
(425, 401, 5, 71, 23, 0, 6, 0, 2, 6, 20, 'Active', NULL, '2015-06-18', '06:03:10 AM'),
(426, 402, 5, 71, 23, 0, 4, 0, 2, 9, 20, 'Active', NULL, '2015-06-18', '06:05:59 AM'),
(427, 403, 5, 71, 23, 0, 4, 0, 2, 9, 20, 'Active', NULL, '2015-06-18', '06:08:48 AM'),
(428, 404, 5, 71, 23, 0, 14, 0, 2, 6, 20, 'Active', NULL, '2015-06-18', '06:11:48 AM'),
(429, 405, 5, 71, 23, 0, 7, 0, 2, 6, 20, 'Active', NULL, '2015-06-18', '06:12:38 AM'),
(430, 406, 5, 71, 23, 0, 6, 0, 2, 6, 20, 'Active', NULL, '2015-06-18', '06:13:25 AM'),
(431, 407, 5, 71, 23, 0, 13, 0, 2, 9, 20, 'Active', NULL, '2015-06-18', '06:14:12 AM'),
(432, 408, 5, 71, 23, 0, 2, 0, 2, 6, 20, 'Active', NULL, '2015-06-18', '06:15:27 AM'),
(433, 409, 5, 71, 23, 0, 13, 0, 2, 6, 20, 'Active', NULL, '2015-06-18', '06:16:17 AM'),
(434, 410, 5, 71, 23, 0, 3, 0, 2, 9, 20, 'Active', NULL, '2015-06-18', '06:17:18 AM'),
(435, 411, 5, 71, 23, 0, 11, 0, 2, 6, 20, 'Active', NULL, '2015-06-18', '06:18:58 AM'),
(436, 412, 5, 71, 23, 0, 28, 0, 2, 9, 20, 'Active', NULL, '2015-06-18', '06:21:10 AM'),
(437, 413, 5, 71, 23, 0, 3, 0, 2, 3, 20, 'Active', NULL, '2015-06-18', '06:21:57 AM'),
(438, 414, 5, 71, 23, 0, 8, 0, 2, 8, 20, 'Active', NULL, '2015-06-18', '06:24:31 AM'),
(439, 415, 5, 71, 23, 0, 13, 0, 2, 9, 20, 'Active', NULL, '2015-06-18', '06:31:17 AM'),
(440, 416, 5, 71, 23, 0, 10, 0, 2, 6, 20, 'Active', NULL, '2015-06-18', '06:32:44 AM'),
(441, 417, 5, 71, 23, 0, 23, 0, 2, 6, 20, 'Active', NULL, '2015-06-18', '06:33:53 AM'),
(442, 418, 5, 71, 23, 0, 40, 0, 2, 6, 20, 'Active', NULL, '2015-06-19', '05:05:26 AM'),
(443, 419, 5, 71, 23, 0, 2, 0, 2, 2, 20, 'Active', NULL, '2015-06-19', '05:10:31 AM'),
(444, 420, 5, 71, 23, 0, 3, 0, 2, 3, 20, 'Active', NULL, '2015-06-19', '05:14:30 AM'),
(445, 421, 5, 71, 23, 0, 100, 0, 2, 10, 20, 'Active', NULL, '2015-06-19', '05:23:35 AM'),
(446, 422, 5, 71, 23, 0, 100, 0, 2, 10, 20, 'Active', NULL, '2015-06-19', '05:24:40 AM'),
(447, 423, 5, 71, 23, 0, 128, 0, 2, 10, 20, 'Active', NULL, '2015-06-19', '05:25:33 AM'),
(448, 424, 5, 71, 23, 0, 23, 0, 2, 9, 20, 'Active', NULL, '2015-06-19', '05:26:43 AM'),
(449, 425, 5, 71, 23, 0, 10, 0, 2, 9, 20, 'Active', NULL, '2015-06-19', '05:27:44 AM'),
(450, 426, 5, 71, 23, 0, 26, 0, 2, 9, 20, 'Active', NULL, '2015-06-19', '05:28:57 AM'),
(451, 427, 5, 71, 23, 0, 3, 0, 2, 3, 20, 'Active', NULL, '2015-06-19', '05:29:54 AM'),
(452, 428, 5, 71, 23, 0, 5, 0, 2, 5, 20, 'Active', NULL, '2015-06-19', '05:33:37 AM'),
(453, 429, 5, 71, 23, 0, 12, 0, 2, 6, 20, 'Active', NULL, '2015-06-19', '05:35:22 AM'),
(454, 430, 5, 71, 23, 0, 5, 0, 2, 5, 20, 'Active', NULL, '2015-06-19', '05:39:00 AM'),
(455, 431, 5, 71, 23, 0, 3, 0, 2, 3, 20, 'Active', NULL, '2015-06-19', '05:40:01 AM'),
(456, 432, 5, 71, 23, 0, 1, 0, 2, 2, 20, 'Active', NULL, '2015-06-19', '05:43:12 AM'),
(457, 433, 5, 71, 23, 0, 4, 0, 2, 5, 20, 'Active', NULL, '2015-06-19', '05:46:24 AM'),
(458, 434, 5, 71, 23, 0, 30, 0, 2, 5, 20, 'Active', NULL, '2015-06-19', '05:47:45 AM'),
(459, 435, 5, 71, 31, 0, 128, 0, 2, 10, 20, 'Active', NULL, '2015-06-19', '05:50:21 AM'),
(460, 436, 5, 71, 23, 0, 200, 0, 2, 10, 20, 'Active', NULL, '2015-06-19', '05:54:56 AM'),
(461, 437, 5, 71, 23, 0, 100, 0, 2, 10, 20, 'Active', NULL, '2015-06-19', '05:56:23 AM'),
(462, 438, 5, 71, 23, 0, 85, 0, 2, 10, 20, 'Active', NULL, '2015-06-19', '05:57:24 AM'),
(463, 439, 5, 71, 23, 0, 110, 0, 2, 10, 20, 'Active', NULL, '2015-06-19', '05:58:21 AM'),
(464, 440, 5, 71, 31, 0, 132, 0, 2, 10, 20, 'Active', NULL, '2015-06-19', '05:59:25 AM'),
(465, 441, 5, 71, 23, 0, 58, 0, 2, 10, 20, 'Active', NULL, '2015-06-19', '06:00:25 AM'),
(466, 442, 5, 71, 23, 0, 9, 0, 2, 3, 20, 'Active', NULL, '2015-06-19', '06:03:18 AM'),
(467, 443, 5, 71, 23, 0, 9, 0, 2, 6, 20, 'Active', NULL, '2015-06-19', '06:09:12 AM'),
(468, 444, 5, 71, 23, 0, 6, 0, 2, 6, 20, 'Active', NULL, '2015-06-19', '06:12:07 AM'),
(469, 445, 5, 71, 23, 0, 5, 0, 2, 2, 20, 'Active', NULL, '2015-06-19', '06:13:06 AM'),
(470, 446, 5, 71, 23, 0, 5, 0, 2, 5, 20, 'Active', NULL, '2015-06-19', '06:22:37 AM'),
(471, 447, 5, 71, 23, 0, 4, 0, 2, 5, 20, 'Active', NULL, '2015-06-19', '06:23:34 AM'),
(472, 448, 5, 71, 23, 0, 4, 0, 2, 4, 20, 'Active', NULL, '2015-06-19', '06:26:42 AM'),
(473, 449, 5, 71, 23, 0, 2, 0, 2, 2, 20, 'Active', NULL, '2015-06-19', '06:29:14 AM'),
(474, 450, 5, 71, 23, 0, 8, 0, 2, 8, 20, 'Active', NULL, '2015-06-19', '06:30:57 AM'),
(475, 451, 5, 71, 23, 0, 3, 0, 2, 3, 20, 'Active', NULL, '2015-06-19', '06:35:06 AM'),
(476, 452, 5, 71, 23, 0, 4, 0, 2, 4, 20, 'Active', NULL, '2015-06-19', '06:38:51 AM'),
(477, 453, 5, 71, 23, 0, 3, 0, 2, 3, 20, 'Active', NULL, '2015-06-19', '06:41:50 AM'),
(478, 454, 5, 71, 23, 0, 1, 0, 2, 9, 20, 'Active', NULL, '2015-06-20', '00:42:52 AM'),
(479, 455, 5, 71, 23, 0, 4, 0, 2, 6, 20, 'Active', NULL, '2015-06-20', '00:44:04 AM'),
(480, 456, 5, 71, 23, 0, 10, 0, 2, 6, 20, 'Active', NULL, '2015-06-20', '00:46:27 AM'),
(481, 457, 5, 71, 23, 0, 11, 0, 2, 9, 20, 'Active', NULL, '2015-06-20', '00:51:40 AM'),
(482, 458, 5, 71, 23, 0, 6, 0, 2, 6, 20, 'Active', NULL, '2015-06-20', '00:57:18 AM'),
(483, 459, 5, 71, 23, 0, 2, 0, 2, 6, 20, 'Active', NULL, '2015-06-20', '00:59:36 AM'),
(484, 460, 5, 71, 23, 0, 2, 0, 2, 5, 20, 'Active', NULL, '2015-06-20', '01:03:12 AM'),
(485, 461, 5, 71, 23, 0, 2, 0, 2, 3, 20, 'Active', NULL, '2015-06-20', '01:17:38 AM'),
(486, 462, 5, 71, 23, 0, 6, 0, 2, 6, 20, 'Active', NULL, '2015-06-20', '01:20:17 AM'),
(487, 463, 5, 71, 23, 0, 7, 0, 2, 9, 20, 'Active', NULL, '2015-06-20', '01:22:34 AM'),
(488, 464, 5, 71, 23, 0, 4, 0, 2, 6, 20, 'Active', NULL, '2015-06-20', '01:24:56 AM'),
(489, 465, 5, 71, 23, 0, 3, 0, 2, 3, 20, 'Active', NULL, '2015-06-20', '01:25:44 AM'),
(490, 466, 5, 71, 23, 0, 2, 0, 2, 6, 20, 'Active', NULL, '2015-06-20', '01:28:11 AM'),
(491, 467, 5, 71, 23, 0, 7, 0, 2, 3, 20, 'Active', NULL, '2015-06-20', '01:30:41 AM'),
(492, 468, 5, 71, 23, 0, 2, 0, 2, 9, 20, 'Active', NULL, '2015-06-20', '01:33:34 AM'),
(493, 469, 5, 71, 23, 0, 1, 0, 2, 9, 20, 'Active', NULL, '2015-06-20', '01:36:02 AM'),
(494, 470, 5, 71, 23, 0, 3, 0, 2, 2, 20, 'Active', NULL, '2015-06-20', '01:43:38 AM'),
(495, 471, 5, 71, 23, 0, 8, 0, 2, 9, 20, 'Active', NULL, '2015-06-20', '01:45:50 AM'),
(496, 472, 5, 71, 23, 0, 6, 0, 2, 6, 20, 'Active', NULL, '2015-06-20', '01:48:20 AM'),
(497, 473, 5, 71, 23, 0, 5, 0, 2, 9, 20, 'Active', NULL, '2015-06-20', '01:54:58 AM'),
(498, 474, 5, 71, 23, 0, 5, 0, 2, 5, 20, 'Active', NULL, '2015-06-20', '01:57:44 AM'),
(499, 475, 5, 71, 23, 0, 1, 0, 2, 3, 20, 'Active', NULL, '2015-06-20', '02:00:30 AM'),
(500, 476, 5, 71, 23, 0, 13, 0, 2, 9, 20, 'Active', NULL, '2015-06-20', '02:01:27 AM'),
(501, 477, 5, 71, 23, 0, 1, 0, 2, 9, 20, 'Active', NULL, '2015-06-20', '02:04:33 AM'),
(502, 478, 5, 71, 23, 0, 2, 0, 2, 2, 20, 'Active', NULL, '2015-06-20', '02:08:25 AM'),
(503, 479, 5, 71, 23, 0, 5, 0, 2, 6, 20, 'Active', NULL, '2015-06-20', '02:21:47 AM'),
(504, 480, 5, 71, 23, 0, 6, 0, 2, 6, 20, 'Active', NULL, '2015-06-20', '02:26:55 AM'),
(505, 481, 5, 71, 23, 0, 6, 0, 2, 6, 20, 'Active', NULL, '2015-06-20', '02:36:04 AM'),
(506, 482, 5, 71, 23, 0, 10, 0, 2, 9, 20, 'Active', NULL, '2015-06-20', '02:37:25 AM'),
(507, 483, 5, 71, 23, 0, 6, 0, 2, 5, 20, 'Active', NULL, '2015-06-20', '02:38:38 AM'),
(508, 484, 5, 71, 23, 0, 5, 0, 2, 5, 20, 'Active', NULL, '2015-06-20', '02:42:02 AM'),
(509, 485, 5, 71, 23, 0, 5, 0, 2, 9, 20, 'Active', NULL, '2015-06-20', '02:43:05 AM'),
(510, 486, 5, 71, 23, 0, 30, 0, 2, 6, 20, 'Active', NULL, '2015-06-20', '02:43:48 AM'),
(511, 487, 5, 71, 23, 0, 4, 0, 2, 9, 20, 'Active', NULL, '2015-06-20', '02:49:58 AM'),
(512, 488, 5, 71, 23, 0, 3, 0, 2, 6, 20, 'Active', NULL, '2015-06-20', '02:57:04 AM'),
(513, 489, 5, 71, 23, 0, 2, 0, 2, 9, 20, 'Active', NULL, '2015-06-20', '02:59:37 AM'),
(514, 490, 5, 71, 23, 0, 1, 0, 2, 6, 20, 'Active', NULL, '2015-06-20', '03:01:42 AM'),
(515, 491, 5, 71, 23, 0, 3, 0, 2, 3, 20, 'Active', NULL, '2015-06-20', '04:53:39 AM'),
(516, 492, 5, 71, 23, 0, 6, 0, 2, 6, 20, 'Active', NULL, '2015-06-20', '04:55:45 AM'),
(517, 493, 5, 71, 23, 0, 10, 0, 2, 6, 20, 'Active', NULL, '2015-06-20', '04:58:21 AM'),
(518, 494, 5, 71, 23, 0, 9, 0, 2, 9, 20, 'Active', NULL, '2015-06-20', '04:59:06 AM'),
(519, 495, 5, 71, 23, 0, 3, 0, 2, 6, 20, 'Active', NULL, '2015-06-20', '04:59:44 AM'),
(520, 496, 5, 71, 23, 0, 3, 0, 2, 3, 20, 'Active', NULL, '2015-06-20', '05:00:27 AM'),
(521, 497, 5, 71, 23, 0, 2, 0, 2, 2, 20, 'Active', NULL, '2015-06-20', '05:01:07 AM'),
(522, 498, 5, 71, 23, 0, 2, 0, 2, 2, 20, 'Active', NULL, '2015-06-20', '05:02:48 AM'),
(523, 499, 5, 71, 23, 0, 2, 0, 2, 2, 20, 'Active', NULL, '2015-06-20', '05:03:30 AM'),
(524, 500, 5, 71, 23, 0, 5, 0, 2, 9, 20, 'Active', NULL, '2015-06-20', '05:11:33 AM'),
(525, 501, 5, 71, 23, 0, 10, 0, 2, 6, 20, 'Active', NULL, '2015-06-20', '05:12:30 AM'),
(526, 502, 5, 71, 23, 0, 8, 0, 2, 6, 20, 'Active', NULL, '2015-06-20', '05:13:09 AM'),
(527, 503, 5, 71, 23, 0, 9, 0, 2, 6, 20, 'Active', NULL, '2015-06-20', '05:13:50 AM'),
(528, 504, 5, 71, 23, 0, 6, 0, 2, 6, 20, 'Active', NULL, '2015-06-20', '05:18:13 AM'),
(529, 505, 5, 71, 23, 0, 5, 0, 2, 5, 20, 'Active', NULL, '2015-06-20', '05:22:33 AM'),
(530, 506, 5, 71, 23, 0, 2, 0, 2, 9, 20, 'Active', NULL, '2015-06-20', '23:49:30 PM'),
(531, 507, 5, 71, 23, 0, 14, 0, 2, 9, 20, 'Active', NULL, '2015-06-20', '23:55:39 PM'),
(532, 508, 5, 71, 23, 0, 3, 0, 2, 5, 20, 'Active', NULL, '2015-06-20', '23:56:33 PM'),
(533, 509, 5, 71, 23, 0, 30, 0, 2, 5, 20, 'Active', NULL, '2015-06-20', '23:57:28 PM'),
(534, 510, 5, 71, 23, 0, 6, 0, 2, 9, 20, 'Active', NULL, '2015-06-20', '23:58:13 PM'),
(535, 511, 5, 71, 23, 0, 6, 0, 2, 5, 20, 'Active', NULL, '2015-06-20', '23:59:39 PM'),
(536, 512, 5, 71, 23, 0, 7, 0, 2, 9, 20, 'Active', NULL, '2015-06-21', '00:01:06 AM'),
(537, 513, 5, 71, 23, 0, 24, 0, 2, 3, 20, 'Active', NULL, '2015-06-21', '00:02:17 AM'),
(538, 514, 5, 71, 23, 0, 7, 0, 2, 5, 20, 'Active', NULL, '2015-06-21', '00:03:18 AM'),
(539, 515, 5, 71, 23, 0, 41, 0, 2, 5, 20, 'Active', NULL, '2015-06-21', '00:06:10 AM'),
(540, 516, 5, 71, 31, 0, 200, 0, 2, 5, 20, 'Active', NULL, '2015-06-21', '00:20:08 AM'),
(541, 517, 5, 71, 23, 0, 3, 0, 2, 9, 20, 'Active', NULL, '2015-06-21', '00:26:22 AM'),
(542, 518, 5, 71, 23, 0, 91, 0, 2, 2, 20, 'Active', NULL, '2015-06-21', '00:28:11 AM'),
(543, 519, 5, 71, 23, 0, 100, 0, 2, 5, 20, 'Active', NULL, '2015-06-21', '00:29:17 AM'),
(544, 520, 5, 71, 31, 0, 200, 0, 2, 6, 20, 'Active', NULL, '2015-06-21', '00:30:16 AM'),
(545, 521, 5, 71, 23, 0, 211, 0, 2, 5, 20, 'Active', NULL, '2015-06-21', '00:35:55 AM'),
(546, 522, 5, 71, 23, 0, 210, 0, 2, 910, 20, 'Active', NULL, '2015-06-21', '00:37:07 AM'),
(547, 523, 5, 71, 23, 0, 109, 0, 2, 56, 20, 'Active', NULL, '2015-06-21', '00:38:12 AM'),
(548, 524, 5, 71, 23, 0, 21, 0, 2, 9, 20, 'Active', NULL, '2015-06-21', '00:42:24 AM'),
(549, 525, 5, 71, 23, 0, 2, 0, 2, 3, 20, 'Active', NULL, '2015-06-21', '00:45:52 AM'),
(550, 526, 5, 71, 23, 0, 1, 0, 2, 2, 20, 'Active', NULL, '2015-06-21', '01:16:10 AM'),
(551, 527, 5, 71, 23, 0, 2, 0, 2, 9, 20, 'Active', NULL, '2015-06-21', '01:18:01 AM'),
(552, 528, 5, 71, 23, 0, 3, 0, 2, 3, 20, 'Active', NULL, '2015-06-21', '01:20:08 AM'),
(553, 529, 5, 71, 23, 0, 3, 0, 2, 3, 20, 'Active', NULL, '2015-06-21', '01:23:32 AM'),
(554, 530, 5, 71, 23, 0, 2, 0, 2, 9, 20, 'Active', NULL, '2015-06-21', '01:24:15 AM'),
(555, 531, 5, 71, 23, 0, 1, 0, 2, 6, 20, 'Active', NULL, '2015-06-21', '01:53:19 AM'),
(556, 532, 5, 71, 23, 0, 4, 0, 2, 4, 20, 'Active', NULL, '2015-06-21', '01:56:25 AM'),
(557, 533, 5, 71, 23, 0, 3, 0, 2, 3, 20, 'Active', NULL, '2015-06-21', '02:33:26 AM'),
(558, 534, 5, 71, 23, 0, 2, 0, 2, 3, 20, 'Active', NULL, '2015-06-21', '02:35:32 AM'),
(559, 535, 5, 71, 23, 0, 3, 0, 2, 3, 20, 'Active', NULL, '2015-06-21', '02:37:31 AM'),
(560, 536, 5, 71, 23, 0, 5, 0, 2, 5, 20, 'Active', NULL, '2015-06-21', '02:40:54 AM'),
(561, 537, 5, 71, 23, 0, 6, 0, 2, 6, 20, 'Active', NULL, '2015-06-21', '02:43:47 AM'),
(562, 538, 5, 71, 23, 0, 5, 0, 2, 9, 20, 'Active', NULL, '2015-06-21', '02:48:09 AM'),
(563, 539, 5, 71, 23, 0, 2, 0, 2, 3, 20, 'Active', NULL, '2015-06-21', '02:58:56 AM'),
(564, 540, 5, 71, 23, 0, 6, 0, 2, 6, 20, 'Active', NULL, '2015-06-21', '03:00:11 AM'),
(565, 541, 5, 71, 23, 0, 4, 0, 2, 6, 20, 'Active', NULL, '2015-06-21', '03:03:41 AM'),
(566, 542, 5, 71, 23, 0, 5, 0, 2, 9, 20, 'Active', NULL, '2015-06-21', '03:06:35 AM'),
(567, 543, 5, 71, 23, 0, 2, 0, 2, 2, 20, 'Active', NULL, '2015-06-21', '03:08:37 AM'),
(568, 544, 5, 71, 23, 0, 4, 0, 2, 9, 20, 'Active', NULL, '2015-06-21', '03:10:26 AM'),
(569, 545, 5, 71, 23, 0, 165, 0, 2, 9, 20, 'Active', NULL, '2015-06-21', '03:42:57 AM'),
(570, 546, 5, 71, 23, 0, 6, 0, 2, 6, 20, 'Active', NULL, '2015-06-21', '03:58:11 AM'),
(571, 547, 5, 71, 23, 0, 4, 0, 2, 9, 20, 'Active', NULL, '2015-06-21', '05:01:45 AM'),
(572, 548, 5, 71, 23, 0, 8, 0, 2, 9, 20, 'Active', NULL, '2015-06-21', '05:03:59 AM'),
(573, 549, 5, 71, 23, 0, 7, 0, 2, 9, 20, 'Active', NULL, '2015-06-21', '05:06:23 AM'),
(574, 550, 5, 71, 23, 0, 2, 0, 2, 6, 20, 'Active', NULL, '2015-06-21', '05:08:16 AM'),
(575, 551, 5, 71, 23, 0, 2, 0, 2, 3, 20, 'Active', NULL, '2015-06-21', '05:10:26 AM'),
(576, 552, 5, 71, 23, 0, 189, 0, 2, 9, 20, 'Active', NULL, '2015-06-21', '05:11:30 AM'),
(577, 553, 5, 71, 23, 0, 2, 0, 2, 6, 20, 'Active', NULL, '2015-06-21', '05:13:46 AM'),
(578, 554, 5, 71, 23, 0, 1, 0, 2, 9, 20, 'Active', NULL, '2015-06-21', '05:15:24 AM'),
(579, 555, 5, 71, 23, 0, 3, 0, 2, 3, 20, 'Active', NULL, '2015-06-21', '05:17:13 AM'),
(580, 556, 5, 71, 23, 0, 5, 0, 2, 3, 20, 'Active', NULL, '2015-06-21', '05:19:10 AM'),
(581, 557, 5, 71, 23, 0, 2, 0, 2, 3, 20, 'Active', NULL, '2015-06-21', '05:21:29 AM'),
(582, 558, 5, 71, 23, 0, 16, 0, 2, 6, 20, 'Active', NULL, '2015-06-21', '05:22:22 AM'),
(583, 559, 5, 71, 23, 0, 27, 0, 2, 9, 20, 'Active', NULL, '2015-06-21', '05:28:14 AM'),
(584, 560, 5, 71, 23, 0, 2, 0, 2, 6, 20, 'Active', NULL, '2015-06-21', '05:30:31 AM'),
(585, 561, 5, 71, 23, 0, 6, 0, 2, 6, 20, 'Active', NULL, '2015-06-21', '05:32:17 AM'),
(586, 562, 5, 71, 23, 0, 4, 0, 2, 9, 20, 'Active', NULL, '2015-06-23', '00:00:37 AM'),
(587, 563, 5, 71, 23, 0, 18, 0, 2, 9, 20, 'Active', NULL, '2015-06-23', '00:04:09 AM'),
(588, 564, 5, 71, 23, 0, 2, 0, 2, 6, 20, 'Active', NULL, '2015-06-23', '00:14:19 AM'),
(589, 565, 5, 71, 23, 0, 8, 0, 2, 6, 20, 'Active', NULL, '2015-06-23', '00:17:14 AM'),
(590, 566, 5, 71, 23, 0, 19, 0, 2, 9, 20, 'Active', NULL, '2015-06-23', '00:18:11 AM'),
(591, 567, 5, 71, 23, 0, 12, 0, 2, 9, 20, 'Active', NULL, '2015-06-23', '00:18:56 AM'),
(592, 568, 5, 71, 23, 0, 8, 0, 2, 6, 20, 'Active', NULL, '2015-06-23', '00:20:25 AM'),
(593, 569, 5, 71, 23, 0, 100, 0, 2, 6, 20, 'Active', NULL, '2015-06-23', '00:21:39 AM'),
(594, 570, 5, 71, 23, 0, 7, 0, 2, 9, 20, 'Active', NULL, '2015-06-23', '00:22:43 AM'),
(595, 571, 5, 71, 23, 0, 2, 0, 2, 6, 20, 'Active', NULL, '2015-06-23', '00:25:25 AM'),
(596, 572, 5, 71, 23, 0, 2, 0, 2, 3, 20, 'Active', NULL, '2015-06-23', '00:28:34 AM'),
(597, 573, 5, 71, 23, 0, 6, 0, 2, 6, 20, 'Active', NULL, '2015-06-23', '00:31:24 AM'),
(598, 574, 5, 71, 23, 0, 1, 0, 2, 5, 20, 'Active', NULL, '2015-06-23', '00:36:47 AM'),
(599, 575, 5, 71, 23, 0, 5, 0, 2, 9, 20, 'Active', NULL, '2015-06-23', '00:39:05 AM'),
(600, 576, 5, 71, 23, 0, 10, 0, 2, 9, 20, 'Active', NULL, '2015-06-23', '00:42:44 AM'),
(601, 577, 5, 71, 23, 0, 5, 0, 2, 9, 20, 'Active', NULL, '2015-06-23', '00:45:11 AM'),
(602, 578, 5, 71, 23, 0, 1, 0, 2, 6, 20, 'Active', NULL, '2015-06-23', '00:47:20 AM'),
(603, 579, 5, 71, 23, 0, 1, 0, 2, 6, 20, 'Active', NULL, '2015-06-23', '00:49:47 AM'),
(604, 580, 5, 71, 23, 0, 1, 0, 2, 9, 20, 'Active', NULL, '2015-06-23', '00:52:03 AM'),
(605, 581, 5, 71, 23, 0, 3, 0, 2, 6, 20, 'Active', NULL, '2015-06-23', '01:04:07 AM'),
(606, 582, 5, 71, 23, 0, 2, 0, 2, 6, 20, 'Active', NULL, '2015-06-23', '01:48:26 AM'),
(607, 583, 5, 71, 23, 0, 2, 0, 2, 6, 20, 'Active', NULL, '2015-06-23', '01:53:37 AM'),
(608, 584, 5, 71, 23, 0, 1, 0, 2, 1, 20, 'Active', NULL, '2015-06-23', '02:19:10 AM'),
(609, 585, 5, 71, 23, 0, 20, 0, 2, 3, 20, 'Active', NULL, '2015-06-23', '02:19:55 AM'),
(610, 586, 5, 71, 23, 0, 14, 0, 2, 5, 20, 'Active', NULL, '2015-06-23', '02:20:40 AM'),
(611, 587, 5, 71, 23, 0, 8, 0, 2, 9, 20, 'Active', NULL, '2015-06-23', '02:23:55 AM'),
(612, 588, 5, 71, 23, 0, 3, 0, 2, 3, 20, 'Active', NULL, '2015-06-23', '02:26:40 AM'),
(613, 589, 5, 71, 23, 0, 11, 0, 2, 9, 20, 'Active', NULL, '2015-06-23', '02:27:35 AM'),
(614, 590, 5, 71, 23, 0, 10, 0, 2, 9, 20, 'Active', NULL, '2015-06-23', '02:28:21 AM'),
(615, 591, 5, 71, 23, 0, 12, 0, 2, 9, 20, 'Active', NULL, '2015-06-23', '02:29:42 AM'),
(616, 592, 5, 71, 23, 0, 8, 0, 2, 6, 20, 'Active', NULL, '2015-06-23', '02:39:17 AM'),
(617, 593, 5, 71, 31, 0, 79, 0, 2, 6, 20, 'Active', NULL, '2015-06-23', '02:40:13 AM'),
(618, 594, 5, 71, 23, 0, 100, 0, 2, 5, 20, 'Active', NULL, '2015-06-23', '02:42:35 AM'),
(619, 595, 5, 71, 23, 0, 198, 0, 2, 9, 20, 'Active', NULL, '2015-06-23', '02:43:22 AM'),
(620, 596, 5, 71, 23, 0, 180, 0, 2, 6, 20, 'Active', NULL, '2015-06-23', '02:44:22 AM'),
(621, 597, 5, 71, 23, 0, 19, 0, 2, 9, 20, 'Active', NULL, '2015-06-23', '03:01:01 AM'),
(622, 598, 5, 71, 23, 0, 60, 0, 2, 6, 20, 'Active', NULL, '2015-06-23', '03:03:29 AM'),
(623, 599, 5, 71, 23, 0, 110, 0, 2, 5, 20, 'Active', NULL, '2015-06-23', '03:04:40 AM'),
(624, 600, 5, 71, 23, 0, 28, 0, 2, 9, 20, 'Active', NULL, '2015-06-23', '03:14:39 AM'),
(625, 601, 5, 71, 23, 0, 4, 0, 2, 6, 20, 'Active', NULL, '2015-06-23', '03:17:41 AM'),
(626, 602, 5, 71, 23, 0, 7, 0, 2, 9, 20, 'Active', NULL, '2015-06-23', '03:19:06 AM'),
(627, 603, 5, 71, 23, 0, 3, 0, 2, 6, 20, 'Active', NULL, '2015-06-23', '03:21:01 AM'),
(628, 604, 5, 71, 23, 0, 20, 0, 2, 9, 20, 'Active', NULL, '2015-06-23', '03:22:01 AM'),
(629, 605, 5, 71, 23, 0, 7, 0, 2, 6, 20, 'Active', NULL, '2015-06-23', '03:22:46 AM'),
(630, 606, 5, 71, 23, 0, 4, 0, 2, 9, 20, 'Active', NULL, '2015-06-23', '03:25:08 AM'),
(631, 607, 5, 71, 23, 0, 1, 0, 2, 2, 20, 'Active', NULL, '2015-06-23', '03:29:21 AM'),
(632, 608, 5, 71, 23, 0, 4, 0, 2, 2, 20, 'Active', NULL, '2015-06-23', '04:17:03 AM'),
(633, 609, 5, 71, 23, 0, 2, 0, 2, 2, 20, 'Active', NULL, '2015-06-23', '04:20:11 AM'),
(634, 610, 5, 71, 23, 0, 4, 0, 2, 6, 20, 'Active', NULL, '2015-06-23', '04:25:09 AM'),
(635, 611, 5, 71, 23, 0, 1, 0, 2, 1, 20, 'Active', NULL, '2015-06-23', '04:27:49 AM'),
(636, 612, 5, 71, 23, 0, 3, 0, 2, 3, 20, 'Active', NULL, '2015-06-23', '05:55:22 AM'),
(637, 613, 5, 71, 23, 0, 1, 0, 2, 6, 20, 'Active', NULL, '2015-06-23', '05:56:03 AM'),
(638, 614, 5, 71, 23, 0, 2, 0, 2, 3, 20, 'Active', NULL, '2015-06-23', '05:56:56 AM'),
(639, 615, 5, 71, 23, 0, 7, 0, 2, 7, 20, 'Active', NULL, '2015-06-23', '05:57:42 AM'),
(640, 616, 5, 71, 23, 0, 3, 0, 2, 3, 20, 'Active', NULL, '2015-06-23', '05:58:35 AM'),
(641, 617, 5, 71, 23, 0, 4, 0, 2, 3, 20, 'Active', NULL, '2015-06-23', '05:59:34 AM'),
(642, 618, 5, 71, 23, 0, 2, 0, 2, 3, 20, 'Active', NULL, '2015-06-23', '06:00:15 AM'),
(643, 619, 5, 71, 23, 0, 4, 0, 2, 9, 20, 'Active', NULL, '2015-06-23', '06:00:57 AM'),
(644, 620, 5, 71, 23, 0, 1, 0, 2, 2, 20, 'Active', NULL, '2015-06-23', '06:01:46 AM'),
(645, 621, 5, 71, 23, 0, 3, 0, 2, 9, 20, 'Active', NULL, '2015-06-23', '06:02:32 AM'),
(646, 622, 5, 71, 23, 0, 6, 0, 2, 6, 20, 'Active', NULL, '2015-06-23', '06:06:03 AM'),
(647, 623, 5, 71, 23, 0, 3, 0, 2, 9, 20, 'Active', NULL, '2015-06-23', '06:08:33 AM'),
(648, 624, 5, 71, 23, 0, 3, 0, 2, 3, 20, 'Active', NULL, '2015-06-23', '06:11:05 AM'),
(649, 625, 5, 71, 23, 0, 3, 0, 2, 6, 20, 'Active', NULL, '2015-06-23', '06:23:20 AM'),
(650, 626, 5, 71, 23, 0, 6, 0, 2, 9, 20, 'Active', NULL, '2015-06-23', '06:24:03 AM'),
(651, 627, 5, 71, 23, 0, 3, 0, 2, 3, 20, 'Active', NULL, '2015-06-23', '06:24:50 AM'),
(652, 628, 5, 71, 23, 0, 24, 0, 2, 9, 20, 'Active', NULL, '2015-06-23', '06:25:33 AM'),
(653, 629, 5, 71, 23, 0, 4, 0, 2, 6, 20, 'Active', NULL, '2015-06-23', '06:26:19 AM'),
(654, 630, 5, 71, 23, 0, 10, 0, 2, 9, 20, 'Active', NULL, '2015-06-23', '06:27:44 AM');
INSERT INTO `fna_productloadunloadbkdn` (`PRODUCTLOADUNLOADBKDNID`, `PRODUCTLOADUNLOADID`, `PRODCATTYPEID`, `PRODUCTID`, `PACKINGUNITID`, `CHALLANNO`, `QUANTITY`, `WTQNTY`, `CHID`, `POCKET`, `USERID`, `STATUS`, `FLAG`, `ENTDATE`, `ENTTIME`) VALUES
(655, 631, 5, 71, 23, 0, 3, 0, 2, 6, 20, 'Active', NULL, '2015-06-23', '06:28:18 AM'),
(656, 632, 5, 71, 23, 0, 4, 0, 2, 6, 20, 'Active', NULL, '2015-06-23', '06:29:02 AM'),
(657, 633, 5, 71, 23, 0, 6, 0, 2, 9, 20, 'Active', NULL, '2015-06-23', '06:29:51 AM'),
(658, 634, 5, 71, 23, 0, 4, 0, 2, 6, 20, 'Active', NULL, '2015-06-23', '23:09:22 PM'),
(659, 635, 5, 71, 23, 0, 4, 0, 2, 6, 20, 'Active', NULL, '2015-06-23', '23:10:21 PM'),
(660, 636, 5, 71, 23, 0, 5, 0, 2, 9, 20, 'Active', NULL, '2015-06-23', '23:16:44 PM'),
(661, 637, 5, 71, 23, 0, 10, 0, 2, 9, 20, 'Active', NULL, '2015-06-23', '23:19:44 PM'),
(662, 638, 5, 71, 23, 0, 30, 0, 2, 6, 20, 'Active', NULL, '2015-06-23', '23:22:05 PM'),
(663, 639, 5, 71, 23, 0, 1, 0, 2, 6, 20, 'Active', NULL, '2015-06-23', '23:22:57 PM'),
(664, 640, 5, 71, 23, 0, 4, 0, 2, 4, 20, 'Active', NULL, '2015-06-24', '00:26:19 AM'),
(665, 641, 5, 71, 23, 0, 41, 0, 2, 6, 20, 'Active', NULL, '2015-06-24', '00:32:47 AM'),
(666, 642, 5, 71, 23, 0, 220, 0, 2, 5, 20, 'Active', NULL, '2015-06-24', '00:36:31 AM'),
(667, 643, 5, 71, 23, 0, 60, 0, 2, 56, 20, 'Active', NULL, '2015-06-24', '00:37:34 AM'),
(668, 644, 5, 71, 23, 0, 50, 0, 2, 9, 20, 'Active', NULL, '2015-06-24', '00:52:47 AM'),
(669, 645, 5, 71, 23, 0, 60, 0, 2, 9, 20, 'Active', NULL, '2015-06-24', '00:53:40 AM'),
(670, 646, 5, 71, 23, 0, 204, 0, 2, 5, 20, 'Active', NULL, '2015-06-24', '00:54:51 AM'),
(671, 647, 5, 71, 23, 0, 55, 0, 2, 56, 20, 'Active', NULL, '2015-06-24', '00:55:53 AM'),
(672, 648, 5, 71, 23, 0, 125, 0, 2, 5, 20, 'Active', NULL, '2015-06-24', '00:57:13 AM'),
(673, 649, 5, 71, 23, 0, 3, 0, 2, 9, 20, 'Active', NULL, '2015-06-24', '01:00:24 AM'),
(674, 650, 5, 71, 23, 0, 5, 0, 2, 6, 20, 'Active', NULL, '2015-06-24', '01:02:02 AM'),
(675, 651, 5, 71, 23, 0, 6, 0, 2, 6, 20, 'Active', NULL, '2015-06-24', '01:53:02 AM'),
(676, 652, 5, 71, 23, 0, 2, 0, 2, 6, 20, 'Active', NULL, '2015-06-24', '01:54:01 AM'),
(677, 653, 5, 71, 23, 0, 1, 0, 2, 6, 20, 'Active', NULL, '2015-06-24', '01:54:51 AM'),
(678, 654, 5, 71, 23, 0, 20, 0, 2, 9, 20, 'Active', NULL, '2015-06-24', '01:55:47 AM'),
(679, 655, 5, 71, 23, 0, 10, 0, 2, 9, 20, 'Active', NULL, '2015-06-24', '02:04:58 AM'),
(680, 656, 5, 71, 23, 0, 11, 0, 2, 9, 20, 'Active', NULL, '2015-06-24', '02:06:00 AM'),
(681, 657, 5, 71, 23, 0, 5, 0, 2, 9, 20, 'Active', NULL, '2015-06-24', '02:06:57 AM'),
(682, 658, 5, 71, 23, 0, 4, 0, 2, 6, 20, 'Active', NULL, '2015-06-24', '02:07:46 AM'),
(683, 659, 5, 71, 23, 0, 3, 0, 2, 9, 20, 'Active', NULL, '2015-06-24', '02:08:39 AM'),
(684, 660, 5, 71, 23, 0, 3, 0, 2, 6, 20, 'Active', NULL, '2015-06-24', '02:09:39 AM'),
(685, 661, 5, 71, 23, 0, 9, 0, 2, 9, 20, 'Active', NULL, '2015-06-24', '02:10:47 AM'),
(686, 662, 5, 71, 23, 0, 7, 0, 2, 6, 20, 'Active', NULL, '2015-06-24', '02:11:47 AM'),
(687, 663, 5, 71, 23, 0, 7, 0, 2, 9, 20, 'Active', NULL, '2015-06-24', '02:12:40 AM'),
(688, 664, 5, 71, 23, 0, 3, 0, 2, 6, 20, 'Active', NULL, '2015-06-24', '02:13:35 AM'),
(689, 665, 5, 71, 23, 0, 3, 0, 2, 6, 20, 'Active', NULL, '2015-06-24', '02:14:39 AM'),
(690, 666, 5, 71, 23, 0, 5, 0, 2, 6, 20, 'Active', NULL, '2015-06-24', '02:15:32 AM'),
(691, 667, 5, 71, 23, 0, 2, 0, 2, 9, 20, 'Active', NULL, '2015-06-24', '02:16:32 AM'),
(692, 668, 5, 71, 23, 0, 2, 0, 2, 9, 20, 'Active', NULL, '2015-06-24', '02:17:21 AM'),
(693, 669, 5, 71, 23, 0, 2, 0, 2, 2, 20, 'Active', NULL, '2015-06-24', '02:18:37 AM'),
(694, 670, 5, 71, 23, 0, 13, 0, 2, 6, 20, 'Active', NULL, '2015-06-24', '02:47:16 AM'),
(695, 671, 5, 71, 23, 0, 3, 0, 2, 9, 20, 'Active', NULL, '2015-06-24', '02:51:26 AM'),
(696, 672, 5, 71, 23, 0, 5, 0, 2, 9, 20, 'Active', NULL, '2015-06-24', '02:52:37 AM'),
(697, 673, 5, 71, 23, 0, 2, 0, 2, 6, 20, 'Active', NULL, '2015-06-24', '02:57:08 AM'),
(698, 674, 5, 71, 23, 0, 6, 0, 2, 6, 20, 'Active', NULL, '2015-06-24', '02:58:25 AM'),
(699, 675, 5, 71, 23, 0, 21, 0, 2, 9, 20, 'Active', NULL, '2015-06-24', '02:59:28 AM'),
(700, 676, 5, 71, 23, 0, 29, 0, 2, 6, 20, 'Active', NULL, '2015-06-24', '03:47:25 AM'),
(701, 677, 5, 71, 23, 0, 31, 0, 2, 9, 20, 'Active', NULL, '2015-06-24', '03:48:19 AM'),
(702, 678, 5, 71, 23, 0, 1, 0, 2, 9, 20, 'Active', NULL, '2015-06-24', '05:53:48 AM'),
(703, 679, 5, 71, 23, 0, 11, 0, 2, 6, 20, 'Active', NULL, '2015-06-24', '05:54:45 AM'),
(704, 680, 5, 71, 23, 0, 2, 0, 2, 6, 20, 'Active', NULL, '2015-06-24', '05:55:25 AM'),
(705, 681, 5, 71, 23, 0, 5, 0, 2, 6, 20, 'Active', NULL, '2015-06-24', '05:56:07 AM'),
(706, 682, 5, 71, 23, 0, 4, 0, 2, 6, 20, 'Active', NULL, '2015-06-24', '05:57:05 AM'),
(707, 683, 5, 71, 23, 0, 4, 0, 2, 9, 20, 'Active', NULL, '2015-06-24', '05:57:54 AM'),
(708, 684, 5, 71, 23, 0, 40, 0, 2, 9, 20, 'Active', NULL, '2015-06-24', '06:02:36 AM'),
(709, 685, 5, 71, 23, 0, 2, 0, 2, 2, 20, 'Active', NULL, '2015-06-24', '06:03:39 AM'),
(710, 686, 5, 71, 23, 0, 1, 0, 2, 1, 20, 'Active', NULL, '2015-06-24', '06:04:32 AM'),
(711, 687, 5, 71, 23, 0, 3, 0, 2, 3, 20, 'Active', NULL, '2015-06-24', '06:05:18 AM'),
(712, 688, 5, 71, 23, 0, 5, 0, 2, 6, 20, 'Active', NULL, '2015-06-24', '06:06:35 AM'),
(713, 689, 5, 71, 23, 0, 33, 0, 2, 6, 20, 'Active', NULL, '2015-06-24', '06:07:24 AM'),
(714, 690, 5, 71, 23, 0, 4, 0, 2, 6, 20, 'Active', NULL, '2015-06-24', '06:08:53 AM'),
(715, 691, 5, 71, 23, 0, 5, 0, 2, 6, 20, 'Active', NULL, '2015-06-24', '06:09:39 AM'),
(716, 692, 5, 71, 23, 0, 4, 0, 2, 9, 20, 'Active', NULL, '2015-06-24', '06:10:26 AM'),
(717, 693, 5, 71, 23, 0, 7, 0, 2, 9, 20, 'Active', NULL, '2015-06-24', '06:11:26 AM'),
(718, 694, 5, 71, 23, 0, 3, 0, 2, 3, 20, 'Active', NULL, '2015-06-24', '06:13:13 AM'),
(719, 695, 5, 71, 23, 0, 4, 0, 2, 5, 20, 'Active', NULL, '2015-06-24', '06:14:06 AM'),
(720, 696, 5, 71, 23, 0, 1, 0, 2, 6, 20, 'Active', NULL, '2015-06-24', '06:16:42 AM'),
(721, 697, 5, 71, 23, 0, 3, 0, 2, 3, 20, 'Active', NULL, '2015-06-24', '06:17:26 AM'),
(722, 698, 5, 71, 23, 0, 4, 0, 2, 6, 20, 'Active', NULL, '2015-06-24', '06:18:20 AM'),
(723, 699, 5, 71, 23, 0, 8, 0, 2, 9, 20, 'Active', NULL, '2015-06-24', '06:19:10 AM'),
(724, 700, 5, 71, 23, 0, 7, 0, 2, 5, 20, 'Active', NULL, '2015-06-24', '06:20:16 AM'),
(725, 701, 5, 71, 23, 0, 4, 0, 2, 9, 20, 'Active', NULL, '2015-06-24', '06:21:10 AM'),
(726, 702, 5, 71, 23, 0, 3, 0, 2, 3, 20, 'Active', NULL, '2015-06-24', '06:21:57 AM'),
(727, 703, 5, 71, 23, 0, 3, 0, 2, 6, 20, 'Active', NULL, '2015-06-24', '06:22:39 AM'),
(728, 704, 5, 71, 23, 0, 36, 0, 2, 9, 20, 'Active', NULL, '2015-06-24', '06:23:20 AM'),
(729, 705, 5, 71, 23, 0, 12, 0, 2, 6, 20, 'Active', NULL, '2015-06-24', '06:24:04 AM'),
(730, 706, 5, 71, 23, 0, 110, 0, 2, 6, 20, 'Active', NULL, '2015-06-24', '23:39:44 PM'),
(731, 707, 5, 71, 23, 0, 23, 0, 2, 9, 20, 'Active', NULL, '2015-06-24', '23:43:58 PM'),
(732, 708, 5, 71, 23, 0, 1, 0, 2, 9, 20, 'Active', NULL, '2015-06-24', '23:46:09 PM'),
(733, 709, 5, 71, 23, 0, 40, 0, 2, 6, 20, 'Active', NULL, '2015-06-24', '23:47:05 PM'),
(734, 710, 5, 71, 23, 0, 3, 0, 2, 6, 20, 'Active', NULL, '2015-06-24', '23:48:23 PM'),
(735, 711, 5, 71, 23, 0, 12, 0, 2, 6, 20, 'Active', NULL, '2015-06-24', '23:49:27 PM'),
(736, 712, 5, 71, 23, 0, 13, 0, 2, 9, 20, 'Active', NULL, '2015-06-24', '23:50:12 PM'),
(737, 713, 5, 71, 23, 0, 12, 0, 2, 6, 20, 'Active', NULL, '2015-06-24', '23:51:02 PM'),
(738, 714, 5, 71, 23, 0, 30, 0, 2, 9, 20, 'Active', NULL, '2015-06-24', '23:52:06 PM'),
(739, 715, 5, 71, 23, 0, 30, 0, 2, 6, 20, 'Active', NULL, '2015-06-24', '23:53:12 PM'),
(740, 716, 5, 71, 23, 0, 151, 0, 2, 5, 20, 'Active', NULL, '2015-06-24', '23:54:55 PM'),
(741, 717, 5, 71, 23, 0, 210, 0, 2, 5, 20, 'Active', NULL, '2015-06-24', '23:58:13 PM'),
(742, 718, 5, 71, 23, 0, 200, 0, 2, 5, 20, 'Active', NULL, '2015-06-24', '23:59:19 PM'),
(743, 719, 5, 71, 23, 0, 196, 0, 2, 56, 20, 'Active', NULL, '2015-06-25', '00:00:25 AM'),
(744, 720, 5, 71, 23, 0, 5, 0, 2, 6, 20, 'Active', NULL, '2015-06-25', '00:03:25 AM'),
(745, 721, 5, 71, 23, 0, 69, 0, 2, 9, 20, 'Active', NULL, '2015-06-25', '00:06:43 AM'),
(746, 722, 5, 71, 23, 0, 5, 0, 2, 6, 20, 'Active', NULL, '2015-06-25', '00:53:12 AM'),
(747, 723, 5, 71, 23, 0, 2, 0, 2, 9, 20, 'Active', NULL, '2015-06-25', '00:54:01 AM'),
(748, 724, 5, 71, 23, 0, 2, 0, 2, 2, 20, 'Active', NULL, '2015-06-25', '00:55:10 AM'),
(749, 725, 5, 71, 23, 0, 195, 0, 2, 6, 20, 'Active', NULL, '2015-06-25', '00:55:59 AM'),
(750, 726, 5, 71, 23, 0, 110, 0, 2, 6, 20, 'Active', NULL, '2015-06-25', '00:57:09 AM'),
(751, 727, 5, 71, 23, 0, 2, 0, 2, 9, 20, 'Active', NULL, '2015-06-25', '01:03:54 AM'),
(752, 728, 5, 71, 23, 0, 4, 0, 2, 6, 20, 'Active', NULL, '2015-06-25', '01:04:58 AM'),
(753, 729, 5, 71, 23, 0, 2, 0, 2, 6, 20, 'Active', NULL, '2015-06-25', '01:06:04 AM'),
(754, 730, 5, 71, 23, 0, 2, 0, 2, 9, 20, 'Active', NULL, '2015-06-25', '01:06:57 AM'),
(755, 731, 5, 71, 23, 0, 8, 0, 2, 6, 20, 'Active', NULL, '2015-06-25', '01:07:45 AM'),
(756, 732, 5, 71, 23, 0, 5, 0, 2, 6, 20, 'Active', NULL, '2015-06-25', '01:08:41 AM'),
(757, 733, 5, 71, 23, 0, 4, 0, 2, 6, 20, 'Active', NULL, '2015-06-25', '01:10:43 AM'),
(758, 734, 5, 71, 23, 0, 6, 0, 2, 6, 20, 'Active', NULL, '2015-06-25', '01:11:59 AM'),
(759, 735, 5, 71, 23, 0, 6, 0, 2, 6, 20, 'Active', NULL, '2015-06-25', '01:12:50 AM'),
(760, 736, 5, 71, 23, 0, 3, 0, 2, 3, 20, 'Active', NULL, '2015-06-25', '01:13:44 AM'),
(761, 737, 5, 71, 23, 0, 2, 0, 2, 2, 20, 'Active', NULL, '2015-06-25', '01:14:47 AM'),
(762, 738, 5, 71, 23, 0, 2, 0, 2, 2, 20, 'Active', NULL, '2015-06-25', '01:15:48 AM'),
(763, 739, 5, 71, 23, 0, 11, 0, 2, 3, 20, 'Active', NULL, '2015-06-25', '01:17:07 AM'),
(764, 740, 5, 71, 23, 0, 2, 0, 2, 2, 20, 'Active', NULL, '2015-06-25', '01:18:02 AM'),
(765, 741, 5, 71, 23, 0, 4, 0, 2, 5, 20, 'Active', NULL, '2015-06-25', '01:19:07 AM'),
(766, 742, 5, 71, 23, 0, 31, 0, 2, 6, 20, 'Active', NULL, '2015-06-25', '02:10:26 AM'),
(767, 743, 5, 71, 23, 0, 2, 0, 2, 6, 20, 'Active', NULL, '2015-06-25', '02:11:38 AM'),
(768, 744, 5, 71, 23, 0, 10, 0, 2, 6, 20, 'Active', NULL, '2015-06-25', '02:12:40 AM'),
(769, 745, 5, 71, 23, 0, 8, 0, 2, 8, 20, 'Active', NULL, '2015-06-25', '02:13:29 AM'),
(770, 746, 5, 71, 23, 0, 12, 0, 2, 6, 20, 'Active', NULL, '2015-06-25', '02:14:26 AM'),
(771, 747, 5, 71, 23, 0, 11, 0, 2, 6, 20, 'Active', NULL, '2015-06-25', '02:15:16 AM'),
(772, 748, 5, 71, 23, 0, 90, 0, 2, 310, 20, 'Active', NULL, '2015-06-25', '02:18:45 AM'),
(773, 749, 5, 71, 23, 0, 101, 0, 2, 5, 20, 'Active', NULL, '2015-06-25', '02:20:06 AM'),
(774, 750, 5, 71, 23, 0, 20, 0, 2, 6, 20, 'Active', NULL, '2015-06-25', '02:22:33 AM'),
(775, 751, 5, 71, 23, 0, 4, 0, 2, 6, 20, 'Active', NULL, '2015-06-25', '02:24:16 AM'),
(776, 752, 5, 71, 23, 0, 28, 0, 2, 5, 20, 'Active', NULL, '2015-06-25', '02:26:53 AM'),
(777, 753, 5, 71, 23, 0, 23, 0, 2, 56, 20, 'Active', NULL, '2015-06-25', '02:28:37 AM'),
(778, 754, 5, 71, 23, 0, 10, 0, 2, 9, 20, 'Active', NULL, '2015-06-25', '02:29:48 AM'),
(779, 755, 5, 71, 23, 0, 10, 0, 2, 9, 20, 'Active', NULL, '2015-06-25', '02:30:35 AM'),
(780, 756, 5, 71, 23, 0, 14, 0, 2, 6, 20, 'Active', NULL, '2015-06-25', '02:31:31 AM'),
(781, 757, 5, 71, 23, 0, 100, 0, 2, 6, 20, 'Active', NULL, '2015-06-25', '02:32:48 AM'),
(782, 758, 5, 71, 23, 0, 3, 0, 2, 3, 20, 'Active', NULL, '2015-06-25', '03:54:08 AM'),
(783, 759, 5, 71, 23, 0, 2, 0, 2, 2, 20, 'Active', NULL, '2015-06-25', '03:54:48 AM'),
(784, 760, 5, 71, 23, 0, 3, 0, 2, 9, 20, 'Active', NULL, '2015-06-25', '03:55:31 AM'),
(785, 761, 5, 71, 23, 0, 7, 0, 2, 6, 20, 'Active', NULL, '2015-06-25', '03:56:26 AM'),
(786, 762, 5, 71, 23, 0, 1, 0, 2, 9, 20, 'Active', NULL, '2015-06-25', '03:57:07 AM'),
(787, 763, 5, 71, 23, 0, 4, 0, 2, 9, 20, 'Active', NULL, '2015-06-25', '03:57:49 AM'),
(788, 764, 5, 71, 23, 0, 1, 0, 2, 6, 20, 'Active', NULL, '2015-06-25', '03:58:30 AM'),
(789, 765, 5, 71, 23, 0, 10, 0, 2, 6, 20, 'Active', NULL, '2015-06-25', '03:59:28 AM'),
(790, 766, 5, 71, 23, 0, 2, 0, 2, 2, 20, 'Active', NULL, '2015-06-25', '04:02:13 AM'),
(791, 767, 5, 71, 23, 0, 3, 0, 2, 3, 20, 'Active', NULL, '2015-06-25', '04:03:01 AM'),
(792, 768, 5, 71, 23, 0, 8, 0, 2, 9, 20, 'Active', NULL, '2015-06-25', '04:04:43 AM'),
(793, 769, 5, 71, 23, 0, 7, 0, 2, 7, 20, 'Active', NULL, '2015-06-25', '04:05:52 AM'),
(794, 770, 5, 71, 23, 0, 2, 0, 2, 3, 20, 'Active', NULL, '2015-06-25', '04:06:55 AM'),
(795, 771, 5, 71, 23, 0, 2, 0, 2, 2, 20, 'Active', NULL, '2015-06-25', '04:07:46 AM'),
(796, 772, 5, 71, 23, 0, 3, 0, 2, 3, 20, 'Active', NULL, '2015-06-25', '04:08:23 AM'),
(797, 773, 5, 71, 23, 0, 3, 0, 2, 6, 20, 'Active', NULL, '2015-06-25', '04:09:22 AM'),
(798, 774, 5, 71, 23, 0, 2, 0, 2, 2, 20, 'Active', NULL, '2015-06-25', '04:10:10 AM'),
(799, 775, 5, 71, 23, 0, 2, 0, 2, 6, 20, 'Active', NULL, '2015-06-25', '04:10:51 AM'),
(800, 776, 5, 71, 23, 0, 2, 0, 2, 9, 20, 'Active', NULL, '2015-06-25', '04:11:33 AM'),
(801, 777, 5, 71, 23, 0, 5, 0, 2, 6, 20, 'Active', NULL, '2015-06-25', '04:12:30 AM'),
(802, 778, 5, 71, 23, 0, 100, 0, 2, 56, 20, 'Active', NULL, '2015-06-25', '04:57:57 AM'),
(803, 779, 5, 71, 23, 0, 180, 0, 2, 5, 20, 'Active', NULL, '2015-06-25', '04:59:01 AM'),
(804, 780, 5, 71, 23, 0, 200, 0, 2, 6, 20, 'Active', NULL, '2015-06-25', '05:00:35 AM'),
(805, 781, 5, 71, 23, 0, 110, 0, 2, 6, 20, 'Active', NULL, '2015-06-25', '05:03:56 AM'),
(806, 782, 5, 71, 23, 0, 111, 0, 2, 6, 20, 'Active', NULL, '2015-06-25', '05:09:29 AM'),
(807, 783, 5, 71, 23, 0, 24, 0, 2, 9, 20, 'Active', NULL, '2015-06-25', '05:10:36 AM'),
(808, 784, 5, 71, 23, 0, 5, 0, 2, 6, 20, 'Active', NULL, '2015-06-25', '05:11:25 AM'),
(809, 785, 5, 71, 23, 0, 23, 0, 2, 6, 20, 'Active', NULL, '2015-06-25', '05:12:15 AM'),
(810, 786, 5, 71, 23, 0, 4, 0, 2, 9, 20, 'Active', NULL, '2015-06-25', '05:13:08 AM'),
(811, 787, 5, 71, 23, 0, 4, 0, 2, 6, 20, 'Active', NULL, '2015-06-25', '05:14:53 AM'),
(812, 788, 5, 71, 23, 0, 2, 0, 2, 9, 20, 'Active', NULL, '2015-06-25', '05:16:12 AM'),
(813, 789, 5, 71, 23, 0, 3, 0, 2, 3, 20, 'Active', NULL, '2015-06-25', '05:17:04 AM'),
(814, 790, 5, 71, 23, 0, 3, 0, 2, 3, 20, 'Active', NULL, '2015-06-25', '05:17:50 AM'),
(815, 791, 5, 71, 23, 0, 10, 0, 2, 6, 20, 'Active', NULL, '2015-06-25', '05:18:49 AM'),
(816, 792, 5, 71, 23, 0, 5, 0, 2, 3, 20, 'Active', NULL, '2015-06-25', '05:19:45 AM'),
(817, 793, 5, 71, 23, 0, 9, 0, 2, 6, 20, 'Active', NULL, '2015-06-25', '05:20:40 AM'),
(818, 794, 5, 71, 23, 0, 2, 0, 2, 6, 20, 'Active', NULL, '2015-06-25', '05:21:35 AM'),
(819, 795, 5, 71, 23, 0, 75, 0, 2, 9, 20, 'Active', NULL, '2015-06-25', '05:24:03 AM'),
(820, 796, 5, 71, 23, 0, 3, 0, 2, 3, 20, 'Active', NULL, '2015-06-25', '05:24:56 AM'),
(821, 797, 5, 71, 23, 0, 6, 0, 2, 5, 20, 'Active', NULL, '2015-06-26', '06:01:05 AM'),
(822, 798, 5, 71, 23, 0, 4, 0, 2, 2, 20, 'Active', NULL, '2015-06-26', '06:03:09 AM'),
(823, 799, 5, 71, 23, 0, 3, 0, 2, 4, 20, 'Active', NULL, '2015-06-26', '06:03:57 AM'),
(824, 800, 5, 71, 23, 0, 5, 0, 2, 2, 20, 'Active', NULL, '2015-06-26', '06:05:25 AM'),
(825, 801, 5, 71, 23, 0, 1, 0, 2, 1, 20, 'Active', NULL, '2015-06-26', '06:14:13 AM'),
(826, 802, 5, 71, 23, 0, 2, 0, 2, 2, 20, 'Active', NULL, '2015-06-26', '06:15:20 AM'),
(827, 803, 5, 71, 23, 0, 3, 0, 2, 5, 20, 'Active', NULL, '2015-06-26', '06:18:00 AM'),
(828, 804, 5, 71, 23, 0, 2, 0, 2, 4, 20, 'Active', NULL, '2015-06-26', '06:18:51 AM'),
(829, 805, 5, 71, 23, 0, 2, 0, 2, 2, 20, 'Active', NULL, '2015-06-26', '06:19:45 AM'),
(830, 806, 5, 71, 23, 0, 4, 0, 2, 4, 20, 'Active', NULL, '2015-06-26', '06:20:34 AM'),
(831, 807, 5, 71, 23, 0, 54, 0, 2, 1, 20, 'Active', NULL, '2015-06-26', '06:22:10 AM'),
(832, 808, 5, 71, 23, 0, 3, 0, 2, 3, 20, 'Active', NULL, '2015-06-26', '06:23:16 AM'),
(833, 809, 5, 71, 23, 0, 4, 0, 2, 3, 20, 'Active', NULL, '2015-06-26', '06:24:13 AM'),
(834, 810, 5, 71, 23, 0, 6, 0, 2, 6, 20, 'Active', NULL, '2015-06-26', '06:25:17 AM'),
(835, 811, 5, 71, 23, 0, 5, 0, 2, 6, 20, 'Active', NULL, '2015-06-26', '06:26:45 AM'),
(836, 812, 5, 71, 23, 0, 15, 0, 2, 8, 20, 'Active', NULL, '2015-06-26', '06:27:44 AM'),
(837, 813, 5, 71, 23, 0, 4, 0, 2, 4, 20, 'Active', NULL, '2015-06-26', '06:39:59 AM'),
(838, 814, 5, 71, 23, 0, 30, 0, 2, 6, 20, 'Active', NULL, '2015-06-26', '06:40:52 AM'),
(839, 815, 5, 71, 31, 0, 26, 0, 2, 6, 20, 'Active', NULL, '2015-06-26', '06:42:20 AM'),
(840, 816, 5, 71, 31, 0, 80, 0, 2, 6, 20, 'Active', NULL, '2015-06-26', '06:43:10 AM'),
(841, 817, 5, 71, 23, 0, 83, 0, 2, 6, 20, 'Active', NULL, '2015-06-26', '06:46:09 AM'),
(842, 818, 5, 71, 23, 0, 111, 0, 2, 1, 20, 'Active', NULL, '2015-06-26', '06:47:12 AM'),
(843, 819, 5, 71, 31, 0, 152, 0, 2, 1, 20, 'Active', NULL, '2015-06-26', '06:48:42 AM'),
(844, 820, 5, 71, 23, 0, 110, 0, 2, 1, 20, 'Active', NULL, '2015-06-26', '06:49:46 AM'),
(845, 821, 5, 71, 23, 0, 202, 0, 2, 10, 20, 'Active', NULL, '2015-06-26', '06:50:46 AM'),
(846, 822, 5, 71, 23, 0, 3, 0, 2, 6, 20, 'Active', NULL, '2015-06-26', '06:55:30 AM'),
(847, 823, 5, 71, 23, 0, 2, 0, 2, 2, 20, 'Active', NULL, '2015-06-26', '07:00:55 AM'),
(848, 824, 5, 71, 23, 0, 3, 0, 2, 6, 20, 'Active', NULL, '2015-06-26', '07:05:00 AM'),
(849, 825, 5, 71, 23, 0, 4, 0, 2, 2, 20, 'Active', NULL, '2015-06-26', '07:07:12 AM'),
(850, 826, 5, 71, 23, 0, 10, 0, 2, 6, 20, 'Active', NULL, '2015-06-26', '07:15:38 AM'),
(851, 827, 5, 71, 23, 0, 3, 0, 2, 3, 20, 'Active', NULL, '2015-06-26', '07:16:33 AM'),
(852, 828, 5, 71, 23, 0, 22, 0, 2, 6, 20, 'Active', NULL, '2015-06-26', '07:17:23 AM'),
(853, 829, 5, 71, 23, 0, 19, 0, 2, 4, 20, 'Active', NULL, '2015-06-26', '07:18:13 AM'),
(854, 830, 5, 71, 23, 0, 50, 0, 2, 8, 20, 'Active', NULL, '2015-06-26', '07:19:20 AM'),
(855, 831, 5, 71, 23, 0, 49, 0, 2, 8, 20, 'Active', NULL, '2015-06-26', '07:21:04 AM'),
(856, 832, 5, 71, 23, 0, 50, 0, 2, 8, 20, 'Active', NULL, '2015-06-26', '07:22:23 AM'),
(857, 833, 5, 71, 23, 0, 13, 0, 2, 9, 20, 'Active', NULL, '2015-06-26', '23:51:38 PM'),
(858, 834, 5, 71, 23, 0, 7, 0, 2, 7, 20, 'Active', NULL, '2015-06-26', '23:54:29 PM'),
(859, 835, 5, 71, 23, 0, 28, 0, 2, 5, 20, 'Active', NULL, '2015-06-26', '23:55:28 PM'),
(860, 836, 5, 71, 23, 0, 25, 0, 2, 9, 20, 'Active', NULL, '2015-06-26', '23:56:18 PM'),
(861, 837, 5, 71, 23, 0, 16, 0, 2, 3, 20, 'Active', NULL, '2015-06-26', '23:57:59 PM'),
(862, 838, 5, 71, 23, 0, 63, 0, 2, 56, 20, 'Active', NULL, '2015-06-26', '23:59:43 PM'),
(863, 839, 5, 71, 23, 0, 61, 0, 2, 6, 20, 'Active', NULL, '2015-06-27', '00:04:51 AM'),
(864, 840, 5, 71, 23, 0, 10, 0, 2, 6, 20, 'Active', NULL, '2015-06-27', '00:05:43 AM'),
(865, 841, 5, 71, 23, 0, 26, 0, 2, 6, 20, 'Active', NULL, '2015-06-27', '00:06:48 AM'),
(866, 842, 5, 71, 23, 0, 9, 0, 2, 6, 20, 'Active', NULL, '2015-06-27', '00:07:44 AM'),
(867, 843, 5, 71, 23, 0, 112, 0, 2, 56, 20, 'Active', NULL, '2015-06-27', '00:08:52 AM'),
(868, 844, 5, 71, 31, 0, 100, 0, 2, 5, 20, 'Active', NULL, '2015-06-27', '00:11:34 AM'),
(869, 845, 5, 71, 23, 0, 100, 0, 2, 9, 20, 'Active', NULL, '2015-06-27', '00:12:59 AM'),
(870, 846, 5, 71, 31, 0, 105, 0, 2, 5, 20, 'Active', NULL, '2015-06-27', '00:14:16 AM'),
(871, 847, 5, 71, 23, 0, 72, 0, 2, 3, 20, 'Active', NULL, '2015-06-27', '00:16:28 AM'),
(872, 848, 5, 71, 23, 0, 27, 0, 2, 6, 20, 'Active', NULL, '2015-06-27', '00:18:06 AM'),
(873, 849, 5, 71, 23, 0, 33, 0, 2, 6, 20, 'Active', NULL, '2015-06-27', '00:19:27 AM'),
(874, 850, 5, 71, 23, 0, 180, 0, 2, 5, 20, 'Active', NULL, '2015-06-27', '00:21:00 AM'),
(875, 851, 5, 71, 23, 0, 75, 0, 2, 4, 20, 'Active', NULL, '2015-06-27', '00:27:09 AM'),
(876, 852, 5, 71, 23, 0, 6, 0, 2, 6, 20, 'Active', NULL, '2015-06-27', '00:29:24 AM'),
(877, 853, 5, 71, 23, 0, 9, 0, 2, 6, 20, 'Active', NULL, '2015-06-27', '00:31:42 AM'),
(878, 854, 5, 71, 23, 0, 27, 0, 2, 6, 20, 'Active', NULL, '2015-06-27', '00:34:46 AM'),
(879, 855, 5, 71, 23, 0, 5, 0, 2, 9, 20, 'Active', NULL, '2015-06-27', '00:35:32 AM'),
(880, 856, 5, 71, 23, 0, 7, 0, 2, 6, 20, 'Active', NULL, '2015-06-27', '00:36:16 AM'),
(881, 857, 5, 71, 23, 0, 4, 0, 2, 9, 20, 'Active', NULL, '2015-06-27', '00:37:34 AM'),
(882, 858, 5, 71, 23, 0, 3, 0, 2, 3, 20, 'Active', NULL, '2015-06-27', '00:55:04 AM'),
(883, 859, 5, 71, 23, 0, 1, 0, 2, 6, 20, 'Active', NULL, '2015-06-27', '00:56:34 AM'),
(884, 860, 5, 71, 23, 0, 1, 0, 2, 9, 20, 'Active', NULL, '2015-06-27', '01:10:24 AM'),
(885, 861, 5, 71, 23, 0, 1, 0, 2, 2, 20, 'Active', NULL, '2015-06-27', '01:11:26 AM'),
(886, 862, 5, 71, 23, 0, 1, 0, 2, 9, 20, 'Active', NULL, '2015-06-27', '01:12:32 AM'),
(887, 863, 5, 71, 23, 0, 12, 0, 2, 6, 20, 'Active', NULL, '2015-06-27', '01:13:19 AM'),
(888, 864, 5, 71, 23, 0, 9, 0, 2, 6, 20, 'Active', NULL, '2015-06-27', '01:16:37 AM'),
(889, 865, 5, 71, 23, 0, 6, 0, 2, 6, 20, 'Active', NULL, '2015-06-27', '01:17:32 AM'),
(890, 866, 5, 71, 23, 0, 110, 0, 2, 4, 20, 'Active', NULL, '2015-06-27', '01:23:48 AM'),
(891, 867, 5, 71, 23, 0, 105, 0, 2, 5, 20, 'Active', NULL, '2015-06-27', '01:24:42 AM'),
(892, 868, 5, 71, 23, 0, 115, 0, 2, 4, 20, 'Active', NULL, '2015-06-27', '01:25:35 AM'),
(893, 869, 5, 71, 23, 0, 7, 0, 2, 6, 20, 'Active', NULL, '2015-06-27', '01:38:49 AM'),
(894, 870, 5, 71, 23, 0, 3, 0, 2, 9, 20, 'Active', NULL, '2015-06-27', '01:39:35 AM'),
(895, 871, 5, 71, 23, 0, 2, 0, 2, 6, 20, 'Active', NULL, '2015-06-27', '01:41:48 AM'),
(896, 872, 5, 71, 23, 0, 1, 0, 2, 6, 20, 'Active', NULL, '2015-06-27', '01:43:10 AM'),
(897, 873, 5, 71, 23, 0, 2, 0, 2, 6, 20, 'Active', NULL, '2015-06-27', '01:43:55 AM'),
(898, 874, 5, 71, 23, 0, 3, 0, 2, 9, 20, 'Active', NULL, '2015-06-27', '01:45:02 AM'),
(899, 875, 5, 71, 23, 0, 1, 0, 2, 1, 20, 'Active', NULL, '2015-06-27', '01:45:52 AM'),
(900, 876, 5, 71, 23, 0, 8, 0, 2, 6, 20, 'Active', NULL, '2015-06-27', '02:38:53 AM'),
(901, 877, 5, 71, 23, 0, 3, 0, 2, 6, 20, 'Active', NULL, '2015-06-27', '02:39:53 AM'),
(902, 878, 5, 71, 23, 0, 10, 0, 2, 6, 20, 'Active', NULL, '2015-06-27', '02:40:35 AM'),
(903, 879, 5, 71, 23, 0, 2, 0, 2, 6, 20, 'Active', NULL, '2015-06-27', '02:41:18 AM'),
(904, 880, 5, 71, 23, 0, 4, 0, 2, 6, 20, 'Active', NULL, '2015-06-27', '02:42:02 AM'),
(905, 881, 5, 71, 23, 0, 2, 0, 2, 6, 20, 'Active', NULL, '2015-06-27', '02:43:56 AM'),
(906, 882, 5, 71, 23, 0, 6, 0, 2, 6, 20, 'Active', NULL, '2015-06-27', '02:44:37 AM'),
(907, 883, 5, 71, 23, 0, 8, 0, 2, 9, 20, 'Active', NULL, '2015-06-27', '02:45:22 AM'),
(908, 884, 5, 71, 23, 0, 9, 0, 2, 6, 20, 'Active', NULL, '2015-06-27', '02:46:53 AM'),
(909, 885, 5, 71, 23, 0, 4, 0, 2, 6, 20, 'Active', NULL, '2015-06-27', '02:47:56 AM'),
(910, 886, 5, 71, 23, 0, 5, 0, 2, 6, 20, 'Active', NULL, '2015-06-27', '02:50:18 AM'),
(911, 887, 5, 71, 23, 0, 5, 0, 2, 6, 20, 'Active', NULL, '2015-06-27', '02:55:06 AM'),
(912, 888, 5, 71, 23, 0, 12, 0, 2, 6, 20, 'Active', NULL, '2015-06-27', '02:56:03 AM'),
(913, 889, 5, 71, 23, 0, 2, 0, 2, 6, 20, 'Active', NULL, '2015-06-27', '02:56:53 AM'),
(914, 890, 5, 71, 23, 0, 5, 0, 2, 6, 20, 'Active', NULL, '2015-06-27', '02:57:41 AM'),
(915, 891, 5, 71, 23, 0, 15, 0, 2, 9, 20, 'Active', NULL, '2015-06-27', '03:19:43 AM'),
(916, 892, 5, 71, 23, 0, 110, 0, 2, 5, 20, 'Active', NULL, '2015-06-27', '03:20:28 AM'),
(917, 893, 5, 71, 23, 0, 220, 0, 2, 5, 20, 'Active', NULL, '2015-06-27', '03:21:17 AM'),
(918, 894, 5, 71, 23, 0, 10, 0, 2, 9, 20, 'Active', NULL, '2015-06-27', '03:21:59 AM'),
(919, 895, 5, 71, 23, 0, 87, 0, 2, 6, 20, 'Active', NULL, '2015-06-27', '03:22:41 AM'),
(920, 896, 5, 71, 23, 0, 28, 0, 2, 6, 20, 'Active', NULL, '2015-06-27', '03:23:27 AM'),
(921, 897, 5, 71, 23, 0, 55, 0, 2, 6, 20, 'Active', NULL, '2015-06-27', '03:24:11 AM'),
(922, 898, 5, 71, 23, 0, 54, 0, 2, 6, 20, 'Active', NULL, '2015-06-27', '03:25:04 AM'),
(923, 899, 5, 71, 23, 0, 220, 0, 2, 5, 20, 'Active', NULL, '2015-06-27', '03:25:53 AM'),
(924, 900, 5, 71, 23, 0, 1, 0, 2, 6, 20, 'Active', NULL, '2015-06-27', '03:35:52 AM'),
(925, 901, 5, 71, 23, 0, 1, 0, 2, 6, 20, 'Active', NULL, '2015-06-27', '03:36:43 AM'),
(926, 902, 5, 71, 23, 0, 1, 0, 2, 6, 20, 'Active', NULL, '2015-06-27', '03:54:01 AM'),
(927, 903, 5, 71, 23, 0, 11, 0, 2, 6, 20, 'Active', NULL, '2015-06-27', '03:55:31 AM'),
(928, 904, 5, 71, 23, 0, 10, 0, 2, 6, 20, 'Active', NULL, '2015-06-27', '03:57:39 AM'),
(929, 905, 5, 71, 23, 0, 7, 0, 2, 6, 20, 'Active', NULL, '2015-06-27', '03:58:55 AM'),
(930, 906, 5, 71, 23, 0, 50, 0, 2, 6, 20, 'Active', NULL, '2015-06-27', '03:59:37 AM'),
(931, 907, 5, 71, 23, 0, 3, 0, 2, 9, 20, 'Active', NULL, '2015-06-27', '04:30:32 AM'),
(932, 908, 5, 71, 23, 0, 2, 0, 2, 6, 20, 'Active', NULL, '2015-06-27', '04:31:13 AM'),
(933, 909, 5, 71, 23, 0, 1, 0, 2, 6, 20, 'Active', NULL, '2015-06-27', '04:32:07 AM'),
(934, 910, 5, 71, 23, 0, 1, 0, 2, 6, 20, 'Active', NULL, '2015-06-27', '04:33:20 AM'),
(935, 911, 5, 71, 23, 0, 5, 0, 2, 6, 20, 'Active', NULL, '2015-06-27', '04:34:08 AM'),
(936, 912, 5, 71, 23, 0, 3, 0, 2, 9, 20, 'Active', NULL, '2015-06-27', '04:36:31 AM'),
(937, 913, 5, 71, 23, 0, 2, 0, 2, 6, 20, 'Active', NULL, '2015-06-27', '04:37:16 AM'),
(938, 914, 5, 71, 23, 0, 3, 0, 2, 6, 20, 'Active', NULL, '2015-06-27', '04:37:58 AM'),
(939, 915, 5, 71, 23, 0, 1, 0, 2, 6, 20, 'Active', NULL, '2015-06-27', '04:38:45 AM'),
(940, 916, 5, 71, 23, 0, 100, 0, 2, 12, 20, 'Active', NULL, '2015-06-27', '04:39:31 AM'),
(941, 917, 5, 71, 23, 0, 100, 0, 2, 12, 20, 'Active', NULL, '2015-06-27', '04:40:30 AM'),
(942, 918, 5, 71, 23, 0, 32, 0, 2, 6, 20, 'Active', NULL, '2015-06-27', '04:41:54 AM'),
(943, 919, 5, 71, 23, 0, 3, 0, 2, 6, 20, 'Active', NULL, '2015-06-27', '04:45:37 AM'),
(944, 920, 5, 71, 23, 0, 115, 0, 2, 12, 20, 'Active', NULL, '2015-06-27', '04:47:05 AM'),
(945, 921, 5, 71, 23, 0, 6, 0, 2, 6, 20, 'Active', NULL, '2015-06-27', '04:48:04 AM'),
(946, 922, 5, 71, 23, 0, 20, 0, 2, 6, 20, 'Active', NULL, '2015-06-27', '04:48:43 AM'),
(947, 923, 5, 71, 23, 0, 16, 0, 2, 6, 20, 'Active', NULL, '2015-06-27', '04:50:05 AM'),
(948, 924, 5, 71, 23, 0, 51, 0, 2, 9, 20, 'Active', NULL, '2015-06-27', '04:50:57 AM'),
(949, 925, 5, 71, 23, 0, 30, 0, 2, 6, 20, 'Active', NULL, '2015-06-27', '04:53:21 AM'),
(950, 926, 5, 71, 23, 0, 1, 0, 2, 6, 20, 'Active', NULL, '2015-06-27', '04:57:28 AM'),
(951, 927, 5, 71, 23, 0, 5, 0, 2, 6, 20, 'Active', NULL, '2015-06-27', '05:18:17 AM'),
(952, 928, 5, 71, 31, 0, 120, 0, 2, 12, 20, 'Active', NULL, '2015-06-27', '05:20:09 AM'),
(953, 929, 5, 71, 23, 0, 62, 0, 2, 9, 20, 'Active', NULL, '2015-06-27', '05:23:11 AM'),
(954, 930, 5, 71, 23, 0, 100, 0, 2, 12, 20, 'Active', NULL, '2015-06-27', '05:26:43 AM'),
(955, 931, 5, 71, 23, 0, 18, 0, 2, 6, 20, 'Active', NULL, '2015-06-27', '05:27:33 AM'),
(956, 932, 5, 71, 23, 0, 11, 0, 2, 6, 20, 'Active', NULL, '2015-06-27', '05:29:16 AM'),
(957, 933, 5, 71, 23, 0, 10, 0, 2, 3, 20, 'Active', NULL, '2015-06-27', '05:30:04 AM'),
(958, 934, 5, 71, 23, 0, 2, 0, 2, 6, 20, 'Active', NULL, '2015-06-27', '05:41:28 AM'),
(959, 935, 5, 71, 23, 0, 1, 0, 2, 1, 20, 'Active', NULL, '2015-06-27', '05:42:17 AM'),
(960, 936, 5, 71, 23, 0, 2, 0, 2, 6, 20, 'Active', NULL, '2015-06-27', '05:43:57 AM'),
(961, 937, 5, 71, 23, 0, 4, 0, 2, 6, 20, 'Active', NULL, '2015-06-27', '05:45:30 AM'),
(962, 938, 5, 71, 23, 0, 2, 0, 2, 6, 20, 'Active', NULL, '2015-06-27', '05:46:20 AM'),
(963, 939, 5, 71, 23, 0, 4, 0, 2, 6, 20, 'Active', NULL, '2015-06-27', '05:47:07 AM'),
(964, 940, 5, 71, 23, 0, 10, 0, 2, 6, 20, 'Active', NULL, '2015-06-27', '05:48:59 AM'),
(965, 941, 5, 71, 23, 0, 120, 0, 2, 12, 20, 'Active', NULL, '2015-06-27', '23:30:18 PM'),
(966, 942, 5, 71, 23, 0, 97, 0, 2, 12, 20, 'Active', NULL, '2015-06-27', '23:31:56 PM'),
(967, 943, 5, 71, 23, 0, 14, 0, 2, 6, 20, 'Active', NULL, '2015-06-27', '23:32:44 PM'),
(968, 944, 5, 71, 23, 0, 25, 0, 2, 5, 20, 'Active', NULL, '2015-06-27', '23:33:50 PM'),
(969, 945, 5, 71, 23, 0, 2, 0, 2, 6, 20, 'Active', NULL, '2015-06-27', '23:37:16 PM'),
(970, 946, 5, 71, 23, 0, 10, 0, 2, 6, 20, 'Active', NULL, '2015-06-27', '23:38:02 PM'),
(971, 947, 5, 71, 23, 0, 5, 0, 2, 6, 20, 'Active', NULL, '2015-06-27', '23:39:42 PM'),
(972, 948, 5, 71, 23, 0, 1, 0, 2, 6, 20, 'Active', NULL, '2015-06-28', '00:01:03 AM'),
(973, 949, 5, 71, 23, 0, 50, 0, 2, 12, 20, 'Active', NULL, '2015-06-28', '00:02:00 AM'),
(974, 950, 5, 71, 23, 0, 13, 0, 2, 6, 20, 'Active', NULL, '2015-06-28', '00:02:48 AM'),
(975, 951, 5, 71, 23, 0, 2, 0, 2, 6, 20, 'Active', NULL, '2015-06-28', '00:03:53 AM'),
(976, 952, 5, 71, 23, 0, 6, 0, 2, 6, 20, 'Active', NULL, '2015-06-28', '00:08:29 AM'),
(977, 953, 5, 71, 23, 0, 1, 0, 2, 1, 20, 'Active', NULL, '2015-06-28', '00:09:16 AM'),
(978, 954, 5, 71, 23, 0, 1, 0, 2, 6, 20, 'Active', NULL, '2015-06-28', '00:10:03 AM'),
(979, 955, 5, 71, 23, 0, 3, 0, 2, 3, 20, 'Active', NULL, '2015-06-28', '00:11:00 AM'),
(980, 956, 5, 71, 23, 0, 3, 0, 2, 3, 20, 'Active', NULL, '2015-06-28', '00:18:29 AM'),
(981, 957, 5, 71, 23, 0, 6, 0, 2, 6, 20, 'Active', NULL, '2015-06-28', '00:19:26 AM'),
(982, 958, 5, 71, 23, 0, 27, 0, 2, 6, 20, 'Active', NULL, '2015-06-28', '00:20:37 AM'),
(983, 959, 5, 71, 23, 0, 13, 0, 2, 6, 20, 'Active', NULL, '2015-06-28', '00:21:21 AM'),
(984, 960, 5, 71, 23, 0, 107, 0, 2, 12, 20, 'Active', NULL, '2015-06-28', '00:23:08 AM'),
(985, 961, 5, 71, 23, 0, 4, 0, 2, 6, 20, 'Active', NULL, '2015-06-28', '00:24:02 AM'),
(986, 962, 5, 71, 23, 0, 3, 0, 2, 6, 20, 'Active', NULL, '2015-06-28', '00:24:55 AM'),
(987, 963, 5, 71, 23, 0, 2, 0, 2, 2, 20, 'Active', NULL, '2015-06-28', '00:25:42 AM'),
(988, 964, 5, 71, 23, 0, 34, 0, 2, 9, 20, 'Active', NULL, '2015-06-28', '00:26:59 AM'),
(989, 965, 5, 71, 23, 0, 109, 0, 2, 6, 20, 'Active', NULL, '2015-06-28', '00:27:52 AM'),
(990, 966, 5, 71, 23, 0, 179, 0, 2, 5, 20, 'Active', NULL, '2015-06-28', '00:28:36 AM'),
(991, 967, 5, 71, 23, 0, 4, 0, 2, 4, 20, 'Active', NULL, '2015-06-28', '00:29:49 AM'),
(992, 968, 5, 71, 23, 0, 9, 0, 2, 6, 20, 'Active', NULL, '2015-06-28', '00:31:48 AM'),
(993, 969, 5, 71, 23, 0, 2, 0, 2, 2, 20, 'Active', NULL, '2015-06-28', '00:58:00 AM'),
(994, 970, 5, 71, 23, 0, 3, 0, 2, 6, 20, 'Active', NULL, '2015-06-28', '00:58:36 AM'),
(995, 971, 5, 71, 23, 0, 100, 0, 2, 6, 20, 'Active', NULL, '2015-06-28', '00:59:31 AM'),
(996, 972, 5, 71, 23, 0, 110, 0, 2, 7, 20, 'Active', NULL, '2015-06-28', '01:00:18 AM'),
(997, 973, 5, 71, 23, 0, 5, 0, 2, 6, 20, 'Active', NULL, '2015-06-28', '01:01:04 AM'),
(998, 974, 5, 71, 23, 0, 4, 0, 2, 6, 20, 'Active', NULL, '2015-06-28', '01:22:49 AM'),
(999, 975, 5, 71, 23, 0, 2, 0, 2, 9, 20, 'Active', NULL, '2015-06-28', '01:24:57 AM'),
(1000, 976, 5, 71, 23, 0, 12, 0, 2, 6, 20, 'Active', NULL, '2015-06-28', '01:26:42 AM'),
(1001, 977, 5, 71, 23, 0, 5, 0, 2, 6, 20, 'Active', NULL, '2015-06-28', '01:30:27 AM'),
(1002, 978, 5, 71, 23, 0, 1, 0, 2, 6, 20, 'Active', NULL, '2015-06-28', '01:31:27 AM'),
(1003, 979, 5, 71, 23, 0, 3, 0, 2, 6, 20, 'Active', NULL, '2015-06-28', '01:57:06 AM'),
(1004, 980, 5, 71, 23, 0, 6, 0, 2, 6, 20, 'Active', NULL, '2015-06-28', '01:58:04 AM'),
(1005, 981, 5, 71, 23, 0, 2, 0, 2, 9, 20, 'Active', NULL, '2015-06-28', '01:59:38 AM'),
(1006, 982, 5, 71, 23, 0, 111, 0, 2, 5, 20, 'Active', NULL, '2015-06-28', '02:00:32 AM'),
(1007, 983, 5, 71, 23, 0, 110, 0, 2, 9, 20, 'Active', NULL, '2015-06-28', '02:01:18 AM'),
(1008, 984, 5, 71, 23, 0, 1, 0, 2, 1, 20, 'Active', NULL, '2015-06-28', '02:02:27 AM'),
(1009, 985, 5, 71, 23, 0, 13, 0, 2, 6, 20, 'Active', NULL, '2015-06-28', '02:03:29 AM'),
(1010, 986, 5, 71, 23, 0, 2, 0, 2, 5, 20, 'Active', NULL, '2015-06-28', '02:04:25 AM'),
(1011, 987, 5, 71, 23, 0, 2, 0, 2, 3, 20, 'Active', NULL, '2015-06-28', '02:05:07 AM'),
(1012, 988, 5, 71, 23, 0, 3, 0, 2, 3, 20, 'Active', NULL, '2015-06-28', '02:05:50 AM'),
(1013, 989, 5, 71, 23, 0, 1, 0, 2, 3, 20, 'Active', NULL, '2015-06-28', '02:06:38 AM'),
(1014, 990, 5, 71, 23, 0, 2, 0, 2, 9, 20, 'Active', NULL, '2015-06-28', '02:07:46 AM'),
(1015, 991, 5, 71, 23, 0, 1, 0, 2, 3, 20, 'Active', NULL, '2015-06-28', '02:08:45 AM'),
(1016, 992, 5, 71, 23, 0, 5, 0, 2, 6, 20, 'Active', NULL, '2015-06-28', '02:22:50 AM'),
(1017, 993, 5, 71, 23, 0, 3, 0, 2, 6, 20, 'Active', NULL, '2015-06-28', '02:28:39 AM'),
(1018, 994, 5, 71, 23, 0, 42, 0, 2, 6, 20, 'Active', NULL, '2015-06-28', '02:29:55 AM'),
(1019, 995, 5, 71, 23, 0, 188, 0, 2, 5, 20, 'Active', NULL, '2015-06-28', '02:30:53 AM'),
(1020, 996, 5, 71, 23, 0, 6, 0, 2, 6, 20, 'Active', NULL, '2015-06-28', '02:31:58 AM'),
(1021, 997, 5, 71, 23, 0, 16, 0, 2, 6, 20, 'Active', NULL, '2015-06-28', '02:32:56 AM'),
(1022, 998, 5, 71, 23, 0, 1, 0, 2, 6, 20, 'Active', NULL, '2015-06-28', '02:34:40 AM'),
(1023, 999, 5, 71, 23, 0, 70, 0, 2, 6, 20, 'Active', NULL, '2015-06-28', '02:38:02 AM'),
(1024, 1000, 5, 71, 23, 0, 75, 0, 2, 12, 20, 'Active', NULL, '2015-06-28', '02:39:48 AM'),
(1025, 1001, 5, 71, 23, 0, 75, 0, 2, 12, 20, 'Active', NULL, '2015-06-28', '02:41:13 AM'),
(1026, 1002, 5, 71, 23, 0, 3, 0, 2, 6, 20, 'Active', NULL, '2015-06-28', '02:43:12 AM'),
(1027, 1003, 5, 71, 23, 0, 4, 0, 2, 6, 20, 'Active', NULL, '2015-06-28', '02:44:22 AM'),
(1028, 1004, 5, 71, 31, 0, 196, 0, 2, 5, 20, 'Active', NULL, '2015-06-28', '02:46:46 AM'),
(1029, 1005, 5, 71, 23, 0, 108, 0, 2, 5, 20, 'Active', NULL, '2015-06-28', '02:48:24 AM'),
(1030, 1006, 5, 71, 23, 0, 61, 0, 2, 12, 20, 'Active', NULL, '2015-06-28', '02:49:14 AM'),
(1031, 1007, 5, 71, 23, 0, 61, 0, 2, 5, 20, 'Active', NULL, '2015-06-28', '02:50:03 AM'),
(1032, 1008, 5, 71, 23, 0, 31, 0, 2, 6, 20, 'Active', NULL, '2015-06-28', '02:51:17 AM'),
(1033, 1009, 5, 71, 23, 0, 19, 0, 2, 6, 20, 'Active', NULL, '2015-06-28', '02:52:04 AM'),
(1034, 1010, 5, 71, 23, 0, 110, 0, 2, 12, 20, 'Active', NULL, '2015-06-28', '02:52:56 AM'),
(1035, 1011, 5, 71, 23, 0, 2, 0, 2, 6, 20, 'Active', NULL, '2015-06-28', '03:03:10 AM'),
(1036, 1012, 5, 71, 23, 0, 2, 0, 2, 6, 20, 'Active', NULL, '2015-06-28', '03:03:57 AM'),
(1037, 1013, 5, 71, 23, 0, 3, 0, 2, 6, 20, 'Active', NULL, '2015-06-28', '03:04:40 AM'),
(1038, 1014, 5, 71, 23, 0, 4, 0, 2, 6, 20, 'Active', NULL, '2015-06-28', '03:05:20 AM'),
(1039, 1015, 5, 71, 23, 0, 2, 0, 2, 6, 20, 'Active', NULL, '2015-06-28', '03:17:58 AM'),
(1040, 1016, 5, 71, 23, 0, 2, 0, 2, 6, 20, 'Active', NULL, '2015-06-28', '03:18:49 AM'),
(1041, 1017, 5, 71, 23, 0, 17, 0, 2, 6, 20, 'Active', NULL, '2015-06-28', '03:19:31 AM'),
(1042, 1018, 5, 71, 23, 0, 6, 0, 2, 6, 20, 'Active', NULL, '2015-06-28', '03:20:13 AM'),
(1043, 1019, 5, 71, 23, 0, 2, 0, 2, 6, 20, 'Active', NULL, '2015-06-28', '04:14:54 AM'),
(1044, 1020, 5, 71, 23, 0, 1, 0, 2, 2, 20, 'Active', NULL, '2015-06-28', '04:15:35 AM'),
(1045, 1021, 5, 71, 23, 0, 1, 0, 2, 2, 20, 'Active', NULL, '2015-06-28', '04:16:14 AM'),
(1046, 1022, 5, 71, 23, 0, 1, 0, 2, 2, 20, 'Active', NULL, '2015-06-28', '04:17:09 AM'),
(1047, 1023, 5, 71, 23, 0, 13, 0, 2, 6, 20, 'Active', NULL, '2015-06-28', '04:17:42 AM'),
(1048, 1024, 5, 71, 23, 0, 5, 0, 2, 5, 20, 'Active', NULL, '2015-06-28', '04:18:33 AM'),
(1049, 1025, 5, 71, 23, 0, 2, 0, 2, 6, 20, 'Active', NULL, '2015-06-28', '04:19:23 AM'),
(1050, 1026, 5, 71, 23, 0, 2, 0, 2, 2, 20, 'Active', NULL, '2015-06-28', '04:20:17 AM'),
(1051, 1027, 5, 71, 23, 0, 1, 0, 2, 6, 20, 'Active', NULL, '2015-06-28', '04:21:04 AM'),
(1052, 1028, 5, 71, 23, 0, 110, 0, 2, 5, 20, 'Active', NULL, '2015-06-28', '04:30:31 AM'),
(1053, 1029, 5, 71, 23, 0, 20, 0, 2, 6, 20, 'Active', NULL, '2015-06-28', '04:31:40 AM'),
(1054, 1030, 5, 71, 23, 0, 14, 0, 2, 6, 20, 'Active', NULL, '2015-06-28', '04:32:27 AM'),
(1055, 1031, 5, 71, 23, 0, 49, 0, 2, 6, 20, 'Active', NULL, '2015-06-28', '04:33:25 AM'),
(1056, 1032, 5, 71, 23, 0, 110, 0, 2, 12, 20, 'Active', NULL, '2015-06-28', '04:34:28 AM'),
(1057, 1033, 5, 71, 23, 0, 110, 0, 2, 34, 20, 'Active', NULL, '2015-06-28', '04:35:14 AM'),
(1058, 1034, 5, 71, 23, 0, 15, 0, 2, 6, 20, 'Active', NULL, '2015-06-28', '04:57:42 AM'),
(1059, 1035, 5, 71, 23, 0, 35, 0, 2, 6, 20, 'Active', NULL, '2015-06-28', '05:01:46 AM'),
(1060, 1036, 5, 71, 23, 0, 12, 0, 2, 12, 20, 'Active', NULL, '2015-06-28', '05:02:30 AM'),
(1061, 1037, 5, 71, 23, 0, 17, 0, 2, 9, 20, 'Active', NULL, '2015-06-28', '05:03:25 AM'),
(1062, 1038, 5, 71, 23, 0, 10, 0, 2, 3, 20, 'Active', NULL, '2015-06-28', '05:04:09 AM'),
(1063, 1039, 5, 71, 23, 0, 5, 0, 2, 5, 20, 'Active', NULL, '2015-06-28', '05:05:33 AM'),
(1064, 1040, 5, 71, 23, 0, 6, 0, 2, 6, 20, 'Active', NULL, '2015-06-28', '05:08:27 AM'),
(1065, 1041, 5, 71, 23, 0, 28, 0, 2, 6, 20, 'Active', NULL, '2015-06-28', '05:09:13 AM'),
(1066, 1042, 5, 71, 23, 0, 77, 0, 2, 12, 20, 'Active', NULL, '2015-06-28', '05:09:57 AM'),
(1067, 1043, 5, 71, 23, 0, 5, 0, 2, 6, 20, 'Active', NULL, '2015-06-28', '05:12:04 AM'),
(1068, 1044, 5, 71, 23, 0, 8, 0, 2, 6, 20, 'Active', NULL, '2015-06-28', '05:13:11 AM'),
(1069, 1045, 5, 71, 23, 0, 4, 0, 2, 6, 20, 'Active', NULL, '2015-06-28', '05:14:07 AM'),
(1070, 1046, 5, 71, 23, 0, 1, 0, 2, 6, 20, 'Active', NULL, '2015-06-28', '05:14:57 AM'),
(1071, 1047, 5, 71, 23, 0, 4, 0, 2, 6, 20, 'Active', NULL, '2015-06-28', '05:23:22 AM'),
(1072, 1048, 5, 71, 23, 0, 4, 0, 2, 6, 20, 'Active', NULL, '2015-06-28', '05:24:06 AM'),
(1073, 1049, 5, 71, 23, 0, 3, 0, 2, 3, 20, 'Active', NULL, '2015-06-28', '05:32:15 AM'),
(1074, 1050, 5, 71, 23, 0, 2, 0, 2, 2, 20, 'Active', NULL, '2015-06-28', '05:33:01 AM'),
(1075, 1051, 5, 71, 23, 0, 6, 0, 2, 6, 20, 'Active', NULL, '2015-06-28', '05:33:52 AM'),
(1076, 1052, 5, 71, 23, 0, 2, 0, 2, 6, 20, 'Active', NULL, '2015-06-28', '05:34:36 AM'),
(1077, 1053, 5, 71, 23, 0, 4, 0, 2, 3, 20, 'Active', NULL, '2015-06-29', '00:02:29 AM'),
(1078, 1054, 5, 71, 23, 0, 2, 0, 2, 2, 20, 'Active', NULL, '2015-06-29', '00:04:13 AM'),
(1079, 1055, 5, 71, 23, 0, 2, 0, 2, 2, 20, 'Active', NULL, '2015-06-29', '00:05:00 AM'),
(1080, 1056, 5, 71, 23, 0, 2, 0, 2, 6, 20, 'Active', NULL, '2015-06-29', '00:05:48 AM'),
(1081, 1057, 5, 71, 23, 0, 2, 0, 2, 2, 20, 'Active', NULL, '2015-06-29', '00:06:47 AM'),
(1082, 1082, 6, 32, 18, 1, 324, 74520, 3, 11, 20, 'Active', NULL, '2015-09-10', '07:35:38 AM'),
(1083, 1082, 6, 33, 19, 2, 2994, 29940, 3, 11, 20, 'Active', NULL, '2015-09-10', '07:35:38 AM'),
(1084, 1082, 6, 34, 20, 3, 614, 12280, 3, 11, 20, 'Active', NULL, '2015-09-10', '07:35:38 AM'),
(1085, 1082, 6, 40, 25, 4, 1181, 47240, 3, 11, 20, 'Active', NULL, '2015-09-10', '07:35:38 AM'),
(1086, 1082, 6, 43, 15, 5, 298, 37250, 3, 11, 20, 'Active', NULL, '2015-09-10', '07:35:38 AM'),
(1087, 1082, 6, 44, 15, 6, 7429, 928625, 3, 11, 20, 'Active', NULL, '2015-09-10', '07:35:38 AM'),
(1088, 1082, 6, 49, 15, 7, 867, 108375, 3, 11, 20, 'Active', NULL, '2015-09-10', '07:35:38 AM'),
(1089, 1082, 6, 55, 15, 8, 65, 7475, 3, 11, 20, 'Active', NULL, '2015-09-10', '07:35:38 AM'),
(1090, 1082, 6, 42, 12, 9, 300, 14775, 3, 11, 20, 'Active', NULL, '2015-09-10', '07:35:38 AM'),
(1091, 1082, 6, 148, 15, 10, 1684, 210500, 3, 11, 20, 'Active', NULL, '2015-09-10', '07:35:38 AM'),
(1092, 1082, 6, 149, 15, 11, 955, 119375, 3, 11, 20, 'Active', NULL, '2015-09-10', '07:35:38 AM'),
(1093, 1082, 6, 53, 15, 12, 7, 875, 3, 11, 20, 'Active', NULL, '2015-09-10', '07:35:38 AM'),
(1094, 1082, 6, 51, 15, 13, 248, 31000, 3, 11, 20, 'Active', NULL, '2015-09-10', '07:35:38 AM'),
(1095, 1082, 6, 48, 15, 14, 910, 113750, 3, 11, 20, 'Active', NULL, '2015-09-10', '07:35:38 AM'),
(1096, 1082, 7, 62, 15, 15, 8, 1000, 3, 11, 20, 'Active', NULL, '2015-09-10', '07:35:38 AM'),
(1097, 1082, 7, 63, 15, 16, 20, 2500, 3, 11, 20, 'Active', NULL, '2015-09-10', '07:35:38 AM'),
(1098, 1082, 7, 67, 25, 17, 4512, 187933.824, 3, 11, 20, 'Active', NULL, '2015-09-10', '07:35:38 AM'),
(1099, 1082, 7, 64, 11, 18, 66508, 1917691.672, 3, 11, 20, 'Active', NULL, '2015-09-10', '07:35:38 AM'),
(1100, 1082, 7, 56, 11, 19, 36014, 1034718.234, 3, 11, 20, 'Active', NULL, '2015-09-10', '07:35:38 AM'),
(1101, 1083, 13, 153, 15, 20, 485, 60625, 3, 11, 20, 'Active', NULL, '2015-09-10', '07:49:23 AM'),
(1102, 1083, 13, 155, 15, 21, 1, 125, 3, 11, 20, 'Active', NULL, '2015-09-10', '07:49:23 AM'),
(1103, 1083, 13, 154, 15, 22, 15, 1875, 3, 11, 20, 'Active', NULL, '2015-09-10', '07:49:23 AM'),
(1104, 1083, 13, 152, 13, 23, 220, 1200, 3, 11, 20, 'Active', NULL, '2015-09-10', '07:49:23 AM'),
(1105, 1083, 13, 159, 15, 24, 554, 6750, 3, 11, 20, 'Active', NULL, '2015-09-10', '07:49:23 AM'),
(1106, 1084, 9, 161, 12, 25, 2626, 170918.462, 4, 11, 20, 'Active', NULL, '2015-09-10', '07:51:21 AM'),
(1107, 1085, 8, 72, 24, 26, 26, 650, 6, 11, 20, 'Active', NULL, '2015-09-10', '07:52:55 AM'),
(1108, 1086, 6, 175, 28, 1250, 52, 5200, 3, 12, 20, 'Active', NULL, '2015-10-08', '08:29:51 AM'),
(1109, 1086, 6, 177, 15, 1250, 190, 23750, 3, 12, 20, 'Active', NULL, '2015-10-08', '08:29:51 AM'),
(1110, 1086, 6, 178, 15, 1250, 1601, 200125, 3, 12, 20, 'Active', NULL, '2015-10-08', '08:29:51 AM'),
(1111, 1086, 6, 179, 15, 1250, 108, 13500, 3, 12, 20, 'Active', NULL, '2015-10-08', '08:29:51 AM'),
(1112, 1086, 6, 180, 15, 1250, 26, 3250, 3, 12, 20, 'Active', NULL, '2015-10-08', '08:29:51 AM'),
(1113, 1086, 6, 181, 15, 1250, 15102, 1887750, 3, 12, 20, 'Active', NULL, '2015-10-08', '08:29:51 AM'),
(1114, 1086, 6, 182, 15, 1250, 291, 36375, 3, 12, 20, 'Active', NULL, '2015-10-08', '08:29:51 AM'),
(1115, 1087, 6, 176, 32, 1251, 2194, 72402, 3, 12, 20, 'Active', NULL, '2015-10-08', '08:33:33 AM'),
(1116, 1088, 14, 183, 13, 1252, 430, 21246, 3, 12, 20, 'Active', NULL, '2015-10-08', '08:36:39 AM'),
(1117, 1089, 7, 184, 11, 36737, 60, 1800, 1, 15, 20, 'Active', NULL, '2015-10-09', '07:02:34 AM'),
(1118, 1090, 6, 176, 32, 0, 20, 0, 3, 15, 20, 'Active', NULL, '2015-10-09', '07:13:43 AM'),
(1119, 1090, 6, 32, 18, 0, 10, 0, 3, 15, 20, 'Active', NULL, '2015-10-09', '07:13:43 AM'),
(1120, 1090, 6, 178, 15, 0, 10, 0, 3, 15, 20, 'Active', NULL, '2015-10-09', '07:13:43 AM'),
(1121, 1090, 6, 40, 12, 0, 10, 0, 3, 15, 20, 'Active', NULL, '2015-10-09', '07:13:43 AM'),
(1122, 1090, 6, 43, 15, 0, 4, 0, 3, 15, 20, 'Active', NULL, '2015-10-09', '07:13:43 AM'),
(1123, 1090, 7, 67, 25, 0, 30, 0, 3, 15, 20, 'Active', NULL, '2015-10-09', '07:13:43 AM'),
(1124, 1090, 6, 177, 15, 0, 10, 0, 3, 15, 20, 'Active', NULL, '2015-10-09', '07:13:43 AM'),
(1125, 1091, 13, 157, 15, 1524, 120, 15000, 1, 12, 20, 'Active', NULL, '2015-10-09', '07:18:51 AM'),
(1126, 1092, 6, 33, 19, 0, 150, 0, 3, 63, 20, 'Active', NULL, '2015-08-03', '10:16:23 AM'),
(1127, 1092, 7, 64, 11, 0, 238, 0, 3, 63, 20, 'Active', NULL, '2015-08-03', '10:16:23 AM'),
(1128, 1092, 7, 67, 25, 0, 1, 0, 3, 65, 20, 'Active', NULL, '2015-08-03', '10:16:23 AM'),
(1129, 1092, 6, 43, 15, 0, 6, 0, 3, 45, 20, 'Active', NULL, '2015-08-03', '10:16:23 AM'),
(1130, 1092, 6, 32, 18, 0, 8, 0, 3, 56, 20, 'Active', NULL, '2015-08-03', '10:16:23 AM'),
(1131, 1092, 6, 178, 15, 0, 6, 0, 3, 65, 20, 'Active', NULL, '2015-08-03', '10:16:23 AM'),
(1132, 1092, 6, 177, 15, 0, 15, 0, 3, 63, 20, 'Active', NULL, '2015-08-03', '10:16:23 AM'),
(1133, 1092, 6, 34, 20, 0, 50, 0, 3, 41, 20, 'Active', NULL, '2015-08-03', '10:16:23 AM'),
(1134, 1093, 13, 157, 15, 8321, 60, 7500, 3, 96, 20, 'Active', NULL, '2015-08-03', '10:25:03 AM'),
(1135, 1094, 5, 71, 23, 0, 3, 0, NULL, NULL, 20, 'Active', NULL, '2015-10-24', '01:11:46 AM'),
(1136, 1095, 5, 71, 23, 0, 20, 0, NULL, NULL, 20, 'Active', NULL, '2015-10-24', '01:13:28 AM'),
(1137, 1096, 5, 71, 23, 0, 20, 0, NULL, NULL, 20, 'Active', NULL, '2015-10-24', '01:14:20 AM'),
(1138, 1097, 5, 71, 23, 0, 10, 0, NULL, NULL, 20, 'Active', NULL, '2015-10-24', '01:14:59 AM'),
(1139, 1098, 5, 71, 23, 0, 5, 0, NULL, NULL, 20, 'Active', NULL, '2015-10-24', '01:15:54 AM'),
(1140, 1099, 5, 71, 23, 0, 10, 0, NULL, NULL, 20, 'Active', NULL, '2015-10-24', '01:16:50 AM'),
(1141, 1100, 5, 71, 23, 0, 1, 0, NULL, NULL, 20, 'Active', NULL, '2015-10-24', '01:17:31 AM'),
(1142, 1101, 5, 71, 23, 0, 10, 0, NULL, NULL, 20, 'Active', NULL, '2015-10-24', '01:22:12 AM'),
(1143, 1102, 5, 71, 23, 0, 10, 0, NULL, NULL, 20, 'Active', NULL, '2015-10-24', '01:27:25 AM'),
(1144, 1103, 5, 71, 23, 0, 10, 0, NULL, NULL, 20, 'Active', NULL, '2015-10-24', '01:28:10 AM'),
(1145, 1104, 5, 71, 23, 0, 10, 0, NULL, NULL, 20, 'Active', NULL, '2015-10-24', '01:28:53 AM'),
(1146, 1105, 5, 71, 23, 0, 5, 0, NULL, NULL, 20, 'Active', NULL, '2015-10-24', '01:29:59 AM'),
(1147, 1106, 5, 71, 23, 0, 10, 0, NULL, NULL, 20, 'Active', NULL, '2015-10-24', '01:30:43 AM'),
(1148, 1107, 5, 71, 23, 0, 5, 0, NULL, NULL, 20, 'Active', NULL, '2015-10-24', '01:31:27 AM'),
(1149, 1108, 5, 71, 23, 0, 5, 0, NULL, NULL, 20, 'Active', NULL, '2015-10-24', '01:32:36 AM'),
(1150, 1109, 5, 71, 23, 0, 3, 0, NULL, NULL, 20, 'Active', NULL, '2015-10-24', '01:34:09 AM'),
(1151, 1110, 5, 71, 23, 0, 5, 0, NULL, NULL, 20, 'Active', NULL, '2015-10-24', '01:34:48 AM'),
(1152, 1111, 5, 71, 23, 0, 4, 0, NULL, NULL, 20, 'Active', NULL, '2015-10-24', '01:35:41 AM'),
(1153, 1112, 5, 71, 23, 0, 20, 0, NULL, NULL, 20, 'Active', NULL, '2015-11-02', '05:39:38 AM'),
(1154, 1113, 5, 71, 23, 0, 7, 0, NULL, NULL, 20, 'Active', NULL, '2015-11-02', '05:40:35 AM'),
(1155, 1114, 5, 71, 23, 0, 31, 0, NULL, NULL, 20, 'Active', NULL, '2015-11-02', '05:41:27 AM');

-- --------------------------------------------------------

--
-- Table structure for table `fna_productstock`
--

CREATE TABLE IF NOT EXISTS `fna_productstock` (
  `PRODUCTSTOCKID` int(11) NOT NULL AUTO_INCREMENT,
  `PRODUCTLOADUNLOADBKDNID` int(10) DEFAULT NULL,
  `PROJECTID` int(11) NOT NULL,
  `SUBPROJECTID` int(11) NOT NULL,
  `PARTYID` int(11) NOT NULL,
  `PRODCATTYPEID` int(10) DEFAULT NULL,
  `LOTNO` int(100) DEFAULT NULL,
  `PRODUCTID` int(10) DEFAULT NULL,
  `QUANTITY` double DEFAULT NULL,
  `WTQNTY` double NOT NULL,
  `TOTQUANTITY` double DEFAULT NULL,
  `PARTYFLAG` int(11) NOT NULL,
  `PRODCATTYPEFLAG` int(10) DEFAULT NULL,
  `PRODTYPEFLAG` int(10) DEFAULT NULL,
  `WORKTYPEFLAG` varchar(10) DEFAULT NULL,
  `USERID` int(11) DEFAULT NULL,
  `STATUS` varchar(20) DEFAULT NULL,
  `FLAG` int(11) DEFAULT NULL,
  `ENTDATE` date DEFAULT NULL,
  `ENTTIME` varchar(100) DEFAULT NULL,
  PRIMARY KEY (`PRODUCTSTOCKID`)
) ENGINE=InnoDB  DEFAULT CHARSET=latin1 AUTO_INCREMENT=54 ;

--
-- Dumping data for table `fna_productstock`
--

INSERT INTO `fna_productstock` (`PRODUCTSTOCKID`, `PRODUCTLOADUNLOADBKDNID`, `PROJECTID`, `SUBPROJECTID`, `PARTYID`, `PRODCATTYPEID`, `LOTNO`, `PRODUCTID`, `QUANTITY`, `WTQNTY`, `TOTQUANTITY`, `PARTYFLAG`, `PRODCATTYPEFLAG`, `PRODTYPEFLAG`, `WORKTYPEFLAG`, `USERID`, `STATUS`, `FLAG`, `ENTDATE`, `ENTTIME`) VALUES
(1, 1082, 1, 2, 60, 6, NULL, 32, 324, 74520, 324, 1, 1, 1, 'Load', 20, 'Active', NULL, '2015-09-10', '07:35:38 AM'),
(2, 1083, 1, 2, 60, 6, NULL, 33, 2994, 29940, 2994, 2, 2, 1, 'Load', 20, 'Active', NULL, '2015-09-10', '07:35:38 AM'),
(3, 1084, 1, 2, 60, 6, NULL, 34, 614, 12280, 614, 3, 3, 1, 'Load', 20, 'Active', NULL, '2015-09-10', '07:35:38 AM'),
(4, 1085, 1, 2, 60, 6, NULL, 40, 1181, 47240, 1181, 4, 4, 1, 'Load', 20, 'Active', NULL, '2015-09-10', '07:35:38 AM'),
(5, 1086, 1, 2, 60, 6, NULL, 43, 298, 37250, 298, 5, 5, 1, 'Load', 20, 'Active', NULL, '2015-09-10', '07:35:38 AM'),
(6, 1087, 1, 2, 60, 6, NULL, 44, 7429, 928625, 7429, 6, 6, 1, 'Load', 20, 'Active', NULL, '2015-09-10', '07:35:38 AM'),
(7, 1088, 1, 2, 60, 6, NULL, 49, 867, 108375, 867, 7, 7, 1, 'Load', 20, 'Active', NULL, '2015-09-10', '07:35:38 AM'),
(8, 1089, 1, 2, 60, 6, NULL, 55, 65, 7475, 65, 8, 8, 1, 'Load', 20, 'Active', NULL, '2015-09-10', '07:35:38 AM'),
(9, 1090, 1, 2, 60, 6, NULL, 42, 300, 14775, 300, 9, 9, 1, 'Load', 20, 'Active', NULL, '2015-09-10', '07:35:38 AM'),
(10, 1091, 1, 2, 60, 6, NULL, 148, 1684, 210500, 1684, 10, 10, 1, 'Load', 20, 'Active', NULL, '2015-09-10', '07:35:38 AM'),
(11, 1092, 1, 2, 60, 6, NULL, 149, 955, 119375, 955, 11, 11, 1, 'Load', 20, 'Active', NULL, '2015-09-10', '07:35:38 AM'),
(12, 1093, 1, 2, 60, 6, NULL, 53, 7, 875, 7, 12, 12, 1, 'Load', 20, 'Active', NULL, '2015-09-10', '07:35:38 AM'),
(13, 1094, 1, 2, 60, 6, NULL, 51, 248, 31000, 248, 13, 13, 1, 'Load', 20, 'Active', NULL, '2015-09-10', '07:35:38 AM'),
(14, 1095, 1, 2, 60, 6, NULL, 48, 910, 113750, 910, 14, 14, 1, 'Load', 20, 'Active', NULL, '2015-09-10', '07:35:38 AM'),
(15, 1096, 1, 2, 60, 7, NULL, 62, 8, 1000, 8, 15, 1, 1, 'Load', 20, 'Active', NULL, '2015-09-10', '07:35:38 AM'),
(16, 1097, 1, 2, 60, 7, NULL, 63, 20, 2500, 20, 16, 2, 1, 'Load', 20, 'Active', NULL, '2015-09-10', '07:35:38 AM'),
(17, 1098, 1, 2, 60, 7, NULL, 67, 4512, 187933.824, 4512, 17, 3, 1, 'Load', 20, 'Active', NULL, '2015-09-10', '07:35:38 AM'),
(18, 1099, 1, 2, 60, 7, NULL, 64, 66508, 1917691.672, 66508, 18, 4, 1, 'Load', 20, 'Active', NULL, '2015-09-10', '07:35:38 AM'),
(19, 1100, 1, 2, 60, 7, NULL, 56, 36014, 1034718.234, 36014, 19, 5, 1, 'Load', 20, 'Active', NULL, '2015-09-10', '07:35:38 AM'),
(20, 1101, 1, 4, 61, 13, NULL, 153, 485, 60625, 485, 1, 1, 1, 'Load', 20, 'Active', NULL, '2015-09-10', '07:49:23 AM'),
(21, 1102, 1, 4, 61, 13, NULL, 155, 1, 125, 1, 2, 2, 1, 'Load', 20, 'Active', NULL, '2015-09-10', '07:49:23 AM'),
(22, 1103, 1, 4, 61, 13, NULL, 154, 15, 1875, 15, 3, 3, 1, 'Load', 20, 'Active', NULL, '2015-09-10', '07:49:23 AM'),
(23, 1104, 1, 4, 61, 13, NULL, 152, 220, 1200, 220, 4, 4, 1, 'Load', 20, 'Active', NULL, '2015-09-10', '07:49:23 AM'),
(24, 1105, 1, 4, 61, 13, NULL, 159, 554, 6750, 554, 5, 5, 1, 'Load', 20, 'Active', NULL, '2015-09-10', '07:49:23 AM'),
(25, 1106, 1, 5, 63, 9, NULL, 161, 2626, 170918.462, 2626, 1, 1, 1, 'Load', 20, 'Active', NULL, '2015-09-10', '07:51:21 AM'),
(26, 1107, 1, 3, 65, 8, NULL, 72, 26, 650, 26, 1, 1, 1, 'Load', 20, 'Active', NULL, '2015-09-10', '07:52:55 AM'),
(27, 1108, 1, 2, 60, 6, NULL, 175, 52, 5200, 52, 20, 15, 1, 'Load', 20, 'Active', NULL, '2015-10-08', '08:29:51 AM'),
(28, 1109, 1, 2, 60, 6, NULL, 177, 190, 23750, 190, 21, 16, 1, 'Load', 20, 'Active', NULL, '2015-10-08', '08:29:51 AM'),
(29, 1110, 1, 2, 60, 6, NULL, 178, 1601, 200125, 1601, 22, 17, 1, 'Load', 20, 'Active', NULL, '2015-10-08', '08:29:51 AM'),
(30, 1111, 1, 2, 60, 6, NULL, 179, 108, 13500, 108, 23, 18, 1, 'Load', 20, 'Active', NULL, '2015-10-08', '08:29:51 AM'),
(31, 1112, 1, 2, 60, 6, NULL, 180, 26, 3250, 26, 24, 19, 1, 'Load', 20, 'Active', NULL, '2015-10-08', '08:29:51 AM'),
(32, 1113, 1, 2, 60, 6, NULL, 181, 15102, 1887750, 15102, 25, 20, 1, 'Load', 20, 'Active', NULL, '2015-10-08', '08:29:51 AM'),
(33, 1114, 1, 2, 60, 6, NULL, 182, 291, 36375, 291, 26, 21, 1, 'Load', 20, 'Active', NULL, '2015-10-08', '08:29:51 AM'),
(34, 1115, 1, 2, 60, 6, NULL, 176, 2194, 72402, 2194, 27, 22, 1, 'Load', 20, 'Active', NULL, '2015-10-08', '08:33:33 AM'),
(35, 1116, 1, 4, 61, 14, NULL, 183, 430, 21246, 430, 6, 1, 1, 'Load', 20, 'Active', NULL, '2015-10-08', '08:36:39 AM'),
(36, 1117, 1, 2, 60, 7, NULL, 184, 60, 1800, 60, 28, 6, 1, 'Load', 20, 'Active', NULL, '2015-10-09', '07:02:34 AM'),
(37, 1118, 1, 2, 60, 6, NULL, 176, 20, 0, 2174, 29, 23, 2, 'Unload', 20, 'Active', NULL, '2015-10-09', '07:13:43 AM'),
(38, 1119, 1, 2, 60, 6, NULL, 32, 10, 0, 314, 30, 24, 2, 'Unload', 20, 'Active', NULL, '2015-10-09', '07:13:43 AM'),
(39, 1120, 1, 2, 60, 6, NULL, 178, 10, 0, 1591, 31, 25, 2, 'Unload', 20, 'Active', NULL, '2015-10-09', '07:13:43 AM'),
(40, 1121, 1, 2, 60, 6, NULL, 40, 10, 0, 1171, 32, 26, 2, 'Unload', 20, 'Active', NULL, '2015-10-09', '07:13:43 AM'),
(41, 1122, 1, 2, 60, 6, NULL, 43, 4, 0, 294, 33, 27, 2, 'Unload', 20, 'Active', NULL, '2015-10-09', '07:13:43 AM'),
(42, 1123, 1, 2, 60, 7, NULL, 67, 30, 0, 4482, 34, 7, 2, 'Unload', 20, 'Active', NULL, '2015-10-09', '07:13:43 AM'),
(43, 1124, 1, 2, 60, 6, NULL, 177, 10, 0, 180, 35, 28, 2, 'Unload', 20, 'Active', NULL, '2015-10-09', '07:13:43 AM'),
(44, 1125, 1, 4, 61, 13, NULL, 157, 120, 15000, 120, 7, 6, 1, 'Load', 20, 'Active', NULL, '2015-10-09', '07:18:51 AM'),
(45, 1126, 1, 2, 60, 6, NULL, 33, 150, 0, 2844, 36, 29, 2, 'Unload', 20, 'Active', NULL, '2015-08-03', '10:16:23 AM'),
(46, 1127, 1, 2, 60, 7, NULL, 64, 238, 0, 66270, 37, 8, 2, 'Unload', 20, 'Active', NULL, '2015-08-03', '10:16:23 AM'),
(47, 1128, 1, 2, 60, 7, NULL, 67, 1, 0, 4481, 38, 9, 3, 'Unload', 20, 'Active', NULL, '2015-08-03', '10:16:23 AM'),
(48, 1129, 1, 2, 60, 6, NULL, 43, 6, 0, 288, 39, 30, 3, 'Unload', 20, 'Active', NULL, '2015-08-03', '10:16:23 AM'),
(49, 1130, 1, 2, 60, 6, NULL, 32, 8, 0, 306, 40, 31, 3, 'Unload', 20, 'Active', NULL, '2015-08-03', '10:16:23 AM'),
(50, 1131, 1, 2, 60, 6, NULL, 178, 6, 0, 1585, 41, 32, 3, 'Unload', 20, 'Active', NULL, '2015-08-03', '10:16:23 AM'),
(51, 1132, 1, 2, 60, 6, NULL, 177, 15, 0, 165, 42, 33, 3, 'Unload', 20, 'Active', NULL, '2015-08-03', '10:16:23 AM'),
(52, 1133, 1, 2, 60, 6, NULL, 34, 50, 0, 564, 43, 34, 2, 'Unload', 20, 'Active', NULL, '2015-08-03', '10:16:23 AM'),
(53, 1134, 1, 4, 61, 13, NULL, 157, 60, 7500, 180, 8, 7, 2, 'Load', 20, 'Active', NULL, '2015-08-03', '10:25:03 AM');

-- --------------------------------------------------------

--
-- Table structure for table `fna_project`
--

CREATE TABLE IF NOT EXISTS `fna_project` (
  `PROJECTID` int(11) NOT NULL AUTO_INCREMENT,
  `PROJECTNAME` varchar(200) NOT NULL,
  `USERID` int(11) NOT NULL,
  `STATUS` varchar(30) NOT NULL,
  `FLAG` int(11) NOT NULL,
  `ENTDATE` date NOT NULL,
  `ENTTIME` varchar(50) NOT NULL,
  PRIMARY KEY (`PROJECTID`)
) ENGINE=InnoDB  DEFAULT CHARSET=latin1 AUTO_INCREMENT=17 ;

--
-- Dumping data for table `fna_project`
--

INSERT INTO `fna_project` (`PROJECTID`, `PROJECTNAME`, `USERID`, `STATUS`, `FLAG`, `ENTDATE`, `ENTTIME`) VALUES
(1, 'Cold Storage', 20, 'Active', 0, '2014-11-04', '17:52:07 PM'),
(2, 'Feed Mills', 20, 'Active', 0, '2014-11-04', '17:57:50 PM'),
(3, 'Paultry Firms', 20, 'Active', 0, '2014-11-04', '17:58:11 PM'),
(4, 'Hacheries', 20, 'Active', 0, '2014-11-04', '17:58:32 PM'),
(5, 'Medicine', 20, 'Active', 0, '2014-11-04', '17:58:51 PM'),
(6, 'FNA Group', 20, 'Active', 0, '2015-01-07', '20:02:11 PM'),
(7, 'Loan', 20, 'Active', 0, '2015-01-11', '16:27:11 PM'),
(8, 'Bank', 20, 'Active', 0, '2015-01-11', '16:27:22 PM'),
(9, 'Dan Khat', 20, 'Active', 0, '2015-06-02', '05:34:42 AM'),
(11, 'Project Loan', 20, 'Active', 0, '2015-08-27', '01:29:59 AM'),
(12, 'Company Development', 20, 'Active', 0, '2015-08-27', '01:50:53 AM'),
(13, 'Entertainment', 20, 'Active', 0, '2015-10-01', '13:50:00 PM'),
(14, 'Others Project', 20, 'Active', 0, '2015-10-01', '14:00:06 PM'),
(15, 'MD Sir', 20, 'Active', 0, '2015-10-03', '12:21:46 PM'),
(16, 'Chairman Madam', 20, 'Active', 0, '2015-10-03', '12:23:23 PM');

-- --------------------------------------------------------

--
-- Table structure for table `fna_quantity`
--

CREATE TABLE IF NOT EXISTS `fna_quantity` (
  `QID` int(11) NOT NULL AUTO_INCREMENT,
  `QVALUE` int(10) DEFAULT NULL,
  `USERID` int(11) DEFAULT NULL,
  `STATUS` varchar(20) DEFAULT NULL,
  `FLAG` int(11) DEFAULT NULL,
  `ENTDATE` date DEFAULT NULL,
  `ENTTIME` varchar(100) DEFAULT NULL,
  PRIMARY KEY (`QID`)
) ENGINE=InnoDB  DEFAULT CHARSET=latin1 AUTO_INCREMENT=25 ;

--
-- Dumping data for table `fna_quantity`
--

INSERT INTO `fna_quantity` (`QID`, `QVALUE`, `USERID`, `STATUS`, `FLAG`, `ENTDATE`, `ENTTIME`) VALUES
(4, 80, 20, 'Active', NULL, '2014-10-17', '17:43:24 PM'),
(6, 150, 20, 'Active', NULL, '2014-10-17', '17:43:46 PM'),
(10, 30, 20, 'Active', NULL, '2014-11-26', '12:42:53 PM'),
(11, 60, 20, 'Active', NULL, '2014-11-26', '12:54:39 PM'),
(12, 50, 20, 'Active', NULL, '2014-11-26', '12:55:01 PM'),
(13, 125, 20, 'Active', NULL, '2014-11-26', '12:55:19 PM'),
(14, 200, 20, 'Active', NULL, '2014-11-26', '12:55:28 PM'),
(15, 230, 20, 'Active', NULL, '2014-11-26', '12:55:36 PM'),
(16, 10, 20, 'Active', NULL, '2014-11-28', '06:05:00 AM'),
(17, 20, 20, 'Active', NULL, '2014-11-28', '06:05:08 AM'),
(18, 100, 20, 'Active', NULL, '2014-11-29', '17:16:11 PM'),
(19, 85, 20, 'Active', NULL, '2014-12-07', '12:41:19 PM'),
(20, 25, 20, 'Active', NULL, '2015-05-30', '14:53:26 PM'),
(21, 40, 20, 'Active', NULL, '2015-05-30', '14:53:41 PM'),
(22, 35, 20, 'Active', NULL, '2015-05-30', '15:06:26 PM'),
(23, 55, 20, 'Active', NULL, '2015-05-31', '14:27:17 PM'),
(24, 33, 20, 'Active', NULL, '2015-10-08', '08:21:23 AM');

-- --------------------------------------------------------

--
-- Table structure for table `fna_session`
--

CREATE TABLE IF NOT EXISTS `fna_session` (
  `SESSIONID` int(11) NOT NULL AUTO_INCREMENT,
  `PRODCATTYPEID` int(11) NOT NULL,
  `STARTDATE` date DEFAULT NULL,
  `ENDDATE` date DEFAULT NULL,
  `USERID` int(11) DEFAULT NULL,
  `STATUS` varchar(20) DEFAULT NULL,
  `FLAG` int(11) DEFAULT NULL,
  `ENTDATE` date DEFAULT NULL,
  `ENTTIME` varchar(100) DEFAULT NULL,
  PRIMARY KEY (`SESSIONID`)
) ENGINE=InnoDB DEFAULT CHARSET=latin1 AUTO_INCREMENT=1 ;

-- --------------------------------------------------------

--
-- Table structure for table `fna_subproject`
--

CREATE TABLE IF NOT EXISTS `fna_subproject` (
  `SUBPROJECTID` int(11) NOT NULL AUTO_INCREMENT,
  `PROJECTID` int(11) NOT NULL,
  `SUBPROJECTNAME` varchar(200) NOT NULL,
  `USERID` int(11) NOT NULL,
  `STATUS` varchar(30) NOT NULL,
  `FLAG` int(11) NOT NULL,
  `ENTDATE` date NOT NULL,
  `ENTTIME` varchar(50) NOT NULL,
  PRIMARY KEY (`SUBPROJECTID`)
) ENGINE=InnoDB  DEFAULT CHARSET=latin1 AUTO_INCREMENT=51 ;

--
-- Dumping data for table `fna_subproject`
--

INSERT INTO `fna_subproject` (`SUBPROJECTID`, `PROJECTID`, `SUBPROJECTNAME`, `USERID`, `STATUS`, `FLAG`, `ENTDATE`, `ENTTIME`) VALUES
(1, 1, 'Alu', 20, 'Active', 0, '2014-11-04', '18:24:10 PM'),
(2, 1, 'PRAN123', 20, 'Active', 0, '2014-11-04', '18:24:24 PM'),
(3, 1, 'Fruits', 20, 'Active', 0, '2014-11-04', '18:24:45 PM'),
(4, 1, 'Kisuan', 20, 'Active', 0, '2014-11-12', '16:01:58 PM'),
(5, 1, 'Nantoo Traders', 20, 'Active', 0, '2014-11-21', '09:50:18 AM'),
(6, 2, 'Feed Mill', 20, 'Active', 0, '2014-12-10', '18:49:01 PM'),
(7, 5, 'Medicine', 20, 'Active', 0, '2014-12-22', '15:11:44 PM'),
(8, 3, 'Poultry', 20, 'Active', 0, '2014-12-29', '15:41:21 PM'),
(9, 4, 'Hatchery', 20, 'Active', 0, '2015-01-03', '18:23:54 PM'),
(10, 6, 'FNA', 20, 'Active', 0, '2015-01-07', '20:02:26 PM'),
(11, 8, 'Bank', 20, 'Active', 0, '2015-01-11', '16:27:36 PM'),
(12, 7, 'FNA Bricks', 20, 'Active', 0, '2015-01-11', '16:27:49 PM'),
(13, 1, 'Bashar Traders', 20, 'Active', 0, '2015-06-01', '12:17:32 PM'),
(14, 1, 'Satota Banijja Vandar', 20, 'Active', 0, '2015-06-01', '12:19:10 PM'),
(15, 9, 'Madrasa', 20, 'Active', 0, '2015-06-02', '05:38:27 AM'),
(16, 9, 'Moshjid', 20, 'Active', 0, '2015-08-20', '06:37:55 AM'),
(17, 7, 'FNA Filling Station', 20, 'Active', 0, '2015-08-27', '01:19:27 AM'),
(18, 11, 'Project Loan', 20, 'Active', 0, '2015-08-27', '01:32:20 AM'),
(23, 12, 'Boundary wall ', 20, 'Active', 0, '2015-08-27', '02:02:05 AM'),
(24, 13, 'Garden', 20, 'Active', 0, '2015-10-01', '13:50:19 PM'),
(25, 13, 'Horin', 20, 'Active', 0, '2015-10-01', '13:50:55 PM'),
(26, 13, 'Rest House', 20, 'Active', 0, '2015-10-01', '13:51:11 PM'),
(27, 13, 'Kobutor Firm', 20, 'Active', 0, '2015-10-01', '13:51:36 PM'),
(28, 14, 'Fish', 20, 'Active', 0, '2015-10-01', '14:00:35 PM'),
(29, 14, 'Land', 20, 'Active', 0, '2015-10-01', '14:00:50 PM'),
(30, 7, 'DD Homes', 20, 'Active', 0, '2015-10-03', '12:20:43 PM'),
(31, 7, 'Natore Construction Office', 20, 'Active', 0, '2015-10-03', '12:21:08 PM'),
(32, 15, 'Personal', 20, 'Active', 0, '2015-10-03', '12:22:03 PM'),
(33, 15, 'MD Sir Profit(Natore C/O)', 20, 'Active', 0, '2015-10-03', '12:23:06 PM'),
(34, 16, 'Personal', 20, 'Active', 0, '2015-10-03', '12:23:40 PM'),
(35, 14, 'Opening Baki', 20, 'Active', 0, '2015-10-03', '13:26:17 PM'),
(36, 12, '6 No. Chamber', 20, 'Active', 0, '2015-10-03', '13:45:36 PM'),
(37, 12, '7 No. Chamber', 20, 'Active', 0, '2015-10-03', '13:45:53 PM'),
(38, 12, '8 No. Poultry Shade', 20, 'Active', 0, '2015-10-03', '13:46:12 PM'),
(39, 12, '9 No. Poultry Shade', 20, 'Active', 0, '2015-10-03', '13:46:31 PM'),
(40, 11, 'Agrani Bank Loan Reshedule', 20, 'Active', 0, '2015-10-03', '14:01:09 PM'),
(41, 7, 'Century CO(Software Opening)', 20, 'Active', 0, '2015-10-03', '14:34:08 PM'),
(42, 7, 'Alu Party Loan', 20, 'Active', 0, '2015-10-03', '14:46:28 PM'),
(43, 14, 'Alu DO Baki-2012', 20, 'Active', 0, '2015-10-03', '14:51:11 PM'),
(44, 14, 'Alu DO Baki-2013', 20, 'Active', 0, '2015-10-03', '14:51:31 PM'),
(45, 7, 'Zahan Sir', 20, 'Active', 0, '2015-10-03', '14:55:47 PM'),
(46, 7, 'Toufiq Sir', 20, 'Active', 0, '2015-10-03', '14:56:06 PM'),
(47, 7, 'Iktiar Sir', 20, 'Active', 0, '2015-10-03', '14:56:30 PM'),
(48, 14, 'Suspense Accounts', 20, 'Active', 0, '2015-10-04', '12:48:20 PM'),
(49, 14, 'Basta', 20, 'Active', 0, '2015-10-08', '12:33:15 PM'),
(50, 14, 'Gari', 20, 'Active', 0, '2015-08-03', '12:23:27 PM');

-- --------------------------------------------------------

--
-- Table structure for table `fna_weight`
--

CREATE TABLE IF NOT EXISTS `fna_weight` (
  `WTID` int(11) NOT NULL AUTO_INCREMENT,
  `WNAME` varchar(100) DEFAULT NULL,
  `USERID` int(11) DEFAULT NULL,
  `STATUS` varchar(20) DEFAULT NULL,
  `FLAG` int(11) DEFAULT NULL,
  `ENTDATE` date DEFAULT NULL,
  `ENTTIME` varchar(100) DEFAULT NULL,
  PRIMARY KEY (`WTID`)
) ENGINE=InnoDB  DEFAULT CHARSET=latin1 AUTO_INCREMENT=6 ;

--
-- Dumping data for table `fna_weight`
--

INSERT INTO `fna_weight` (`WTID`, `WNAME`, `USERID`, `STATUS`, `FLAG`, `ENTDATE`, `ENTTIME`) VALUES
(1, 'KG', 20, 'Active', NULL, '2014-09-20', '17:49:55 PM'),
(2, 'Ltr', 20, 'Active', NULL, '2014-09-20', '17:50:15 PM'),
(3, 'pcs', 20, 'Active', NULL, '2014-12-26', '18:38:35 PM'),
(4, 'gram', 20, 'Active', NULL, '2014-12-26', '18:38:51 PM'),
(5, 'ml', 20, 'Active', NULL, '2014-12-26', '18:39:01 PM');

-- --------------------------------------------------------

--
-- Table structure for table `fna_worktype`
--

CREATE TABLE IF NOT EXISTS `fna_worktype` (
  `WORKTYPEID` int(10) NOT NULL,
  `WORKTYPENAME` varchar(100) DEFAULT NULL,
  `USERID` int(11) DEFAULT NULL,
  `STATUS` varchar(20) DEFAULT NULL,
  `FLAG` int(11) DEFAULT NULL,
  `ENTDATE` date DEFAULT NULL,
  `ENTTIME` varchar(100) DEFAULT NULL
) ENGINE=InnoDB DEFAULT CHARSET=latin1;

-- --------------------------------------------------------

--
-- Table structure for table `hatch_chicken_production`
--

CREATE TABLE IF NOT EXISTS `hatch_chicken_production` (
  `CPID` int(11) NOT NULL AUTO_INCREMENT,
  `ESIMID` int(11) NOT NULL,
  `PROJECTID` int(11) NOT NULL,
  `SUBPROJECTID` int(11) NOT NULL,
  `PARTYID` int(11) NOT NULL,
  `HATCHNO` int(11) NOT NULL,
  `QUANTITY` int(11) NOT NULL,
  `TOTQUANTITY` int(11) NOT NULL,
  `CHICKPRICEPERPCS` double NOT NULL,
  `RATE` double NOT NULL,
  `PRICE` double NOT NULL,
  `TOTPRICE` double NOT NULL,
  `PERCENTAGE` double NOT NULL,
  `CPDATE` date NOT NULL,
  `HATCHFLAG` int(11) NOT NULL,
  `WORKSFLAG` varchar(50) NOT NULL,
  `USERID` int(11) NOT NULL,
  `STATUS` varchar(50) NOT NULL,
  `FLAG` int(11) NOT NULL,
  `ENTDATE` date NOT NULL,
  `ENTTIME` varchar(50) NOT NULL,
  PRIMARY KEY (`CPID`)
) ENGINE=InnoDB  DEFAULT CHARSET=latin1 AUTO_INCREMENT=5 ;

--
-- Dumping data for table `hatch_chicken_production`
--

INSERT INTO `hatch_chicken_production` (`CPID`, `ESIMID`, `PROJECTID`, `SUBPROJECTID`, `PARTYID`, `HATCHNO`, `QUANTITY`, `TOTQUANTITY`, `CHICKPRICEPERPCS`, `RATE`, `PRICE`, `TOTPRICE`, `PERCENTAGE`, `CPDATE`, `HATCHFLAG`, `WORKSFLAG`, `USERID`, `STATUS`, `FLAG`, `ENTDATE`, `ENTTIME`) VALUES
(1, 1, 4, 9, 0, 648, 55800, 55800, 200, 200, 11160080, 11160080, 60, '2015-08-01', 1, 'Out', 21, 'In', 1, '2015-08-01', ''),
(2, 0, 4, 9, 0, 646, 5000, 5000, 0, 0, 0, 0, 88.09020436927413, '2015-08-02', 1, 'In', 20, 'Active', 0, '2015-10-09', '08:09:21 AM'),
(3, 0, 4, 9, 726, 646, 600, 4400, 0, 13.5, 8100, 8100, 88.09020436927413, '2015-08-02', 2, 'Out', 20, 'Active', 0, '2015-10-09', '08:11:21 AM'),
(4, 0, 4, 9, 727, 646, 4400, 0, 0, 13.5, 59400, -51300, 88.09020436927413, '2015-08-02', 3, 'Out', 20, 'Active', 0, '2015-10-09', '08:11:53 AM');

-- --------------------------------------------------------

--
-- Table structure for table `hatch_egg_settings_machine`
--

CREATE TABLE IF NOT EXISTS `hatch_egg_settings_machine` (
  `ESIMID` int(11) NOT NULL AUTO_INCREMENT,
  `OHEID` int(11) NOT NULL,
  `HATCHNO` int(11) NOT NULL,
  `PROJECTID` int(11) NOT NULL,
  `SUBPROJECTID` int(11) NOT NULL,
  `EGGQNTY` int(11) NOT NULL,
  `TOTALEGGQNTY` int(11) NOT NULL,
  `EGGPRICE` double NOT NULL,
  `EGGTOTPRICE` double NOT NULL,
  `HATCHFLAG` int(11) NOT NULL,
  `ESIMDATE` date NOT NULL,
  `USERID` int(11) NOT NULL,
  `STATUS` varchar(50) NOT NULL,
  `FLAG` int(11) NOT NULL,
  `ENTDATE` date NOT NULL,
  `ENTTIME` varchar(50) NOT NULL,
  PRIMARY KEY (`ESIMID`)
) ENGINE=InnoDB  DEFAULT CHARSET=latin1 AUTO_INCREMENT=10 ;

--
-- Dumping data for table `hatch_egg_settings_machine`
--

INSERT INTO `hatch_egg_settings_machine` (`ESIMID`, `OHEID`, `HATCHNO`, `PROJECTID`, `SUBPROJECTID`, `EGGQNTY`, `TOTALEGGQNTY`, `EGGPRICE`, `EGGTOTPRICE`, `HATCHFLAG`, `ESIMDATE`, `USERID`, `STATUS`, `FLAG`, `ENTDATE`, `ENTTIME`) VALUES
(2, 4, 646, 4, 9, 5676, 5676, 85140, 85140, 1, '2015-07-12', 20, 'In', 1, '2015-10-01', '11:45:12 AM'),
(3, 5, 647, 4, 9, 7626, 13302, 114390, 199530, 1, '2015-07-16', 20, 'In', 2, '2015-10-01', '11:47:21 AM'),
(4, 6, 648, 4, 9, 5633, 18935, 84495, 284025, 1, '2015-07-19', 20, 'In', 3, '2015-10-01', '11:49:08 AM'),
(5, 7, 649, 4, 9, 7550, 26485, 113250, 397275, 1, '2015-07-23', 20, 'In', 4, '2015-10-01', '11:50:15 AM'),
(6, 8, 650, 4, 9, 5717, 32202, 85755, 483030, 1, '2015-07-26', 20, 'In', 5, '2015-10-01', '11:51:04 AM'),
(7, 9, 651, 4, 9, 7073, 39275, 91949, 574979, 1, '2015-07-30', 20, 'In', 6, '2015-10-01', '11:51:56 AM'),
(8, 9, 646, 4, 9, 5676, 33599, 91949, 483030, 2, '2015-08-02', 20, 'Out', 7, '2015-10-09', '08:09:21 AM'),
(9, 27, 652, 4, 9, 5170, 38769, 51700, 534730, 1, '2015-08-02', 20, 'In', 8, '2015-10-24', '03:15:14 AM');

-- --------------------------------------------------------

--
-- Table structure for table `hatch_opening_hatching_egg`
--

CREATE TABLE IF NOT EXISTS `hatch_opening_hatching_egg` (
  `OHEID` int(11) NOT NULL AUTO_INCREMENT,
  `ESID` int(11) NOT NULL,
  `PARTYID` int(11) NOT NULL,
  `PROJECTID` int(11) NOT NULL,
  `SUBPROJECTID` int(11) NOT NULL,
  `BATCHNO` int(11) NOT NULL,
  `OPENDATE` date NOT NULL,
  `EGGQUANTITY` int(11) NOT NULL,
  `VANGAEGGQNTY` int(11) NOT NULL,
  `TOTVANGAEGGQNTY` int(11) NOT NULL,
  `TOTEGGQNTY` int(11) NOT NULL,
  `PRICE` double NOT NULL,
  `TOTPRICE` double NOT NULL,
  `RATE` double NOT NULL,
  `AVGRATEPEREGG` double NOT NULL,
  `OHEFLAG` int(11) NOT NULL,
  `USERID` int(11) NOT NULL,
  `STATUS` varchar(50) NOT NULL,
  `ENTDATE` date NOT NULL,
  `ENTTIME` varchar(50) NOT NULL,
  PRIMARY KEY (`OHEID`)
) ENGINE=InnoDB  DEFAULT CHARSET=latin1 AUTO_INCREMENT=33 ;

--
-- Dumping data for table `hatch_opening_hatching_egg`
--

INSERT INTO `hatch_opening_hatching_egg` (`OHEID`, `ESID`, `PARTYID`, `PROJECTID`, `SUBPROJECTID`, `BATCHNO`, `OPENDATE`, `EGGQUANTITY`, `VANGAEGGQNTY`, `TOTVANGAEGGQNTY`, `TOTEGGQNTY`, `PRICE`, `TOTPRICE`, `RATE`, `AVGRATEPEREGG`, `OHEFLAG`, `USERID`, `STATUS`, `ENTDATE`, `ENTTIME`) VALUES
(1, 1, 4, 4, 9, 25, '2015-07-12', 39275, 0, 0, 39275, 574979, 574979, 15, 14.639821, 1, 21, 'In', '2015-08-01', '11:43:40 AM'),
(4, 1, 0, 4, 9, 25, '2014-07-12', 0, 0, 0, 39275, 574979, 574979, 15, 14.639821769574, 2, 20, 'Cancel', '2015-10-01', '11:43:40 AM'),
(5, 1, 0, 4, 9, 25, '2015-07-12', 5676, 0, 0, 33599, 574979, 574979, 15, 14.639821769574, 3, 20, 'Out', '2015-10-01', '11:45:12 AM'),
(6, 1, 0, 4, 9, 25, '2015-07-16', 7626, 0, 0, 25973, 574979, 574979, 15, 14.639821769574, 4, 20, 'Out', '2015-10-01', '11:47:21 AM'),
(7, 1, 0, 4, 9, 25, '2015-07-19', 5633, 0, 0, 20340, 574979, 574979, 15, 14.639821769574, 5, 20, 'Out', '2015-10-01', '11:49:08 AM'),
(8, 1, 0, 4, 9, 25, '2015-07-23', 7550, 0, 0, 12790, 574979, 574979, 15, 14.639821769574, 6, 20, 'Out', '2015-10-01', '11:50:15 AM'),
(9, 1, 0, 4, 9, 25, '2015-07-26', 5717, 0, 0, 7073, 574979, 574979, 15, 14.639821769574, 7, 20, 'Out', '2015-10-01', '11:51:04 AM'),
(10, 1, 0, 4, 9, 25, '2015-07-30', 7073, 0, 0, 0, 0, 0, 15, 14.639821769574, 8, 20, 'Out', '2015-10-01', '11:51:56 AM'),
(13, 4, 4, 4, 9, 22, '2015-08-01', 744, 0, 0, 744, 7440, 582419, 10, 14.639821769574, 9, 20, 'In', '2015-10-08', '13:24:39 PM'),
(14, 5, 4, 4, 9, 23, '2015-08-01', 1012, 0, 0, 1756, 10120, 592539, 10, 14.639821769574, 10, 20, 'In', '2015-10-08', '13:25:44 PM'),
(15, 6, 4, 4, 9, 22, '2015-08-02', 700, 0, 0, 2456, 7000, 599539, 10, 14.639821769574, 11, 20, 'In', '2015-10-09', '07:57:46 AM'),
(16, 7, 4, 4, 9, 23, '2015-08-02', 990, 0, 0, 3446, 9900, 609439, 10, 14.639821769574, 12, 20, 'In', '2015-10-09', '07:58:20 AM'),
(17, 8, 4, 4, 9, 22, '2015-08-03', 756, 0, 0, 4202, 7560, 616999, 10, 14.639821769574, 13, 20, 'In', '2015-08-03', '10:52:39 AM'),
(18, 9, 4, 4, 9, 23, '2015-08-03', 987, 0, 0, 5189, 9870, 626869, 10, 14.639821769574, 14, 20, 'In', '2015-08-03', '10:53:11 AM'),
(19, 10, 4, 4, 9, 22, '2015-08-04', 666, 0, 0, 5855, 6660, 633529, 10, 14.639821769574, 15, 20, 'In', '2015-08-04', '12:45:44 PM'),
(20, 10, 4, 4, 9, 22, '2015-08-04', 666, 0, 0, 6521, 6660, 640189, 10, 14.639821769574, 16, 20, 'In', '2015-10-10', '08:00:14 AM'),
(21, 11, 4, 4, 9, 23, '2015-08-04', 985, 0, 0, 7506, 9850, 650039, 10, 14.639821769574, 17, 20, 'In', '2015-10-10', '08:00:53 AM'),
(22, 12, 4, 4, 9, 22, '2015-08-05', 738, 0, 0, 8244, 7380, 657419, 10, 14.639821769574, 18, 20, 'In', '2015-10-11', '09:01:07 AM'),
(23, 13, 4, 4, 9, 23, '2015-08-05', 1030, 0, 0, 9274, 10300, 667719, 10, 14.639821769574, 19, 20, 'In', '2015-10-11', '09:09:57 AM'),
(24, 14, 4, 4, 9, 22, '2015-08-06', 720, 0, 0, 9994, 7200, 674919, 10, 14.639821769574, 20, 20, 'In', '2015-10-24', '02:45:41 AM'),
(25, 15, 4, 4, 9, 23, '2015-08-06', 990, 0, 0, 10984, 9900, 684819, 10, 14.639821769574, 21, 20, 'In', '2015-10-24', '02:46:19 AM'),
(26, 15, 0, 4, 9, 23, '2015-10-06', 0, 0, 0, 10984, 9900, 109840, 10, 10, 22, 20, 'Cancel', '2015-10-24', '02:57:01 AM'),
(27, 15, 0, 4, 9, 23, '2015-08-06', 0, 0, 0, 10984, 9900, 109840, 10, 10, 23, 20, 'Cancel', '2015-10-24', '03:11:21 AM'),
(28, 15, 0, 4, 9, 23, '2015-08-02', 5170, 0, 0, 5814, 9900, 109840, 10, 10, 24, 20, 'Out', '2015-10-24', '03:15:14 AM'),
(29, 16, 4, 4, 9, 22, '2015-08-07', 792, 0, 0, 6606, 7920, 117760, 10, 17.826218589161, 25, 20, 'In', '2015-10-24', '03:23:05 AM'),
(30, 17, 4, 4, 9, 23, '2015-08-07', 926, 0, 0, 7532, 9260, 127020, 10, 16.864046733935, 26, 20, 'In', '2015-10-24', '03:23:43 AM'),
(31, 18, 4, 4, 9, 22, '2015-08-08', 769, 0, 0, 8301, 7690, 134710, 10, 16.228165281291, 27, 20, 'In', '2015-11-02', '05:00:06 AM'),
(32, 19, 4, 4, 9, 23, '2015-08-08', 993, 0, 0, 9294, 9930, 144640, 10, 15.562728642135, 28, 20, 'In', '2015-11-02', '05:01:00 AM');

-- --------------------------------------------------------

--
-- Table structure for table `hatch_vangaeggsell`
--

CREATE TABLE IF NOT EXISTS `hatch_vangaeggsell` (
  `VESID` int(11) NOT NULL AUTO_INCREMENT,
  `OHEID` int(11) NOT NULL,
  `PARTYID` int(11) NOT NULL,
  `QUANTITY` int(11) NOT NULL,
  `TOTQUANTITY` int(11) NOT NULL,
  `RATE` double NOT NULL,
  `PRICE` double NOT NULL,
  `TOTALPRICE` double NOT NULL,
  `VESDATE` date NOT NULL,
  `USERID` int(11) NOT NULL,
  `STATUS` varchar(50) NOT NULL,
  `FLAG` int(11) NOT NULL,
  `ENTDATE` date NOT NULL,
  `ENTTIME` varchar(50) NOT NULL,
  PRIMARY KEY (`VESID`)
) ENGINE=InnoDB DEFAULT CHARSET=latin1 AUTO_INCREMENT=1 ;

-- --------------------------------------------------------

--
-- Table structure for table `pal_batchopen`
--

CREATE TABLE IF NOT EXISTS `pal_batchopen` (
  `BOID` int(11) NOT NULL AUTO_INCREMENT,
  `PROJECTID` int(11) NOT NULL,
  `SUBPROJECTID` int(11) NOT NULL,
  `BATCHNO` int(11) NOT NULL,
  `BWISELIVESTOCK` int(11) NOT NULL,
  `PRICE` double NOT NULL,
  `BDATE` date NOT NULL,
  `USERID` int(11) NOT NULL,
  `STATUS` varchar(50) NOT NULL,
  `FLAG` int(11) NOT NULL,
  `ENTDATE` date NOT NULL,
  `ENTTIME` varchar(50) NOT NULL,
  PRIMARY KEY (`BOID`)
) ENGINE=InnoDB  DEFAULT CHARSET=latin1 AUTO_INCREMENT=9 ;

--
-- Dumping data for table `pal_batchopen`
--

INSERT INTO `pal_batchopen` (`BOID`, `PROJECTID`, `SUBPROJECTID`, `BATCHNO`, `BWISELIVESTOCK`, `PRICE`, `BDATE`, `USERID`, `STATUS`, `FLAG`, `ENTDATE`, `ENTTIME`) VALUES
(1, 3, 8, 1, 0, 41351028, '2015-08-01', 21, 'Active', 6, '2015-08-01', '17:52:07 PM'),
(4, 3, 8, 21, 8000, 5369694, '2015-08-01', 21, 'Active', 5, '2015-08-01', '17:52:07 PM'),
(5, 3, 8, 22, 1820, 3288335, '2015-08-01', 21, 'Inactive', 1, '2015-08-01', '17:52:07 PM'),
(6, 3, 8, 23, 2099, 2608811, '2015-08-01', 21, 'Inactive', 2, '2015-08-01', '17:52:07 PM'),
(7, 3, 8, 24, 6192, 1793224, '2015-08-01', 21, 'Active', 3, '2015-08-01', '17:52:07 PM'),
(8, 3, 8, 25, 6300, 10200, '2015-08-01', 21, 'Active', 4, '2015-08-01', '17:52:07 PM');

-- --------------------------------------------------------

--
-- Table structure for table `pal_chicken_purchase`
--

CREATE TABLE IF NOT EXISTS `pal_chicken_purchase` (
  `PCPID` int(11) NOT NULL AUTO_INCREMENT,
  `PARTYID` int(11) NOT NULL,
  `PROJECTID` int(11) NOT NULL,
  `SUBPROJECTID` int(11) NOT NULL,
  `HATCHNO` int(11) NOT NULL,
  `QUANTITY` double NOT NULL,
  `TOTQUANTITY` double NOT NULL,
  `RATE` double NOT NULL,
  `AVGRATE` double NOT NULL,
  `PRICE` double NOT NULL,
  `TOTPRICE` double NOT NULL,
  `CHICKENPURDATE` date NOT NULL,
  `USERID` int(11) NOT NULL,
  `STATUS` varchar(50) NOT NULL,
  `FLAG` int(11) NOT NULL,
  `ENTDATE` date NOT NULL,
  `ENTTIME` varchar(50) NOT NULL,
  PRIMARY KEY (`PCPID`)
) ENGINE=InnoDB DEFAULT CHARSET=latin1 AUTO_INCREMENT=1 ;

-- --------------------------------------------------------

--
-- Table structure for table `pal_dailyoperation`
--

CREATE TABLE IF NOT EXISTS `pal_dailyoperation` (
  `DOID` int(11) NOT NULL AUTO_INCREMENT,
  `BOID` int(11) NOT NULL,
  `PROJECTID` int(11) NOT NULL,
  `SUBPROJECTID` int(11) NOT NULL,
  `PARTYID` int(11) NOT NULL,
  `BATCHNO` int(11) NOT NULL,
  `DODATE` date NOT NULL,
  `STOCKINHAND` int(11) NOT NULL,
  `DEADSTOCK` int(11) NOT NULL,
  `CANCELSTOCK` int(11) NOT NULL,
  `SELLSTOCK` int(11) NOT NULL,
  `SELLPRICE` double NOT NULL,
  `BATCHFLAG` int(11) NOT NULL,
  `USERID` int(11) NOT NULL,
  `STATUS` varchar(50) NOT NULL,
  `FLAG` int(11) NOT NULL,
  `ENTDATE` date NOT NULL,
  `ENTTIME` varchar(50) NOT NULL,
  PRIMARY KEY (`DOID`)
) ENGINE=InnoDB  DEFAULT CHARSET=latin1 AUTO_INCREMENT=39 ;

--
-- Dumping data for table `pal_dailyoperation`
--

INSERT INTO `pal_dailyoperation` (`DOID`, `BOID`, `PROJECTID`, `SUBPROJECTID`, `PARTYID`, `BATCHNO`, `DODATE`, `STOCKINHAND`, `DEADSTOCK`, `CANCELSTOCK`, `SELLSTOCK`, `SELLPRICE`, `BATCHFLAG`, `USERID`, `STATUS`, `FLAG`, `ENTDATE`, `ENTTIME`) VALUES
(1, 2, 3, 8, 38, 23, '2015-08-01', 2099, 0, 0, 0, 0, 1, 20, 'Inactive', 0, '2015-09-18', '19:58:26 PM'),
(2, 1, 3, 8, 38, 22, '2015-08-01', 1820, 0, 0, 0, 0, 1, 20, 'Inactive', 0, '2015-09-18', '20:00:09 PM'),
(3, 8, 3, 8, 38, 25, '2015-08-02', 6300, 0, 0, 0, 0, 1, 20, 'Active', 0, '2015-10-09', '07:35:44 AM'),
(4, 7, 3, 8, 2, 24, '2015-08-02', 6192, 0, 0, 0, 0, 1, 20, 'Active', 0, '2015-10-09', '07:42:09 AM'),
(5, 7, 3, 8, 719, 24, '2015-08-06', 6188, 4, 0, 0, 0, 2, 20, 'Active', 0, '2015-10-24', '02:40:26 AM'),
(6, 8, 3, 8, 719, 25, '2015-08-06', 6289, 11, 0, 0, 0, 2, 20, 'Active', 0, '2015-10-24', '02:41:25 AM'),
(7, 7, 3, 8, 719, 24, '2015-08-08', 6181, 7, 0, 0, 0, 3, 20, 'Active', 0, '2015-11-01', '08:32:35 AM'),
(8, 7, 3, 8, 719, 24, '2015-08-09', 6178, 3, 0, 0, 0, 4, 20, 'Active', 0, '2015-11-01', '08:33:05 AM'),
(9, 7, 3, 8, 719, 24, '2015-08-10', 6174, 4, 0, 0, 0, 5, 20, 'Active', 0, '2015-11-01', '08:33:47 AM'),
(10, 7, 3, 8, 719, 24, '2015-08-11', 6169, 5, 0, 0, 0, 6, 20, 'Active', 0, '2015-11-01', '08:34:16 AM'),
(11, 7, 3, 8, 719, 24, '2015-08-12', 6166, 3, 0, 0, 0, 7, 20, 'Active', 0, '2015-11-01', '08:34:42 AM'),
(12, 7, 3, 8, 719, 24, '2015-08-13', 6151, 15, 0, 0, 0, 8, 20, 'Active', 0, '2015-11-01', '08:35:35 AM'),
(13, 7, 3, 8, 719, 24, '2015-08-14', 6146, 5, 0, 0, 0, 9, 20, 'Active', 0, '2015-11-01', '08:35:59 AM'),
(14, 7, 3, 8, 719, 24, '2015-08-15', 6141, 5, 0, 0, 0, 10, 20, 'Active', 0, '2015-11-01', '08:36:26 AM'),
(15, 7, 3, 8, 719, 24, '2015-08-16', 6138, 3, 0, 0, 0, 11, 20, 'Active', 0, '2015-11-01', '08:36:53 AM'),
(16, 7, 3, 8, 719, 24, '2015-08-19', 6135, 3, 0, 0, 0, 12, 20, 'Active', 0, '2015-11-01', '08:37:32 AM'),
(17, 7, 3, 8, 719, 24, '2015-08-21', 6133, 2, 0, 0, 0, 13, 20, 'Active', 0, '2015-11-01', '08:38:03 AM'),
(18, 7, 3, 8, 719, 24, '2015-08-23', 6130, 3, 0, 0, 0, 14, 20, 'Active', 0, '2015-11-01', '08:38:28 AM'),
(19, 7, 3, 8, 719, 24, '2015-08-26', 6128, 2, 0, 0, 0, 15, 20, 'Active', 0, '2015-11-01', '08:39:01 AM'),
(20, 7, 3, 8, 719, 24, '2015-08-30', 6126, 2, 0, 0, 0, 16, 20, 'Active', 0, '2015-11-01', '08:39:41 AM'),
(21, 8, 3, 8, 719, 25, '2015-08-08', 6277, 12, 0, 0, 0, 3, 20, 'Active', 0, '2015-11-01', '08:41:23 AM'),
(22, 8, 3, 8, 719, 25, '2015-08-09', 6272, 5, 0, 0, 0, 4, 20, 'Active', 0, '2015-11-01', '08:41:48 AM'),
(23, 8, 3, 8, 719, 25, '2015-08-10', 6267, 5, 0, 0, 0, 5, 20, 'Active', 0, '2015-11-01', '08:42:22 AM'),
(24, 8, 3, 8, 719, 25, '2015-08-11', 6260, 7, 0, 0, 0, 6, 20, 'Active', 0, '2015-11-01', '08:42:55 AM'),
(25, 8, 3, 8, 719, 25, '2015-08-12', 6255, 5, 0, 0, 0, 7, 20, 'Active', 0, '2015-11-01', '08:43:18 AM'),
(26, 8, 3, 8, 719, 25, '2015-08-13', 6247, 8, 0, 0, 0, 8, 20, 'Active', 0, '2015-11-01', '08:43:43 AM'),
(27, 8, 3, 8, 719, 25, '2015-08-15', 6234, 13, 0, 0, 0, 9, 20, 'Active', 0, '2015-11-01', '08:44:20 AM'),
(28, 8, 3, 8, 719, 25, '2015-08-17', 6222, 12, 0, 0, 0, 10, 20, 'Active', 0, '2015-11-01', '08:44:54 AM'),
(29, 8, 3, 8, 719, 25, '2015-08-20', 6208, 14, 0, 0, 0, 11, 20, 'Active', 0, '2015-11-01', '08:45:29 AM'),
(30, 8, 3, 8, 719, 25, '2015-08-21', 6203, 5, 0, 0, 0, 12, 20, 'Active', 0, '2015-11-01', '08:45:56 AM'),
(31, 8, 3, 8, 719, 25, '2015-08-22', 6198, 5, 0, 0, 0, 13, 20, 'Active', 0, '2015-11-01', '08:46:22 AM'),
(32, 8, 3, 8, 719, 25, '2015-08-23', 6195, 3, 0, 0, 0, 14, 20, 'Active', 0, '2015-11-01', '08:46:48 AM'),
(33, 8, 3, 8, 719, 25, '2015-08-24', 6190, 5, 0, 0, 0, 15, 20, 'Active', 0, '2015-11-01', '08:47:17 AM'),
(34, 8, 3, 8, 719, 25, '2015-08-25', 6185, 5, 0, 0, 0, 16, 20, 'Active', 0, '2015-11-01', '08:47:39 AM'),
(35, 8, 3, 8, 719, 25, '2015-08-27', 6178, 7, 0, 0, 0, 17, 20, 'Active', 0, '2015-11-01', '08:48:03 AM'),
(36, 8, 3, 8, 719, 25, '2015-08-29', 6174, 4, 0, 0, 0, 18, 20, 'Active', 0, '2015-11-01', '08:48:31 AM'),
(37, 8, 3, 8, 719, 25, '2015-08-30', 6170, 4, 0, 0, 0, 19, 20, 'Active', 0, '2015-11-01', '08:48:59 AM'),
(38, 8, 3, 8, 719, 25, '2015-08-31', 6165, 5, 0, 0, 0, 20, 20, 'Active', 0, '2015-11-01', '08:49:41 AM');

-- --------------------------------------------------------

--
-- Table structure for table `pal_egg_production`
--

CREATE TABLE IF NOT EXISTS `pal_egg_production` (
  `EPID` int(11) NOT NULL AUTO_INCREMENT,
  `PROJECTID` int(11) NOT NULL,
  `SUBPROJECTID` int(11) NOT NULL,
  `BATCHNO` int(11) NOT NULL,
  `MURGIQNTY` int(11) NOT NULL,
  `EGGQNTY` int(11) NOT NULL,
  `EGGTOTQNTY` int(11) NOT NULL,
  `EGGPERCENTAGE` double NOT NULL,
  `EPDATE` date NOT NULL,
  `BATCHFLAG` int(11) NOT NULL,
  `USERID` int(11) NOT NULL,
  `STATUS` varchar(50) NOT NULL,
  `FLAG` int(11) NOT NULL,
  `ENTDATE` date NOT NULL,
  `ENTTIME` varchar(50) NOT NULL,
  PRIMARY KEY (`EPID`)
) ENGINE=InnoDB  DEFAULT CHARSET=latin1 AUTO_INCREMENT=81 ;

--
-- Dumping data for table `pal_egg_production`
--

INSERT INTO `pal_egg_production` (`EPID`, `PROJECTID`, `SUBPROJECTID`, `BATCHNO`, `MURGIQNTY`, `EGGQNTY`, `EGGTOTQNTY`, `EGGPERCENTAGE`, `EPDATE`, `BATCHFLAG`, `USERID`, `STATUS`, `FLAG`, `ENTDATE`, `ENTTIME`) VALUES
(1, 3, 8, 22, 1608, 810, 810, 50.3731, '2015-08-01', 1, 20, 'Active', 0, '2015-10-06', '13:47:18 PM'),
(2, 3, 8, 23, 1860, 1080, 1080, 58.0645, '2015-08-01', 1, 20, 'Active', 0, '2015-10-06', '13:47:35 PM'),
(5, 3, 8, 22, 1608, 744, 66, 50.3731, '2015-08-01', 2, 20, 'Out', 0, '2015-10-08', '13:24:39 PM'),
(6, 3, 8, 23, 1860, 1012, 68, 58.0645, '2015-08-01', 2, 20, 'Out', 0, '2015-10-08', '13:25:44 PM'),
(7, 3, 8, 22, 1608, 855, 921, 53.1716, '2015-08-02', 3, 20, 'Active', 0, '2015-10-09', '07:56:53 AM'),
(8, 3, 8, 23, 1860, 1035, 1103, 55.6452, '2015-08-02', 3, 20, 'Active', 0, '2015-10-09', '07:57:07 AM'),
(9, 3, 8, 22, 1608, 700, 221, 53.1716, '2015-08-02', 4, 20, 'Out', 0, '2015-10-09', '07:57:46 AM'),
(10, 3, 8, 23, 1860, 990, 113, 55.6452, '2015-08-02', 4, 20, 'Out', 0, '2015-10-09', '07:58:20 AM'),
(11, 3, 8, 22, 1608, 855, 1076, 53.1716, '2015-08-03', 5, 20, 'Active', 0, '2015-08-03', '10:51:02 AM'),
(12, 3, 8, 23, 1860, 1030, 1143, 55.3763, '2015-08-03', 5, 20, 'Active', 0, '2015-08-03', '10:51:30 AM'),
(13, 3, 8, 22, 1608, 756, 320, 53.1716, '2015-08-03', 6, 20, 'Out', 0, '2015-08-03', '10:52:39 AM'),
(14, 3, 8, 23, 1860, 987, 156, 55.3763, '2015-08-03', 6, 20, 'Out', 0, '2015-08-03', '10:53:11 AM'),
(15, 3, 8, 22, 1608, 830, 1150, 51.6169, '2015-08-04', 7, 20, 'Active', 0, '2015-08-04', '12:42:46 PM'),
(16, 3, 8, 23, 1860, 1095, 1251, 58.871, '2015-08-04', 7, 20, 'Active', 0, '2015-08-04', '12:43:30 PM'),
(17, 3, 8, 22, 1608, 666, 484, 51.6169, '2015-08-04', 8, 20, 'Out', 0, '2015-10-10', '08:00:14 AM'),
(18, 3, 8, 23, 1860, 985, 266, 58.871, '2015-08-04', 8, 20, 'Out', 0, '2015-10-10', '08:00:53 AM'),
(19, 3, 8, 22, 1608, 835, 1319, 51.9279, '2015-08-05', 9, 20, 'Active', 0, '2015-10-11', '08:58:43 AM'),
(20, 3, 8, 23, 1860, 1095, 1361, 58.871, '2015-08-05', 9, 20, 'Active', 0, '2015-10-11', '08:59:21 AM'),
(21, 3, 8, 22, 1608, 738, 581, 51.9279, '2015-08-05', 10, 20, 'Out', 0, '2015-10-11', '09:01:07 AM'),
(22, 3, 8, 23, 1860, 1030, 331, 58.871, '2015-08-05', 10, 20, 'Out', 0, '2015-10-11', '09:09:57 AM'),
(23, 3, 8, 22, 1608, 820, 1401, 50.995, '2015-08-06', 11, 20, 'Active', 0, '2015-10-24', '02:30:43 AM'),
(24, 3, 8, 22, 1608, 840, 2241, 52.2388, '2015-08-07', 12, 20, 'Active', 0, '2015-10-24', '02:31:27 AM'),
(25, 3, 8, 22, 1608, 810, 3051, 50.3731, '2015-08-08', 13, 20, 'Active', 0, '2015-10-24', '02:31:59 AM'),
(26, 3, 8, 23, 1851, 1045, 1376, 56.456, '2015-08-06', 11, 20, 'Active', 0, '2015-10-24', '02:43:27 AM'),
(27, 3, 8, 23, 1851, 1095, 2471, 59.1572, '2015-08-07', 12, 20, 'Active', 0, '2015-10-24', '02:44:03 AM'),
(28, 3, 8, 23, 1851, 1110, 3581, 59.9676, '2015-08-08', 13, 20, 'Active', 0, '2015-10-24', '02:44:33 AM'),
(29, 3, 8, 22, 1608, 720, 2331, 50.3731, '2015-08-08', 14, 20, 'Out', 0, '2015-10-24', '02:45:41 AM'),
(30, 3, 8, 23, 1851, 990, 2591, 59.9676, '2015-08-08', 14, 20, 'Out', 0, '2015-10-24', '02:46:19 AM'),
(31, 3, 8, 22, 1608, 792, 1539, 50.3731, '2015-08-08', 15, 20, 'Out', 0, '2015-10-24', '03:23:05 AM'),
(32, 3, 8, 23, 1851, 926, 1665, 59.9676, '2015-08-08', 15, 20, 'Out', 0, '2015-10-24', '03:23:43 AM'),
(33, 3, 8, 23, 1849, 1100, 2765, 59.4916, '2015-08-09', 16, 20, 'Active', 0, '2015-11-01', '07:46:42 AM'),
(34, 3, 8, 23, 1846, 984, 3749, 53.3044, '2015-08-10', 17, 20, 'Active', 0, '2015-11-01', '07:48:13 AM'),
(35, 3, 8, 23, 1844, 984, 4733, 53.3623, '2015-08-11', 18, 20, 'Active', 0, '2015-11-01', '07:49:51 AM'),
(36, 3, 8, 23, 1842, 1020, 5753, 55.3746, '2015-08-12', 19, 20, 'Active', 0, '2015-11-01', '07:52:11 AM'),
(37, 3, 8, 23, 1841, 1040, 6793, 56.491, '2015-08-13', 20, 20, 'Active', 0, '2015-11-01', '08:02:03 AM'),
(38, 3, 8, 23, 1839, 1065, 7858, 57.9119, '2015-08-14', 21, 20, 'Active', 0, '2015-11-01', '08:04:10 AM'),
(39, 3, 8, 23, 1837, 1030, 8888, 56.0697, '2015-08-15', 22, 20, 'Active', 0, '2015-11-01', '08:05:57 AM'),
(40, 3, 8, 23, 1835, 989, 9877, 53.8965, '2015-08-16', 23, 20, 'Active', 0, '2015-11-01', '08:07:21 AM'),
(41, 3, 8, 23, 1835, 1030, 10907, 56.1308, '2015-08-17', 24, 20, 'Active', 0, '2015-11-01', '08:15:39 AM'),
(42, 3, 8, 23, 1835, 985, 11892, 53.6785, '2015-08-18', 25, 20, 'Active', 0, '2015-11-01', '08:17:39 AM'),
(43, 3, 8, 23, 1833, 975, 12867, 53.1915, '2015-08-19', 26, 20, 'Active', 0, '2015-11-01', '08:22:48 AM'),
(44, 3, 8, 23, 1831, 1015, 13882, 55.4342, '2015-08-20', 27, 20, 'Active', 0, '2015-11-01', '08:23:39 AM'),
(45, 3, 8, 23, 1831, 990, 14872, 54.0688, '2015-08-21', 28, 20, 'Active', 0, '2015-11-01', '08:24:09 AM'),
(46, 3, 8, 23, 1831, 990, 15862, 54.0688, '2015-08-22', 29, 20, 'Active', 0, '2015-11-01', '08:24:35 AM'),
(47, 3, 8, 23, 1831, 963, 16825, 52.5942, '2015-08-23', 30, 20, 'Active', 0, '2015-11-01', '08:24:58 AM'),
(48, 3, 8, 23, 1831, 1010, 17835, 55.1611, '2015-08-24', 31, 20, 'Active', 0, '2015-11-01', '08:25:22 AM'),
(49, 3, 8, 23, 1831, 1040, 18875, 56.7996, '2015-08-25', 32, 20, 'Active', 0, '2015-11-01', '08:26:02 AM'),
(50, 3, 8, 23, 1831, 1080, 19955, 58.9842, '2015-08-26', 33, 20, 'Active', 0, '2015-11-01', '08:26:27 AM'),
(51, 3, 8, 23, 1831, 1090, 21045, 59.5303, '2015-08-27', 34, 20, 'Active', 0, '2015-11-01', '08:26:52 AM'),
(52, 3, 8, 23, 1831, 1120, 22165, 61.1688, '2015-08-28', 35, 20, 'Active', 0, '2015-11-01', '08:27:19 AM'),
(53, 3, 8, 23, 1831, 990, 23155, 54.0688, '2015-08-29', 36, 20, 'Active', 0, '2015-11-01', '08:27:49 AM'),
(54, 3, 8, 23, 1829, 1050, 24205, 57.4084, '2015-08-30', 37, 20, 'Active', 0, '2015-11-01', '08:28:40 AM'),
(55, 3, 8, 23, 1829, 1060, 25265, 57.9552, '2015-08-31', 38, 20, 'Active', 0, '2015-11-01', '08:29:18 AM'),
(56, 3, 8, 22, 1608, 769, 770, 50.3731, '2015-08-08', 16, 20, 'Out', 0, '2015-11-02', '05:00:06 AM'),
(57, 3, 8, 23, 1829, 993, 24272, 57.9552, '2015-08-31', 39, 20, 'Out', 0, '2015-11-02', '05:01:00 AM'),
(58, 3, 8, 22, 1563, 830, 1600, 53.103, '2015-08-09', 17, 20, 'Active', 0, '2015-11-02', '05:24:15 AM'),
(59, 3, 8, 22, 1563, 830, 2430, 53.103, '2015-08-10', 18, 20, 'Active', 0, '2015-11-02', '05:24:45 AM'),
(60, 3, 8, 22, 1563, 830, 3260, 53.103, '2015-08-11', 19, 20, 'Active', 0, '2015-11-02', '05:25:05 AM'),
(61, 3, 8, 22, 1563, 795, 4055, 50.8637, '2015-08-12', 20, 20, 'Active', 0, '2015-11-02', '05:25:28 AM'),
(62, 3, 8, 22, 1563, 800, 4855, 51.1836, '2015-08-13', 21, 20, 'Active', 0, '2015-11-02', '05:25:45 AM'),
(63, 3, 8, 22, 1563, 800, 5655, 51.1836, '2015-08-14', 22, 20, 'Active', 0, '2015-11-02', '05:26:08 AM'),
(64, 3, 8, 22, 1563, 804, 6459, 51.4395, '2015-08-15', 23, 20, 'Active', 0, '2015-11-02', '05:26:27 AM'),
(65, 3, 8, 22, 1563, 770, 7229, 49.2642, '2015-08-16', 24, 20, 'Active', 0, '2015-11-02', '05:26:45 AM'),
(66, 3, 8, 22, 1563, 875, 8104, 55.9821, '2015-08-17', 25, 20, 'Active', 0, '2015-11-02', '05:27:03 AM'),
(67, 3, 8, 22, 1563, 815, 8919, 52.1433, '2015-08-18', 26, 20, 'Active', 0, '2015-11-02', '05:27:23 AM'),
(68, 3, 8, 22, 1563, 805, 9724, 51.5035, '2015-08-19', 27, 20, 'Active', 0, '2015-11-02', '05:27:46 AM'),
(69, 3, 8, 22, 1563, 810, 10534, 51.8234, '2015-08-20', 28, 20, 'Active', 0, '2015-11-02', '05:28:07 AM'),
(70, 3, 8, 22, 1563, 795, 11329, 50.8637, '2015-08-21', 29, 20, 'Active', 0, '2015-11-02', '05:28:26 AM'),
(71, 3, 8, 22, 1563, 850, 12179, 54.3826, '2015-08-22', 30, 20, 'Active', 0, '2015-11-02', '05:28:46 AM'),
(72, 3, 8, 22, 1563, 860, 13039, 55.0224, '2015-08-23', 31, 20, 'Active', 0, '2015-11-02', '05:29:07 AM'),
(73, 3, 8, 22, 1563, 805, 13844, 51.5035, '2015-08-24', 32, 20, 'Active', 0, '2015-11-02', '05:29:26 AM'),
(74, 3, 8, 22, 1563, 835, 14679, 53.4229, '2015-08-25', 33, 20, 'Active', 0, '2015-11-02', '05:29:53 AM'),
(75, 3, 8, 22, 1563, 800, 15479, 51.1836, '2015-08-26', 34, 20, 'Active', 0, '2015-11-02', '05:30:14 AM'),
(76, 3, 8, 22, 1563, 800, 16279, 51.1836, '2015-08-27', 35, 20, 'Active', 0, '2015-11-02', '05:30:34 AM'),
(77, 3, 8, 22, 1563, 843, 17122, 53.9347, '2015-08-28', 36, 20, 'Active', 0, '2015-11-02', '05:30:55 AM'),
(78, 3, 8, 22, 1563, 850, 17972, 54.3826, '2015-08-29', 37, 20, 'Active', 0, '2015-11-02', '05:31:19 AM'),
(79, 3, 8, 22, 1563, 775, 18747, 49.5841, '2015-08-30', 38, 20, 'Active', 0, '2015-11-02', '05:31:40 AM'),
(80, 3, 8, 22, 1563, 820, 19567, 52.4632, '2015-08-31', 39, 20, 'Active', 0, '2015-11-02', '05:32:03 AM');

-- --------------------------------------------------------

--
-- Table structure for table `pal_egg_sell`
--

CREATE TABLE IF NOT EXISTS `pal_egg_sell` (
  `ESID` int(11) NOT NULL AUTO_INCREMENT,
  `SCID` int(11) NOT NULL,
  `PROJECTID` int(11) NOT NULL,
  `SUBPROJECTID` int(11) NOT NULL,
  `BATCHNO` int(11) NOT NULL,
  `PARTYID` int(11) NOT NULL,
  `RATE` double NOT NULL,
  `QUANTITY` int(11) NOT NULL,
  `TOTQUANTITY` int(11) NOT NULL,
  `TOTPRICE` double NOT NULL,
  `GRANDTOTALPRICE` double NOT NULL,
  `BATCHFLAG` int(11) NOT NULL,
  `ESDATE` date NOT NULL,
  `USERID` int(11) NOT NULL,
  `STATUS` varchar(50) NOT NULL,
  `FLAG` int(11) NOT NULL,
  `ENTDATE` date NOT NULL,
  `ENTTIME` varchar(50) NOT NULL,
  PRIMARY KEY (`ESID`)
) ENGINE=InnoDB  DEFAULT CHARSET=latin1 AUTO_INCREMENT=20 ;

--
-- Dumping data for table `pal_egg_sell`
--

INSERT INTO `pal_egg_sell` (`ESID`, `SCID`, `PROJECTID`, `SUBPROJECTID`, `BATCHNO`, `PARTYID`, `RATE`, `QUANTITY`, `TOTQUANTITY`, `TOTPRICE`, `GRANDTOTALPRICE`, `BATCHFLAG`, `ESDATE`, `USERID`, `STATUS`, `FLAG`, `ENTDATE`, `ENTTIME`) VALUES
(3, 1, 3, 8, 1, 3, 10, 5491087, 5491087, 54928436, 54910876, 1, '2015-08-01', 20, 'Active', 0, '2015-08-01', '13:49:26 PM'),
(4, 1, 3, 8, 22, 3, 10, 744, 744, 7440, 7440, 1, '2015-08-01', 20, 'Active', 0, '2015-10-08', '13:24:39 PM'),
(5, 1, 3, 8, 23, 3, 10, 1012, 1012, 10120, 10120, 1, '2015-08-01', 20, 'Active', 0, '2015-10-08', '13:25:44 PM'),
(6, 1, 3, 8, 22, 3, 10, 700, 1444, 7000, 14440, 2, '2015-08-02', 20, 'Active', 0, '2015-10-09', '07:57:46 AM'),
(7, 1, 3, 8, 23, 3, 10, 990, 2002, 9900, 20020, 2, '2015-08-02', 20, 'Active', 0, '2015-10-09', '07:58:20 AM'),
(8, 1, 3, 8, 22, 3, 10, 756, 2200, 7560, 22000, 3, '2015-08-03', 20, 'Active', 0, '2015-08-03', '10:52:39 AM'),
(9, 1, 3, 8, 23, 3, 10, 987, 2989, 9870, 29890, 3, '2015-08-03', 20, 'Active', 0, '2015-08-03', '10:53:11 AM'),
(10, 1, 3, 8, 22, 3, 10, 666, 2866, 6660, 28660, 4, '2015-08-04', 20, 'Active', 0, '2015-10-10', '08:00:14 AM'),
(11, 1, 3, 8, 23, 3, 10, 985, 3974, 9850, 39740, 4, '2015-08-04', 20, 'Active', 0, '2015-10-10', '08:00:53 AM'),
(12, 1, 3, 8, 22, 3, 10, 738, 3604, 7380, 36040, 5, '2015-08-05', 20, 'Active', 0, '2015-10-11', '09:01:07 AM'),
(13, 1, 3, 8, 23, 3, 10, 1030, 5004, 10300, 50040, 5, '2015-08-05', 20, 'Active', 0, '2015-10-11', '09:09:57 AM'),
(14, 1, 3, 8, 22, 3, 10, 720, 4324, 7200, 43240, 6, '2015-08-06', 20, 'Active', 0, '2015-10-24', '02:45:41 AM'),
(15, 1, 3, 8, 23, 3, 10, 990, 5994, 9900, 59940, 6, '2015-08-06', 20, 'Active', 0, '2015-10-24', '02:46:19 AM'),
(16, 1, 3, 8, 22, 3, 10, 792, 5116, 7920, 51160, 7, '2015-08-07', 20, 'Active', 0, '2015-10-24', '03:23:05 AM'),
(17, 1, 3, 8, 23, 3, 10, 926, 6920, 9260, 69200, 7, '2015-08-07', 20, 'Active', 0, '2015-10-24', '03:23:43 AM'),
(18, 1, 3, 8, 22, 3, 10, 769, 5885, 7690, 58850, 8, '2015-08-08', 20, 'Active', 0, '2015-11-02', '05:00:06 AM'),
(19, 1, 3, 8, 23, 3, 10, 993, 7913, 9930, 79130, 8, '2015-08-08', 20, 'Active', 0, '2015-11-02', '05:01:00 AM');

-- --------------------------------------------------------

--
-- Table structure for table `pal_fooddistribute`
--

CREATE TABLE IF NOT EXISTS `pal_fooddistribute` (
  `FDID` int(11) NOT NULL AUTO_INCREMENT,
  `FOODID` int(11) NOT NULL,
  `PROJECTID` int(11) NOT NULL,
  `SUBPROJECTID` int(11) NOT NULL,
  `BATCHNO` int(11) NOT NULL,
  `DOID` int(11) NOT NULL,
  `MURID` int(11) NOT NULL,
  `MORID` int(11) NOT NULL,
  `MUR_MOR_QNTY` int(11) NOT NULL,
  `FOOD_NEED_MUR_MOR` double NOT NULL,
  `FOODWEIGHT` double NOT NULL,
  `TOTFOODWEIGHT` double NOT NULL,
  `PRICE` double NOT NULL,
  `TOTALPRICE` double NOT NULL,
  `BATCHFLAG` int(11) NOT NULL,
  `FDDATE` date NOT NULL,
  `USERID` int(11) NOT NULL,
  `STATUS` varchar(50) NOT NULL,
  `FLAG` int(11) NOT NULL,
  `ENTDATE` date NOT NULL,
  `ENTTIME` varchar(50) NOT NULL,
  PRIMARY KEY (`FDID`)
) ENGINE=InnoDB  DEFAULT CHARSET=latin1 AUTO_INCREMENT=36 ;

--
-- Dumping data for table `pal_fooddistribute`
--

INSERT INTO `pal_fooddistribute` (`FDID`, `FOODID`, `PROJECTID`, `SUBPROJECTID`, `BATCHNO`, `DOID`, `MURID`, `MORID`, `MUR_MOR_QNTY`, `FOOD_NEED_MUR_MOR`, `FOODWEIGHT`, `TOTFOODWEIGHT`, `PRICE`, `TOTALPRICE`, `BATCHFLAG`, `FDDATE`, `USERID`, `STATUS`, `FLAG`, `ENTDATE`, `ENTTIME`) VALUES
(1, 6, 3, 8, 25, 0, 0, 0, 0, 0, 20, 0, 0, 0, 1, '2015-08-01', 21, 'Out', 1, '2015-08-01', ''),
(2, 8, 3, 8, 25, 0, 0, 0, 0, 0, 0, 0, 0, 0, 25, '2015-08-01', 21, 'Out', 2, '2015-08-01', ''),
(3, 6, 3, 8, 22, 0, 2, 2, 1820, 120.87912, 220, 220, 34.958, 7690.7599, 1, '2015-08-01', 20, 'Active', 0, '2015-10-08', '09:44:53 AM'),
(4, 6, 3, 8, 23, 0, 1, 1, 2099, 119.104335, 250, 250, 34.958, 8739.5, 1, '2015-08-01', 20, 'Active', 0, '2015-10-08', '10:06:51 AM'),
(5, 8, 3, 8, 22, 0, 2, 2, 1820, 208.791208, 380, 600, 36.5960175438, 13906.4866, 2, '2015-08-01', 20, 'Active', 0, '2015-10-08', '10:07:48 AM'),
(6, 9, 3, 8, 25, 3, 0, 0, 6300, 3.1746, 20, 20, 22.500005950077, 449.9997, 26, '2015-08-02', 20, 'Active', 0, '2015-10-09', '07:37:30 AM'),
(7, 6, 3, 8, 22, 0, 2, 2, 1820, 120.87912, 220, 820, 34.958, 7690.7599, 3, '2015-08-02', 20, 'Active', 0, '2015-10-09', '07:40:08 AM'),
(8, 6, 3, 8, 23, 0, 1, 1, 2099, 119.104335, 250, 500, 34.958, 8739.5, 2, '2015-08-02', 20, 'Active', 0, '2015-10-09', '07:40:55 AM'),
(9, 8, 3, 8, 24, 4, 0, 0, 6192, 61.369509, 380, 380, 36.5960175438, 13906.4867, 1, '2015-08-02', 20, 'Active', 0, '2015-10-09', '07:42:45 AM'),
(10, 6, 3, 8, 22, 0, 2, 2, 1820, 120.87912, 220, 1040, 34.958, 7690.7599, 4, '2015-08-03', 20, 'Active', 0, '2015-08-03', '10:29:48 AM'),
(11, 6, 3, 8, 23, 0, 1, 1, 2099, 119.104335, 250, 750, 34.958, 8739.5, 3, '2015-08-03', 20, 'Active', 0, '2015-08-03', '10:30:50 AM'),
(12, 8, 3, 8, 24, 4, 0, 0, 6192, 61.369509, 380, 760, 36.5960175438, 13906.4867, 2, '2015-08-03', 20, 'Active', 0, '2015-08-03', '10:31:47 AM'),
(13, 9, 3, 8, 25, 3, 0, 0, 6300, 3.174603, 20, 40, 15.531519426687, 310.6304, 27, '2015-08-03', 20, 'Active', 0, '2015-08-03', '10:33:43 AM'),
(14, 6, 3, 8, 22, 0, 2, 2, 1820, 120.87912087, 220, 1260, 34.958, 7690.76, 5, '2015-08-04', 20, 'Active', 0, '2015-10-10', '06:34:49 AM'),
(15, 6, 3, 8, 23, 0, 1, 1, 2099, 119.10433539, 250, 1000, 34.958, 8739.5, 4, '2015-08-04', 20, 'Active', 0, '2015-10-10', '06:44:44 AM'),
(16, 8, 3, 8, 24, 4, 0, 0, 6192, 61.36950904, 380, 1140, 31.131044184212, 11829.7968, 3, '2015-08-04', 20, 'Active', 0, '2015-10-10', '07:27:21 AM'),
(17, 10, 3, 8, 25, 3, 0, 0, 6300, 2.38095238, 15, 55, 36.726827384207, 550.9024, 28, '2015-08-04', 20, 'Active', 0, '2015-10-10', '07:48:52 AM'),
(18, 6, 3, 8, 22, 0, 2, 2, 1820, 120.87912087, 220, 1480, 34.907908663846, 7679.7399, 6, '2015-08-05', 20, 'Active', 0, '2015-10-11', '01:16:24 AM'),
(19, 6, 3, 8, 23, 0, 1, 1, 2099, 119.10433539, 250, 1250, 34.907908663846, 8726.9772, 5, '2015-08-05', 20, 'Active', 0, '2015-10-11', '08:30:55 AM'),
(20, 8, 3, 8, 24, 4, 0, 0, 6192, 61.36950904, 380, 1520, 31.131044184212, 11829.7968, 4, '2015-08-05', 20, 'Active', 0, '2015-10-11', '08:36:32 AM'),
(21, 10, 3, 8, 25, 3, 0, 0, 6300, 2.380952, 15, 70, 36.726827384207, 550.9023, 29, '2015-08-05', 20, 'Active', 0, '2015-10-11', '08:40:46 AM'),
(22, 6, 3, 8, 22, 0, 2, 2, 1820, 120.87912087, 220, 1700, 34.907908663846, 7679.7399, 7, '2015-08-06', 20, 'Active', 0, '2015-10-19', '02:15:48 AM'),
(23, 6, 3, 8, 23, 0, 1, 1, 2099, 119.10433539, 250, 1500, 34.907908663846, 8726.9772, 6, '2015-08-06', 20, 'Active', 0, '2015-10-19', '02:16:56 AM'),
(24, 6, 3, 8, 24, 4, 0, 0, 6192, 61.36950904, 380, 1900, 34.907908663846, 13265.0053, 5, '2015-08-06', 20, 'Active', 0, '2015-10-19', '02:18:16 AM'),
(25, 10, 3, 8, 25, 3, 0, 0, 6300, 3.17460317, 20, 90, 36.726827384207, 734.5365, 30, '2015-08-06', 20, 'Active', 0, '2015-10-19', '02:19:37 AM'),
(26, 6, 3, 8, 22, 0, 2, 2, 1820, 120.87912087, 220, 1920, 34.907908663846, 7679.7399, 8, '2015-08-07', 20, 'Active', 0, '2015-10-24', '01:45:28 AM'),
(27, 6, 3, 8, 23, 0, 1, 1, 2099, 119.10433539, 250, 1750, 34.907908663846, 8726.9772, 7, '2015-08-07', 20, 'Active', 0, '2015-10-24', '01:46:32 AM'),
(28, 8, 3, 8, 24, 4, 0, 0, 6192, 61.36950904, 380, 2280, 31.131044184212, 11829.7968, 6, '2015-08-07', 20, 'Active', 0, '2015-10-24', '01:47:45 AM'),
(29, 10, 3, 8, 25, 3, 0, 0, 6300, 1.58730158, 10, 100, 36.726827384207, 367.2683, 31, '2015-08-07', 20, 'Active', 0, '2015-10-24', '01:59:24 AM'),
(30, 9, 3, 8, 25, 3, 0, 0, 6300, 3.17460317, 20, 120, 15.587467370939, 311.7493, 32, '2015-08-06', 20, 'Active', 0, '2015-10-24', '02:01:03 AM'),
(31, 9, 3, 8, 25, 3, 0, 0, 6300, 3.17460317, 20, 140, 15.587470315191, 311.7494, 33, '2015-08-07', 20, 'Active', 0, '2015-10-24', '02:10:07 AM'),
(32, 6, 3, 8, 22, 0, 0, 22, 1563, 137.55598208, 215, 2135, 34.907908663846, 7505.2004, 9, '2015-08-08', 20, 'Active', 0, '2015-11-01', '01:35:29 AM'),
(33, 6, 3, 8, 23, 0, 0, 4, 1851, 135.06212857, 250, 2000, 34.907908663846, 8726.9772, 8, '2015-08-08', 20, 'Active', 0, '2015-11-01', '01:37:31 AM'),
(34, 8, 3, 8, 24, 5, 0, 0, 6188, 64.64124111, 400, 2680, 31.346050527326, 12538.4202, 7, '2015-08-08', 20, 'Active', 0, '2015-11-01', '06:46:05 AM'),
(35, 10, 3, 8, 25, 6, 0, 0, 6289, 6.36031165, 40, 180, 34.105501562494, 1364.2201, 34, '2015-08-08', 20, 'Active', 0, '2015-11-01', '06:47:52 AM');

-- --------------------------------------------------------

--
-- Table structure for table `pal_medicine`
--

CREATE TABLE IF NOT EXISTS `pal_medicine` (
  `MID` int(11) NOT NULL AUTO_INCREMENT,
  `PARTYID` int(11) NOT NULL,
  `PROJECTID` int(11) NOT NULL,
  `SUBPROJECTID` int(11) NOT NULL,
  `BATCHNO` int(11) NOT NULL,
  `PRODUCTID` int(11) NOT NULL,
  `QUANTITY` double NOT NULL,
  `WTID` int(11) NOT NULL,
  `PRICE` double NOT NULL,
  `TOTALPRICE` double NOT NULL,
  `BATCHFLAG` int(11) NOT NULL,
  `MDDATE` date NOT NULL,
  `USERID` int(11) NOT NULL,
  `STATUS` varchar(50) NOT NULL,
  `FLAG` int(11) NOT NULL,
  `ENTDATE` date NOT NULL,
  `ENTTIME` varchar(50) NOT NULL,
  PRIMARY KEY (`MID`)
) ENGINE=InnoDB  DEFAULT CHARSET=latin1 AUTO_INCREMENT=16 ;

--
-- Dumping data for table `pal_medicine`
--

INSERT INTO `pal_medicine` (`MID`, `PARTYID`, `PROJECTID`, `SUBPROJECTID`, `BATCHNO`, `PRODUCTID`, `QUANTITY`, `WTID`, `PRICE`, `TOTALPRICE`, `BATCHFLAG`, `MDDATE`, `USERID`, `STATUS`, `FLAG`, `ENTDATE`, `ENTTIME`) VALUES
(1, 5, 3, 8, 22, 129, 300, 5, 0.65, 195, 1, '2015-08-01', 20, 'Active', 0, '2015-10-08', '10:08:23 AM'),
(2, 5, 3, 8, 23, 129, 300, 5, 0.65, 195, 1, '2015-08-01', 20, 'Active', 0, '2015-10-08', '10:09:03 AM'),
(3, 5, 3, 8, 24, 129, 400, 5, 0.65, 260, 1, '2015-08-01', 20, 'Active', 0, '2015-10-08', '10:09:27 AM'),
(4, 5, 3, 8, 22, 129, 300, 5, 0.65, 195, 2, '2015-08-02', 20, 'Active', 0, '2015-10-09', '07:38:22 AM'),
(5, 5, 3, 8, 23, 129, 300, 5, 0.65, 195, 2, '2015-08-02', 20, 'Active', 0, '2015-10-09', '07:38:49 AM'),
(6, 5, 3, 8, 24, 129, 400, 5, 0.65, 260, 2, '2015-08-02', 20, 'Active', 0, '2015-10-09', '07:39:11 AM'),
(7, 5, 3, 8, 22, 114, 100, 4, 2.3332075471698, 233.32075471698, 3, '2015-08-04', 20, 'Active', 0, '2015-10-10', '07:53:29 AM'),
(8, 5, 3, 8, 22, 114, 200, 4, 2.3332075471698, 466.64150943396, 4, '2015-08-05', 20, 'Active', 0, '2015-10-11', '08:44:47 AM'),
(9, 5, 3, 8, 23, 114, 200, 4, 2.3332075471698, 466.64150943396, 3, '2015-08-05', 20, 'Active', 0, '2015-10-11', '08:48:46 AM'),
(10, 5, 3, 8, 24, 135, 490, 5, 0.72503209242619, 355.26572528883, 3, '2015-08-05', 20, 'Active', 0, '2015-10-11', '08:49:41 AM'),
(11, 5, 3, 8, 25, 172, 120, 5, 1.6, 192, 1, '2015-08-05', 20, 'Active', 0, '2015-10-11', '08:50:41 AM'),
(12, 5, 3, 8, 25, 134, 190, 5, 0.75172413793103, 142.8275862069, 2, '2015-08-05', 20, 'Active', 0, '2015-10-11', '08:51:24 AM'),
(13, 5, 3, 8, 22, 114, 100, 4, 2.3332075471698, 233.32075471698, 5, '2015-08-06', 20, 'Active', 0, '2015-10-19', '05:31:56 AM'),
(14, 5, 3, 8, 22, 166, 600, 4, 1.5219565217391, 913.17391304346, 6, '2015-08-07', 20, 'Active', 0, '2015-10-24', '02:18:02 AM'),
(15, 5, 3, 8, 22, 113, 200, 5, 0.575, 115, 7, '2015-08-08', 20, 'Active', 0, '2015-11-02', '05:33:21 AM');

-- --------------------------------------------------------

--
-- Table structure for table `pal_morog`
--

CREATE TABLE IF NOT EXISTS `pal_morog` (
  `MORID` int(11) NOT NULL AUTO_INCREMENT,
  `DOID` int(11) NOT NULL,
  `PROJECTID` int(11) NOT NULL,
  `SUBPROJECTID` int(11) NOT NULL,
  `PARTYID` int(11) NOT NULL,
  `BATCHNO` int(11) NOT NULL,
  `ENTRYDATE` date NOT NULL,
  `STOCKINHAND` int(11) NOT NULL,
  `DEADSTOCK` int(11) NOT NULL,
  `CANCELSTOCK` int(11) NOT NULL,
  `SELLSTOCK` int(11) NOT NULL,
  `SELLPRICE` double NOT NULL,
  `BATCHFLAG` int(11) NOT NULL,
  `USERID` int(11) NOT NULL,
  `STATUS` varchar(50) NOT NULL,
  `FLAG` int(11) NOT NULL,
  `ENTDATE` date NOT NULL,
  `ENTTIME` varchar(50) NOT NULL,
  PRIMARY KEY (`MORID`)
) ENGINE=InnoDB  DEFAULT CHARSET=latin1 AUTO_INCREMENT=4 ;

--
-- Dumping data for table `pal_morog`
--

INSERT INTO `pal_morog` (`MORID`, `DOID`, `PROJECTID`, `SUBPROJECTID`, `PARTYID`, `BATCHNO`, `ENTRYDATE`, `STOCKINHAND`, `DEADSTOCK`, `CANCELSTOCK`, `SELLSTOCK`, `SELLPRICE`, `BATCHFLAG`, `USERID`, `STATUS`, `FLAG`, `ENTDATE`, `ENTTIME`) VALUES
(1, 1, 0, 0, 0, 23, '2015-08-01', 239, 0, 0, 0, 0, 1, 20, 'Active', 0, '2015-09-18', '19:59:29 PM'),
(2, 2, 0, 0, 0, 22, '2015-08-01', 212, 0, 0, 0, 0, 1, 20, 'Active', 0, '2015-09-18', '20:00:51 PM'),
(3, 2, 3, 8, 719, 22, '2015-09-14', 210, 2, 0, 0, 0, 2, 20, 'Active', 0, '2015-10-26', '01:30:08 AM');

-- --------------------------------------------------------

--
-- Table structure for table `pal_morog_murgi_sell`
--

CREATE TABLE IF NOT EXISTS `pal_morog_murgi_sell` (
  `MMSID` int(11) NOT NULL AUTO_INCREMENT,
  `BATCHNO` int(11) NOT NULL,
  `PROJECTID` int(11) NOT NULL,
  `SUBPROJECTID` int(11) NOT NULL,
  `PARTYID` int(11) NOT NULL,
  `MURGIQNTY` int(11) NOT NULL,
  `MOROGQNTY` int(11) NOT NULL,
  `TOTQUANTITY` int(11) NOT NULL,
  `RATE` double NOT NULL,
  `TOTPRICE` double NOT NULL,
  `GRANDTOTPRICE` double NOT NULL,
  `BATCHFLAG` int(11) NOT NULL,
  `MMSELLDATE` date NOT NULL,
  `USERID` int(11) NOT NULL,
  `STATUS` varchar(50) NOT NULL,
  `FLAG` int(11) NOT NULL,
  `ENTDATE` date NOT NULL,
  `ENTTIME` varchar(50) NOT NULL,
  PRIMARY KEY (`MMSID`)
) ENGINE=InnoDB DEFAULT CHARSET=latin1 AUTO_INCREMENT=1 ;

-- --------------------------------------------------------

--
-- Table structure for table `pal_murgi`
--

CREATE TABLE IF NOT EXISTS `pal_murgi` (
  `MURID` int(11) NOT NULL AUTO_INCREMENT,
  `DOID` int(11) NOT NULL,
  `PROJECTID` int(11) NOT NULL,
  `SUBPROJECTID` int(11) NOT NULL,
  `PARTYID` int(11) NOT NULL,
  `BATCHNO` int(11) NOT NULL,
  `ENTRYDATE` date NOT NULL,
  `STOCKINHAND` int(11) NOT NULL,
  `DEADSTOCK` int(11) NOT NULL,
  `CANCELSTOCK` int(11) NOT NULL,
  `SELLSTOCK` int(11) NOT NULL,
  `SELLPRICE` double NOT NULL,
  `BATCHFLAG` int(11) NOT NULL,
  `USERID` int(11) NOT NULL,
  `STATUS` varchar(50) NOT NULL,
  `FLAG` int(11) NOT NULL,
  `ENTDATE` date NOT NULL,
  `ENTTIME` varchar(50) NOT NULL,
  PRIMARY KEY (`MURID`)
) ENGINE=InnoDB  DEFAULT CHARSET=latin1 AUTO_INCREMENT=34 ;

--
-- Dumping data for table `pal_murgi`
--

INSERT INTO `pal_murgi` (`MURID`, `DOID`, `PROJECTID`, `SUBPROJECTID`, `PARTYID`, `BATCHNO`, `ENTRYDATE`, `STOCKINHAND`, `DEADSTOCK`, `CANCELSTOCK`, `SELLSTOCK`, `SELLPRICE`, `BATCHFLAG`, `USERID`, `STATUS`, `FLAG`, `ENTDATE`, `ENTTIME`) VALUES
(1, 1, 0, 0, 0, 23, '2015-08-01', 1860, 0, 0, 0, 0, 1, 20, 'Active', 0, '2015-09-18', '19:59:29 PM'),
(2, 2, 0, 0, 0, 22, '2015-08-01', 1608, 0, 0, 0, 0, 1, 20, 'Active', 0, '2015-09-18', '20:00:51 PM'),
(3, 2, 3, 8, 719, 22, '2015-08-06', 1600, 8, 0, 0, 0, 2, 20, 'Active', 0, '2015-10-24', '02:34:47 AM'),
(4, 1, 3, 8, 719, 23, '2015-08-06', 1851, 9, 0, 0, 0, 2, 20, 'Active', 0, '2015-10-24', '02:38:51 AM'),
(5, 2, 3, 8, 719, 22, '2015-08-07', 1598, 2, 0, 0, 0, 3, 20, 'Active', 0, '2015-10-26', '01:09:13 AM'),
(6, 2, 3, 8, 719, 22, '2015-08-08', 1596, 2, 0, 0, 0, 4, 20, 'Active', 0, '2015-10-26', '01:10:23 AM'),
(7, 2, 3, 8, 719, 22, '2015-08-10', 1594, 2, 0, 0, 0, 5, 20, 'Active', 0, '2015-10-26', '01:14:47 AM'),
(8, 2, 3, 8, 719, 22, '2015-08-12', 1592, 2, 0, 0, 0, 6, 20, 'Active', 0, '2015-10-26', '01:17:56 AM'),
(9, 2, 3, 8, 719, 22, '2015-08-14', 1590, 2, 0, 0, 0, 7, 20, 'Active', 0, '2015-10-26', '01:18:46 AM'),
(10, 2, 3, 8, 719, 22, '2015-08-16', 1588, 2, 0, 0, 0, 8, 20, 'Active', 0, '2015-10-26', '01:19:56 AM'),
(11, 2, 3, 8, 719, 22, '2015-08-20', 1586, 2, 0, 0, 0, 9, 20, 'Active', 0, '2015-10-26', '01:21:04 AM'),
(12, 2, 3, 8, 719, 22, '2015-08-23', 1583, 3, 0, 0, 0, 10, 20, 'Active', 0, '2015-10-26', '01:21:52 AM'),
(13, 2, 3, 8, 719, 22, '2015-08-24', 1582, 1, 0, 0, 0, 11, 20, 'Active', 0, '2015-10-26', '01:22:33 AM'),
(14, 2, 3, 8, 719, 22, '2015-08-27', 1581, 1, 0, 0, 0, 12, 20, 'Active', 0, '2015-10-26', '01:23:16 AM'),
(15, 2, 3, 8, 719, 22, '2015-08-30', 1580, 1, 0, 0, 0, 13, 20, 'Active', 0, '2015-10-26', '01:24:01 AM'),
(16, 2, 3, 8, 719, 22, '2015-09-05', 1578, 2, 0, 0, 0, 14, 20, 'Active', 0, '2015-10-26', '01:25:10 AM'),
(17, 2, 3, 8, 719, 22, '2015-09-06', 1576, 2, 0, 0, 0, 15, 20, 'Active', 0, '2015-10-26', '01:25:44 AM'),
(18, 2, 3, 8, 736, 22, '2015-09-17', 1573, 0, 0, 3, 600, 16, 20, 'Active', 0, '2015-10-26', '01:37:34 AM'),
(19, 2, 3, 8, 719, 22, '2015-09-18', 1571, 2, 0, 0, 0, 17, 20, 'Active', 0, '2015-10-26', '01:46:45 AM'),
(20, 2, 3, 8, 719, 22, '2015-09-22', 1570, 1, 0, 0, 0, 18, 20, 'Active', 0, '2015-10-26', '01:47:28 AM'),
(21, 2, 3, 8, 719, 22, '2015-09-25', 1569, 1, 0, 0, 0, 19, 20, 'Active', 0, '2015-10-26', '01:48:18 AM'),
(22, 2, 3, 8, 736, 22, '2015-10-28', 1563, 1, 0, 5, 500, 20, 20, 'Active', 0, '2015-10-26', '01:57:11 AM'),
(23, 1, 3, 8, 719, 23, '2015-08-09', 1849, 2, 0, 0, 0, 3, 20, 'Active', 0, '2015-11-01', '07:44:46 AM'),
(24, 1, 3, 8, 719, 23, '2015-08-09', 1846, 3, 0, 0, 0, 4, 20, 'Active', 0, '2015-11-01', '07:47:34 AM'),
(25, 1, 3, 8, 719, 23, '2015-08-11', 1844, 2, 0, 0, 0, 5, 20, 'Active', 0, '2015-11-01', '07:49:24 AM'),
(26, 1, 3, 8, 719, 23, '2015-08-12', 1842, 2, 0, 0, 0, 6, 20, 'Active', 0, '2015-11-01', '07:51:15 AM'),
(27, 1, 3, 8, 719, 23, '2015-08-13', 1841, 1, 0, 0, 0, 7, 20, 'Active', 0, '2015-11-01', '07:53:15 AM'),
(28, 1, 3, 8, 719, 23, '2015-08-14', 1839, 2, 0, 0, 0, 8, 20, 'Active', 0, '2015-11-01', '08:03:22 AM'),
(29, 1, 3, 8, 719, 23, '2015-08-15', 1837, 2, 0, 0, 0, 9, 20, 'Active', 0, '2015-11-01', '08:05:03 AM'),
(30, 1, 3, 8, 719, 23, '2015-08-16', 1835, 2, 0, 0, 0, 10, 20, 'Active', 0, '2015-11-01', '08:06:41 AM'),
(31, 1, 3, 8, 719, 23, '2015-08-19', 1833, 2, 0, 0, 0, 11, 20, 'Active', 0, '2015-11-01', '08:22:22 AM'),
(32, 1, 3, 8, 719, 23, '2015-08-20', 1831, 2, 0, 0, 0, 12, 20, 'Active', 0, '2015-11-01', '08:23:20 AM'),
(33, 1, 3, 8, 719, 23, '2015-08-30', 1829, 2, 0, 0, 0, 13, 20, 'Active', 0, '2015-11-01', '08:28:16 AM');

-- --------------------------------------------------------

--
-- Table structure for table `pal_others_expanse`
--

CREATE TABLE IF NOT EXISTS `pal_others_expanse` (
  `POEXID` int(11) NOT NULL AUTO_INCREMENT,
  `PROJECTID` int(11) NOT NULL,
  `SUBPROJECTID` int(11) NOT NULL,
  `EXPANSEHEAD` varchar(100) NOT NULL,
  `REMARKS` text NOT NULL,
  `USERID` int(11) NOT NULL,
  `STATUS` varchar(50) NOT NULL,
  `FLAG` int(11) NOT NULL,
  `ENTDATE` date NOT NULL,
  `ENTTIME` varchar(50) NOT NULL,
  PRIMARY KEY (`POEXID`)
) ENGINE=InnoDB  DEFAULT CHARSET=latin1 AUTO_INCREMENT=8 ;

--
-- Dumping data for table `pal_others_expanse`
--

INSERT INTO `pal_others_expanse` (`POEXID`, `PROJECTID`, `SUBPROJECTID`, `EXPANSEHEAD`, `REMARKS`, `USERID`, `STATUS`, `FLAG`, `ENTDATE`, `ENTTIME`) VALUES
(1, 3, 8, 'Raj Mistry', '', 20, 'Active', 0, '2015-10-08', '10:11:01 AM'),
(2, 3, 8, 'Others Expanse', '', 20, 'Active', 0, '2015-10-08', '10:11:34 AM'),
(3, 3, 8, 'Tin Mistry', '', 20, 'Active', 0, '2015-10-09', '07:44:27 AM'),
(4, 3, 8, 'Tush Purchase', '', 20, 'Active', 0, '2015-10-09', '07:44:46 AM'),
(5, 3, 8, 'Van Vara', '', 20, 'Active', 0, '2015-10-09', '07:45:04 AM'),
(6, 3, 8, 'Chicken Purchase', '', 20, 'Active', 0, '2015-10-09', '07:48:22 AM'),
(7, 3, 8, 'Licences', '', 20, 'Active', 0, '2015-08-03', '10:27:26 AM');

-- --------------------------------------------------------

--
-- Table structure for table `pal_others_income`
--

CREATE TABLE IF NOT EXISTS `pal_others_income` (
  `POINID` int(11) NOT NULL AUTO_INCREMENT,
  `PROJECTID` int(11) NOT NULL,
  `SUBPROJECTID` int(11) NOT NULL,
  `INCOMEHEAD` varchar(100) NOT NULL,
  `REMARKS` text NOT NULL,
  `USERID` int(11) NOT NULL,
  `STATUS` varchar(50) NOT NULL,
  `FLAG` int(11) NOT NULL,
  `ENTDATE` date NOT NULL,
  `ENTTIME` varchar(50) NOT NULL,
  PRIMARY KEY (`POINID`)
) ENGINE=InnoDB  DEFAULT CHARSET=latin1 AUTO_INCREMENT=3 ;

--
-- Dumping data for table `pal_others_income`
--

INSERT INTO `pal_others_income` (`POINID`, `PROJECTID`, `SUBPROJECTID`, `INCOMEHEAD`, `REMARKS`, `USERID`, `STATUS`, `FLAG`, `ENTDATE`, `ENTTIME`) VALUES
(1, 3, 8, 'Software Opening Income', 'Software Opening Income', 20, 'Active', 0, '2015-09-18', '19:30:36 PM'),
(2, 3, 8, 'Liter ', '', 20, 'Active', 0, '2015-10-10', '08:25:59 AM');

-- --------------------------------------------------------

--
-- Table structure for table `pal_others_income_expanse`
--

CREATE TABLE IF NOT EXISTS `pal_others_income_expanse` (
  `PINEXID` int(11) NOT NULL AUTO_INCREMENT,
  `POINID` int(11) NOT NULL,
  `POEXID` int(11) NOT NULL,
  `ENTRYDATE` date NOT NULL,
  `BATCHNO` int(11) NOT NULL,
  `PARTYID` int(11) NOT NULL,
  `INCOMEAMOUNT` double NOT NULL,
  `EXPANSEAMOUNT` double NOT NULL,
  `REMARKS` text NOT NULL,
  `USERID` int(11) NOT NULL,
  `STATUS` varchar(50) NOT NULL,
  `FLAG` int(11) NOT NULL,
  `ENTDATE` date NOT NULL,
  `ENTTIME` varchar(50) NOT NULL,
  PRIMARY KEY (`PINEXID`)
) ENGINE=InnoDB  DEFAULT CHARSET=latin1 AUTO_INCREMENT=17 ;

--
-- Dumping data for table `pal_others_income_expanse`
--

INSERT INTO `pal_others_income_expanse` (`PINEXID`, `POINID`, `POEXID`, `ENTRYDATE`, `BATCHNO`, `PARTYID`, `INCOMEAMOUNT`, `EXPANSEAMOUNT`, `REMARKS`, `USERID`, `STATUS`, `FLAG`, `ENTDATE`, `ENTTIME`) VALUES
(1, 1, 0, '2015-08-01', 22, 38, 3063005, 0, 'Software Opening Income', 20, 'Active', 0, '2015-09-18', '19:37:08 PM'),
(2, 1, 0, '2015-08-01', 23, 38, 2311145, 0, 'Software Opening Income', 20, 'Active', 0, '2015-09-18', '19:46:31 PM'),
(3, 1, 0, '2015-08-01', 24, 38, 643595, 0, 'Software Opening Income', 20, 'Active', 0, '2015-09-18', '19:52:13 PM'),
(4, 1, 0, '2015-08-01', 21, 38, 5869475, 0, 'Software Opening Income', 20, 'Active', 0, '2015-09-18', '20:08:38 PM'),
(5, 1, 0, '2015-08-01', 1, 38, 43041216, 0, 'Software Opening Income', 20, 'Active', 0, '2015-09-18', '20:14:33 PM'),
(6, 1, 0, '2015-08-01', 1, 38, 54928436, 0, 'Software Opening Income', 20, 'Active', 0, '2015-10-01', '13:28:12 PM'),
(7, 0, 1, '2015-08-01', 24, 717, 0, 1600, '', 20, 'Active', 0, '2015-10-08', '10:13:39 AM'),
(8, 0, 1, '2015-08-01', 24, 718, 0, 760, 'M1*320 + L2*220', 20, 'Active', 0, '2015-10-08', '10:16:59 AM'),
(9, 0, 2, '2015-08-01', 24, 719, 0, 197, 'Tarkata+Kobja+shikol', 20, 'Active', 0, '2015-10-08', '10:20:49 AM'),
(10, 0, 3, '2015-08-02', 24, 717, 0, 1200, '3 jon 400 taka hishabe', 20, 'Active', 0, '2015-10-09', '07:46:04 AM'),
(11, 0, 4, '2015-08-02', 25, 719, 0, 14945, '61 Basta Tush Purchase', 20, 'Active', 0, '2015-10-09', '07:46:45 AM'),
(12, 0, 5, '2015-08-02', 25, 719, 0, 1200, 'Chicken Bearing', 20, 'Active', 0, '2015-10-09', '07:47:18 AM'),
(13, 0, 6, '2015-08-02', 25, 719, 0, 38000, '1900 Pcs Chicken Purchase', 20, 'Active', 0, '2015-10-09', '07:49:08 AM'),
(14, 0, 5, '2015-08-02', 25, 719, 0, 772, 'Tush Ana Vara + Labour Bill', 20, 'Active', 0, '2015-10-09', '07:50:11 AM'),
(15, 0, 7, '2015-08-03', 22, 719, 0, 250, '', 20, 'Active', 0, '2015-08-03', '10:28:24 AM'),
(16, 2, 0, '2015-08-04', 22, 736, 8950, 0, '179 Bag *50/-', 20, 'Active', 0, '2015-10-10', '08:28:58 AM');

-- --------------------------------------------------------

--
-- Table structure for table `pal_sellcategory`
--

CREATE TABLE IF NOT EXISTS `pal_sellcategory` (
  `SCID` int(11) NOT NULL AUTO_INCREMENT,
  `PROJECTID` int(11) NOT NULL,
  `SUBPROJECTID` int(11) NOT NULL,
  `SCNAME` varchar(200) NOT NULL,
  `DESCRIPTION` text NOT NULL,
  `USERID` int(11) NOT NULL,
  `STATUS` varchar(50) NOT NULL,
  `FLAG` int(11) NOT NULL,
  `ENTDATE` date NOT NULL,
  `ENTTIME` varchar(50) NOT NULL,
  PRIMARY KEY (`SCID`)
) ENGINE=InnoDB  DEFAULT CHARSET=latin1 AUTO_INCREMENT=5 ;

--
-- Dumping data for table `pal_sellcategory`
--

INSERT INTO `pal_sellcategory` (`SCID`, `PROJECTID`, `SUBPROJECTID`, `SCNAME`, `DESCRIPTION`, `USERID`, `STATUS`, `FLAG`, `ENTDATE`, `ENTTIME`) VALUES
(1, 0, 0, 'Haching', 'Haching', 20, 'Active', 0, '2014-12-27', '12:24:47 PM'),
(2, 0, 0, 'Commercial', 'Commercial', 20, 'Active', 0, '2014-12-27', '12:25:55 PM'),
(3, 0, 0, 'Vanga', 'Vanga', 20, 'Active', 0, '2014-12-27', '12:26:13 PM'),
(4, 0, 0, 'Cancel', 'Cancel', 20, 'Active', 0, '2014-12-27', '12:26:23 PM');

-- --------------------------------------------------------

--
-- Table structure for table `s_category`
--

CREATE TABLE IF NOT EXISTS `s_category` (
  `CATEGORY_ID` int(20) NOT NULL AUTO_INCREMENT,
  `CATEGORY` varchar(250) NOT NULL,
  PRIMARY KEY (`CATEGORY_ID`)
) ENGINE=InnoDB  DEFAULT CHARSET=latin1 AUTO_INCREMENT=13 ;

--
-- Dumping data for table `s_category`
--

INSERT INTO `s_category` (`CATEGORY_ID`, `CATEGORY`) VALUES
(1, 'Banking & Financial Industry'),
(2, 'Career Development'),
(3, 'Web Application'),
(4, 'Finance & Accounting'),
(5, 'HR & Administration'),
(6, 'Information Technology'),
(7, 'Leadership & Change Management'),
(8, 'NGO & Development Sectors'),
(9, 'Quality & Productivity'),
(10, 'Ready Made Garments'),
(11, 'Sales & Marketing'),
(12, 'Environmental Science');

-- --------------------------------------------------------

--
-- Table structure for table `s_default_role_privileage`
--

CREATE TABLE IF NOT EXISTS `s_default_role_privileage` (
  `DRP_ID` int(20) NOT NULL AUTO_INCREMENT,
  `ROLE_ID` int(20) NOT NULL,
  `SUB_MODULE_ID` int(20) NOT NULL,
  PRIMARY KEY (`DRP_ID`)
) ENGINE=InnoDB  DEFAULT CHARSET=latin1 AUTO_INCREMENT=42 ;

--
-- Dumping data for table `s_default_role_privileage`
--

INSERT INTO `s_default_role_privileage` (`DRP_ID`, `ROLE_ID`, `SUB_MODULE_ID`) VALUES
(1, 17, 2),
(2, 17, 1),
(3, 18, 5),
(4, 18, 6),
(5, 19, 7),
(6, 20, 11),
(7, 20, 8),
(8, 20, 10),
(9, 20, 15),
(10, 20, 14),
(11, 20, 13),
(12, 20, 12),
(13, 20, 16),
(14, 20, 6),
(15, 20, 7),
(16, 21, 11),
(17, 21, 8),
(18, 21, 10),
(19, 21, 15),
(20, 21, 14),
(21, 21, 13),
(22, 21, 12),
(23, 21, 16),
(24, 21, 6),
(25, 21, 7),
(26, 22, 5),
(27, 22, 9),
(28, 22, 3),
(29, 22, 2),
(30, 22, 1),
(31, 22, 19),
(32, 22, 18),
(33, 22, 9),
(34, 23, 21),
(35, 23, 20),
(36, 23, 9),
(37, 24, 19),
(38, 24, 21),
(39, 24, 18),
(40, 24, 20),
(41, 24, 9);

-- --------------------------------------------------------

--
-- Table structure for table `s_module`
--

CREATE TABLE IF NOT EXISTS `s_module` (
  `MODULE_ID` int(20) NOT NULL AUTO_INCREMENT,
  `SERVICE_ID` int(20) NOT NULL,
  `MODULE_NAME` varchar(1000) NOT NULL,
  `DESCRIPTION` varchar(2400) NOT NULL,
  `ORDER_NO` int(10) NOT NULL,
  PRIMARY KEY (`MODULE_ID`)
) ENGINE=InnoDB  DEFAULT CHARSET=latin1 AUTO_INCREMENT=86 ;

--
-- Dumping data for table `s_module`
--

INSERT INTO `s_module` (`MODULE_ID`, `SERVICE_ID`, `MODULE_NAME`, `DESCRIPTION`, `ORDER_NO`) VALUES
(1, 1, 'User Registration', 'User Registration', 1),
(2, 1, 'Privilege Control', 'Privilege Control', 3),
(3, 1, 'File Management', 'File Management', 2),
(5, 3, 'Project File Management', 'Project File Management', 1),
(6, 4, 'Package', 'Package', 1),
(7, 5, 'Reports', 'Reports', 1),
(8, 6, 'Project', 'Project', 1),
(9, 7, 'Objective/Purpose of This Tool', ' ', 1),
(10, 8, 'Contact Information', ' ', 1),
(11, 9, 'Home', ' ', 1),
(12, 10, 'FNA Operation', ' ', 1),
(14, 11, 'Load Entry', ' ', 1),
(15, 11, 'Unload Entry Form', ' Unload Entry Form', 2),
(16, 5, 'Received Number', ' ', 2),
(17, 11, 'Transfer', ' Transfer', 3),
(18, 11, 'Palot Entry', ' Palot Entry', 4),
(19, 5, 'Gate Pass', ' Gate Pass', 3),
(20, 12, 'Labour Bill Payment', ' Labour Bill', 1),
(21, 12, 'Party Payment Receive', ' Payment receive', 2),
(22, 5, 'Pran Product Receive', ' Receive Product', 5),
(23, 5, 'Pran Product Delivery', ' Product Delivery', 4),
(24, 5, 'FNA Bill', ' FNA Bill', 6),
(25, 5, 'Labour Bill', ' Labour Bill', 7),
(26, 5, 'Party Wise Stock', ' Party Stock', 8),
(27, 11, 'Expanse Entry Form', ' Expanse Entry ', 5),
(28, 5, 'Expanse Individual', 'Expanse Head Wise ', 9),
(29, 11, 'Loan Entry Form', ' Loan Entry Form', 6),
(30, 11, 'Basta Entry Form', ' Basta', 7),
(31, 12, 'Loan Payment Entry', ' Loan Payment', 3),
(32, 5, 'FNA Bill Sub Project', ' FNA Bill Sub Project Wise', 10),
(33, 5, 'Profit and Loss Report', ' Profit or loss', 11),
(34, 5, 'Expanse Head Wise Project', ' Project ', 12),
(35, 5, 'Project Wise Profit & Loss', ' Project Wise Profit & Loss', 13),
(36, 5, 'FNA Payment Receive', ' Payment Receive', 14),
(37, 11, 'Alu Load Entry', ' Alu Load', 8),
(38, 11, 'Alu Unload Entry', ' Alu Unload', 9),
(39, 5, 'Party Wise Alu Stock', ' Alu Stock', 15),
(40, 5, 'Alu Stock Report', ' Alu Stock ', 16),
(41, 13, 'Purchase Raw Materials', ' Raw Mat Purchase', 1),
(42, 13, 'Food Item Entry', ' Food', 2),
(43, 13, 'Recipe Entry Form', ' Recipe', 3),
(44, 13, 'Production Entry', ' Production', 4),
(45, 14, 'Purchase Raw Materials', ' Raw Materials Purchase', 1),
(46, 14, 'Raw Materials Stock', ' Stock', 2),
(47, 14, 'Feed Production', ' Production', 3),
(48, 14, 'Raw Materials Use', ' Raw Use', 4),
(49, 14, 'Feed Mill Finished Goods Stock', ' Finished Goods', 5),
(50, 14, 'Recipe Report', ' Recipe', 6),
(51, 15, 'Poultry Entry Setup', ' Poultry', 1),
(52, 13, 'Profit Amount', ' Profit', 5),
(53, 15, 'Egg Sell Entry ', ' Egg Sell', 2),
(54, 15, 'Murgi Morog sell Entry', ' Murgi/Morog', 3),
(55, 16, 'Opening Batch', ' Opening Batch', 1),
(56, 16, 'Batch Wise Food distribution', ' ', 2),
(57, 16, 'Medicine Distribution', ' ', 3),
(58, 16, 'Egg Production', ' ', 4),
(59, 16, 'Egg Sell', ' ', 5),
(60, 16, 'Murgi Morog Sell', ' ', 6),
(61, 17, 'Hatchery Entry Form', ' ', 1),
(62, 18, 'Hatchery Opening Egg', ' ', 1),
(63, 18, 'Cancel Egg', ' ', 2),
(64, 18, 'Egg Settings in Machine', ' ', 3),
(65, 18, 'Chicken Production', ' ', 4),
(66, 18, 'Chicken Stock', ' ', 5),
(67, 18, 'Chicken Sales Statement', ' ', 6),
(68, 18, 'Party Bill', ' ', 7),
(69, 14, 'Profit or Loss Report', ' ', 7),
(70, 16, 'Profit or Loss Report', ' ', 7),
(71, 12, 'Payment Entry Form', ' ', 4),
(72, 12, 'Bank Transaction', ' ', 5),
(73, 18, 'Hatchery Profit or Loss', ' ', 8),
(74, 19, 'Bank Transaction', ' ', 1),
(75, 19, 'Balance Sheet', ' ', 2),
(76, 14, 'Balance Sheet', ' ', 8),
(77, 14, 'Party Bill', ' ', 8),
(78, 16, 'Party Bill', ' ', 8),
(79, 16, 'Batch Wise Balance Sheet', ' ', 9),
(80, 16, 'Head Wise Expanse', ' ', 10),
(81, 1, 'Party Statement Report', ' ', 16),
(82, 5, 'Party Statement', ' ', 16),
(83, 5, 'Party Details Report', ' ', 17),
(84, 5, 'Customer Ledger', ' ', 18),
(85, 19, 'Group Balance Details Report', ' Group Balance Details Report', 3);

-- --------------------------------------------------------

--
-- Table structure for table `s_module_main`
--

CREATE TABLE IF NOT EXISTS `s_module_main` (
  `MODULE_ID` int(20) NOT NULL AUTO_INCREMENT,
  `SERVICE_ID` int(20) NOT NULL,
  `MODULE_NAME` varchar(1000) NOT NULL,
  `DESCRIPTION` varchar(2400) NOT NULL,
  `ORDER_NO` int(10) NOT NULL,
  PRIMARY KEY (`MODULE_ID`)
) ENGINE=InnoDB DEFAULT CHARSET=latin1 AUTO_INCREMENT=1 ;

-- --------------------------------------------------------

--
-- Table structure for table `s_operator`
--

CREATE TABLE IF NOT EXISTS `s_operator` (
  `OPERATOR_ID` int(20) NOT NULL AUTO_INCREMENT,
  `USER_ID` int(20) NOT NULL,
  `OPNAME` varchar(100) NOT NULL,
  `OPPASS` varchar(100) NOT NULL,
  `START_DATE` date NOT NULL,
  `END_DATE` date NOT NULL,
  PRIMARY KEY (`OPERATOR_ID`)
) ENGINE=InnoDB  DEFAULT CHARSET=latin1 AUTO_INCREMENT=22 ;

--
-- Dumping data for table `s_operator`
--

INSERT INTO `s_operator` (`OPERATOR_ID`, `USER_ID`, `OPNAME`, `OPPASS`, `START_DATE`, `END_DATE`) VALUES
(1, 1, 'admin', 'admin', '2013-03-09', '0000-00-00'),
(19, 18, 'PEDPIII_user1', '123456', '0000-00-00', '0000-00-00'),
(20, 19, 'adb_user', '123456', '0000-00-00', '0000-00-00'),
(21, 20, 'fna', '123456', '0000-00-00', '0000-00-00');

-- --------------------------------------------------------

--
-- Table structure for table `s_position`
--

CREATE TABLE IF NOT EXISTS `s_position` (
  `POSITION_ID` int(20) NOT NULL AUTO_INCREMENT,
  `POSITION` varchar(100) NOT NULL,
  PRIMARY KEY (`POSITION_ID`)
) ENGINE=InnoDB  DEFAULT CHARSET=latin1 AUTO_INCREMENT=8 ;

--
-- Dumping data for table `s_position`
--

INSERT INTO `s_position` (`POSITION_ID`, `POSITION`) VALUES
(1, 'Managing Director'),
(3, 'Chairman'),
(4, 'Officer'),
(5, 'Jr Officer'),
(6, 'Senior Officer'),
(7, 'Chairman Senior');

-- --------------------------------------------------------

--
-- Table structure for table `s_privilege_control`
--

CREATE TABLE IF NOT EXISTS `s_privilege_control` (
  `PRIVILEGE_CONTROL_ID` int(20) NOT NULL AUTO_INCREMENT,
  `SUB_MODULE_ID` int(20) NOT NULL,
  `USER_ID` int(20) NOT NULL,
  `RECORD_DATE` timestamp NOT NULL DEFAULT CURRENT_TIMESTAMP ON UPDATE CURRENT_TIMESTAMP,
  PRIMARY KEY (`PRIVILEGE_CONTROL_ID`)
) ENGINE=InnoDB  DEFAULT CHARSET=latin1 AUTO_INCREMENT=3229 ;

--
-- Dumping data for table `s_privilege_control`
--

INSERT INTO `s_privilege_control` (`PRIVILEGE_CONTROL_ID`, `SUB_MODULE_ID`, `USER_ID`, `RECORD_DATE`) VALUES
(443, 19, 18, '2014-09-02 14:40:51'),
(444, 21, 18, '2014-09-02 14:40:51'),
(445, 18, 18, '2014-09-02 14:40:51'),
(446, 5, 18, '2014-09-02 14:40:51'),
(447, 17, 18, '2014-09-02 14:40:51'),
(448, 20, 18, '2014-09-02 14:40:51'),
(449, 9, 18, '2014-09-02 14:40:51'),
(450, 3, 18, '2014-09-02 14:40:51'),
(451, 2, 18, '2014-09-02 14:40:51'),
(452, 1, 18, '2014-09-02 14:40:51'),
(454, 19, 19, '2014-09-05 07:24:27'),
(455, 21, 19, '2014-09-05 07:24:27'),
(456, 18, 19, '2014-09-05 07:24:27'),
(457, 5, 19, '2014-09-05 07:24:27'),
(458, 17, 19, '2014-09-05 07:24:27'),
(459, 20, 19, '2014-09-05 07:24:27'),
(460, 9, 19, '2014-09-05 07:24:27'),
(461, 3, 19, '2014-09-05 07:24:27'),
(462, 2, 19, '2014-09-05 07:24:27'),
(463, 1, 19, '2014-09-05 07:24:27'),
(2548, 9, 1, '2015-01-11 22:37:31'),
(2549, 3, 1, '2015-01-11 22:37:31'),
(2550, 2, 1, '2015-01-11 22:37:31'),
(2551, 1, 1, '2015-01-11 22:37:31'),
(3156, 52, 20, '2015-10-03 17:18:32'),
(3157, 54, 20, '2015-10-03 17:18:32'),
(3158, 62, 20, '2015-10-03 17:18:32'),
(3159, 51, 20, '2015-10-03 17:18:32'),
(3160, 53, 20, '2015-10-03 17:18:32'),
(3161, 86, 20, '2015-10-03 17:18:32'),
(3162, 59, 20, '2015-10-03 17:18:32'),
(3163, 57, 20, '2015-10-03 17:18:32'),
(3164, 87, 20, '2015-10-03 17:18:32'),
(3165, 79, 20, '2015-10-03 17:18:32'),
(3166, 55, 20, '2015-10-03 17:18:32'),
(3167, 56, 20, '2015-10-03 17:18:32'),
(3168, 58, 20, '2015-10-03 17:18:32'),
(3169, 60, 20, '2015-10-03 17:18:32'),
(3170, 47, 20, '2015-10-03 17:18:33'),
(3171, 48, 20, '2015-10-03 17:18:33'),
(3172, 40, 20, '2015-10-03 17:18:33'),
(3173, 37, 20, '2015-10-03 17:18:33'),
(3174, 23, 20, '2015-10-03 17:18:33'),
(3175, 39, 20, '2015-10-03 17:18:33'),
(3176, 27, 20, '2015-10-03 17:18:33'),
(3177, 26, 20, '2015-10-03 17:18:33'),
(3178, 24, 20, '2015-10-03 17:18:33'),
(3179, 5, 20, '2015-10-03 17:18:33'),
(3180, 82, 20, '2015-10-03 17:18:33'),
(3181, 29, 20, '2015-10-03 17:18:33'),
(3182, 41, 20, '2015-10-03 17:18:33'),
(3183, 30, 20, '2015-10-03 17:18:33'),
(3184, 81, 20, '2015-10-03 17:18:33'),
(3185, 85, 20, '2015-10-03 17:18:33'),
(3186, 84, 20, '2015-10-03 17:18:33'),
(3187, 94, 20, '2015-10-03 17:18:33'),
(3188, 71, 20, '2015-10-03 17:18:33'),
(3189, 73, 20, '2015-10-03 17:18:33'),
(3190, 75, 20, '2015-10-03 17:18:33'),
(3191, 77, 20, '2015-10-03 17:18:33'),
(3192, 76, 20, '2015-10-03 17:18:33'),
(3193, 74, 20, '2015-10-03 17:18:33'),
(3194, 72, 20, '2015-10-03 17:18:33'),
(3195, 83, 20, '2015-10-03 17:18:33'),
(3196, 78, 20, '2015-10-03 17:18:33'),
(3197, 21, 20, '2015-10-03 17:18:33'),
(3198, 63, 20, '2015-10-03 17:18:33'),
(3199, 64, 20, '2015-10-03 17:18:33'),
(3200, 61, 20, '2015-10-03 17:18:34'),
(3201, 89, 20, '2015-10-03 17:18:34'),
(3202, 66, 20, '2015-10-03 17:18:34'),
(3203, 68, 20, '2015-10-03 17:18:34'),
(3204, 69, 20, '2015-10-03 17:18:34'),
(3205, 90, 20, '2015-10-03 17:18:34'),
(3206, 67, 20, '2015-10-03 17:18:34'),
(3207, 70, 20, '2015-10-03 17:18:34'),
(3208, 65, 20, '2015-10-03 17:18:34'),
(3209, 88, 20, '2015-10-03 17:18:34'),
(3210, 80, 20, '2015-10-03 17:18:34'),
(3211, 50, 20, '2015-10-03 17:18:34'),
(3212, 93, 20, '2015-10-03 17:18:34'),
(3213, 44, 20, '2015-10-03 17:18:34'),
(3214, 38, 20, '2015-10-03 17:18:34'),
(3215, 34, 20, '2015-10-03 17:18:34'),
(3216, 42, 20, '2015-10-03 17:18:34'),
(3217, 46, 20, '2015-10-03 17:18:34'),
(3218, 28, 20, '2015-10-03 17:18:34'),
(3219, 35, 20, '2015-10-03 17:18:34'),
(3220, 92, 20, '2015-10-03 17:18:34'),
(3221, 91, 20, '2015-10-03 17:18:34'),
(3222, 49, 20, '2015-10-03 17:18:34'),
(3223, 36, 20, '2015-10-03 17:18:34'),
(3224, 32, 20, '2015-10-03 17:18:34'),
(3225, 33, 20, '2015-10-03 17:18:34'),
(3226, 43, 20, '2015-10-03 17:18:34'),
(3227, 45, 20, '2015-10-03 17:18:34'),
(3228, 25, 20, '2015-10-03 17:18:34');

-- --------------------------------------------------------

--
-- Table structure for table `s_privilege_control_main`
--

CREATE TABLE IF NOT EXISTS `s_privilege_control_main` (
  `PRIVILEGE_CONTROL_ID` int(20) NOT NULL AUTO_INCREMENT,
  `SUB_MODULE_ID` int(20) NOT NULL,
  `RECORD_DATE` timestamp NOT NULL DEFAULT CURRENT_TIMESTAMP ON UPDATE CURRENT_TIMESTAMP,
  PRIMARY KEY (`PRIVILEGE_CONTROL_ID`)
) ENGINE=InnoDB  DEFAULT CHARSET=latin1 AUTO_INCREMENT=35 ;

--
-- Dumping data for table `s_privilege_control_main`
--

INSERT INTO `s_privilege_control_main` (`PRIVILEGE_CONTROL_ID`, `SUB_MODULE_ID`, `RECORD_DATE`) VALUES
(31, 1, '2013-05-19 04:14:38'),
(32, 6, '2013-05-19 04:14:38'),
(33, 5, '2013-05-19 04:14:38'),
(34, 4, '2013-05-19 04:14:38');

-- --------------------------------------------------------

--
-- Table structure for table `s_role`
--

CREATE TABLE IF NOT EXISTS `s_role` (
  `ROLE_ID` int(20) NOT NULL AUTO_INCREMENT,
  `ROLE_NAME` varchar(100) NOT NULL,
  `FORWARD_TO` int(20) NOT NULL,
  PRIMARY KEY (`ROLE_ID`)
) ENGINE=InnoDB  DEFAULT CHARSET=latin1 AUTO_INCREMENT=18 ;

--
-- Dumping data for table `s_role`
--

INSERT INTO `s_role` (`ROLE_ID`, `ROLE_NAME`, `FORWARD_TO`) VALUES
(1, 'Officer', 0),
(17, 'Sr. Executive', 1);

-- --------------------------------------------------------

--
-- Table structure for table `s_service`
--

CREATE TABLE IF NOT EXISTS `s_service` (
  `SERVICE_ID` int(20) NOT NULL AUTO_INCREMENT,
  `SERVICE_NAME` varchar(1000) NOT NULL,
  `DESCRIPTION` varchar(2400) NOT NULL,
  `ORDER_NO` int(20) NOT NULL,
  PRIMARY KEY (`SERVICE_ID`)
) ENGINE=InnoDB  DEFAULT CHARSET=latin1 AUTO_INCREMENT=20 ;

--
-- Dumping data for table `s_service`
--

INSERT INTO `s_service` (`SERVICE_ID`, `SERVICE_NAME`, `DESCRIPTION`, `ORDER_NO`) VALUES
(1, 'Setup', 'System Initialization', 8),
(3, 'FNA Setup', 'FNA Setup', 2),
(5, 'Reports', 'Reports', 44),
(6, 'Project', '', 33),
(7, 'Objective/Purpose of This Tool', ' ', 2),
(8, 'Contact Information', ' ', 3),
(9, 'Home', ' ', 1),
(11, 'FNA Operations', ' FNA Operations', 4),
(12, 'FNA Transaction', ' Bill payment', 3),
(13, 'Feed Entry', ' Feed Entry', 5),
(14, 'Feed Report', ' Feed Mill Report', 45),
(15, 'Poultry Entry', ' Poultry Entry ', 6),
(16, 'Poultry Report', ' Poultry Report', 46),
(17, 'Hatchery Entry', ' Hatchery Entry', 7),
(18, 'Hatchery Report', ' ', 47),
(19, 'Group Report', ' ', 48);

-- --------------------------------------------------------

--
-- Table structure for table `s_service_main`
--

CREATE TABLE IF NOT EXISTS `s_service_main` (
  `SERVICE_ID` int(20) NOT NULL AUTO_INCREMENT,
  `SERVICE_NAME` varchar(1000) NOT NULL,
  `DESCRIPTION` varchar(2400) NOT NULL,
  `ORDER_NO` int(20) NOT NULL,
  PRIMARY KEY (`SERVICE_ID`)
) ENGINE=InnoDB DEFAULT CHARSET=latin1 AUTO_INCREMENT=1 ;

-- --------------------------------------------------------

--
-- Table structure for table `s_sub_module`
--

CREATE TABLE IF NOT EXISTS `s_sub_module` (
  `SUB_MODULE_ID` int(20) NOT NULL AUTO_INCREMENT,
  `MODULE_ID` int(20) NOT NULL,
  `SUB_MODULE_NAME` varchar(1000) NOT NULL,
  `DEFAULT_FILE` varchar(1000) NOT NULL,
  `DESCRIPTION` varchar(2400) NOT NULL,
  `ORDER_NO` int(10) NOT NULL,
  PRIMARY KEY (`SUB_MODULE_ID`)
) ENGINE=InnoDB  DEFAULT CHARSET=latin1 AUTO_INCREMENT=95 ;

--
-- Dumping data for table `s_sub_module`
--

INSERT INTO `s_sub_module` (`SUB_MODULE_ID`, `MODULE_ID`, `SUB_MODULE_NAME`, `DEFAULT_FILE`, `DESCRIPTION`, `ORDER_NO`) VALUES
(1, 1, 'User Registration', 'UserRegistration.php', 'User Registration', 1),
(2, 2, 'Privilege Control', 'PrivilegeControl.php', 'Privilege Control', 3),
(3, 3, 'File Management', 'FileManagement.php', 'File Management', 2),
(5, 5, 'FNA File Management', 'ProjectFileManagement.php', 'FNA File Management', 1),
(6, 6, 'Package Information', 'packageInformation.php', 'Package', 1),
(7, 6, 'PQ Stage', 'pqStage.php', 'PQ Stage', 2),
(8, 6, 'Bidding Document Preparation Stage', 'biddingDPStage.php', 'Bidding Document Preparation Stage', 3),
(9, 7, 'APP Sample', 'appSimple.php', '', 1),
(10, 6, 'Bidding/Proposal Stage', 'biddingProposalStage.php', '', 4),
(11, 6, 'Bid/ Proposal Evaluation Stage', 'bidProposalEvaluationStage.php', '', 5),
(12, 6, 'Evaluation Report Approval Stage', 'evaluationReportApprovalStage.php', '', 6),
(13, 6, 'Contracting Stage', 'contractingStage.php', '', 7),
(14, 6, 'Contract Management Stage', 'contractManagementStage.php', '', 8),
(15, 6, 'Contract Concluding Stage ', 'contractConcludingStage.php', '', 9),
(16, 6, 'Others Information ', 'othersInformation.php', '', 10),
(17, 8, 'Third Primary Education Development Program PEDP, III', 'project.php', '', 1),
(18, 9, 'Objective/Purpose of This Tool', 'objective_purpose.php', ' ', 1),
(19, 10, 'Contact Information', 'contactInformation.php', ' ', 1),
(20, 7, 'Advance Search', 'Advancesearch.php', ' ', 2),
(21, 11, 'Home', 'index.php', ' ', 1),
(22, 12, 'FNA Entry Form', 'fnaEntryForm.php', ' ', 1),
(23, 14, 'Load Entry', 'fnaLoad.php', ' ', 1),
(24, 15, 'Unload Entry Form', 'fnaunLoad.php', ' Unload Entry Form', 2),
(25, 16, 'Received Number', 'reptReceiveNumber.php', ' ', 1),
(26, 17, 'Transfer Entry', 'fnaTransfer.php', ' Transfer', 3),
(27, 18, 'Palot Entry', 'fnaPalot.php', ' Palot Entry Form', 4),
(28, 19, 'Gate Pass', 'reptGatepass.php', ' Gate Pass', 3),
(29, 20, 'Labour Bill Payment', 'fnaLabourBillPayment.php', ' Labour Bill Payment', 1),
(30, 21, 'Receive Entry Form', 'fnaPartyPaymentReceive.php', ' Payment Receive', 2),
(31, 7, 'Pran Product Receive', 'reptFnaPranReceive.php', ' Product Receive', 5),
(32, 23, 'Pran Product delivery', 'reptFnaPranDelivery.php', ' Product delivery', 4),
(33, 22, 'Pran Product Receive', 'reptFnaPranReceive.php', ' Product Receieve', 5),
(34, 24, 'FNA Bill', 'reptFnaBill.php', ' FNA Bill', 2),
(35, 25, 'Labour Bill', 'reptLabourBill.php', ' Labour Bill', 6),
(36, 26, 'Party Wise Stock', 'reptFnaPartyStock.php', ' Party Stock', 7),
(37, 27, 'Expanse Entry Form', 'fnaExpanse.php', ' Expanse Entry Form', 5),
(38, 28, 'Expanse Individual', 'reptFnaExpanseIndividual.php', ' Expanse Head Wise', 8),
(39, 29, 'Loan Entry Form', 'fnaLoan.php', ' Loan Entry Form', 6),
(40, 30, 'Basta Entry Form', 'fnaBasta.php', ' Basta', 7),
(41, 31, 'Loan Payment Entry', 'fnaLoanPayment.php', ' Loan Payment', 3),
(42, 32, 'FNA Bill Sub Project Wise', 'reptFnaBillSubProj.php', ' FNA Bill Sub Prolect', 10),
(43, 33, 'Profit and Loss Report', 'ReptProfitLoss.php', ' Profit or loss', 11),
(44, 34, 'Expanse Head Wise Project', 'reptFnaExpansesSubProj.php', ' Project wise', 12),
(45, 35, 'Project Wise Profit & Loss', 'ReptProjectWiseProfitLoss.php', ' Project Wise profit & Loss', 13),
(46, 36, 'FNA Payment Receive', 'reptFnaPaymentRec.php', ' Payment Receive', 14),
(47, 37, 'Alu Load Entry', 'fnaLoadAlu.php', ' Alu Load', 8),
(48, 38, 'Alu Unload Entry', 'fnaAluUnload.php', ' Alu Unload', 9),
(49, 39, 'Party Wise Alu Stock', 'reptFnaAluPartyStock.php', ' Alu Stock', 15),
(50, 40, 'Alu Stock Report', 'ReptAluStock.php', ' Alu Stock', 16),
(51, 41, 'Purchase Raw Materials', 'feedPurchaseRawMat.php', ' ', 1),
(52, 42, 'Food Item Entry', 'feedFoodItem.php', ' Food', 2),
(53, 43, 'Recipe Entry', 'feedRecipi.php', ' Recipe', 3),
(54, 44, 'Production Entry', 'feedProduction.php', ' Production', 4),
(55, 45, 'Purchase Raw Materials', 'ReptFeedRawMatPurchase.php', ' Raw Materials Purchase', 1),
(56, 46, 'Raw Materials Stock', 'ReptFeedRawMatStock.php', ' Stock', 2),
(57, 47, 'Feed Production', 'ReptFeedProduction.php', ' Production', 3),
(58, 48, 'Raw Materials Use', 'ReptFeedRawMatUse.php', ' Raw Use', 4),
(59, 49, 'Feed Mill Finished Goods Stock', 'ReptFeedMillFinishStock.php', ' Finished goods', 5),
(60, 50, 'Recipe Report', 'ReptFeedRecipe.php', ' Recipe', 6),
(61, 51, 'Poultry Entry', 'PaultryEntry.php', ' Poultry', 1),
(62, 52, 'Profit Amount', 'feedProfitAmount.php', ' Profit', 5),
(63, 53, 'Egg Sell Entry', 'PalEggSell.php', ' Egg Sell', 2),
(64, 54, 'Murgi/Morog Sell Entry', 'PalMorogMurgiSell.php', ' Murgi/Morog Sell', 3),
(65, 55, 'Opening Batch', 'ReptPalOpenBatch.php', ' Opening Batch', 1),
(66, 56, 'Batch Wise Food distribution', 'ReptPalFoodDist.php', ' ', 2),
(67, 57, 'Medicine Distribution', 'ReptPalMedicineDist.php', ' ', 3),
(68, 58, 'Egg Production', 'ReptPalEggProd.php', ' ', 4),
(69, 59, 'Egg Sell', 'ReptPalEggSell.php', ' ', 5),
(70, 60, 'Murgi Morog sell', 'ReptPalMurMorSell.php', ' ', 6),
(71, 61, 'Hatchery Entry Form', 'HatcheryEntry.php', ' ', 1),
(72, 62, 'Hatchery Opening Egg', 'ReptHatchOpeningEgg.php', ' ', 1),
(73, 63, 'Cancel Egg', 'ReptHatchCancelEgg.php', ' ', 2),
(74, 64, 'Egg settings in Machine', 'ReptHatchEggSettings.php', ' ', 3),
(75, 65, 'Chicken Production', 'ReptHatchChickenProd.php', ' ', 4),
(76, 66, 'Chicken Stock Report', 'ReptHatchChickenStock.php', ' ', 5),
(77, 67, 'Chicken Sales Statement', 'ReptHatchChickenSalesState.php', ' ', 6),
(78, 68, 'Party Bill', 'reptHatchPartyBillRec.php', ' ', 7),
(79, 69, 'Profit or Loss Report', 'ReptFeedProfitLoss.php', ' ', 7),
(80, 70, 'Profit or Loss Report', 'ReptPoultryProfitLoss.php', ' ', 7),
(81, 71, 'Payment Entry form', 'fnaPartyPayment.php', ' ', 4),
(82, 72, 'Bank Transaction', 'fnaBankTransaction.php', ' ', 5),
(83, 73, 'Hatchery Profit or Loss', 'ReptHatcheryProfitLoss.php', ' ', 8),
(84, 74, 'Bank Transaction', 'ReptBankTransaction.php', ' ', 1),
(85, 75, 'Balance Sheet', 'ReptGroupBalanceSheet.php', ' ', 2),
(86, 76, 'Balance Sheet', 'ReptFeedBalanceSheet.php', ' ', 8),
(87, 77, 'Party Bill', 'reptFeedPartyBillRec.php', ' ', 9),
(88, 78, 'Party Bill', 'reptPoultryPartyBillRec.php', ' ', 8),
(89, 79, 'Batch Wise Balance Sheet', 'ReptPalBatchwiseBalance.php', ' ', 9),
(90, 80, 'Head Wise Expanse', 'reptPoultryHeadWiseExpanses.php', ' ', 10),
(91, 82, 'Party Statement Report', 'reptFnaPartyStatement.php', ' ', 16),
(92, 83, 'Party Details Report', 'reptFnaPartyDetails.php', ' ', 17),
(93, 84, 'Customer Ledger', 'reptCustomerLedger.php', ' ', 18),
(94, 85, 'Group Balance Details Report', 'ReptProjectWiseGroupBalanceDetails.php', ' ', 3);

-- --------------------------------------------------------

--
-- Table structure for table `s_sub_module_main`
--

CREATE TABLE IF NOT EXISTS `s_sub_module_main` (
  `SUB_MODULE_ID` int(20) NOT NULL AUTO_INCREMENT,
  `MODULE_ID` int(20) NOT NULL,
  `SUB_MODULE_NAME` varchar(1000) NOT NULL,
  `DEFAULT_FILE` varchar(1000) NOT NULL,
  `DESCRIPTION` varchar(2400) NOT NULL,
  `ORDER_NO` int(10) NOT NULL,
  PRIMARY KEY (`SUB_MODULE_ID`)
) ENGINE=InnoDB DEFAULT CHARSET=latin1 AUTO_INCREMENT=1 ;

-- --------------------------------------------------------

--
-- Table structure for table `s_user`
--

CREATE TABLE IF NOT EXISTS `s_user` (
  `USER_ID` int(20) NOT NULL AUTO_INCREMENT,
  `POSITION_ID` int(20) NOT NULL,
  `USER_NAME` varchar(100) NOT NULL,
  `EMAIL` varchar(100) NOT NULL,
  `psId` int(11) NOT NULL,
  `USER_STATUS` varchar(100) NOT NULL,
  `aId` int(11) NOT NULL,
  PRIMARY KEY (`USER_ID`)
) ENGINE=InnoDB  DEFAULT CHARSET=latin1 AUTO_INCREMENT=21 ;

--
-- Dumping data for table `s_user`
--

INSERT INTO `s_user` (`USER_ID`, `POSITION_ID`, `USER_NAME`, `EMAIL`, `psId`, `USER_STATUS`, `aId`) VALUES
(1, 1, 'admin', 'euitsols.suprt@gmail.com', 1, 'active', 2),
(18, 4, 'PEDPIII_user1', 'PEDPIII_user1@gmail.com', 2, 'active', 2),
(19, 7, 'ADB_user', 'test@gmail.com', 3, 'active', 4),
(20, 4, 'FNA', 'fna@gmail.com', 0, 'active', 0);

-- --------------------------------------------------------

--
-- Table structure for table `s_user_role`
--

CREATE TABLE IF NOT EXISTS `s_user_role` (
  `USER_ROLE_ID` int(20) NOT NULL AUTO_INCREMENT,
  `ROLE_ID` int(20) NOT NULL,
  `USER_ID` int(20) NOT NULL,
  PRIMARY KEY (`USER_ROLE_ID`)
) ENGINE=InnoDB  DEFAULT CHARSET=latin1 AUTO_INCREMENT=30 ;

--
-- Dumping data for table `s_user_role`
--

INSERT INTO `s_user_role` (`USER_ROLE_ID`, `ROLE_ID`, `USER_ID`) VALUES
(1, 1, 1),
(27, 20, 18),
(28, 19, 19),
(29, 1, 20);

/*!40101 SET CHARACTER_SET_CLIENT=@OLD_CHARACTER_SET_CLIENT */;
/*!40101 SET CHARACTER_SET_RESULTS=@OLD_CHARACTER_SET_RESULTS */;
/*!40101 SET COLLATION_CONNECTION=@OLD_COLLATION_CONNECTION */;
